[{"id":"25895","title":"AUTOMOTIVE MECHATRONICS","de_requirements":"<p>NIL<\/p>","utme_requirements":"<p><span>Five\r\n(5) SSC credit passes in Mathematics, Physics and Chemistry and any two (2) subjects\r\nfrom<\/span><\/p><p><span>Biology\/Agricultural\r\nScience <\/span><\/p><p><span>Technical\r\nDrawing,<\/span><\/p><p><span>Basic\r\nElectronics\/Basic Electricity,<\/span><\/p><p><span>Auto\r\nMechanics,<\/span><\/p><p><span>Metal\r\nWork,<\/span><\/p><p><span>Woodwork,<\/span><\/p><p><span>Further\r\nMathematics,<\/span><\/p><p><span>English\r\nLanguage,<\/span><\/p><p><span>Geography,<\/span><\/p><p><span>Economics\/Commerce.<\/span><\/p><p>\r\n\r\n\r\n\r\n\r\n\r\n\r\n\r\n\r\n\r\n\r\n\r\n\r\n\r\n\r\n\r\n\r\n\r\n\r\n\r\n\r\n\r\n<\/p><p><span>&nbsp;<\/span><\/p>","subjects":"<p><span>Mathematics,\r\nChemistry and Physics.<\/span><\/p>","institutions_list":"PAN"},{"id":"25896","title":"COMPUTER HARDWARE ENGINEERING TECHNOLOGY","de_requirements":"<p>NIL<\/p>","utme_requirements":"<p><span>Five\r\n(5) credit passes at SSC or its equivalent in Mathematics, English Language and\r\nany other three (3) relevant subjects<\/span><\/p>","subjects":"<p><span>Mathematics, Physics, Chemistry.<\/span><\/p>","institutions_list":"PAN"},{"id":"25899","title":"COMPUTER SOFTWARE ENGINEERING TECHNOLOGY","de_requirements":"<p>NIL<\/p>","utme_requirements":"<p><span>Five (5) credit passes at SSC or its equivalent\r\nin Mathematics, English Language and any other three (3) relevant subjects<\/span><br><\/p>","subjects":"<p><span>Mathematics, Physics, Chemistry.<\/span><\/p>","institutions_list":"PAN"},{"id":"25894","title":"WELDING & FABRICATION","de_requirements":"<p>NIL<\/p>","utme_requirements":"<p><span>Five (5) credit passes at SSC or its equivalent\r\nin Mathematics, English Language and any other three (3)&nbsp; relevant subjects.<\/span><br><\/p>","subjects":"<p><span>Mathematics, Physics, Chemistry.<\/span><\/p>","institutions_list":"PAN"}]