[{"id":"25898","title":"COMPUTER SOFTWARE ENGINEERING","de_requirements":"<p>NIL<\/p>","utme_requirements":"<p><span>Five (5) credit passes at SSC or its equivalent\r\nin Mathematics, English Language and any other three (3) relevant subjects<\/span><br><\/p>","subjects":"<p><span>Mathematics, Physics, Chemistry.<\/span><\/p>","institutions_list":"EL-ACADEMY"},{"id":"25897","title":"NETWORKING & SYSTEM SECURITY","de_requirements":"<p>NIL<\/p>","utme_requirements":"<p><span>Five\r\n(5) credit passes at SSC or its equivalent, in Mathematics, English Language and\r\nany other three (3) relevant subjects.<\/span><\/p>","subjects":"<p><span>Mathematics, Physics, Chemistry.<\/span><\/p>","institutions_list":"EL-ACADEMY"}]