[{"id":"25964","title":"SPORTS COACHING & TRAINING","de_requirements":"<p>NIL<\/p>","utme_requirements":"<p><span>Five (5) O'Level credit passes at one (1) sitting, to include English Language, Mathematics, one (1) Science subject (Biology\/Health Science\/Health Education\/Physical Education) and any two (2) other subjects&nbsp; OR&nbsp;<\/span><\/p><p><span><br><\/span><span>Six (6) O'Level credit passes at two (2) sittings. to include English Language, Mathematics, one (1) Science subject (Biology\/Health Science\/Health Education\/Physical Education and any three (3) other subjects.&nbsp;<\/span><\/p>","subjects":"<p>English Language and any other three (3) subjects.<\/p>","institutions_list":"NIS"},{"id":"25962","title":"SPORTS MANAGEMENT","de_requirements":"<p>NIL<\/p>","utme_requirements":"<p>Five (5) O'Level credit passes at one (1) sitting, to include English Language, Mathematics, one (1) Science subject (Biology\/Health Science\/Health Education\/Physical Education) and any two (2) other subjects&nbsp; OR&nbsp;<\/p><p><br>Six (6) O'Level credit passes at two (2) sittings. to include English Language, Mathematics, one (1) Science subject (Biology\/Health Science\/Health Education\/Physical Education and any three (3) other subjects.&nbsp;<\/p>","subjects":"<p><span>English\r\nLanguage and any other three (3) subjects.<\/span><br><\/p>","institutions_list":"NIS"}]