[{"id":"26773","title":"ACCOUNTING","de_requirements":"","utme_requirements":"","subjects":"","institutions_list":"LASUED"},{"id":"26774","title":"ACCOUNTING","de_requirements":"","utme_requirements":"","subjects":"","institutions_list":"LASUED"},{"id":"26788","title":"ADULT EDUCATION","de_requirements":"","utme_requirements":"","subjects":"","institutions_list":"LASUED"},{"id":"26767","title":"AGRICULTURE SCIENCE","de_requirements":"","utme_requirements":"","subjects":"","institutions_list":"LASUED"},{"id":"26794","title":"ARABIC","de_requirements":"","utme_requirements":"","subjects":"","institutions_list":"LASUED"},{"id":"26793","title":"ARABIC STUDIES","de_requirements":"","utme_requirements":"","subjects":"","institutions_list":"LASUED"},{"id":"26762","title":"AUTOMOBILE TECHNOLOGY","de_requirements":"","utme_requirements":"","subjects":"","institutions_list":"LASUED"},{"id":"26746","title":"BIOLOGY","de_requirements":"","utme_requirements":"","subjects":"","institutions_list":"LASUED"},{"id":"26747","title":"BIOLOGY","de_requirements":"","utme_requirements":"","subjects":"","institutions_list":"LASUED"},{"id":"26770","title":"BUSINESS EDUCATION","de_requirements":"","utme_requirements":"","subjects":"","institutions_list":"LASUED"},{"id":"26748","title":"CHEMISTRY","de_requirements":"","utme_requirements":"","subjects":"","institutions_list":"LASUED"},{"id":"26749","title":"CHEMISTRY","de_requirements":"","utme_requirements":"","subjects":"","institutions_list":"LASUED"},{"id":"26737","title":"CHRISTIAN RELIGIOUS STUDIES","de_requirements":"","utme_requirements":"","subjects":"","institutions_list":"LASUED"},{"id":"26738","title":"CHRISTIAN RELIGIOUS STUDIES","de_requirements":"","utme_requirements":"","subjects":"","institutions_list":"LASUED"},{"id":"26759","title":"COMPUTER SCIENCE","de_requirements":"","utme_requirements":"","subjects":"","institutions_list":"LASUED"},{"id":"26760","title":"COMPUTER SCIENCE","de_requirements":"","utme_requirements":"","subjects":"","institutions_list":"LASUED"},{"id":"26784","title":"EARLY CHILDHOOD CARE EDUCATION","de_requirements":"","utme_requirements":"","subjects":"","institutions_list":"LASUED"},{"id":"26775","title":"ECONOMICS","de_requirements":"","utme_requirements":"","subjects":"","institutions_list":"LASUED"},{"id":"26776","title":"ECONOMICS","de_requirements":"","utme_requirements":"","subjects":"","institutions_list":"LASUED"},{"id":"27855","title":"EDUCATION & ACCOUNTING","de_requirements":"","utme_requirements":"","subjects":"","institutions_list":"LASUED"},{"id":"27798","title":"EDUCATION & BIOLOGY","de_requirements":"","utme_requirements":"","subjects":"","institutions_list":"LASUED"},{"id":"27797","title":"EDUCATION & CHEMISTRY","de_requirements":"","utme_requirements":"","subjects":"","institutions_list":"LASUED"},{"id":"27792","title":"EDUCATION & COMPUTER SCIENCE ","de_requirements":"","utme_requirements":"","subjects":"","institutions_list":"LASUED"},{"id":"27854","title":"EDUCATION & ECONOMICS","de_requirements":"","utme_requirements":"","subjects":"","institutions_list":"LASUED"},{"id":"27800","title":"EDUCATION & FINE ARTS","de_requirements":"","utme_requirements":"","subjects":"","institutions_list":"LASUED"},{"id":"27857","title":"EDUCATION & HOME ECONOMICS","de_requirements":"","utme_requirements":"","subjects":"","institutions_list":"LASUED"},{"id":"27801","title":"EDUCATION & ISLAMIC STUDIES","de_requirements":"","utme_requirements":"","subjects":"","institutions_list":"LASUED"},{"id":"27794","title":"EDUCATION & MATHEMATICS","de_requirements":"","utme_requirements":"","subjects":"","institutions_list":"LASUED"},{"id":"27799","title":"EDUCATION & MUSIC","de_requirements":"","utme_requirements":"","subjects":"","institutions_list":"LASUED"},{"id":"27796","title":"EDUCATION & PHYSICS","de_requirements":"","utme_requirements":"","subjects":"","institutions_list":"LASUED"},{"id":"27856","title":"EDUCATION & POLITICAL SCIENCE","de_requirements":"","utme_requirements":"","subjects":"","institutions_list":"LASUED"},{"id":"26781","title":"EDUCATION & SOCIAL STUDIES","de_requirements":"","utme_requirements":"","subjects":"","institutions_list":"LASUED"},{"id":"27795","title":"EDUCATION & STATISTICS","de_requirements":"","utme_requirements":"","subjects":"","institutions_list":"LASUED"},{"id":"27803","title":"EDUCATION AND GEOGRAPH","de_requirements":"","utme_requirements":"","subjects":"","institutions_list":"LASUED"},{"id":"26779","title":"EDUCATIONAL MANAGEMENT","de_requirements":"","utme_requirements":"","subjects":"","institutions_list":"LASUED"},{"id":"26761","title":"EDUCATIONAL TECHNOLOGY","de_requirements":"","utme_requirements":"","subjects":"","institutions_list":"LASUED"},{"id":"26764","title":"ELECTRICAL TECHNOLOGY","de_requirements":"","utme_requirements":"","subjects":"","institutions_list":"LASUED"},{"id":"26790","title":"ENGLISH","de_requirements":"","utme_requirements":"","subjects":"","institutions_list":"LASUED"},{"id":"26789","title":"ENGLISH LANGUAGE","de_requirements":"","utme_requirements":"","subjects":"","institutions_list":"LASUED"},{"id":"26772","title":"ENTREPRENEURSHIP","de_requirements":"","utme_requirements":"","subjects":"","institutions_list":"LASUED"},{"id":"26741","title":"FINE ARTS","de_requirements":"","utme_requirements":"","subjects":"","institutions_list":"LASUED"},{"id":"26742","title":"FINE ARTS","de_requirements":"","utme_requirements":"","subjects":"","institutions_list":"LASUED"},{"id":"26791","title":"FRENCH","de_requirements":"","utme_requirements":"","subjects":"","institutions_list":"LASUED"},{"id":"26792","title":"FRENCH","de_requirements":"","utme_requirements":"","subjects":"","institutions_list":"LASUED"},{"id":"26782","title":"GEOGRAPHY","de_requirements":"","utme_requirements":"","subjects":"","institutions_list":"LASUED"},{"id":"26783","title":"GEOGRAPHY","de_requirements":"","utme_requirements":"","subjects":"","institutions_list":"LASUED"},{"id":"26786","title":"GUIDANCE & COUNSELLING","de_requirements":"","utme_requirements":"","subjects":"","institutions_list":"LASUED"},{"id":"26799","title":"HAUSA","de_requirements":"","utme_requirements":"","subjects":"","institutions_list":"LASUED"},{"id":"26800","title":"HAUSA","de_requirements":"","utme_requirements":"","subjects":"","institutions_list":"LASUED"},{"id":"26757","title":"HEALTH EDUCATION","de_requirements":"","utme_requirements":"","subjects":"","institutions_list":"LASUED"},{"id":"26735","title":"HISTORY & DIPLOMATIC STUDIES","de_requirements":"","utme_requirements":"","subjects":"","institutions_list":"LASUED"},{"id":"27802","title":"HISTORY & DIPLOMATIC STUDIES EDUCATION","de_requirements":"","utme_requirements":"","subjects":"","institutions_list":"LASUED"},{"id":"26736","title":"HISTORY AND DIPLOMATIC STUDIES","de_requirements":"","utme_requirements":"","subjects":"","institutions_list":"LASUED"},{"id":"26768","title":"HOME ECONOMICS","de_requirements":"","utme_requirements":"","subjects":"","institutions_list":"LASUED"},{"id":"26769","title":"HOME ECONOMICS","de_requirements":"","utme_requirements":"","subjects":"","institutions_list":"LASUED"},{"id":"26758","title":"HUMAN KINETICS","de_requirements":"","utme_requirements":"","subjects":"","institutions_list":"LASUED"},{"id":"26797","title":"IGBO","de_requirements":"","utme_requirements":"","subjects":"","institutions_list":"LASUED"},{"id":"26798","title":"IGBO","de_requirements":"","utme_requirements":"","subjects":"","institutions_list":"LASUED"},{"id":"26756","title":"INTEGRATED SCIENCE","de_requirements":"","utme_requirements":"","subjects":"","institutions_list":"LASUED"},{"id":"27793","title":"INTEGRATED SCIENCE","de_requirements":"","utme_requirements":"","subjects":"","institutions_list":"LASUED"},{"id":"26739","title":"ISLAMIC STUDIES","de_requirements":"","utme_requirements":"","subjects":"","institutions_list":"LASUED"},{"id":"26740","title":"ISLAMIC STUDIES","de_requirements":"","utme_requirements":"","subjects":"","institutions_list":"LASUED"},{"id":"26766","title":"LIBRARY & INFORMATION SCIENCE","de_requirements":"","utme_requirements":"","subjects":"","institutions_list":"LASUED"},{"id":"26752","title":"MATHEMATICS","de_requirements":"","utme_requirements":"","subjects":"","institutions_list":"LASUED"},{"id":"26753","title":"MATHEMATICS","de_requirements":"","utme_requirements":"","subjects":"","institutions_list":"LASUED"},{"id":"26765","title":"METALWORK TECHNOLOGY","de_requirements":"","utme_requirements":"","subjects":"","institutions_list":"LASUED"},{"id":"26744","title":"MUSIC","de_requirements":"","utme_requirements":"","subjects":"","institutions_list":"LASUED"},{"id":"26745","title":"MUSIC","de_requirements":"","utme_requirements":"","subjects":"","institutions_list":"LASUED"},{"id":"26750","title":"PHYSICS","de_requirements":"","utme_requirements":"","subjects":"","institutions_list":"LASUED"},{"id":"26751","title":"PHYSICS","de_requirements":"","utme_requirements":"","subjects":"","institutions_list":"LASUED"},{"id":"26777","title":"POLITICAL SCIENCE","de_requirements":"","utme_requirements":"","subjects":"","institutions_list":"LASUED"},{"id":"26778","title":"POLITICAL SCIENCE","de_requirements":"","utme_requirements":"","subjects":"","institutions_list":"LASUED"},{"id":"26785","title":"PRIMARY EDUCATION STUDIES","de_requirements":"","utme_requirements":"","subjects":"","institutions_list":"LASUED"},{"id":"26771","title":"SECRETARIAL ADMINISTRATION","de_requirements":"","utme_requirements":"","subjects":"","institutions_list":"LASUED"},{"id":"26787","title":"SPECIAL EDUCATION","de_requirements":"","utme_requirements":"","subjects":"","institutions_list":"LASUED"},{"id":"26754","title":"STATISTICS","de_requirements":"","utme_requirements":"","subjects":"","institutions_list":"LASUED"},{"id":"26755","title":"STATISTICS","de_requirements":"","utme_requirements":"","subjects":"","institutions_list":"LASUED"},{"id":"26743","title":"THEATRE & PERFORMING ARTS","de_requirements":"","utme_requirements":"","subjects":"","institutions_list":"LASUED"},{"id":"26780","title":"TRANSPORT MANAGEMENT","de_requirements":"","utme_requirements":"","subjects":"","institutions_list":"LASUED"},{"id":"26763","title":"WOODWORK TECHNOLOGY","de_requirements":"","utme_requirements":"","subjects":"","institutions_list":"LASUED"},{"id":"26795","title":"YORUBA","de_requirements":"","utme_requirements":"","subjects":"","institutions_list":"LASUED"},{"id":"26796","title":"YORUBA","de_requirements":"","utme_requirements":"","subjects":"","institutions_list":"LASUED"}]