[{"id":"27339","title":"ACCOUNTANCY","de_requirements":"","utme_requirements":"","subjects":"","institutions_list":"TEEDEK"},{"id":"27337","title":"COMPUTER ENGINEERING TECHNOLOGY","de_requirements":"","utme_requirements":"","subjects":"","institutions_list":"TEEDEK"},{"id":"27338","title":"COMPUTER SCIENCE","de_requirements":"","utme_requirements":"","subjects":"","institutions_list":"TEEDEK"},{"id":"27336","title":"ELECTRICAL\/ELECTRONICS ENGINEERING TECHNOLOGY","de_requirements":"","utme_requirements":"","subjects":"","institutions_list":"TEEDEK"}]