[{"id":"26699","title":"","de_requirements":"","utme_requirements":"","subjects":"","institutions_list":"LASUSTECH"},{"id":"26731","title":"","de_requirements":"","utme_requirements":"","subjects":"","institutions_list":"LASUSTECH"},{"id":"26715","title":"ACCOUNTING","de_requirements":"","utme_requirements":"","subjects":"","institutions_list":"LASUSTECH"},{"id":"26730","title":"ACTUARIAL SCIENCE","de_requirements":"","utme_requirements":"","subjects":"","institutions_list":"LASUSTECH"},{"id":"26712","title":"AGRICULTURAL ECONOMICS & FARM MANAGEMENT","de_requirements":"","utme_requirements":"","subjects":"","institutions_list":"LASUSTECH"},{"id":"26704","title":"AGRICULTURAL ENGINEERING","de_requirements":"","utme_requirements":"","subjects":"","institutions_list":"LASUSTECH"},{"id":"26725","title":"AGRICULTURAL EXTENSION & RURAL DEVELOPMENT","de_requirements":"","utme_requirements":"","subjects":"","institutions_list":"LASUSTECH"},{"id":"26702","title":"ANIMAL PRODUCTION","de_requirements":"","utme_requirements":"","subjects":"","institutions_list":"LASUSTECH"},{"id":"26714","title":"AQUACULTURE & FISHERIES MANAGEMENT","de_requirements":"","utme_requirements":"","subjects":"","institutions_list":"LASUSTECH"},{"id":"26703","title":"ARCHITECTURE","de_requirements":"","utme_requirements":"","subjects":"","institutions_list":"LASUSTECH"},{"id":"26729","title":"ARTS & INDUSTRIAL DESIGN","de_requirements":"","utme_requirements":"","subjects":"","institutions_list":"LASUSTECH"},{"id":"26710","title":"BANKING & FINANCE","de_requirements":"","utme_requirements":"","subjects":"","institutions_list":"LASUSTECH"},{"id":"26724","title":"BIOTECHNOLOGY & FOOD TECHNOLOGY","de_requirements":"","utme_requirements":"","subjects":"","institutions_list":"LASUSTECH"},{"id":"26718","title":"BOTANY","de_requirements":"","utme_requirements":"","subjects":"","institutions_list":"LASUSTECH"},{"id":"26721","title":"BUILDING TECHNOLOGY","de_requirements":"","utme_requirements":"","subjects":"","institutions_list":"LASUSTECH"},{"id":"26734","title":"BUSINESS ADMINISTRATION","de_requirements":"","utme_requirements":"","subjects":"","institutions_list":"LASUSTECH"},{"id":"28196","title":"CHEMICAL ENGINEERING","de_requirements":"","utme_requirements":"","subjects":"","institutions_list":"LASUSTECH"},{"id":"26722","title":"CHEMICAL SCIENCES","de_requirements":"","utme_requirements":"","subjects":"","institutions_list":"LASUSTECH"},{"id":"26701","title":"COMPUTER ENGINEERING","de_requirements":"","utme_requirements":"","subjects":"","institutions_list":"LASUSTECH"},{"id":"26719","title":"COMPUTER SCIENCE","de_requirements":"","utme_requirements":"","subjects":"","institutions_list":"LASUSTECH"},{"id":"26713","title":"CROP PROTECTION","de_requirements":"","utme_requirements":"","subjects":"","institutions_list":"LASUSTECH"},{"id":"26708","title":"ECONOMICS SCIENCE","de_requirements":"","utme_requirements":"","subjects":"","institutions_list":"LASUSTECH"},{"id":"26732","title":"ESTATE MANAGEMENT & EVALUATION","de_requirements":"","utme_requirements":"","subjects":"","institutions_list":"LASUSTECH"},{"id":"26720","title":"HORTICULTURE & LANDSCAP MANAGEMENT","de_requirements":"","utme_requirements":"","subjects":"","institutions_list":"LASUSTECH"},{"id":"26716","title":"INDUSTRIAL CHEMISTRY","de_requirements":"","utme_requirements":"","subjects":"","institutions_list":"LASUSTECH"},{"id":"26727","title":"INDUSTRIAL MATHEMATICS","de_requirements":"","utme_requirements":"","subjects":"","institutions_list":"LASUSTECH"},{"id":"28195","title":"INSURANCE","de_requirements":"","utme_requirements":"","subjects":"","institutions_list":"LASUSTECH"},{"id":"26700","title":"MARKETING","de_requirements":"","utme_requirements":"","subjects":"","institutions_list":"LASUSTECH"},{"id":"26698","title":"MASS COMMUNICATION SCIENCE & TECHNOLOGY","de_requirements":"","utme_requirements":"","subjects":"","institutions_list":"LASUSTECH"},{"id":"26711","title":"MATHEMATICAL SCIENCES","de_requirements":"","utme_requirements":"","subjects":"","institutions_list":"LASUSTECH"},{"id":"26723","title":"MECHANICAL ENGINEERING","de_requirements":"","utme_requirements":"","subjects":"","institutions_list":"LASUSTECH"},{"id":"26728","title":"MECHATRONICS ENGINEERING","de_requirements":"","utme_requirements":"","subjects":"","institutions_list":"LASUSTECH"},{"id":"26709","title":"MICROBIOLOGY","de_requirements":"","utme_requirements":"","subjects":"","institutions_list":"LASUSTECH"},{"id":"26706","title":"OFFICE & INFORMATION TECHNOLOGY","de_requirements":"","utme_requirements":"","subjects":"","institutions_list":"LASUSTECH"},{"id":"26726","title":"PHYSICS WITH ELECTRONICS","de_requirements":"","utme_requirements":"","subjects":"","institutions_list":"LASUSTECH"},{"id":"26733","title":"QUANTITY SURVEYING","de_requirements":"","utme_requirements":"","subjects":"","institutions_list":"LASUSTECH"},{"id":"26717","title":"STATISTICS","de_requirements":"","utme_requirements":"","subjects":"","institutions_list":"LASUSTECH"},{"id":"28194","title":"TOURISM AND HOSPITALITY MANAGEMENT","de_requirements":"","utme_requirements":"","subjects":"","institutions_list":"LASUSTECH"},{"id":"26705","title":"URBAN & REGIONAL PLANNING","de_requirements":"","utme_requirements":"","subjects":"","institutions_list":"LASUSTECH"},{"id":"26707","title":"ZOOLOGY","de_requirements":"","utme_requirements":"","subjects":"","institutions_list":"LASUSTECH"}]