[{"id":"25921","title":"","de_requirements":"<p>Two (2) \u2018A-Level passes in Economics and any one of Mathematics, Statistics, Accounting, Business Management,&nbsp; History, and Government.<br><\/p>","utme_requirements":"<p>Five (5) SSC credit passes in English Language, Mathematics, Economics, and any two (2) Arts or Social Science subjects.<br><\/p>","subjects":"<p>Five (5) SSC credit passes in English Language, Mathematics, Economics, and any two (2) Arts or Social Science subjects.<br><\/p>","institutions_list":"PRU"},{"id":"25952","title":"","de_requirements":"<p>(i) Two (2) 'A' Level passes in Chemistry and any one (1) of Physics, Mathematics or Biology.&nbsp;<span>(ii) ND\/NCE with&nbsp;<\/span><span>good grades in relevant 'O' Level subjects.<\/span><\/p><div><br><\/div>","utme_requirements":"<p>Five (5) SSC credit passes in English Language,&nbsp;<span>Mathematics, Physics, Chemistry, and Biology.<\/span><\/p>","subjects":"<p>Chemistry and two&nbsp;<span>(2) of Physics,&nbsp;<\/span><span>Biology, and Mathematics.<\/span><\/p>","institutions_list":"PRU"},{"id":"25924","title":"ACCOUNTING","de_requirements":"<p>Two (2) \u2018A-Level passes chosen from Economics, Accounting, Business Management, Government, and Geography.<br><\/p>","utme_requirements":"<p>Five (5) SSCE credit passes to include English&nbsp; Language, Mathematics, Economics and any other two&nbsp; &nbsp;(2)&nbsp; &nbsp;Subjects in relevant subjects could be from any of Principles of Accounts, Commerce, Office Practice, and Secretarial studies.<br><\/p>","subjects":"<p>Mathematics,&nbsp;<span>Economics plus any Social Science subject.<\/span><\/p>","institutions_list":"PRU"},{"id":"25961","title":"ACCOUNTING","de_requirements":"<p>Two (2) \u2018A-Level passes chosen from Economics, Accounting, Business Management, Government, and Geography.<br><\/p>","utme_requirements":"<p>Five (5) SSCE credit passes to include English&nbsp; Language, Mathematics, Economics and any other two&nbsp; &nbsp;(2)&nbsp; &nbsp;Subjects in relevant subjects could be from any of Principles of Accounts, Commerce, Office Practice, and Secretarial studies.<br><\/p>","subjects":"<p>Mathematics,&nbsp;<span>Economics plus any Social Science subject.<\/span><\/p>","institutions_list":"PRU"},{"id":"25917","title":"ARCHITECTURE","de_requirements":"<p>(i) Two (2) 'A-Level passes chosen from Mathematics or Physics and Chemistry, Geography Technical Drawing or Fine Arts. (ii) ND\/HND upper credits in relevant field.<br><\/p>","utme_requirements":"<p>Five (5) SSC credit passes in English Language, Mathematics, Physics, and any of Fine Art, Geography, Technical Drawing or Wood Work, Biology, Economics,&nbsp; Further Mathematics., Introduction to Building Construction, Bricklaying\/Block laying, Concreting, Wall, Floors and Ceiling Finishing, Joinery, Carpentry, Decorative Painting, Lining, Sign and Design, Wall Hanging, Colour Mixing\/Matching and Glazing, Ceramics, Graphics Design, Graphic Printing, Basic Electricity.<br><\/p>","subjects":"<p>Physics, Mathematics, and any of Chemistry, Geography, Art, Biology, and Economics.<br><\/p>","institutions_list":"PRU"},{"id":"25955","title":"ARCHITECTURE","de_requirements":"<p>(i) Two (2) 'A-Level passes chosen from Mathematics or Physics and Chemistry, Geography Technical Drawing or Fine Arts. (ii) ND\/HND upper credits in relevant field.<br><\/p>","utme_requirements":"<p>Five (5) SSC credit passes in English Language, Mathematics, Physics, and any of Fine Art, Geography, Technical Drawing or Wood Work, Biology, Economics,&nbsp; Further Mathematics., Introduction to Building Construction, Bricklaying\/Block laying, Concreting, Wall, Floors and Ceiling Finishing, Joinery, Carpentry, Decorative Painting, Lining, Sign and Design, Wall Hanging, Colour Mixing\/Matching and Glazing, Ceramics, Graphics Design, Graphic Printing, Basic Electricity.<br><\/p>","subjects":"<p>Physics, Mathematics, and any of Chemistry, Geography, Art, Biology, and Economics.<br><\/p>","institutions_list":"PRU"},{"id":"27940","title":"BIOTECHNOLOGY","de_requirements":"","utme_requirements":"","subjects":"","institutions_list":"PRU"},{"id":"25916","title":"BUILDING","de_requirements":"<p>(i) Two (2) 'A-Level passes chosen from Mathematics or Physics and Chemistry, Geography Technical Drawing or Fine Arts. (ii) ND\/HND upper credits in relevant field.<br><\/p>","utme_requirements":"<p>Five (5) SSC credit passes in English Language, Mathematics, Physics, and any of Fine Art, Geography, Technical Drawing or Wood Work, Biology, Economics,&nbsp; Further Mathematics., Introduction to Building Construction, Bricklaying\/Block laying, Concreting, Wall, Floors and Ceiling Finishing, Joinery, Carpentry, Decorative Painting, Lining, Sign and Design, Wall Hanging, Colour Mixing\/Matching and Glazing, Ceramics, Graphics Design, Graphic Printing, Basic Electricity.<br><\/p>","subjects":"<p>Physics, Mathematics, and any of Chemistry, Geography, Art, Biology, and Economics.<br><\/p>","institutions_list":"PRU"},{"id":"25954","title":"BUILDING","de_requirements":"<p>(i) Two (2) 'A-Level passes chosen from Mathematics or Physics and Chemistry, Geography Technical Drawing or Fine Arts. (ii) ND\/HND upper credits in relevant field.<br><\/p>","utme_requirements":"<p>Five (5) SSC credit passes in English Language, Mathematics, Physics, and any of Fine Art, Geography, Technical Drawing or Wood Work, Biology, Economics,&nbsp; Further Mathematics., Introduction to Building Construction, Bricklaying\/Block laying, Concreting, Wall, Floors and Ceiling Finishing, Joinery, Carpentry, Decorative Painting, Lining, Sign and Design, Wall Hanging, Colour Mixing\/Matching and Glazing, Ceramics, Graphics Design, Graphic Printing, Basic Electricity.<br><\/p>","subjects":"<p>Physics, Mathematics, and any of Chemistry, Geography, Art, Biology, and Economics.<br><\/p>","institutions_list":"PRU"},{"id":"25922","title":"BUSINESS ADMINISTRATION","de_requirements":"<p>Two (2) \u2018A-Level passes were chosen from Economics, Accounting, Business Management, Government, and Geography.<br><\/p>","utme_requirements":"<p>Five (5) SSCE credit passes to include English&nbsp; Language, Mathematics, Economics, and any other two&nbsp; &nbsp;(2)&nbsp; &nbsp;other subjects. For NBC holders, the other two (2) relevant subjects could be from any of the Principles of Accounts, Commerce, Office Practice, and Secretarial Duties.<br><\/p>","subjects":"<p>Mathematics,&nbsp;<span>Economics plus any Social Science subject.<\/span><\/p>","institutions_list":"PRU"},{"id":"25960","title":"BUSINESS ADMINISTRATION","de_requirements":"<p>Two (2) \u2018A-Level passes were chosen from Economics, Accounting, Business Management, Government, and Geography.<br><\/p>","utme_requirements":"<p>Five (5) SSCE credit passes to include English&nbsp; Language, Mathematics, Economics, and any other two&nbsp; &nbsp;(2)&nbsp; &nbsp;other subjects. For NBC holders, the other two (2) relevant subjects could be from any of the Principles of Accounts, Commerce, Office Practice, and Secretarial Duties.<br><\/p>","subjects":"<p>Mathematics,&nbsp;<span>Economics plus any Social Science subject.<\/span><\/p>","institutions_list":"PRU"},{"id":"25908","title":"COMMON AND ISLAMIC LAW","de_requirements":"<p>Two (2)A\u2019 level passes&nbsp;<span>to include Islamic Studies or Arabic<\/span><\/p><div><br><\/div>","utme_requirements":"<p>Five (5)'O' Level credit&nbsp;<span>passes in Arts or Social Sciences to include English Language and Islamic Studies or Arabic.<\/span><\/p>","subjects":"<p>Any three (3) Arts&nbsp;<span>or Social Science subjects including Arabic or Islamic Studies<\/span><\/p>","institutions_list":"PRU"},{"id":"25946","title":"COMMON AND ISLAMIC LAW","de_requirements":"<p>Two (2)A\u2019 level passes&nbsp;<span>to include Islamic Studies or Arabic<\/span><\/p><div><br><\/div>","utme_requirements":"<p>Five (5)'O' Level credit&nbsp;<span>passes in Arts or Social Sciences to include English Language and Islamic Studies or Arabic.<\/span><\/p>","subjects":"<p>Any three (3) Arts&nbsp;<span>or Social Science subjects including Arabic or Islamic Studies<\/span><\/p>","institutions_list":"PRU"},{"id":"25907","title":"COMMON LAW","de_requirements":"<p>(i) Two (2) 'A-Level&nbsp;<span>passes in Arts or Social Science subjects.<\/span><\/p><p>(ii) NCE\/ND\/First Degree (Second Class Lower).<\/p>","utme_requirements":"<p>Five&nbsp; &nbsp; (5)'O'&nbsp; &nbsp; Level credit&nbsp;<span>passes include English Language, Literature in English, and Mathematics.<\/span><\/p>","subjects":"<p>Literature in English and any two (2) Arts&nbsp;<span>or Social Science subjects.<\/span><\/p>","institutions_list":"PRU"},{"id":"25945","title":"COMMON LAW","de_requirements":"<p>(i) Two (2) 'A-Level&nbsp;<span>passes in Arts or Social Science subjects.<\/span><\/p><p>(ii) NCE\/ND\/First Degree (Second Class Lower).<\/p>","utme_requirements":"<p>Five&nbsp; &nbsp; (5)'O'&nbsp; &nbsp; Level credit&nbsp;<span>passes include English Language, Literature in English, and Mathematics.<\/span><\/p>","subjects":"<p>Literature in English and any two (2) Arts&nbsp;<span>or Social Science subjects.<\/span><\/p>","institutions_list":"PRU"},{"id":"25913","title":"COMPUTER SCIENCE","de_requirements":"<p>'A-Level passes in Mathematics, Physics, and Chemistry or ND\/HND in Computer Science.<br><\/p>","utme_requirements":"<p>Five (5) SSC credit passes in&nbsp;<span>Mathematics, English Language and Physics and any&nbsp; two (2) of Chemistry, Biology Geography and Computer studies&nbsp;<\/span><\/p>","subjects":"<p>Maths, Physics&nbsp;<span>and any one of&nbsp;<\/span><span>Chemistry, Physics, Biology or Geography.<\/span><\/p>","institutions_list":"PRU"},{"id":"25951","title":"COMPUTER SCIENCE","de_requirements":"<p>'A-Level passes in Mathematics, Physics, and Chemistry or ND\/HND in Computer Science.<br><\/p>","utme_requirements":"<p>Five (5) SSC credit passes in&nbsp;<span>Mathematics, English Language and Physics and any&nbsp; two (2) of Chemistry, Biology Geography and Computer studies&nbsp;<\/span><\/p>","subjects":"<p>Maths, Physics&nbsp;<span>and any one of&nbsp;<\/span><span>Chemistry, Physics, Biology or Geography.<\/span><\/p>","institutions_list":"PRU"},{"id":"25912","title":"CYBER SECURITY","de_requirements":"<p>'A-Level passes in Mathematics, Physics, and Chemistry or ND\/HND in Computer Science.<br><\/p>","utme_requirements":"<p>Five (5) SSC credit passes in&nbsp;<span>Mathematics, English Language, and Physics and any&nbsp; two (2) of Chemistry, Biology Geography, and Computer studies&nbsp;<\/span><\/p>","subjects":"<p>Maths, Physics&nbsp;<span>and any one of&nbsp;<\/span><span>Chemistry, Physics, Biology or Geography.<\/span><\/p>","institutions_list":"PRU"},{"id":"25950","title":"CYBER SECURITY","de_requirements":"<p>'A-Level passes in Mathematics, Physics, and Chemistry or ND\/HND in Computer Science.<br><\/p>","utme_requirements":"<p>Five (5) SSC credit passes in&nbsp;<span>Mathematics, English Language, and Physics and any&nbsp; two (2) of Chemistry, Biology Geography, and Computer studies&nbsp;<\/span><\/p>","subjects":"<p>Maths, Physics&nbsp;<span>and any one of&nbsp;<\/span><span>Chemistry, Physics, Biology or Geography.<\/span><\/p>","institutions_list":"PRU"},{"id":"27944","title":"DATA SCIENCE","de_requirements":"","utme_requirements":"","subjects":"","institutions_list":"PRU"},{"id":"25959","title":"ECONOMICS & DEVELOPMENT STUDIES","de_requirements":"<p>Two (2) \u2018A-Level passes in Economics and any one of Mathematics, Statistics, Accounting, Business Management,&nbsp; History, and Government.<br><\/p>","utme_requirements":"<p>Five (5) SSC credit passes in English Language, Mathematics, Economics, and any two (2) Arts or Social Science subjects.<br><\/p>","subjects":"<p>Five (5) SSC credit passes in English Language, Mathematics, Economics, and any two (2) Arts or Social Science subjects.<br><\/p>","institutions_list":"PRU"},{"id":"25914","title":"ENVIRONMENTAL MANAGEMENT & TOXICOLOGY","de_requirements":"<p>(i) Two (2) 'A' Level passes in Chemistry and any one (1) of Physics, Mathematics or Biology.&nbsp;<span>(ii) ND\/NCE with&nbsp;<\/span><span>good grades in relevant 'O' Level subjects.<\/span><\/p><div><br><\/div>","utme_requirements":"<p>Five (5) SSC credit passes in English Language,&nbsp;<span>Mathematics, Physics, Chemistry, and Biology.<\/span><\/p>","subjects":"<p>Chemistry and two&nbsp;<span>(2) of Physics,&nbsp;<\/span><span>Biology, and Mathematics.<\/span><\/p>","institutions_list":"PRU"},{"id":"25906","title":"INDUSTRIAL CHEMISTRY","de_requirements":"<p>(i) Two (2) 'A-Level passes in Chemistry and any one (1) of Physics, Mathematics, or Biology.&nbsp;<\/p><p>(ii)&nbsp; &nbsp;ND\/NCE with&nbsp;<span>good grades in relevant 'O' Level subjects.<\/span><\/p>","utme_requirements":"<p>Five (5) SSC credit passes in English Language,&nbsp;<span>Mathematics, Physics, Chemistry, and Biology.<\/span><\/p>","subjects":"<p>Chemistry and two&nbsp;<span>(2) of Physics,&nbsp;<\/span><span>Biology, and Mathematics.<\/span><\/p>","institutions_list":"PRU"},{"id":"25944","title":"INDUSTRIAL CHEMISTRY","de_requirements":"<p>(i) Two (2) 'A-Level passes in Chemistry and any one (1) of Physics, Mathematics, or Biology.&nbsp;<\/p><p>(ii)&nbsp; &nbsp;ND\/NCE with&nbsp;<span>good grades in relevant 'O' Level subjects.<\/span><\/p>","utme_requirements":"<p>Five (5) SSC credit passes in English Language,&nbsp;<span>Mathematics, Physics, Chemistry, and Biology.<\/span><\/p>","subjects":"<p>Chemistry and two&nbsp;<span>(2) of Physics,&nbsp;<\/span><span>Biology, and Mathematics.<\/span><\/p>","institutions_list":"PRU"},{"id":"25911","title":"INFORMATION TECHNOLOGY","de_requirements":"<p>'A-Level passes in Mathematics, Physics, and Chemistry or ND\/HND in Computer Science.<br><\/p>","utme_requirements":"<p>Five (5) SSC credit passes in&nbsp;<span>Mathematics, English Language and Physics and any&nbsp; two (2) of Chemistry, Biology Geography and Computer studies&nbsp;<\/span><\/p><div><br><\/div>","subjects":"<p>Maths, Physics&nbsp;<span>and any one of&nbsp;<\/span><span>Chemistry, Physics, Biology or Geography.<\/span><\/p>","institutions_list":"PRU"},{"id":"25949","title":"INFORMATION TECHNOLOGY","de_requirements":"<p>'A-Level passes in Mathematics, Physics, and Chemistry or ND\/HND in Computer Science.<br><\/p>","utme_requirements":"<p>Five (5) SSC credit passes in&nbsp;<span>Mathematics, English Language and Physics and any&nbsp; two (2) of Chemistry, Biology Geography and Computer studies&nbsp;<\/span><\/p><div><br><\/div>","subjects":"<p>Maths, Physics&nbsp;<span>and any one of&nbsp;<\/span><span>Chemistry, Physics, Biology or Geography.<\/span><\/p>","institutions_list":"PRU"},{"id":"25920","title":"INTERNATIONAL RELATIONS","de_requirements":"<p>Two (2) \u2018A-Level passes in any of the following subjects: Government, Economics, History, and French.<br><\/p>","utme_requirements":"<p>Five (5) SSC credit passes to include English Language, Government, and Mathematics and any other two (2) relevant subjects.<br><\/p>","subjects":"<p>Mathematics and any two (2) of the following:&nbsp; Economics, History, Government, Geography, Literature in&nbsp; English, Commerce, History, and French.<br><\/p>","institutions_list":"PRU"},{"id":"25956","title":"INTERNATIONAL RELATIONS","de_requirements":"<p>Two (2) \u2018A-Level passes in any of the following subjects: Government, Economics, History, and French.<br><\/p>","utme_requirements":"<p>Five (5) SSC credit passes to include English Language, Government, and Mathematics and any other two (2) relevant subjects.<br><\/p>","subjects":"<p>Mathematics and any two (2) of the following:&nbsp; Economics, History, Government, Geography, Literature in&nbsp; English, Commerce, History, and French.<br><\/p>","institutions_list":"PRU"},{"id":"25918","title":"MASS COMMUNICATION","de_requirements":"<p>Two (2) 'A-Level&nbsp;<span>passes in relevant&nbsp;<\/span><span>subjects.<\/span><\/p><div><br><\/div>","utme_requirements":"<p>Five (5) SSC credit passes&nbsp;<span>to include English&nbsp;<\/span><span>Language.<\/span><\/p>","subjects":"<p>Any 3 Arts and\/orSocial Science Subjects<br><\/p>","institutions_list":"PRU"},{"id":"25957","title":"MASS COMMUNICATION","de_requirements":"<p>Two (2) 'A-Level&nbsp;<span>passes in relevant&nbsp;<\/span><span>subjects.<\/span><\/p><div><br><\/div>","utme_requirements":"<p>Five (5) SSC credit passes&nbsp;<span>to include English&nbsp;<\/span><span>Language.<\/span><\/p>","subjects":"<p>Any 3 Arts and\/orSocial Science Subjects<br><\/p>","institutions_list":"PRU"},{"id":"27941","title":"MEDICAL LABORATORY SCIENCE","de_requirements":"","utme_requirements":"","subjects":"","institutions_list":"PRU"},{"id":"27939","title":"MICROBIOLOGY","de_requirements":"","utme_requirements":"","subjects":"","institutions_list":"PRU"},{"id":"27954","title":"MICROBIOLOGY","de_requirements":"","utme_requirements":"","subjects":"","institutions_list":"PRU"},{"id":"27945","title":"NURSING SCIENCE","de_requirements":"","utme_requirements":"","subjects":"","institutions_list":"PRU"},{"id":"27943","title":"PETROLEUM CHEMISTRY","de_requirements":"","utme_requirements":"","subjects":"","institutions_list":"PRU"},{"id":"27942","title":"POLITICAL SCIENCE","de_requirements":"","utme_requirements":"","subjects":"","institutions_list":"PRU"},{"id":"25923","title":"PROCUREMENT MANAGEMENT","de_requirements":"<p>Two (2) \u2018A-Level passes chosen from Economics, Accounting, Business Management, Government, and Geography.<br><\/p>","utme_requirements":"<p>Five (5) SSCE credit passes to include English&nbsp; Language, Mathematics, Economics, and any other two&nbsp; &nbsp;(2)&nbsp; &nbsp;other subjects. For NBC holders, the other two (2) relevant subjects could be from any of the Principles of Accounts, Commerce, Office Practice, and Secretarial Duties.<br><\/p>","subjects":"<p>Mathematics,&nbsp;<span>Economics plus any Social Science subject.<\/span><\/p><div><br><\/div>","institutions_list":"PRU"},{"id":"25963","title":"PROCUREMENT MANAGEMENT","de_requirements":"<p>Two (2) \u2018A-Level passes chosen from Economics, Accounting, Business Management, Government, and Geography.<br><\/p>","utme_requirements":"<p>Five (5) SSCE credit passes to include English&nbsp; Language, Mathematics, Economics, and any other two&nbsp; &nbsp;(2)&nbsp; &nbsp;other subjects. For NBC holders, the other two (2) relevant subjects could be from any of the Principles of Accounts, Commerce, Office Practice, and Secretarial Duties.<br><\/p>","subjects":"<p>Mathematics,&nbsp;<span>Economics plus any Social Science subject.<\/span><\/p><div><br><\/div>","institutions_list":"PRU"},{"id":"25919","title":"PUBLIC ADMINISTRATION","de_requirements":"<p>Two (2) \u2018A-Level passes were chosen from Economics, Accounting, Business Management, Government, and Geography.<br><\/p>","utme_requirements":"<p>Five (5) SSCE credit passes to include English&nbsp; Language, Mathematics, Economics, and any other two&nbsp; &nbsp;(2)&nbsp; &nbsp;other relevant subjects from any of Principles of Accounts, Commerce, Office Practice, and Secretarial Studies.<br><\/p>","subjects":"<p>Mathematics,&nbsp;<span>Economics plus any Social Science subject.<\/span><\/p>","institutions_list":"PRU"},{"id":"25958","title":"PUBLIC ADMINISTRATION","de_requirements":"<p>Two (2) \u2018A-Level passes were chosen from Economics, Accounting, Business Management, Government, and Geography.<br><\/p>","utme_requirements":"<p>Five (5) SSCE credit passes to include English&nbsp; Language, Mathematics, Economics, and any other two&nbsp; &nbsp;(2)&nbsp; &nbsp;other relevant subjects from any of Principles of Accounts, Commerce, Office Practice, and Secretarial Studies.<br><\/p>","subjects":"<p>Mathematics,&nbsp;<span>Economics plus any Social Science subject.<\/span><\/p>","institutions_list":"PRU"},{"id":"27946","title":"PUBLIC HEALTH","de_requirements":"","utme_requirements":"","subjects":"","institutions_list":"PRU"},{"id":"25915","title":"QUANTITY SURVEYING","de_requirements":"<p>(i) Two (2) 'A-Level passes chosen from Mathematics or Physics and Chemistry, Geography Technical Drawing or Fine Arts. (ii) ND\/HND upper credits in relevant field.<br><\/p>","utme_requirements":"<p>Five (5) SSC credit passes in English Language, Mathematics, Physics, and any of Fine Art, Geography, Technical Drawing or Wood Work, Biology, Economics,&nbsp; Further Mathematics., Introduction to Building Construction, Bricklaying\/Block laying, Concreting, Wall, Floors and Ceiling Finishing, Joinery, Carpentry, Decorative Painting, Lining, Sign and Design, Wall Hanging, Colour Mixing\/Matching and Glazing, Ceramics, Graphics Design, Graphic Printing, Basic Electricity.<br><\/p>","subjects":"<p>Physics, Mathematics, and any Chemistry, Geography, Art, Biology, and Economics.<br><\/p>","institutions_list":"PRU"},{"id":"25953","title":"QUANTITY SURVEYING","de_requirements":"<p>(i) Two (2) 'A-Level passes chosen from Mathematics or Physics and Chemistry, Geography Technical Drawing or Fine Arts. (ii) ND\/HND upper credits in relevant field.<br><\/p>","utme_requirements":"<p>Five (5) SSC credit passes in English Language, Mathematics, Physics, and any of Fine Art, Geography, Technical Drawing or Wood Work, Biology, Economics,&nbsp; Further Mathematics., Introduction to Building Construction, Bricklaying\/Block laying, Concreting, Wall, Floors and Ceiling Finishing, Joinery, Carpentry, Decorative Painting, Lining, Sign and Design, Wall Hanging, Colour Mixing\/Matching and Glazing, Ceramics, Graphics Design, Graphic Printing, Basic Electricity.<br><\/p>","subjects":"<p>Physics, Mathematics, and any Chemistry, Geography, Art, Biology, and Economics.<br><\/p>","institutions_list":"PRU"},{"id":"25910","title":"SOFTWARE ENGINEERING","de_requirements":"<p>'A-Level passes in Mathematics, Physics, and Chemistry or ND\/HND in Computer Science.<br><\/p>","utme_requirements":"<p>Five (5) SSC credit passes in&nbsp;<span>Mathematics, English Language, and Physics and any&nbsp; two (2) of Chemistry, Biology Geography, and Computer studies&nbsp;<\/span><\/p>","subjects":"<p>Maths, Physics&nbsp;<span>and any one of&nbsp;<\/span><span>Chemistry, Physics, Biology or Geography.<\/span><\/p>","institutions_list":"PRU"},{"id":"25948","title":"SOFTWARE ENGINEERING","de_requirements":"<p>'A-Level passes in Mathematics, Physics, and Chemistry or ND\/HND in Computer Science.<br><\/p>","utme_requirements":"<p>Five (5) SSC credit passes in&nbsp;<span>Mathematics, English Language, and Physics and any&nbsp; two (2) of Chemistry, Biology Geography, and Computer studies&nbsp;<\/span><\/p>","subjects":"<p>Maths, Physics&nbsp;<span>and any one of&nbsp;<\/span><span>Chemistry, Physics, Biology or Geography.<\/span><\/p>","institutions_list":"PRU"},{"id":"25909","title":"URBAN & REGIONAL PLANNING","de_requirements":"<p>'Two (2) 'A-Level&nbsp;<span>passes including&nbsp;<\/span><span>Geography.<\/span><\/p>","utme_requirements":"<p>Five&nbsp; (5)&nbsp; SSCE&nbsp; credit passes&nbsp;<span>include English&nbsp;<\/span><span>Language, Mathematics, and Geography.<\/span><\/p>","subjects":"<p>Geography and&nbsp;<span>any&nbsp; &nbsp;two&nbsp; (2)&nbsp; Arts&nbsp;<\/span><span>subjects.<\/span><\/p>","institutions_list":"PRU"},{"id":"25947","title":"URBAN AND REGIONAL PLANNING:","de_requirements":"<p>'Two (2) 'A-Level&nbsp;<span>passes including&nbsp;<\/span><span>Geography.<\/span><\/p>","utme_requirements":"<p>Five&nbsp; (5)&nbsp; SSCE&nbsp; credit passes&nbsp;<span>include English&nbsp;<\/span><span>Language, Mathematics, and Geography.<\/span><\/p>","subjects":"<p>Geography and&nbsp;<span>any&nbsp; &nbsp;two&nbsp; (2)&nbsp; Arts&nbsp;<\/span><span>subjects.<\/span><\/p>","institutions_list":"PRU"}]