[{"id":"3662","title":"ACCOUNTING","de_requirements":"<p>\r\n\r\n<\/p><div>\r\n\r\n<table>\r\n <tbody><tr>\r\n  <td>\r\n  <p><span>Two\r\n  (2)'A' Level passes including Economics.<\/span><\/p>\r\n  <\/td>\r\n <\/tr>\r\n<\/tbody><\/table>\r\n\r\n<\/div>\r\n\r\n","utme_requirements":"<p>\r\n\r\n<\/p><div>\r\n\r\n<table>\r\n <tbody><tr>\r\n  <td>\r\n  <p><span>Five\r\n  (5) SSC credit passes including English Language, Mathematics, Economics and\r\n  two (2) other relevant subjects.<\/span><\/p>\r\n  <\/td>\r\n <\/tr>\r\n<\/tbody><\/table>\r\n\r\n<\/div>\r\n\r\n","subjects":"Mathematics, Economics and any other Social Science subject","institutions_list":"BENIN"},{"id":"3663","title":"ACTUARIAL SCIENCE","de_requirements":"<p>\r\n\r\n<\/p><div>\r\n\r\n<table>\r\n <tbody><tr>\r\n  <td>\r\n  <p><span>Two\r\n  (2)'A' Level passes including Economics.<\/span><\/p>\r\n  <\/td>\r\n <\/tr>\r\n<\/tbody><\/table>\r\n\r\n<\/div>\r\n\r\n","utme_requirements":"<p>\r\n\r\n<\/p><div>\r\n\r\n<table>\r\n <tbody><tr>\r\n  <td>\r\n  <p><span>Five\r\n  (5) SSC credit passes including English Language, Mathematics, Economics and\r\n  two (2) other relevant subjects.<\/span><\/p>\r\n  <\/td>\r\n <\/tr>\r\n<\/tbody><\/table>\r\n\r\n<\/div>\r\n\r\n","subjects":"Mathematics, Economics and any other Social Science subject","institutions_list":"BENIN"},{"id":"3785","title":"ADULT EDUC\/POLITICAL SCI & PUBLIC ADMINISTRATION","de_requirements":"<p>(i) <span>\t<\/span>Two (2) 'A' Level&nbsp; &nbsp;passes.<\/p><p>(ii)<span>\t<\/span>NCE merit in two (2) subjects.<\/p><p><br><\/p>","utme_requirements":"<p>Five (5) 'O' Level credit passes including English Language, Mathematics and three (3) of Literature in English, History, French, Yoruba, Igbo, Hausa, Christian Religious Studies, Islamic Studies, Geography\/Physic, Economics and Government or TC II with pass in English Language and four (4) other subjects.<br><\/p>","subjects":"Government\/History, one (1) Social Science subject and any other subject.","institutions_list":"BENIN"},{"id":"3782","title":"ADULT EDUCATION","de_requirements":"<div>\r\n\r\n<table>\r\n <tbody><tr>\r\n  <td>\r\n  <p><span>(i) &nbsp;&nbsp; Two (2) 'A' Level &nbsp;&nbsp;passes.<\/span><\/p>\r\n  <\/td>\r\n <\/tr>\r\n<\/tbody><\/table>\r\n\r\n<\/div><p>\r\n\r\n<span>(ii)&nbsp;&nbsp;&nbsp;&nbsp;&nbsp;&nbsp;&nbsp;&nbsp;&nbsp;&nbsp; NCE merit in two (2) subjects.<\/span><br><\/p>","utme_requirements":"<p><span>Five (5) 'O' Level credit passes including English\r\nLanguage, Mathematics and three (3) of Literature in English, History, French,\r\nYoruba, Igbo, Hausa, Christian Religious Studies, Islamic Studies,\r\nGeography\/Physic, Economics and Government or TC II with pass in English Language\r\nand four (4) other subjects.<\/span><br><\/p>","subjects":"Government\/History, one (1) Social Science subject and any other subject.","institutions_list":"BENIN"},{"id":"3784","title":"ADULT EDUCATION\/ECONOMICS AND STATISTICS","de_requirements":"<div>\r\n\r\n<table>\r\n <tbody><tr>\r\n  <td>\r\n  <p><span>(i) &nbsp;&nbsp; Two (2) 'A' Level &nbsp;&nbsp;passes.<\/span><\/p>\r\n  <\/td>\r\n <\/tr>\r\n<\/tbody><\/table>\r\n\r\n<\/div><p>\r\n\r\n<span>(ii)&nbsp;&nbsp;&nbsp;&nbsp;&nbsp;&nbsp;&nbsp;&nbsp;&nbsp;&nbsp; NCE merit in two (2) subjects.<\/span><br><\/p>","utme_requirements":"<p><span>Five (5) 'O' Level credit passes including English\r\nLanguage, Mathematics and three (3) of Literature in English, History, French,\r\nYoruba, Igbo, Hausa, Christian Religious Studies, Islamic Studies,\r\nGeography\/Physic, Economics and Government or TC II with pass in English Language\r\nand four (4) other subjects.<\/span><br><\/p>","subjects":"Government\/History, one (1) Social Science subject and any other subject.","institutions_list":"BENIN"},{"id":"3783","title":"ADULT EDUCATION\/ENGLISH LITERATURE","de_requirements":"<div>\r\n\r\n<table>\r\n <tbody><tr>\r\n  <td>\r\n  <p><span>(i) &nbsp;&nbsp; Two (2) 'A' Level &nbsp;&nbsp;passes.<\/span><\/p>\r\n  <\/td>\r\n <\/tr>\r\n<\/tbody><\/table>\r\n\r\n<\/div><p>\r\n\r\n<span>(ii)&nbsp;&nbsp;&nbsp;&nbsp;&nbsp;&nbsp;&nbsp;&nbsp;&nbsp;&nbsp; NCE merit in two (2) subjects.<\/span><br><\/p>","utme_requirements":"<p><span>Five (5) 'O' Level credit passes including English\r\nLanguage, Mathematics and three (3) of Literature in English, History, French,\r\nYoruba, Igbo, Hausa, Christian Religious Studies, Islamic Studies,\r\nGeography\/Physic, Economics and Government or TC II with pass in English Language\r\nand four (4) other subjects.<\/span><br><\/p>","subjects":"Government\/History, one (1) Social Science subject and any other subject.","institutions_list":"BENIN"},{"id":"3786","title":"ADULT EDUCATION\/GEOGRAPHY AND REGIONAL PLANNING","de_requirements":"<p>(i) <span>\t<\/span>Two (2) 'A' Level&nbsp; &nbsp;passes.<\/p><p>(ii)<span>\t<\/span>NCE merit in two (2) subjects.<\/p><p><br><\/p>","utme_requirements":"<p>Five (5) 'O' Level credit passes including English Language, Mathematics and three (3) of Literature in English, History, French, Yoruba, Igbo, Hausa, Christian Religious Studies, Islamic Studies, Geography\/Physic, Economics and Government or TC II with pass in English Language and four (4) other subjects.<br><\/p>","subjects":"Government\/History, one (1) Social Science subject and any other subject.\r\n\r\n","institutions_list":"BENIN"},{"id":"3683","title":"AGRICULTURAL ECONOMICS","de_requirements":"<p><span>Two\r\n(2) \u2018A\u2019 Level passes in Chemistry and one of Zoology\/Botany\/Agricultural\r\nScience\/Biology, Geography, Mathematics, Physics, Geology, Economics and Health\r\nScience.<\/span><\/p><p>\r\n\r\n<\/p><p><span><o>&nbsp;<\/o:p><\/span><\/p>","utme_requirements":"<p><span>Five (5) SSC credit passes in English\r\nLanguage, Mathematics, Chemistry, Biology\/Agricultural Science and one of\r\nGeography, Physics and Economics.<\/span><\/p><p>\r\n\r\n<\/p><p><span>&nbsp;<\/span><\/p>","subjects":"Chemistry, Biology\/ Agricultural Science and Mathematics or Physics.\r\n\r\n","institutions_list":"BENIN"},{"id":"3664","title":"AGRICULTURAL ENGINEERING","de_requirements":"'A' Level passes or equivalent in Physics and Mathematics.","utme_requirements":"Five (5) SSC credit passes in English Language, Mathematics, Physics, Chemistry and any from Introduction to Agricultural Science, Materials and Workshop Process and Machining, Tractor Layout Power Unit Under Carriage and Auto Electricity; Transmission System; Implement and Machine; Principles of Crop Husbandry and Land Use, Materials and Workshop Processes; Construction and Maintenance of Agricultural Machines; general Metal Work; General Wood Work and Building\/Engineering Drawing. \r\n\r\n","subjects":"Mathematics, Chemistry and Physics.","institutions_list":"BENIN"},{"id":"3781","title":"AGRICULTURAL SCIENCE & EDUCATION","de_requirements":"<div>\r\n\r\n<table>\r\n <tbody><tr>\r\n  <td>\r\n  <p><span>(i) Two (2) passes at 'A' Level in Biology \/Zoology\r\n  \/Botany and any other Science subject.<\/span><\/p>\r\n  <p><span>(ii) NCE merit\r\n  in Biology and any other Science subject.<\/span><\/p>\r\n  <\/td>\r\n <\/tr>\r\n<\/tbody><\/table>\r\n\r\n<\/div><p>\r\n\r\n<span>(iii)\r\nNCE merit in Agriculture (Double Major).<\/span><br><\/p>","utme_requirements":"<div>\r\n\r\n<table>\r\n <tbody><tr>\r\n  <td>\r\n  <p><span>Five (5) 'O'\r\n  Level credit passes or equivalents in English Language, Chemistry, Biology\/Agricultural\r\n  Science., Mathematics and another relevant subject.<\/span><\/p>\r\n  <\/td>\r\n <\/tr>\r\n<\/tbody><\/table>\r\n\r\n<\/div>","subjects":"Any three (3) subjects from Chemistry, Biology, Agriculture, Physics, Economics, Geography and Mathematics.","institutions_list":"BENIN"},{"id":"3670","title":"AGRICULTURE","de_requirements":"<p><span>Two (2) \u2018A\u2019 Level passes in Chemistry and\r\none from Biology\/Botany\/Zoology\/Agricultural Science, Economics, Physics,\r\nGeography and Geology\/Mathematics (Pure &amp; Applied).<\/span><\/p>","utme_requirements":"<p><span>Five (5) SSC credit passes to include\r\nEnglish Language, Biology\/Agricultural Science, Chemistry and&nbsp; any one of Mathematics, Physics, Geography\r\nand&nbsp; Economics.<\/span><\/p>","subjects":"Chemistry, Biology\/Agriculture and any one of Physics or Mathematics.","institutions_list":"BENIN"},{"id":"3667","title":"ANATOMY","de_requirements":"<p><span>Two\r\n(2) 'A' Level passes chosen from Biology, Chemistry and Physics in addition to the\r\nUTME requirements.<\/span><\/p>","utme_requirements":"<p><span>Five\r\n(5) SSC credit passes in English Language, Mathematics, Biology, Chemistry and\r\nPhysics.<\/span><\/p>","subjects":"Biology, Chemistry and Physics.","institutions_list":"BENIN"},{"id":"3734","title":"ANIMAL & ENVIRONMENT  BIOLOGY","de_requirements":"<p><span>Two (2) 'A' Level passes or NCE in Biology, Zoology or Botany and one\r\nother Science subject<\/span><\/p>","utme_requirements":"<p><span>Five (5) SSC credit passes in English Language, Mathematics, Biology and\r\ntwo (2) other Science subject.<\/span><\/p>","subjects":"Biology and any two (2) of Physics, Chemistry and Mathematics.","institutions_list":"BENIN"},{"id":"3736","title":"ANIMAL & ENVIRONMENT  BIOLOGY","de_requirements":"<p><span>Two (2) 'A' Level passes or NCE in Biology, Zoology or Botany and one\r\nother Science subject<\/span><\/p>","utme_requirements":"<p><span>Five (5) SSC credit passes in English Language, Mathematics, Biology and\r\ntwo (2) other Science subject.<\/span><\/p>","subjects":"Biology and any two (2) of Physics, Chemistry and Mathematics.","institutions_list":"BENIN"},{"id":"3721","title":"ANIMAL SCIENCE","de_requirements":"<p><span>Two (2) \u2018A\u2019 level passes or its equivalent\r\nin Chemistry and one of Biology\/Botany\/Zoology\/Agriculture Science\/Geography\/Geology\/Mathematics\/Economics.<\/span><\/p>","utme_requirements":"<p><span>Five (5) SSC credit passes in English\r\nLanguage, Chemistry, Mathematics, Biology\/Agric Science and one of Physics,\r\nGeography or Economics.<\/span><\/p>","subjects":"Chemistry, Biology\/Agriculture and Mathematics \/Physics.","institutions_list":"BENIN"},{"id":"3740","title":"APPLIED GEOPHYSICS","de_requirements":"<p><span>'A' Level passes in Chemistry and Physics or Mathematics.<\/span><\/p>","utme_requirements":"<p><span>Five (5) SSC credit passes including English Language, Mathematics,\r\nPhysics and Chemistry\/Biology.<\/span><\/p>","subjects":"Any three (3) of Physics, Chemistry, Biology and Mathematics. ","institutions_list":"BENIN"},{"id":"3762","title":"ARCHITECTURE","de_requirements":"<p><span>(i)<span>&nbsp;&nbsp;&nbsp;&nbsp;&nbsp;&nbsp;\r\n<\/span><\/span><span>Two (2) 'A' Level\r\npasses chosen from Mathematics or Physics and Chemistry, Geography or Fine\r\nArts.<\/span><\/p><p>\r\n\r\n<span>ND\/HND\r\nupper credits in relevant field.<\/span><br><\/p>","utme_requirements":"<table>\r\n <tbody><tr>\r\n  <td>\r\n  <p><span>Five (5) SSC credit passes in English\r\n  Language, Mathematics, Physics, Chemistry and any of Fine Art, Geography or\r\n  Wood Work, Biology, Economics, Technical Drawing, Further. Mathematics.,\r\n  Introduction to Building Construction, Bricklaying\/Block laying, Concreting,\r\n  Wall, Floors and Ceiling Finishing, Joinery, Carpentary, Decorative Painting,\r\n  Lining, Sign and Design, Wall Hanging, Colour Mixing\/Matching and Glazing,\r\n  Ceramics, Graphics Design, Graphic Printing, Basic Electricity.<\/span><\/p>\r\n  <p><span>&nbsp;<\/span><\/p>\r\n  <\/td>\r\n <\/tr>\r\n<\/tbody><\/table>","subjects":"Physics, Mathematics, and any of Chemistry, Geography, Art, Biology and Economics.","institutions_list":"BENIN"},{"id":"3677","title":"BANKING & FINANCE","de_requirements":"<p>\r\n\r\n<\/p><div>\r\n\r\n<table>\r\n <tbody><tr>\r\n  <td>\r\n  <p><span>(i)\r\n  Two (2)'A' Level passes in Accounting or Economics and one other subject.<\/span><\/p>\r\n  <p><span>(ii)\r\n  NCE merit in relevant subjects.<\/span><\/p>\r\n  <p><span>(iii)\r\n  ND credit.<\/span><\/p>\r\n  <\/td>\r\n <\/tr>\r\n<\/tbody><\/table>\r\n\r\n<\/div>\r\n\r\n<span>(iv)\r\nFoundation International exam such as ICAN, ACCA, ICMA, GPFA.<\/span>","utme_requirements":"<p>\r\n\r\n<\/p><div>\r\n\r\n<table>\r\n <tbody><tr>\r\n  <td>\r\n  <p><span>Five\r\n  (5)SSC credit passes including<\/span><\/p>\r\n  <\/td>\r\n <\/tr>\r\n<\/tbody><\/table>\r\n\r\n<\/div>\r\n\r\n<span>English\r\nLanguage, Mathematics, Economics and two (2) other relevant subjects.<\/span>","subjects":"Mathematics, one Social Science subject and any other subject","institutions_list":"BENIN"},{"id":"3697","title":"BIOCHEMISTRY","de_requirements":"<p><span>Two (2) 'A' Level passes chosen from Chemistry, Mathematics, Physics and\r\nBiology.<\/span><\/p><p><span><o>&nbsp;<\/o:p><\/span><\/p><p>\r\n\r\n\r\n\r\n<\/p><p><span>NCE\/ND\/HND in related programmes plus the UTME requirements.<\/span><\/p>","utme_requirements":"<p><span>Five (5) SSC credit passes in English Language, Chemistry, Mathematics,\r\nPhysics and Biology.<\/span><\/p>","subjects":"Biology, Chemistry and Physics or Mathematics.","institutions_list":"BENIN"},{"id":"3727","title":"BOTANY","de_requirements":"<p><span>Two\r\n(2) 'A' Level passes in Biology\/Botany\/Zoology and Chemistry or Physics.<\/span><\/p>","utme_requirements":"<p><span>Five\r\n(5) SSC Credit passes in English Language, Mathematics, Biology, Chemistry and\r\nPhysics.<\/span><\/p>","subjects":"Biology, Chemistry and any other Science subject.","institutions_list":"BENIN"},{"id":"3660","title":"BUSINESS ADMINISTRATION","de_requirements":"<p><span>Two (2) \u2018A\u2019 Level passes chosen from Economics, Accounts,\r\nBusiness Management, Government, Geography or Statistics.<\/span><\/p>","utme_requirements":"<p><span>Five (5) SSC credit passes including English Language,\r\nMathematics, Economics, plus any two (2) of Accounting, Business Methods,\r\nCommerce, Government, Geography, and Statistics.<\/span><br><\/p>","subjects":"Mathematics, Economics and one (1) other subject.","institutions_list":"BENIN"},{"id":"3665","title":"BUSINESS ADMINISTRATION","de_requirements":"<p>\r\n\r\n<\/p><div>\r\n\r\n<table>\r\n <tbody><tr>\r\n  <td>\r\n  <p><span>Two\r\n  (2)'A' Level passes including Economics.<\/span><\/p>\r\n  <\/td>\r\n <\/tr>\r\n<\/tbody><\/table>\r\n\r\n<\/div>\r\n\r\n","utme_requirements":"<p>\r\n\r\n<\/p><div>\r\n\r\n<table>\r\n <tbody><tr>\r\n  <td>\r\n  <p><span>Five\r\n  (5) SSC credit passes including English Language, Mathematics, Economics and\r\n  two (2) other relevant subjects.<\/span><\/p>\r\n  <\/td>\r\n <\/tr>\r\n<\/tbody><\/table>\r\n\r\n<\/div>\r\n\r\n","subjects":"Mathematics, Economics and any other Social Science subject","institutions_list":"BENIN"},{"id":"3790","title":"BUSINESS EDUCATION","de_requirements":"<p>(i)<span>\t<\/span>Two (2) 'A' Level passes or NCE merit in two (2) relevant subjects.<\/p><p>(ii)<span>\t<\/span>NCE merit in Business Education Double Major.&nbsp;<\/p><div><br><\/div>","utme_requirements":"<p>Five (5) TC II merit, 'O' Level or NTC\/NBC credit passes including English Language, Mathematics, Economics and two (2) other subjects in the Social Sciences or Arts. For NBC, the other subjects could be from any of the following: Commerce, Office Practice, Principles of Accounts, Secretarial Duties, Typewriting and Shorthand.<\/p><p><br><\/p>","subjects":"Mathematics, Economics plus one (1) of Literature in English, History, Government, Geography, Chemistry and Physics.\r\n\r\n","institutions_list":"BENIN"},{"id":"3666","title":"CHEMICAL ENGINEERING","de_requirements":"'A' Level passes in Physics, Chemistry and Mathematics.","utme_requirements":"Five (5) SSC credit passes to include Physics, Chemistry, Mathematics and English Language and any other Science subject.","subjects":"Mathematics, Physics and Chemistry.","institutions_list":"BENIN"},{"id":"3718","title":"CHEMISTRY","de_requirements":"<p><span>i)&nbsp; Two (2) 'A' Level passes in Chemistry and any\r\none (1) of Physics, Mathematics or Biology.<\/span><\/p><p><span><o>&nbsp;<\/o:p><\/span><\/p><p>\r\n\r\n\r\n\r\n<\/p><p><span>(ii)&nbsp;&nbsp; ND\/NCE\r\nwith good grades in relevant 'O' Level subjects.<\/span><\/p>","utme_requirements":"<p><span>Five (5) SSC credit passes in English Language, Mathematics, Physics,\r\nChemistry and Biology.<\/span><\/p>","subjects":"Chemistry and two (2) of Physics, Biology and Mathematics.\r\n\r\n","institutions_list":"BENIN"},{"id":"3671","title":"CIVIL ENGINEERING","de_requirements":"(i)\t'A' Level passes in Physics and Mathematics.\r\n(ii)\tND\/HND upper credit at appropriate levels.\r\n","utme_requirements":"Five (5) SSC credit passes to include Physics, Chemistry, Mathematics, English Language and one Science subject","subjects":"Physics, Chemistry and Mathematics","institutions_list":"BENIN"},{"id":"3688","title":"COMPUTER EDUCATION","de_requirements":"<div>\r\n\r\n<table>\r\n <tbody><tr>\r\n  <td>\r\n  <p><span>i. Two (2)'A' Level passes or its equivalents in Physics\r\n  and Mathematics.<\/span><\/p>\r\n  <p><span>ii. <\/span><span>ND <\/span><span>in Computer Science<\/span><\/p>\r\n  <\/td>\r\n <\/tr>\r\n<\/tbody><\/table>\r\n\r\n<\/div><p>\r\n\r\n<span>iii.&nbsp; NCE distinction\r\ncredit or merit in Computer Education or Physics or Mathematics<\/span><br><\/p>","utme_requirements":"<div>\r\n\r\n<table>\r\n <tbody><tr>\r\n  <td>\r\n  <p><span>Five (5) SSC credit passes including Mathematics, English\r\n  Language, Physics, Chemistry and Biology.<\/span><\/p>\r\n  <\/td>\r\n <\/tr>\r\n<\/tbody><\/table>\r\n\r\n<\/div>","subjects":"Mathematics, Economics\/\r\nCommerce plus one (1) of Chemistry\/Physics\/Biology\r\n","institutions_list":"BENIN"},{"id":"3767","title":"COMPUTER ENGINEERING","de_requirements":"<p><span>Three (3) 'A' Level passes in Pure Mathematics or Pure and Applied Mathematics, Chemistry and Physics.<\/span><br><\/p>","utme_requirements":"<p>Five (5) SSC credit passes to include Mathematics, Further Mathematics, Chemistry, Physics and&nbsp;<\/p><p>English Language.<\/p>","subjects":"\r\nMathematics, Physics and Chemistry.","institutions_list":"BENIN"},{"id":"3750","title":"COMPUTER SCIENCE","de_requirements":"<p><span>)&nbsp;&nbsp;&nbsp;&nbsp;&nbsp;&nbsp; Two (2) 'A' Level passes in\r\nscience subjects including Mathematics<\/span><\/p><p><span><o>&nbsp;<\/o:p><\/span><\/p><p>\r\n\r\n\r\n\r\n<\/p><p><span>(ii)&nbsp;&nbsp; NCE merit in Mathematics and\r\none (1) other Science or Social Science subject.<\/span><\/p>","utme_requirements":"<p><span>Five (5) SSC credit passes to include English Language, Mathematics,\r\nPhysics plus two (2) other Science subjects.<\/span><\/p>","subjects":"Mathematics, Physics and one (1) of Biology, Chemistry, Agric Science, Economics and Geography.","institutions_list":"BENIN"},{"id":"3676","title":"DENTISTRY & DENTAL SURGERY","de_requirements":"<p><span>Three (3) 'A' Level passes to include Chemistry,\r\nBiology\/Zoology and Physics.<\/span><\/p>","utme_requirements":"<p><span>Five (5) SSC credit passes in English Language, Physics,\r\nChemistry, Biology and Mathematics.<\/span><\/p>","subjects":"Chemistry, Biology and one (1) other Science subject.","institutions_list":"BENIN"},{"id":"3691","title":"DOCTOR OF PHARMACY","de_requirements":"<p><span>Three\r\n(3) 'A' Level passes in Chemistry, Biology\/Zoology and Physics or Mathematics\r\nplus UTME requirements.<\/span><\/p>","utme_requirements":"<p><span>Five\r\n(5) SSC credit passes in English Language, Mathematics, Physics, Chemistry and\r\nBiology.<\/span><\/p>","subjects":"Physics, Chemistry and Biology.","institutions_list":"BENIN"},{"id":"3701","title":"DRAMA\/DRAMATIC\/PERFORMING ARTS","de_requirements":"<p><span>Two\r\n(2) \u2018A\u2019 Level passes in Arts, Social Sciences or Science subjects.<\/span><\/p>","utme_requirements":"<p><span>Five\r\n(5) SSC credit passes to include English Language and Arts subjects.<\/span><\/p>","subjects":"Literature in English and two (2) other relevant subjects.","institutions_list":"BENIN"},{"id":"3778","title":"EARLY CHILDHOOD EDUCATION","de_requirements":"<div>\r\n\r\n<table>\r\n <tbody><tr>\r\n  <td>\r\n  <p><span>Two (2) 'A' Level passes chosen from relevant subjects.<\/span><\/p>\r\n  <\/td>\r\n <\/tr>\r\n<\/tbody><\/table>\r\n\r\n<\/div>","utme_requirements":"<div>\r\n\r\n<table>\r\n <tbody><tr>\r\n  <td>\r\n  <p><span>Five (5) 'O'\r\n  Level credit passes including English Language.<\/span><\/p>\r\n  <\/td>\r\n <\/tr>\r\n<\/tbody><\/table>\r\n\r\n<\/div>","subjects":"Any three (3) subjects.","institutions_list":"BENIN"},{"id":"3682","title":"ECONOMICS & STATISTICS","de_requirements":"<p>\r\n\r\n<\/p><div>\r\n\r\n<table>\r\n <tbody><tr>\r\n  <td>\r\n  <p><span>Two (2)'A' Level passes in Economics and any one of\r\n  Mathematics, Statistics, Geography, Physics, Chemistry, Agricultural Science,\r\n  Accounting, Business Management, History and Government.<\/span><\/p>\r\n  <\/td>\r\n <\/tr>\r\n<\/tbody><\/table>\r\n\r\n<\/div>\r\n\r\n","utme_requirements":"<p>\r\n\r\n<\/p><div>\r\n\r\n<table>\r\n <tbody><tr>\r\n  <td>\r\n  <p><span>Five\r\n  (5)SSC credit passes in English Language, Mathematics, Economics and any two\r\n  (2) of Arts or Social Science subjects.<\/span><\/p>\r\n  <\/td>\r\n <\/tr>\r\n<\/tbody><\/table>\r\n\r\n<\/div>\r\n\r\n","subjects":"Economics, Mathematics and any of Government, History, Geography, Literature in English, French and Christian Religious Studies\/Islamic Studies.\t\t","institutions_list":"BENIN"},{"id":"3699","title":"EDUCATION & BIOLOGY","de_requirements":"\r\n\r\n<table>\r\n <tbody><tr>\r\n  <td>\r\n  <p><br><\/p>\r\n  <\/td>\r\n <\/tr>\r\n<\/tbody><\/table><div>\r\n\r\n<table>\r\n <tbody><tr>\r\n  <td>\r\n  <p><span>NCE\/'A' Level\r\n  passes in Biology and one (1) other Science subject.<\/span><\/p>\r\n  <\/td>\r\n <\/tr>\r\n<\/tbody><\/table>\r\n\r\n<\/div>\r\n\r\n","utme_requirements":"\r\n\r\n<table>\r\n <tbody><tr>\r\n  <td>\r\n  <p><br><\/p>\r\n  <\/td>\r\n <\/tr>\r\n<\/tbody><\/table><div>\r\n\r\n<table>\r\n <tbody><tr>\r\n  <td>\r\n  <p><span>Five (5) SSC credit\r\n  passes in English Language, Biology, Chemistry, Mathematics and one (1) other\r\n  subject.<\/span><\/p>\r\n  <\/td>\r\n <\/tr>\r\n<\/tbody><\/table>\r\n\r\n<\/div>\r\n\r\n","subjects":"Biology and two (2) other subjects from Chemistry, Mathematics and Physics.","institutions_list":"BENIN"},{"id":"3686","title":"EDUCATION & CHEMISTRY","de_requirements":"<div>\r\n\r\n<table>\r\n <tbody><tr>\r\n  <td>\r\n  <p><span>Two (2) \u2018A\u2019 Level\/NCE\r\n  passes including Chemistry and one (1) other Science subject.<\/span><\/p>\r\n  <\/td>\r\n <\/tr>\r\n<\/tbody><\/table>\r\n\r\n<\/div>","utme_requirements":"<div>\r\n\r\n<table>\r\n <tbody><tr>\r\n  <td>\r\n  <p><span>Five (5) SSC\r\n  credits in Mathematics, Chemistry, English Language and two (2) of Physics,\r\n  Biology and Agricultural Science.<\/span><\/p>\r\n  <\/td>\r\n <\/tr>\r\n<\/tbody><\/table>\r\n\r\n<\/div>","subjects":"Chemistry and two (2) other subjects chosen from Physics, Biology and Mathematics.","institutions_list":"BENIN"},{"id":"3789","title":"EDUCATION & ECONOMICS","de_requirements":"<p>(i)<span>\t<\/span>Two (2) 'A' Level passes in Economics and one (1) other relevant subject.<\/p><p>(ii) <span>\t<\/span>NCE merit\/credit in Economics and one (1) other subject.<\/p><p><br><\/p>","utme_requirements":"<p>Five (5) 'O' Level credit passes to include English Language, Economics and Mathematics.<\/p><p><br><\/p>","subjects":"Economics, Mathematics and one (1) other subject from Geography\/Physics, History, Government and Literature in English.\r\n\r\n","institutions_list":"BENIN"},{"id":"3711","title":"EDUCATION & EDO LANGUAGE","de_requirements":"<div>\r\n\r\n<table>\r\n <tbody><tr>\r\n  <td>\r\n  <p><span>(i) Two (2)NCE merit, one (1) of which should be Edo\r\n  Language plus three (3) 'O' Level credit passes obtained at one (1) sitting\r\n  one, (1) of which should be English Language while others are chosen from\r\n  Literature in English, Religious studies, Fine Arts, French, History or\r\n  Government at one (1) sitting. <\/span><\/p>\r\n  <p><span><o>&nbsp;<\/o:p><\/span><\/p>\r\n  <p><span>ii) Three (3)NCE merit,\r\n  one (1) of which should be Edo Language and two (2) 'O' Level credit passes\r\n  obtained at one (1) sitting and one (1) of which should be English Language\r\n  while others should be chosen from Literature in English, Religious studies,\r\n  Fine Arts, French, History or Government.<\/span><\/p>\r\n  <\/td>\r\n <\/tr>\r\n<\/tbody><\/table>\r\n\r\n<\/div>","utme_requirements":"<div>\r\n\r\n<table>\r\n <tbody><tr>\r\n  <td>\r\n  <p><span>Five (5) SSC Credit passes at not more than two (2)\r\n  sittings. The subjects should include English Language while others should be\r\n  chosen from Literature in English, History, Religious studies, Government,\r\n  and Edo Language.<\/span><\/p>\r\n  <\/td>\r\n <\/tr>\r\n<\/tbody><\/table>\r\n\r\n<\/div>","subjects":"Literature in English and any other two (2) Arts subjects.","institutions_list":"BENIN"},{"id":"3751","title":"EDUCATION & ENGLISH LANGUAGE AND LITERATURE","de_requirements":"<div>\r\n\r\n<table>\r\n <tbody><tr>\r\n  <td>\r\n  <p><span>(i)&nbsp; Two (2) 'A' Level passes in relevant\r\n  teaching subjects including Literature in English.<\/span><\/p>\r\n  <p><span>(ii)&nbsp; NCE\r\n  credit or merit in two(2)relevant subjects.<\/span><\/p>\r\n  <\/td>\r\n <\/tr>\r\n<\/tbody><\/table>\r\n\r\n<\/div>","utme_requirements":"<div>\r\n\r\n<table>\r\n <tbody><tr>\r\n  <td>\r\n  <p><span>Five (5) 'O'\r\n  Level credit passes to include English Language and Literature in English plus\r\n  three (3) other Arts or Social Science subjects.<\/span><\/p>\r\n  <\/td>\r\n <\/tr>\r\n<\/tbody><\/table>\r\n\r\n<\/div>","subjects":"Literature in English and one (1) Art and any other subject.","institutions_list":"BENIN"},{"id":"3708","title":"EDUCATION & FRENCH","de_requirements":"<div>\r\n\r\n<table>\r\n <tbody><tr>\r\n  <td>\r\n  <p><span>Two (2) 'A' Level\r\n  passes\/NCE merit in French and one(1) other Arts subject.<\/span><\/p>\r\n  <\/td>\r\n <\/tr>\r\n<\/tbody><\/table>\r\n\r\n<\/div>","utme_requirements":"<div>\r\n\r\n<table>\r\n <tbody><tr>\r\n  <td>\r\n  <p><span>Five (5) SSC credit\r\n  passes to include English Language and French.<\/span><\/p>\r\n  <\/td>\r\n <\/tr>\r\n<\/tbody><\/table>\r\n\r\n<\/div>","subjects":"French plus two (2) other Arts subjects.","institutions_list":"BENIN"},{"id":"3712","title":"EDUCATION & GEOGRAPHY","de_requirements":"<div>\r\n\r\n<table>\r\n <tbody><tr>\r\n  <td>\r\n  <p><span>Two (2) 'A' Level passes\/NCE merit which should\r\n  include Geography<\/span><\/p>\r\n  <p><span>\/Physics.<\/span><\/p>\r\n  <\/td>\r\n <\/tr>\r\n<\/tbody><\/table>\r\n\r\n<\/div>","utme_requirements":"<div>\r\n\r\n<table>\r\n <tbody><tr>\r\n  <td>\r\n  <p><span>Five (5) SSC credit\r\n  passes to include Geography, English Language and Mathematics.<\/span><\/p>\r\n  <\/td>\r\n <\/tr>\r\n<\/tbody><\/table>\r\n\r\n<\/div>","subjects":"Geography plus two (2) other Social Sciences\/Arts subjects.","institutions_list":"BENIN"},{"id":"3713","title":"EDUCATION & HISTORY","de_requirements":"<div>\r\n\r\n<table>\r\n <tbody><tr>\r\n  <td>\r\n  <p><span>Two (2) NCE merit\/'A'\r\n  Level passes in History and one (1) other relevant Arts subject.<\/span><\/p>\r\n  <\/td>\r\n <\/tr>\r\n<\/tbody><\/table>\r\n\r\n<\/div>","utme_requirements":"<div>\r\n\r\n<table>\r\n <tbody><tr>\r\n  <td>\r\n  <p><span>Five (5) SSC credit\r\n  passes in English Language, History and three (3) relevant Arts subjects.<\/span><\/p>\r\n  <\/td>\r\n <\/tr>\r\n<\/tbody><\/table>\r\n\r\n<\/div>","subjects":"History and any other two (2) subjects chosen from Christian Religious Studies \/ Islamic Studies, Literature in English, French, Yoruba, Geography\/Physics, Economics, Government and Hausa.","institutions_list":"BENIN"},{"id":"3698","title":"EDUCATION & INTEGRATED SCIENCE","de_requirements":"<div>\r\n\r\n<table>\r\n <tbody><tr>\r\n  <td>\r\n  <p><span>(i) NCE Integrated&nbsp;&nbsp;&nbsp;&nbsp;&nbsp;&nbsp;&nbsp;&nbsp;\r\n  Science<\/span><\/p>\r\n  <p><span>&nbsp;<\/span><\/p>\r\n  <p><span>(ii)&nbsp;&nbsp; NCE Science<\/span><\/p>\r\n  <p><span>&nbsp;&nbsp;&nbsp;&nbsp;&nbsp;&nbsp; Education<\/span><\/p>\r\n  <p><span>&nbsp;<\/span><\/p>\r\n  <\/td>\r\n <\/tr>\r\n<\/tbody><\/table>\r\n\r\n<\/div><p>\r\n\r\n<span>(iii)\r\n&nbsp;'A' Level&nbsp; &nbsp;&nbsp;&nbsp;&nbsp;&nbsp;&nbsp;&nbsp;passes in two (2)Science subjects<\/span><br><\/p>","utme_requirements":"<p><span>Five (5) SSC credit passes including Biology, Chemistry,\r\nEnglish Language and Mathematics<\/span><br><\/p>","subjects":"Any three (3) of Mathematics, Chemistry, Physics, Biology and Agricultural Science.","institutions_list":"BENIN"},{"id":"3702","title":"EDUCATION & MATHEMATICS","de_requirements":"<div>\r\n\r\n<table>\r\n <tbody><tr>\r\n  <td>\r\n  <p><span>Two (2)'A' Level passes\/NCE in\r\n  Mathematics and one (1) Science subject.<\/span><\/p>\r\n  <\/td>\r\n <\/tr>\r\n<\/tbody><\/table>\r\n\r\n<\/div>","utme_requirements":"<div>\r\n\r\n<table>\r\n <tbody><tr>\r\n  <td>\r\n  <p><span>Five (5) SSC credit\r\n  passes to include English Language, Mathematics plus one (1) other Science\r\n  subject.<\/span><\/p>\r\n  <\/td>\r\n <\/tr>\r\n<\/tbody><\/table>\r\n\r\n<\/div>","subjects":"Mathematics and any two (2) of the following Science subjects: Physics, Chemistry and Biology.","institutions_list":"BENIN"},{"id":"3714","title":"EDUCATION & PHYSICS","de_requirements":"<div>\r\n\r\n<table>\r\n <tbody><tr>\r\n  <td>\r\n  <p><span>(i)&nbsp; Two (2) 'A'\r\n  Level passes in Physics and Mathematics.<\/span><\/p>\r\n  <p><span>(ii) NCE credit\/merit in relevant subjects.<\/span><\/p>\r\n  <\/td>\r\n <\/tr>\r\n<\/tbody><\/table>\r\n\r\n<\/div>","utme_requirements":"<p><span>Five (5) 'O' Level credits passes to include English\r\nLanguage, Physics, Mathematics and two (2) other Science subjects or NTC\/NBC.<\/span><br><\/p>","subjects":"Physics, Mathematics or Chemistry plus one (1) other subjects.","institutions_list":"BENIN"},{"id":"3788","title":"EDUCATION & POLITICAL SCIENCE","de_requirements":"<p>(i)<span>\t<\/span>Two (2) 'A' Level passes in relevant subjects chosen from Government or History, Economics and Geography\/Physics.<\/p><p>(ii)<span>\t<\/span>NCE merit in Government\/History, Economics and Geography\/Physics.<\/p><p><br><\/p>","utme_requirements":"<p>Five (5) 'O' Level credit passes or equivalent to include English Language, Government\/History and three (3) other subjects.<\/p><p><br><\/p>","subjects":"Government or History plus two (2) other Arts or Social Sciences subjects.\r\n\r\n","institutions_list":"BENIN"},{"id":"3753","title":"EDUCATION & RELIGIOUS STUDIES","de_requirements":"<div>\r\n\r\n<table>\r\n <tbody><tr>\r\n  <td>\r\n  <p><span>Two (2) 'A'\r\n  Level passes\/NCE merit in Religious Studies and one (1) other Arts subject.<\/span><\/p>\r\n  <\/td>\r\n <\/tr>\r\n<\/tbody><\/table>\r\n\r\n<\/div>","utme_requirements":"<div>\r\n\r\n<table>\r\n <tbody><tr>\r\n  <td>\r\n  <p><span>Five (5) 'O'\r\n  Level credit passes or TC II merit in five (5) subjects including English\r\n  Language, Religious Studies and three (3) other Arts subjects.<\/span><\/p>\r\n  <\/td>\r\n <\/tr>\r\n<\/tbody><\/table>\r\n\r\n<\/div>","subjects":"Two (2) Arts subject including Religious studies and one (1) other subject.","institutions_list":"BENIN"},{"id":"3787","title":"EDUCATION & SOCIAL STUDIES","de_requirements":"<div>\r\n\r\n<table>\r\n <tbody><tr>\r\n  <td>\r\n  <p><span>(i) NCE Social\r\n  Studies from recognized Colleges.<\/span><\/p>\r\n  <\/td>\r\n <\/tr>\r\n<\/tbody><\/table>\r\n\r\n<\/div><p>\r\n\r\n<span>(ii)&nbsp;&nbsp;&nbsp;&nbsp;&nbsp;&nbsp;&nbsp;&nbsp;&nbsp;&nbsp; Two (2) 'A' Level passes in relevant subjects.<\/span><br><\/p>","utme_requirements":"<p>Five (5) 'O' Level credit passes to include English Language plus two (2) Arts \/Social Science subjects.<\/p><p><br><\/p>","subjects":"Any three (3) of Christian Religious Studies, Economics, Geography\/Physics, Government, History and Islamic Studies.\r\n\r\n","institutions_list":"BENIN"},{"id":"3690","title":"EDUCATION AND COMPUTER SCIENCE","de_requirements":"<div>\r\n\r\n<table>\r\n <tbody><tr>\r\n  <td>\r\n  <p><span>Two (2) \u2018A\u2019 Level passes including Physics or Chemistry.<\/span><\/p>\r\n  <\/td>\r\n <\/tr>\r\n<\/tbody><\/table>\r\n\r\n<\/div>","utme_requirements":"<div>\r\n\r\n<table>\r\n <tbody><tr>\r\n  <td>\r\n  <p><span>Five (5) SSC credit passes or its equivalents including\r\n  Mathematics, English Language and three (3) other Science subjects.<\/span><\/p>\r\n  <\/td>\r\n <\/tr>\r\n<\/tbody><\/table>\r\n\r\n<\/div>","subjects":"Mathematics, Physics and one of Biology, Chemistry and Geography.","institutions_list":"BENIN"},{"id":"3752","title":"EDUCATION FINE & APPLIED ARTS","de_requirements":"<div>\r\n\r\n<table>\r\n <tbody><tr>\r\n  <td>\r\n  <p><span>(i)&nbsp;&nbsp;&nbsp; NCE merit in Fine and Applied Arts Double\r\n  Major.<\/span><\/p>\r\n  <\/td>\r\n <\/tr>\r\n<\/tbody><\/table>\r\n\r\n<\/div><p>\r\n\r\n<span>(ii)'A'\r\nLevel passes in Fine Arts and any other subject.<\/span><br><\/p>","utme_requirements":"<div>\r\n\r\n<table>\r\n <tbody><tr>\r\n  <td>\r\n  <p><span>Five (5) 'O'\r\n  Level credit passes or TC II or NTC\/NBC merit including Fine Art and English\r\n  Language.<\/span><\/p>\r\n  <\/td>\r\n <\/tr>\r\n<\/tbody><\/table>\r\n\r\n<\/div>","subjects":"Fine Arts, one (1) other Arts subject and any other subject.","institutions_list":"BENIN"},{"id":"3775","title":"EDUCATION PSYCHOLOGY & CURRICULUM STUDIES","de_requirements":"<p><span>Two (2) 'A' Level passes or N<span>ce <\/span>merit including the relevant subjects.<\/span><br><\/p>","utme_requirements":"<div>\r\n\r\n<table>\r\n <tbody><tr>\r\n  <td>\r\n  <p><span>Five (5) SSC credit passes including English\r\n  Language.<\/span><\/p>\r\n  <\/td>\r\n <\/tr>\r\n<\/tbody><\/table>\r\n\r\n<\/div>","subjects":"Any three (3) subjects chosen from Arts\/Science.","institutions_list":"BENIN"},{"id":"3669","title":"EDUCATIONAL ADMINISTRATION","de_requirements":"<div>\r\n\r\n<table>\r\n <tbody><tr>\r\n  <td>\r\n  <p><span>(i) Two (2)'A' Level passes from\r\n  Literature in English, History, Christian Religious Studies\/Islamic Studies,\r\n  Hausa, Yoruba and Igbo with 'O' Level pass in Mathematics.<\/span><\/p>\r\n  <\/td>\r\n <\/tr>\r\n<\/tbody><\/table>\r\n\r\n<\/div><p>\r\n\r\n<span>(ii)&nbsp; NCE merit in the subjects listed above.<\/span><br><\/p><div>\r\n\r\n<table>\r\n <tbody><tr>\r\n  <td>\r\n  <p><span>(i) Two (2)'A' Level passes from\r\n  Literature in English, History, Christian Religious Studies\/Islamic Studies,\r\n  Hausa, Yoruba and Igbo with 'O' Level pass in Mathematics.<\/span><\/p>\r\n  <\/td>\r\n <\/tr>\r\n<\/tbody><\/table>\r\n\r\n<\/div>\r\n\r\n<span>(ii)&nbsp; NCE merit in the subjects listed above.<\/span>","utme_requirements":"<div>\r\n\r\n<table>\r\n <tbody><tr>\r\n  <td>\r\n  <p><span>(i) Five (5)'O' Level credit passes\r\n  to include English Language, Mathematics and Economics.<\/span><\/p>\r\n  <p><span>(ii)&nbsp; Five (5)\r\n  TC II merit including English Language and Mathematics<\/span>.<\/p>\r\n  <\/td>\r\n <\/tr>\r\n<\/tbody><\/table>\r\n\r\n<\/div>","subjects":"Any three (3) of Literature In English, History, French, Geography\/Physics, Economics and Mathematics.","institutions_list":"BENIN"},{"id":"3776","title":"EDUCATIONAL MANAGEMENT","de_requirements":"<div>\r\n\r\n<table>\r\n <tbody><tr>\r\n  <td>\r\n  <p><span>Same as in\r\n  Educational Psychology, Guidance and Counseling.<\/span><\/p>\r\n  <\/td>\r\n <\/tr>\r\n<\/tbody><\/table>\r\n\r\n<\/div>","utme_requirements":"<div>\r\n\r\n<table>\r\n <tbody><tr>\r\n  <td>\r\n  <p><span>Same as in\r\n  Educational Psychology, Guidance and Counseling.<\/span><\/p>\r\n  <\/td>\r\n <\/tr>\r\n<\/tbody><\/table>\r\n\r\n<\/div>","subjects":"Economics, Mathematics and one (1) other Social Science\/Arts subject.","institutions_list":"BENIN"},{"id":"3770","title":"ELECTRICAL \/ELECTRONICS ENGINEERING","de_requirements":"<p><span>Two (2) 'A' Level passes in Mathematics, Physics or Chemistry<\/span><\/p>","utme_requirements":"<p><span>Five (5) SSC credit passes to include Mathematics, Physics,\r\nChemistry, English Language and any other Science subject.<\/span><\/p>","subjects":"Mathematics, Physics and Chemistry","institutions_list":"BENIN"},{"id":"3706","title":"ENGLISH LANGUAGE & LITERATURE","de_requirements":"<p><span>Two\r\n(2) \u2018A\u2019 Level passes to include Literature in English and one other Arts\r\nsubject.<\/span><\/p>","utme_requirements":"<p><span>Five\r\n(5) SSC credit passes to include Literature in English, English Language and\r\nthree other Arts or Social Science subjects.<\/span><\/p>","subjects":"Literature in English, one other Arts subject and another Arts or Social Science subject.","institutions_list":"BENIN"},{"id":"3760","title":"ENTREPRENEURSHIP","de_requirements":"<p><span>Two (2) 'A' Level passes to include Economics and at least one of, Accounts, Business Management, Government, Geography or Mathematics.<\/span><\/p>","utme_requirements":"<p><span>Five (5) SSC credit passes to include English Language, Mathematics, Economics, one Science subject and one other Social Science or Commercial subject.<\/span><span><\/span><\/p>","subjects":"Economics, Mathematics and one other Social Science or Commercial subject.","institutions_list":"BENIN"},{"id":"3679","title":"ENVIRONMENTAL EDUCATION","de_requirements":"<div>\r\n\r\n<table>\r\n <tbody><tr>\r\n  <td>\r\n  <p><span>(i)&nbsp; NCE or<\/span><\/p>\r\n  <\/td>\r\n <\/tr>\r\n<\/tbody><\/table>\r\n\r\n<\/div>\r\n\r\n<b><span>(<\/span><\/b><span>ii)&nbsp; ND with\r\nthree (3) 'O' Level credit passes including English Language and 'O' Level pass\r\nin Mathematics is mandatory<b>.<\/b><\/span><br>","utme_requirements":"<div>\r\n\r\n<table>\r\n <tbody><tr>\r\n  <td>\r\n  <p><span>Five (5) SSC credit passes to include Mathematics,\r\n  English Language and any of Biology, Chemistry, Physics, Health Science and Agricultural\r\n  Science.<\/span><\/p>\r\n  <\/td>\r\n <\/tr>\r\n<\/tbody><\/table>\r\n\r\n<\/div>","subjects":"Mathematics and two (2) others from Biology, Chemistry and Physics.","institutions_list":"BENIN"},{"id":"3745","title":"ENVIRONMENTAL MANAGEMENT & TOXICOLOGY","de_requirements":"<p><span>Two (2) 'A' Level passes in Chemistry and any one (1) from Biology,\r\nZoology or Botany.<\/span><\/p>","utme_requirements":"<p><span>Five (5) SSC credit passes in English Language, Mathematics, Chemistry,\r\nBiology and Physics.<\/span><\/p>","subjects":"Biology, Chemistry and either Physics or Mathematics.","institutions_list":"BENIN"},{"id":"3771","title":"ESTATE MANAGEMENT","de_requirements":"<p><span>Two (2) \u2018A\u2019 Level\r\npasses in Mathematics, Economics, Geography, Biology and Physics.<\/span><\/p><p>\r\n\r\n<\/p><p><span><o>&nbsp;<\/o:p><\/span><\/p>","utme_requirements":"<p><span>Five (5) SSCE credit\r\npasses including Chemistry, Mathematics and English Language.<\/span><\/p><p>\r\n\r\n<\/p><p><span><o>&nbsp;<\/o:p><\/span><\/p>","subjects":"Mathematics, Economics and one other subject\r\n\r\n","institutions_list":"BENIN"},{"id":"3700","title":"FINE ART\/FINE & APPLIED ARTS","de_requirements":"<p><span>(i)<span>&nbsp;&nbsp;&nbsp;&nbsp;&nbsp;&nbsp;&nbsp;&nbsp;\r\n<\/span><\/span><span>Two\r\n(2) \u2018A\u2019 Level passes in Arts or Fine Arts and any other subject.<\/span><\/p><p>\r\n\r\n<span>ND upper credit HND lower\r\ncredit from recognised institutions.<\/span><br><\/p>","utme_requirements":"<p><span>Five\r\n(5) SSC credit passes to include English Language and Fine Arts.<\/span><\/p><p><span>For holders of NTC, the relevant subjects could\r\nbe General Wood work, Building\/Engineering Drawing, Introduction to Building\r\nConstruction; Decorative Painting; Spray Painting, Lining, Sign and Design;\r\nWall hanging, Colour Mixing\/Matching and Glazing; Printing Origination; Machine\r\nPrinting and Finishing; General Metal Work, Basic Electricity, Spinning,\r\nWeaving, Surface Design and Printing; Bleaching, Dyeing and Finishing; Graphic\r\nDesign; Graphic<\/span><\/p><p>\r\n\r\n\r\n\r\n<\/p><p><span>Printing\r\nand Ceramics.&nbsp;<\/span><\/p>","subjects":"Fine Arts and two (2) other Arts subjects or Social Science subjects. ","institutions_list":"BENIN"},{"id":"3674","title":"FISHERIES","de_requirements":"<p><span>(i)\r\nTwo (2) 'A' Level passes in any of Chemistry, Biology, Botany, Zoology, Agricultural\r\nScience Geography, Mathematics (pure &amp; applied), Physics, Geology and\r\nEconomics.<\/span><\/p><p><span><o>&nbsp;<\/o:p><\/span><\/p><p>\r\n\r\n\r\n\r\n<span>(ii)NCE\r\nAgriculture<\/span><br><\/p>","utme_requirements":"<p><span>Five (5) SSC credit passes in Biology\/Agricultural\r\nScience, Chemistry, Mathematics and English Language plus any other Science\r\nsubject.<\/span><\/p><p>\r\n\r\n<\/p><p><span>&nbsp;<\/span><\/p>","subjects":"Chemistry, Biology\/Agricultural Science and any other Science subject.\r\n\r\n","institutions_list":"BENIN"},{"id":"3743","title":"FORESTRY & WILDLIFE","de_requirements":"<p><span>Two (2) \u2019A\u2019 Level passes in Chemistry and\r\nBiology or Agric Science or Zoology or Botany.<\/span><\/p>","utme_requirements":"<p><span>Five (5) SSC credit\r\npasses in English, Chemistry, Mathematics, Biology and one of Physics,\r\nEconomics, Further Mathematics and Statistics.<\/span><\/p>","subjects":"Chemistry, Biology\/Agriculture and Physics or Mathematics.","institutions_list":"BENIN"},{"id":"3709","title":"FRENCH","de_requirements":"<p><span>Two\r\n(2) \u2018A\u2019 Level passes including French and one other Arts subject.<\/span><\/p>","utme_requirements":"<p><span>Five\r\n(5) SSC credit passes including French and English Language plus one other Arts\r\nsubject.<\/span><\/p>","subjects":"French and any other two (2) subjects from Arts and Social Sciences.","institutions_list":"BENIN"},{"id":"3695","title":"GEOGRAPHY & REGIONAL PLANNING","de_requirements":"<p>\r\n\r\n<\/p><div>\r\n\r\n<table>\r\n <tbody><tr>\r\n  <td>\r\n  <p><span>Two (2)'A' Level\r\n  passes including Geography.<\/span><\/p>\r\n  <\/td>\r\n <\/tr>\r\n<\/tbody><\/table>\r\n\r\n<\/div>\r\n\r\n","utme_requirements":"<p>\r\n\r\n<\/p><div>\r\n\r\n<table>\r\n <tbody><tr>\r\n  <td>\r\n  <p><span>Five\r\n  (5)SSC credit passes to include English language, Mathematics and Geography.<\/span><\/p>\r\n  <\/td>\r\n <\/tr>\r\n<\/tbody><\/table>\r\n\r\n<\/div>\r\n\r\n","subjects":"Geography and any Arts or Social Sciences subjects.  \t","institutions_list":"BENIN"},{"id":"3765","title":"GEOGRAPHY AND REGIONAL PLANNING","de_requirements":"<p><span>Two\r\n(2) 'A' Level passes including&nbsp;\r\nGeography.<\/span><\/p>","utme_requirements":"<p><span>Five\r\n(5) SSC credit passes to include English Language, Mathematics and Geography.<\/span><\/p>","subjects":"Geography and any two (2) Arts subjects","institutions_list":"BENIN"},{"id":"3724","title":"GEOLOGY","de_requirements":"<p><span>(i) Two (2) 'A' Level passes from Geology, Chemistry, Mathematics,\r\nPhysics, Biology and Geography.<\/span><\/p>","utme_requirements":"<p><span>Five (5) SSC credit passes in English Language, Biology, Chemistry,\r\nMathematics and any other subject.<\/span><\/p>","subjects":"Any three (3) of Chemistry, Physics, Mathematics, Biology and Geography. ","institutions_list":"BENIN"},{"id":"3779","title":"GUIDANCE & COUNSELLING","de_requirements":"<div>\r\n\r\n<table>\r\n <tbody><tr>\r\n  <td>\r\n  <p><span>'A' Level\r\n  passes or NCE in two (2) subjects plus the UTME requirements.<\/span><\/p>\r\n  <\/td>\r\n <\/tr>\r\n<\/tbody><\/table>\r\n\r\n<\/div>","utme_requirements":"<div>\r\n\r\n<table>\r\n <tbody><tr>\r\n  <td>\r\n  <p><span>Five (5) 'O'\r\n  Level NTC\/NBC credit passes or TC II merit including English Language with 'O'\r\n  Level pass in Mathematics.<\/span><\/p>\r\n  <\/td>\r\n <\/tr>\r\n<\/tbody><\/table>\r\n\r\n<\/div>","subjects":"Any three (3) subjects.\r\n\r\n","institutions_list":"BENIN"},{"id":"3719","title":"HEALTH EDUCATION","de_requirements":"<div>\r\n\r\n<table>\r\n <tbody><tr>\r\n  <td>\r\n  <p><span>i)&nbsp; Two (2) 'A' Level passes in any of Biology,\r\n  Chemistry, Physics and Mathematics.<\/span><\/p>\r\n  <p><span>&nbsp;<\/span><\/p>\r\n  <p><span>(ii)&nbsp; NCE merit in Physical Education and credit\r\n  in Arithmetical process or Mathematics.<\/span><\/p>\r\n  <p><span>&nbsp;<\/span><\/p>\r\n  <p><span>(iii)&nbsp; Diploma in Health Education, Environmental Sanitation,\r\n  Physical Education, Social work, Health Administration with overall grades of\r\n  merit plus three (3) 'O' Level credit passes\/TC II merit which should include\r\n  English Language.<\/span><\/p>\r\n  <p><span><o>&nbsp;<\/o:p><\/span><\/p>\r\n  <p><span>(iv) NCE in\r\n  Biology, Health Education, and Integrated Science with a pass grade plus two\r\n  (2) 'O' Level credit passes\/TC II merit passes.<\/span><\/p>\r\n  <p><span><o>&nbsp;<\/o:p><\/span><\/p>\r\n  <p><span>(v)&nbsp;&nbsp;&nbsp; Registered Nurse plus five (5) 'O' Level credit\r\n  passes to include English Language.<\/span><\/p>\r\n  <p><span><o>&nbsp;<\/o:p><\/span><\/p>\r\n  <\/td>\r\n <\/tr>\r\n<\/tbody><\/table>\r\n\r\n<\/div>","utme_requirements":"<div>\r\n\r\n<table>\r\n <tbody><tr>\r\n  <td>\r\n  <p><span>i) Five (5) SSC\r\n  credit passes\/TC II merit passes including&nbsp;&nbsp;&nbsp;&nbsp;\r\n  English Language, Biology or its equivalent.<\/span><\/p>\r\n  <p><span>&nbsp;<\/span><\/p>\r\n  <p><span>ii) Five (5) SSC\r\n  credit passes\/TC II merit passes to include English Language and Mathematics.<\/span><\/p>\r\n  <\/td>\r\n <\/tr>\r\n<\/tbody><\/table>\r\n\r\n<\/div>","subjects":"Biology and any two (2) relevant subjects.\r\n\r\n","institutions_list":"BENIN"},{"id":"3716","title":"HISTORY","de_requirements":"<p><span>Two (2) \u2018A\u2019 Level passes in History and any other related\r\nsubjects.<\/span><\/p>","utme_requirements":"<table>\r\n <tbody><tr>\r\n  <td>\r\n  <p><span>Five (5) SSC credit passes to include History and English\r\n  Language.<\/span><\/p>\r\n  <p><span>&nbsp;<\/span><\/p>\r\n  <\/td>\r\n <\/tr>\r\n<\/tbody><\/table>","subjects":"History and any other two (2) subjects from Arts and Social Sciences.","institutions_list":"BENIN"},{"id":"3747","title":"HOME ECONOMICS & EDUCATION","de_requirements":"<div>\r\n\r\n<table>\r\n <tbody><tr>\r\n  <td>\r\n  <p><span>(i)&nbsp;&nbsp;&nbsp; NCE merit in Home Economics <\/span><\/p>\r\n  <p><span>(ii) 'A' Level\r\n  passes in two (2) of Chemistry or any Biology, Botany and Agricultural\r\n  Science.<\/span><\/p>\r\n  <\/td>\r\n <\/tr>\r\n<\/tbody><\/table>\r\n\r\n<\/div><p>\r\n\r\n<span>(iii)\r\nND\/HND credit in Home Economics or Food Science or Hotel and Catering\r\nManagement or any other related programme<\/span><br><\/p>","utme_requirements":"<div>\r\n\r\n<table>\r\n <tbody><tr>\r\n  <td>\r\n  <p><span>Five (5) 'O' Level NTC\/NBC credit passes or TC II merit\r\n  including English Language, Mathematics, Home Economics, Biology and\r\n  Chemistry.<\/span><\/p>\r\n  <\/td>\r\n <\/tr>\r\n<\/tbody><\/table>\r\n\r\n<\/div>","subjects":"Chemistry, Biology or Agricultural Science and one (1) other subject.","institutions_list":"BENIN"},{"id":"3722","title":"HUMAN KINETICS","de_requirements":"<p><span>i) NCE in Physical and Health\r\nEducation with overall percentage of 60% plus the UTME requirements.<\/span><br><\/p>","utme_requirements":"<div>\r\n\r\n<table>\r\n <tbody><tr>\r\n  <td>\r\n  <p><span>Five (5) <\/span><span>'O' Level <\/span><span>credit passes at one (1) sitting to\r\n  include English Language, Mathematics, Health Science\/Physical\r\n  Education\/Biology and any two (2) other subjects.<\/span><\/p>\r\n  <\/td>\r\n <\/tr>\r\n<\/tbody><\/table>\r\n\r\n<\/div>","subjects":"English Language and three (3) other relevant subjects.","institutions_list":"BENIN"},{"id":"3723","title":"INDUSTRIAL CHEMISTRY","de_requirements":"<p><span>(i)&nbsp;&nbsp;&nbsp; Two\r\n(2) 'A' Level passes in Chemistry and Mathematics<\/span><\/p><p>\r\n\r\n<\/p><p><span>(ii)&nbsp;&nbsp; ND\r\nin Science Technology or ND in relevant programmes with the UTME requirements.<\/span><\/p>","utme_requirements":"<p><span>Five (5) SSC credit passes in English Language, Mathematics, Chemistry,\r\nPhysics and Biology\/Agricultural Science.<\/span><\/p>","subjects":"Chemistry, Mathematics and any of Physics\/Biology\/ Agricultural Science.","institutions_list":"BENIN"},{"id":"3761","title":"INDUSTRIAL ENGINEERING","de_requirements":"<p><span>'A' Level passes in Mathematics and\r\nPhysics.<\/span><\/p>","utme_requirements":"<p><span>Five (5) SSC credit\r\npasses to include Mathematics, Physics, Chemistry, English Language and any\r\nother Science subject.<\/span><\/p>","subjects":"Mathematics, Physics and Chemistry.","institutions_list":"BENIN"},{"id":"3715","title":"INDUSTRIAL MATHEMATICS","de_requirements":"<p><span>(i)&nbsp;&nbsp;&nbsp; Two\r\n(2) 'A' Level passes from Mathematics, Physics, Economics or Chemistry.<\/span><\/p><p>\r\n\r\n<span>(ii)\r\nNCE merit in relevant subjects.<\/span><br><\/p>","utme_requirements":"<p><span>Five (5) SSC credit passes in English Language, Mathematics, Physics and\r\ntwo (2) other Science subjects.<\/span><\/p>","subjects":"Mathematics and any two (2) of Physics, Chemistry, Economics, Biology and Agricultural Science.","institutions_list":"BENIN"},{"id":"3710","title":"INDUSTRIAL PHYSICS","de_requirements":"<p><span>Two (2) 'A' Level passes in Physics and Mathematics.<b><\/b><\/span><\/p>","utme_requirements":"<p><span>As for Physics<\/span><\/p>","subjects":"As for Physics","institutions_list":"BENIN"},{"id":"3757","title":"INDUSTRIAL RELATIONS & PERSONNEL MANAGEMENT","de_requirements":"<p><span>Two (2) 'A' Level passes chosen from Economics, Accounting, Business Management, Government, Geography and Statistics.<\/span><span><\/span><\/p>","utme_requirements":"<p><span>Five (5) SSC credit passes including English Language, Mathematics, Economics plus any two (2) subjects listed under the Direct Entry column.<\/span><span><\/span><\/p>","subjects":"Mathematics, Economics and one other subject.","institutions_list":"BENIN"},{"id":"3738","title":"INDUSTRIAL TECHNICAL EDUCATION","de_requirements":"<div><div>\r\n\r\n<table>\r\n <tbody><tr>\r\n  <td>\r\n  <p><span>(i)&nbsp;&nbsp;&nbsp; Two (2) 'A' Level passes in Physics and\r\n  Mathematics.<\/span><\/p>\r\n  <p><span>(ii)&nbsp;&nbsp; ND lower credit in Civil Engineering,\r\n  Production\/Electrical Engineering.<\/span><\/p>\r\n  <p><span>(iii)&nbsp;&nbsp;&nbsp; Final City and Guilds or its equivalent\r\n  plus National Technical Certificate.<\/span><\/p>\r\n  <\/td>\r\n <\/tr>\r\n<\/tbody><\/table>\r\n\r\n<\/div>\r\n\r\n<b><span>(iv)\r\nNCE credit&nbsp; in Technical Education plus<\/span><span> <\/span><\/b><b><span>'O' Level credit\r\n<\/span><span>passes in Physics or Mathematics.<\/span><\/b><br><\/div>","utme_requirements":"<div><div>\r\n\r\n<table>\r\n <tbody><tr>\r\n  <td>\r\n  <p><span>Five (5) 'O'\r\n  Level credit passes to include Physics or Mathematics.<\/span><\/p>\r\n  <\/td>\r\n <\/tr>\r\n<\/tbody><\/table>\r\n\r\n<\/div><\/div>","subjects":"Mathematics, Physics and one (1) other Science subject.","institutions_list":"BENIN"},{"id":"3673","title":"INSURANCE","de_requirements":"<p>\r\n\r\n<\/p><div>\r\n\r\n<table>\r\n <tbody><tr>\r\n  <td>\r\n  <p><span>Two\r\n  (2)'A' Level passes including Economics.<\/span><\/p>\r\n  <\/td>\r\n <\/tr>\r\n<\/tbody><\/table>\r\n\r\n<\/div>\r\n\r\n","utme_requirements":"<p>\r\n\r\n<\/p><div>\r\n\r\n<table>\r\n <tbody><tr>\r\n  <td>\r\n  <p><span>Five\r\n  (5) SSC credit passes including English Language, Mathematics, Economics and\r\n  two (2) other relevant subjects.<\/span><\/p>\r\n  <\/td>\r\n <\/tr>\r\n<\/tbody><\/table>\r\n\r\n<\/div>\r\n\r\n","subjects":"Mathematics, Economics and any other Social Science subject","institutions_list":"BENIN"},{"id":"3758","title":"INTERNATIONAL STUDIES & DIPLOMACY","de_requirements":"<p><span>Two (2) 'A' Level passes in Social Science subject from Government\/History, Economics, Sociology and Business Management.<\/span><br><\/p>","utme_requirements":"<p><span>Five (5) SSC credit passes to include English Language, Government or History and three (3) relevant subjects.&nbsp;<\/span><br><\/p>","subjects":"Economics, Literature in English and Geography\/Government\/History.","institutions_list":"BENIN"},{"id":"3720","title":"INTERNATIONAL STUDIES AND DIPLOMACY","de_requirements":"<p><span>Two (2) 'A' Level passes\/NCE (upper credit) in History\/\r\nGovernment and any other related subject.<\/span><br><\/p>","utme_requirements":"<p><span>Five (5) SSC credit passes to include\r\nEnglish Language, Geography, Government\/History.<\/span><\/p>","subjects":"History\/Government and any other two (2) subjects from the Arts and Social Sciences","institutions_list":"BENIN"},{"id":"3726","title":"LANGUAGES & LINGUISTICS","de_requirements":"<p><span>Two\r\n(2) \u2018A\u2019 Level passes in Arts, Social Sciences and Science subjects.<\/span><\/p>","utme_requirements":"<p><span>Five\r\n(5) SSC credit passes to include English Language and any other Arts, Social\r\nSciences and Sciences.<\/span><\/p>","subjects":"One Arts and two (2) other subjects.","institutions_list":"BENIN"},{"id":"3661","title":"LAW","de_requirements":"<p><span>&nbsp; &nbsp; Two (2)'A' Level passes in Arts or Social\r\nScience subjects.<\/span><\/p><p>\r\n\r\n<span>(ii)&nbsp;&nbsp; NCE\/ND\/First Degree (Second Class Lower).<\/span><br><\/p>","utme_requirements":"<p><span>Five (5)'O' Level credit passes to include English Language,\r\nLiterature in English and\r\nMathematics.<\/span><\/p>","subjects":"Any three (3) Arts or Social Science subjects.","institutions_list":"BENIN"},{"id":"3777","title":"LIBRARY & INFORMATION SCIENCE","de_requirements":"<div>\r\n\r\n<table>\r\n <tbody><tr>\r\n  <td>\r\n  <p><span>(i) Two (2) 'A'\r\n  Level passes in relevant subject plus the UTME requirements. <\/span><\/p>\r\n  <p><span>(ii) NCE merit\r\n  in relevant subjects.<\/span><\/p>\r\n  <\/td>\r\n <\/tr>\r\n<\/tbody><\/table>\r\n\r\n<\/div>","utme_requirements":"<div>\r\n\r\n<table>\r\n <tbody><tr>\r\n  <td>\r\n  <p><span>Five (5) SSC\r\n  credit passes in English Language, Mathematics and three (3) other relevant\r\n  Arts\/Sciences\/Social Sciences subjects.<\/span><\/p>\r\n  <\/td>\r\n <\/tr>\r\n<\/tbody><\/table>\r\n\r\n<\/div>","subjects":"Any three (3) subjects.","institutions_list":"BENIN"},{"id":"3730","title":"LINGUISTICS & AFRICAN LANGUAGE","de_requirements":"<p><span>Two\r\n(2) \u2018A\u2019 Level passes or NCE to include any Language, preferably an African\r\nLanguage.<\/span><\/p>","utme_requirements":"<p><span>Five\r\n(5) SSC credit passes including English Language.<\/span><\/p>","subjects":"Any Language and two (2) other subjects.","institutions_list":"BENIN"},{"id":"3705","title":"LINGUISTICS \/ EDO","de_requirements":"<p><span>(i)<span>&nbsp;&nbsp;&nbsp;&nbsp;&nbsp;&nbsp; <\/span><\/span><span>Two (2) \u2018A\u2019 Level passes in GCE\r\nor HSC or a recognised equivalent in any two (2) Arts subjects.<\/span><\/p><p>\r\n\r\n<\/p><p><span>(ii)<span>&nbsp;&nbsp;&nbsp;&nbsp; <\/span><\/span><span>NCE in any two (2) Arts subjects\r\nwith an overall Merit level pass.<\/span><\/p>","utme_requirements":"<p><span>Five\r\n(5) SSC credit passes or TC II merits including English Language, Literature in\r\nEnglish and a Nigerian Language preferably Edo. \u2018O\u2019 Level pass in Mathematics\r\nis optional.<\/span><\/p>","subjects":"Two (2) relevant Arts subjects and any other subject.","institutions_list":"BENIN"},{"id":"3759","title":"MARINE ENGINEERING","de_requirements":"<p><span>(i)<span>&nbsp;&nbsp;&nbsp;&nbsp;&nbsp;&nbsp;\r\n<\/span><\/span><span>'A' Level passes in Physics and Mathematics.<\/span><\/p><p>\r\n\r\n<\/p><p><span>(ii)<span>&nbsp;&nbsp;&nbsp;&nbsp;\r\n<\/span><\/span><span>ND\/HND upper credit at appropriate levels.<\/span><\/p>","utme_requirements":"<p><span>Five (5) SSC credit passes to include Physics,\r\nChemistry, Mathematics, English Language and one Science subject .<\/span><br><\/p>","subjects":"Chemistry, Mathematics and Physics.","institutions_list":"BENIN"},{"id":"3672","title":"MARKETING","de_requirements":"<p>\r\n\r\n<\/p><div>\r\n\r\n<table>\r\n <tbody><tr>\r\n  <td>\r\n  <p><span>Two\r\n  (2)'A' Level passes including Economics.<\/span><\/p>\r\n  <\/td>\r\n <\/tr>\r\n<\/tbody><\/table>\r\n\r\n<\/div>\r\n\r\n","utme_requirements":"<p>\r\n\r\n<\/p><div>\r\n\r\n<table>\r\n <tbody><tr>\r\n  <td>\r\n  <p><span>Five\r\n  (5) SSC credit passes including English Language, Mathematics, Economics and\r\n  two (2) other relevant subjects.<\/span><\/p>\r\n  <\/td>\r\n <\/tr>\r\n<\/tbody><\/table>\r\n\r\n<\/div>\r\n\r\n","subjects":"Mathematics, Economics and any other Social Science subject","institutions_list":"BENIN"},{"id":"3742","title":"MASS COMMUNICATION","de_requirements":"<p><span>Two (2) 'A' Level passes in Arts or Social Science subjects.<\/span><span><\/span><\/p>","utme_requirements":"<p><span>Five (5) SSC credit passes in English Language and four (4) other subjects in Arts or Social Sciences.<\/span>&nbsp;&nbsp;&nbsp;&nbsp;<span><\/span><\/p>","subjects":"Any three (3) from Arts or Social Science subjects.","institutions_list":"BENIN"},{"id":"3739","title":"MATHEMATICS","de_requirements":"<p><span>) Two\r\n(2) 'A' Level passes in Mathematics and any other science subject.<\/span><\/p><p>\r\n\r\n<span>(ii)&nbsp;&nbsp;&nbsp;&nbsp;&nbsp;&nbsp;&nbsp;&nbsp;&nbsp;&nbsp; NCE merit in Mathematics and one (1)\r\nof Physics, Chemistry or Economics<\/span><br><\/p>","utme_requirements":"<p><span>Five (5) SSC credit passes including English Language, Mathematics and\r\nPhysics or Chemistry.<\/span><\/p>","subjects":"Mathematics and any two (2) of Physics, Chemistry and Economics or Geography.","institutions_list":"BENIN"},{"id":"3748","title":"MATHEMATICS & ECONOMICS","de_requirements":"<table>\r\n <tbody><tr>\r\n  <td>\r\n  <p><span>(i) Two (2) 'A' Level passes at not more than two (2) sittings. The\r\n  subjects should include Mathematics and Economics.<\/span><\/p>\r\n  <p><span>(ii) ND upper credit &nbsp;in\r\n  Mathematics\/Statistics, Computer Science, Accounting or Business Studies from\r\n  a recognised Polytechnic or College of Technology. <\/span><\/p>\r\n  <p><span>(v) HND&nbsp; lower credit &nbsp;in Mathematics\/Statistics, Computer Science,\r\n  Accounting or Business Studies from a recognised Polytechnic or College of\r\n  Technology. <\/span><\/p>\r\n  <p><span>(vi) NCE credit in Mathematics and Economics from a recognised College\r\n  of Education. In addition candidates should have merit.<\/span><\/p>\r\n  <p><span><o>&nbsp;<\/o:p><\/span><\/p>\r\n  <\/td>\r\n <\/tr>\r\n<\/tbody><\/table>","utme_requirements":"<p><span>Five\r\n(5) SSC credit passes in English Language, Mathematics, Economics and any other\r\ntwo (2) subjects selected from Science or Social Sciences at not more than two (2)sittings.<\/span><\/p>","subjects":"Mathematics,  Economics and any other Science or Social Science subject.","institutions_list":"BENIN"},{"id":"3772","title":"MECHANICAL ENGINEERING","de_requirements":"<p><span>(i)<span>&nbsp;&nbsp;&nbsp;&nbsp;&nbsp;&nbsp;&nbsp;\r\n<\/span><\/span><span>Two\r\n(2) 'A' Level passes from Chemistry, Physics and Mathematics.<\/span><\/p><p>\r\n\r\n<\/p><p><span>(ii)<span>&nbsp;&nbsp;&nbsp;&nbsp;&nbsp;&nbsp;\r\n<\/span><\/span><span>ND\r\nupper credit, NCE technical and HND in Mech. Engineering.<\/span><\/p>","utme_requirements":"<p><span>Five (5) SSC\r\ncredit passes to include Physics, Chemistry, Mathematics, English Language and\r\nany other Science subject.<\/span><\/p>","subjects":"Mathematics, Physics and Chemistry.","institutions_list":"BENIN"},{"id":"3774","title":"MECHATRONICS ENGINEERING","de_requirements":"<p><span>'A'\r\nLevel passes in any two (2) of&nbsp;\r\nMathematics, Physics and Chemistry<\/span><\/p>","utme_requirements":"<p><span>Five (5) SSC credit passes to include Mathematics, Physics,\r\nChemistry ,English Language and any other Science subject.<\/span><\/p>","subjects":"Mathematics, Chemistry and Physics.","institutions_list":"BENIN"},{"id":"3675","title":"MEDICAL BIOCHEMISTRY","de_requirements":"<p><span>Two\r\n(2) 'A' Level passes in Chemistry and any one of Physics, Biology\/ Zoology\/Botany\r\nand Mathematics.<\/span><\/p>","utme_requirements":"<p><span>Five\r\n(5) SSC credit passes in English Language, Mathematics, Physics, Chemistry and\r\nBiology.<\/span><\/p>","subjects":"Physics, Chemistry and Biology.","institutions_list":"BENIN"},{"id":"3680","title":"MEDICAL LABORATORY SCIENCE","de_requirements":"<p><span>'A' Level passes&nbsp;&nbsp; to include Physics, Chemistry and Biology or\r\nZoology<\/span><br><\/p>","utme_requirements":"<p><span>Five (5) SSC credit passes in English Language,\r\nMathematics, Physics, Chemistry and Biology<\/span><br><\/p>","subjects":"Physics, Chemistry and Biology","institutions_list":"BENIN"},{"id":"3687","title":"MEDICINE & SURGERY","de_requirements":"<p><span>(i)\r\n'A' Level passes in Physics, Chemistry and Biology or Zoology in addition to the\r\nUTME requirements.<\/span><\/p><p>\r\n\r\n<\/p><p><span>(ii) BSC, BOS, etc in relevant programme.<\/span><\/p>","utme_requirements":"<p><span>Five\r\n(5) SSC credit passes in English Language, Mathematics, Physics, Chemistry and\r\nBiology.<\/span><\/p>","subjects":"Physics, Chemistry and Biology.","institutions_list":"BENIN"},{"id":"3773","title":"METALLURGICAL & MATERIALS ENGINEERING","de_requirements":"<p><span>'A'\r\nLevel passes in any two (2) of Physics, Mathematics and Chemistry<\/span><\/p>","utme_requirements":"<p><span>Five\r\n(5) SSC credit passes to include Physics, Chemistry, Mathematics, English\r\nLanguage and one other Science subject.<\/span><\/p>","subjects":"Physics, Chemistry and Mathematics.","institutions_list":"BENIN"},{"id":"3741","title":"MICROBIOLOGY","de_requirements":"<p><span>Two (2) 'A' Level passes in Chemistry and any one (1) from Biology,\r\nZoology or Botany.<\/span><\/p>","utme_requirements":"<p><span>Five (5) SSC credit passes in English Language, Mathematics, Chemistry,\r\nBiology and Physics.<\/span><\/p>","subjects":"Biology, Chemistry and either Physics or Mathematics.","institutions_list":"BENIN"},{"id":"24232","title":"MUSIC","de_requirements":"<p>\r\n\r\n<\/p><p><span>Two\r\n(2) \u2018A\u2019 Level passes to include Music.<\/span><\/p>\r\n\r\n<p><\/p>","utme_requirements":"<p>\r\n\r\n<\/p><p><span>Five (5) SSC credit passes including Music\r\nand English Language.<\/span><\/p>\r\n\r\n<p><\/p>","subjects":"<p>\r\n\r\n<\/p><p><span>Music, one other Arts subject plus any\r\nother subject.<\/span><\/p>\r\n\r\n<p><\/p>","institutions_list":"BENIN"},{"id":"3685","title":"NURSING\/NURSING SCIENCE","de_requirements":"<table>\r\n <tbody><tr>\r\n  <td>\r\n  <p><span>(i)<span>&nbsp;&nbsp;&nbsp;&nbsp;&nbsp;&nbsp;&nbsp;&nbsp;&nbsp;&nbsp;&nbsp;&nbsp;&nbsp;\r\n  <\/span><\/span><span>'A' Level passes in any two (2) of Physics, Chemistry,\r\n  Biology and Mathematics<\/span><\/p>\r\n  <p><span>(ii)<span>&nbsp;&nbsp;&nbsp;&nbsp;&nbsp;&nbsp;&nbsp;&nbsp;&nbsp;&nbsp;&nbsp;\r\n  <\/span><\/span><span>ND Upper Credit in Prosthesis and Orthopaedic\r\n  Technology. <\/span><\/p>\r\n  <\/td>\r\n <\/tr>\r\n <tr>\r\n  <td>\r\n  <p><span>(i)<span>&nbsp;&nbsp;&nbsp;&nbsp;&nbsp;&nbsp;&nbsp;&nbsp;&nbsp;&nbsp;&nbsp;&nbsp;&nbsp;\r\n  <\/span><\/span><span>Two\r\n  (2) 'A' Level passes in Biology\/ Zoology, Chemistry and Physics plus &nbsp;three (3) other 'O' Level credit passes in\r\n  Mathematics, Physics and English Language.<\/span><span><\/span><\/p>\r\n  <p><span>(ii)<span>&nbsp;&nbsp;&nbsp;&nbsp;&nbsp;&nbsp;&nbsp;&nbsp;&nbsp;&nbsp;&nbsp;\r\n  <\/span><\/span><span>NRN\r\n  or its approved equivalent plus five (5) 'O' Level credit passes&nbsp; in English Language and four (4) Science\r\n  subjects chosen from Mathematics, Physics, Chemistry, Biology, Human Anatomy,\r\n  Physiology and Hygiene, Health Science, Further Mathematics and General\r\n  Science.<\/span><span><\/span><\/p>\r\n  <p><span><o>&nbsp;<\/o:p><\/span><\/p>\r\n  <\/td>\r\n <\/tr>\r\n<\/tbody><\/table>","utme_requirements":"<p><span>Five (5) SSC credit passes\r\nincluding English Language, Physics, Mathematics, Chemistry and Biology.<\/span><\/p>","subjects":"Chemistry, Biology and Physics.","institutions_list":"BENIN"},{"id":"3749","title":"OPTOMETRY","de_requirements":"<table>\r\n <tbody><tr>\r\n  <td>\r\n  <p><span>(i)&nbsp; Two (2) 'A' Level passes in\r\n  Chemistry and any one (1) of Biology, Zoology or Physics.<\/span><\/p>\r\n  <p><span>(ii) ND distinction\r\n  &nbsp;from a recognised Polytechnic or\r\n  College of Technology in Science Laboratory Technology (SLT).<\/span><\/p>\r\n  <p><span>(v) HND distinction &nbsp;from a recognised Polytechnic or College of Technology\r\n  in Polymer Chemistry and Science Laboratory Technology (SLT) <\/span><\/p>\r\n  <p><span>(v) NCE distinction in Chemistry from a\r\n  recognised College of Education. In addition candidates should have credit.<\/span><\/p>\r\n  <p><span><o>&nbsp;<\/o:p><\/span><\/p>\r\n  <p><span><o>&nbsp;<\/o:p><\/span><\/p>\r\n  <p><span><o>&nbsp;<\/o:p><\/span><\/p>\r\n  <p><span><o>&nbsp;<\/o:p><\/span><\/p>\r\n  <\/td>\r\n <\/tr>\r\n<\/tbody><\/table>","utme_requirements":"<p><span>Five\r\n(5) SSC credit passes in English Language,&nbsp;\r\nMathematics, Physics, Chemistry and Biology.<\/span><\/p>","subjects":"Physics, Chemistry and Biology.","institutions_list":"BENIN"},{"id":"3769","title":"PETROLEUM ENGINEERING","de_requirements":"<p><span>'A'\r\nLevel passes to include Physics, Chemistry and Mathematics.<\/span><\/p>","utme_requirements":"<p><span>Five\r\n(5) SSC credits to include Physics, Chemistry, Mathematics, English Language\r\nand any one Science subject.<\/span><\/p>","subjects":"Chemistry, Mathematics and Physics","institutions_list":"BENIN"},{"id":"3689","title":"PHARMACY","de_requirements":"<p><span>Three\r\n(3) 'A' Level passes in Chemistry, Biology\/Zoology and Physics or Mathematics\r\nplus UTME requirements.<\/span><\/p>","utme_requirements":"<p><span>Five\r\n(5) SSC credit passes in English Language, Mathematics, Physics, Chemistry and\r\nBiology.<\/span><\/p>","subjects":"Physics, Chemistry and Biology.","institutions_list":"BENIN"},{"id":"3735","title":"PHILOSOPHY","de_requirements":"<p><span>Any\r\ntwo (2) \u2018A\u2019 Level passes.<\/span><\/p>","utme_requirements":"<p><span>Five\r\n(5) SSC credit passes to include English Language and four (4) other relevant\r\nsubjects.<\/span><\/p>","subjects":"Any three (3) subjects.","institutions_list":"BENIN"},{"id":"3717","title":"PHYSICAL EDUCATION","de_requirements":"<div>\r\n\r\n<table>\r\n <tbody><tr>\r\n  <td>\r\n  <p><span>(i)&nbsp; Two (2) 'A' Level passes in any of Biology,\r\n  Chemistry, Physics and Mathematics.<\/span><\/p>\r\n  <p><span>&nbsp;<\/span><\/p>\r\n  <p><span>(ii)&nbsp; NCE merit in Physical Education and credit\r\n  in Arithmetical process or Mathematics.<\/span><\/p>\r\n  <p><span>&nbsp;<\/span><\/p>\r\n  <p><span>(iii)&nbsp; Diploma in Health Education, Environmental Sanitation,\r\n  Physical Education, Social work, Health Administration with overall grades of\r\n  merit plus three (3) 'O' Level credit passes\/TC II merit which should include\r\n  English Language.<\/span><\/p>\r\n  <p><span><o>&nbsp;<\/o:p><\/span><\/p>\r\n  <p><span>(iv) NCE in\r\n  Biology, Health Education, and Integrated Science with a pass grade plus two\r\n  (2) 'O' Level credit passes\/TC II merit passes.<\/span><\/p>\r\n  <p><span><o>&nbsp;<\/o:p><\/span><\/p>\r\n  <p><span>(v)&nbsp;&nbsp;&nbsp; Registered Nurse plus five (5) 'O' Level credit\r\n  passes to include English Language.<\/span><\/p>\r\n  <\/td>\r\n <\/tr>\r\n<\/tbody><\/table>\r\n\r\n<\/div>","utme_requirements":"<div>\r\n\r\n<table>\r\n <tbody><tr>\r\n  <td>\r\n  <p><span>i) Five (5) SSC\r\n  credit passes\/TC II merit passes including&nbsp;&nbsp;&nbsp;&nbsp;\r\n  English Language, Biology or its equivalent.<\/span><\/p>\r\n  <p><span>&nbsp;<\/span><\/p>\r\n  <p><span>ii) Five (5) SSC\r\n  credit passes\/TC II merit passes to include English Language and Mathematics.<\/span><\/p>\r\n  <p><span>&nbsp;<\/span><\/p>\r\n  <\/td>\r\n <\/tr>\r\n<\/tbody><\/table>\r\n\r\n<\/div>","subjects":"Biology and any two (2) relevant subjects.\r\n\r\n","institutions_list":"BENIN"},{"id":"3703","title":"PHYSICS","de_requirements":"<p><span>NCE\/Two (2) 'A' Level passes in Physics and Mathematics or Chemistry.<\/span><\/p>","utme_requirements":"<p><span>Five (5) SSC credit passes in English Language, Physics, Chemistry,\r\nMathematics and any other Science subject from Further Mathematics and Biology\r\nor Agricultural Science.<\/span><\/p>","subjects":"Physics, Mathematics and Chemistry or Biology.","institutions_list":"BENIN"},{"id":"3707","title":"PHYSICS \/ INDUSTRIAL PHYSICS","de_requirements":"<p><span>NCE\/Two (2) 'A' Level passes in Physics and Mathematics or Chemistry.<\/span><\/p>","utme_requirements":"<p><span>Five (5) SSC credit passes in English Language, Physics, Chemistry,\r\nMathematics and any other Science subject from Further Mathematics and Biology\r\nor Agricultural Science.<\/span><\/p>","subjects":"Physics, Mathematics and Chemistry or Biology.","institutions_list":"BENIN"},{"id":"3692","title":"PHYSIOLOGY","de_requirements":"<p><span>Two\r\n(2) 'A' Level passes chosen from Chemistry, Physics and Biology\/Zoology.<\/span><\/p>","utme_requirements":"<p><span>Five (5) SSC credit passes in English Language,\r\nMaths, Physics, Chemistry and Biology.<\/span><br><\/p>","subjects":"Physics, Chemistry and Biology","institutions_list":"BENIN"},{"id":"3693","title":"PHYSIOTHERAPY","de_requirements":"<p><span>Two (2) \u2018A\u2019 Level passes\r\nchosen from Physics, Chemistry and Biology.<\/span><\/p>","utme_requirements":"<p><span>Five (5) SSC credit passes\r\nin English Language, Maths, Biology, Physics and Chemistry.<\/span><\/p>","subjects":"Physics, Chemistry and Biology.","institutions_list":"BENIN"},{"id":"3729","title":"PLANT BIOLOGY & BIOTECHNOLOGY","de_requirements":"<p><span>Two\r\n(2) 'A' Level passes in Biology\/Botany\/Zoology and Chemistry or Physics.<\/span><\/p>","utme_requirements":"<p><span>Five\r\n(5) SSC Credit passes in English Language, Mathematics, Biology, Chemistry and\r\nPhysics.<\/span><\/p>","subjects":"Biology, Chemistry and any other Science subject.","institutions_list":"BENIN"},{"id":"3728","title":"PLANT SCIENCE AND BIOTECHNOLOGY","de_requirements":"<p><span>Two\r\n(2) 'A' Level passes in Biology\/Botany\/Zoology and Chemistry or Physics.<\/span><\/p>","utme_requirements":"<p><span>Five\r\n(5) SSC Credit passes in English Language, Mathematics, Biology, Chemistry and\r\nPhysics.<\/span><\/p>","subjects":"Biology, Chemistry and any other Science subject.","institutions_list":"BENIN"},{"id":"3754","title":"POLITICAL SCIENCE & PUBLIC ADMINISTRATION","de_requirements":"<p><span>Two (2) 'A' Level passes in Government and one other Social Science subject<\/span><span><\/span><\/p>","utme_requirements":"<p><span>Five (5) SSC credit passes &nbsp;including English Language Government or History and at least a pass in Mathematics<\/span><span><\/span><\/p>","subjects":"Three (3) Arts or Social Science subjects","institutions_list":"BENIN"},{"id":"3768","title":"PRODUCTION ENGINEERING","de_requirements":"<p><span>As in\r\nChemical Engineering.<\/span><\/p>","utme_requirements":"<p><span>As in\r\nChemical Engineering.<\/span><\/p>","subjects":"As in Chemical Engineering.","institutions_list":"BENIN"},{"id":"3668","title":"PUBLIC ADMINISTRATION","de_requirements":"<p>\r\n\r\n<\/p><div>\r\n\r\n<table>\r\n <tbody><tr>\r\n  <td>\r\n  <p><span>Two\r\n  (2)'A' Level passes including Economics.<\/span><\/p>\r\n  <\/td>\r\n <\/tr>\r\n<\/tbody><\/table>\r\n\r\n<\/div>\r\n\r\n","utme_requirements":"<p>\r\n\r\n<\/p><div>\r\n\r\n<table>\r\n <tbody><tr>\r\n  <td>\r\n  <p><span>Five\r\n  (5) SSC credit passes including English Language, Mathematics, Economics and\r\n  two (2) other relevant subjects.<\/span><\/p>\r\n  <\/td>\r\n <\/tr>\r\n<\/tbody><\/table>\r\n\r\n<\/div>\r\n\r\n","subjects":"Mathematics, Economics and any other Social Science subject","institutions_list":"BENIN"},{"id":"3746","title":"PURE & APPLIED MATHEMATICS","de_requirements":"<p><span>i)\r\nTwo (2) 'A' Level passes in Mathematics and any other Science subject.<\/span><\/p><p><span><o>&nbsp;<\/o:p><\/span><\/p><p>\r\n\r\n\r\n\r\n<\/p><p><span>(ii) NCE merit\/HND \/ND upper credit &nbsp;in Mathematics.<\/span><\/p>","utme_requirements":"<p><span>Five (5) SSC credit passes including English Language, Physics,\r\nMathematics, Chemistry and Biology\/Agricultural Science or&nbsp; Geography.<\/span><\/p>","subjects":"Mathematics, Physics and Biology or Agricultural Science or Chemistry or Geography.","institutions_list":"BENIN"},{"id":"3763","title":"QUANTITY SURVEYING","de_requirements":"<p><span>(i)<span>&nbsp;&nbsp;&nbsp;&nbsp;&nbsp;&nbsp;\r\n<\/span><\/span><span>Two (2) 'A' Level\r\npasses chosen from Mathematics or Physics and Chemistry, Geography or Fine\r\nArts.<\/span><\/p><p>\r\n\r\n<span>ND\/HND\r\nupper credits in relevant field.<\/span><br><\/p>","utme_requirements":"<table>\r\n <tbody><tr>\r\n  <td>\r\n  <p><span>Five (5) SSC credit passes in English\r\n  Language, Mathematics, Physics, Chemistry and any of Fine Art, Geography or\r\n  Wood Work, Biology, Economics, Technical Drawing, Further. Mathematics.,\r\n  Introduction to Building Construction, Bricklaying\/Block laying, Concreting,\r\n  Wall, Floors and Ceiling Finishing, Joinery, Carpentary, Decorative Painting,\r\n  Lining, Sign and Design, Wall Hanging, Colour Mixing\/Matching and Glazing,\r\n  Ceramics, Graphics Design, Graphic Printing, Basic Electricity.<\/span><\/p>\r\n  <p><span>&nbsp;<\/span><\/p>\r\n  <\/td>\r\n <\/tr>\r\n<\/tbody><\/table>","subjects":"Physics, Mathematics, and any of Chemistry, Geography, Art, Biology and Economics.","institutions_list":"BENIN"},{"id":"3694","title":"RADIOGRAPHY","de_requirements":"<p><span>(i)&nbsp;&nbsp;&nbsp;&nbsp; Two (2) 'A' Level passes chosen from Physics, Chemistry and\r\nBiology.<\/span><\/p>","utme_requirements":"<p><span>Five (5) SSC credit passes in English Language, Mathematics,\r\nBiology, Physics and Chemistry.<\/span><\/p>","subjects":"Physics, Chemistry and Biology.","institutions_list":"BENIN"},{"id":"3737","title":"RELIGIOUS STUDIES","de_requirements":"<p><span>Two (2) \u2018A\u2019 Level subjects to include Religious Studies\r\n(CRS\/IRS).<\/span><\/p>","utme_requirements":"<p><span>Five (5) SSC credit passes to include English Language and\r\nCRS\/IRS.<\/span><\/p>","subjects":"CRS\/IRS and any other two (2) subjects.","institutions_list":"BENIN"},{"id":"3744","title":"SCIENCE LABORATORY TECHNOLOGY","de_requirements":"<p><span>Two (2) 'A' Level passes in Chemistry and any one (1) from Biology,\r\nZoology or Botany.<\/span><\/p>","utme_requirements":"<p><span>Five (5) SSC credit passes in English Language, Mathematics, Chemistry,\r\nBiology and Physics.<\/span><\/p>","subjects":"Biology, Chemistry and either Physics or Mathematics.","institutions_list":"BENIN"},{"id":"3684","title":"SECRETARIAL ADMINISTRATION AND EDUCATION","de_requirements":"<div>\r\n\r\n<table>\r\n <tbody><tr>\r\n  <td>\r\n  <p><span>(i)&nbsp; NCE Business Education Social Studies Secretarial\r\n  Education Major.<\/span><\/p>\r\n  <p><span>(ii)&nbsp; Two (2) \u2018A\u2019 Level passes in Business Method\r\n  and any other Social Science subject and 'O' Level pass in Mathematics.<\/span><\/p>\r\n  <\/td>\r\n <\/tr>\r\n<\/tbody><\/table>\r\n\r\n<\/div>","utme_requirements":"<div>\r\n\r\n<table>\r\n <tbody><tr>\r\n  <td>\r\n  <p><span>Five (5) SSC credit\r\n  to include English Language, Economics and any two(2) of Government, Geography\/Physics,\r\n  Accounting, Business Methods, History, Shorthand, Mathematics, Commerce,\r\n  Principles of Accounts, Office Practice AND Secretarial Duties.<\/span><\/p>\r\n  <\/td>\r\n <\/tr>\r\n<\/tbody><\/table>\r\n\r\n<\/div>","subjects":"Economics and any two (2) Social Science subjects.","institutions_list":"BENIN"},{"id":"3681","title":"SECRETARIAL EDUCATION:","de_requirements":"<div>\r\n\r\n<table>\r\n <tbody><tr>\r\n  <td>\r\n  <p><span>(i)&nbsp; NCE Business Education Social Studies Secretarial\r\n  Education Major.<\/span><\/p>\r\n  <p><span>(ii)&nbsp; Two (2) \u2018A\u2019 Level passes in Business Method\r\n  and any other Social Science subject and 'O' Level pass in Mathematics.<\/span><\/p>\r\n  <\/td>\r\n <\/tr>\r\n<\/tbody><\/table>\r\n\r\n<\/div>","utme_requirements":"<div>\r\n\r\n<table>\r\n <tbody><tr>\r\n  <td>\r\n  <p><span>Five (5) SSC credit\r\n  to include English Language, Economics and any two(2) of Government, Geography\/Physics,\r\n  Accounting, Business Methods, History, Shorthand, Mathematics, Commerce,\r\n  Principles of Accounts, Office Practice AND Secretarial Duties.<\/span><\/p>\r\n  <\/td>\r\n <\/tr>\r\n<\/tbody><\/table>\r\n\r\n<\/div>","subjects":"Economics and any two (2) Social Science subjects.","institutions_list":"BENIN"},{"id":"3755","title":"SOCIAL WORK","de_requirements":"<p><span>Two (2) 'A' Level passes in any subjects<\/span><\/p>","utme_requirements":"<p><span>Five (5) SSC credits including English Language and Mathematics.<\/span><span><\/span><\/p>","subjects":"Mathematics, Economics\/Geography and any other subject","institutions_list":"BENIN"},{"id":"3756","title":"SOCIOLOGY & ANTHROPOLOGY","de_requirements":"<p><span>Two (2) 'A' Level passes including Government or History.<\/span><span><\/span><\/p>","utme_requirements":"<p><span>Five (5) SSC credit passes in Government or History, English Language and three (3) other subjects. &nbsp;A pass in Mathematics is required.<\/span><span><\/span><\/p>","subjects":"Three (3) Social Science or Arts Subjects.","institutions_list":"BENIN"},{"id":"3732","title":"SOIL SCIENCE","de_requirements":"<p><span>Two (2) \u2018A\u2019 Level passes in Chemistry and\r\none of Zoology\/Botany\/Agric Science\/Biology, Geography, Mathematics, Physics,\r\nGeology, Economics and Health Science.<\/span><\/p><p>\r\n\r\n<\/p><p><span>&nbsp;<\/span><\/p>","utme_requirements":"<p><span>Five (5) SSC credit passes in English Language\r\nMathematics, Chemistry, Biology\/Agricultural Science and any other Science\r\nsubject.<\/span><\/p><p><span>&nbsp;<\/span><\/p><p>\r\n\r\n\r\n\r\n<\/p><p><span>&nbsp;<\/span><\/p>","subjects":"Chemistry, Biology or Agricultural Science plus Mathematics or Physics.","institutions_list":"BENIN"},{"id":"3780","title":"SPECIAL EDUCATION","de_requirements":"<div>\r\n\r\n<table>\r\n <tbody><tr>\r\n  <td>\r\n  <p><span>(i) Two (2) 'A'\r\n  Level passes in Arts or Social Science subjects.<b><\/b><\/span><\/p>\r\n  <p><span>(ii) NCE merit\r\n  in Arts or Social Science subjects.<b><\/b><\/span><\/p>\r\n  <\/td>\r\n <\/tr>\r\n<\/tbody><\/table>\r\n\r\n<\/div>","utme_requirements":"<div>\r\n\r\n<table>\r\n <tbody><tr>\r\n  <td>\r\n  <p><span>Five (5) 'O'\r\n  Level credit passes including English Language.<b><\/b><\/span><\/p>\r\n  <\/td>\r\n <\/tr>\r\n<\/tbody><\/table>\r\n\r\n<\/div>","subjects":"Any three (3) Subjects","institutions_list":"BENIN"},{"id":"3725","title":"STATISTICS","de_requirements":"<p><span>Two (2) 'A' Level passes to include Mathematics or Statistics.<\/span><\/p><p>\r\n\r\n<\/p><p><span>NCE credit in relevant subjects.<\/span><\/p>","utme_requirements":"<p><span>Five (5) SSC credit passes to include English Language, Mathematics and\r\nat least three (3) subjects from Physics, Statistics, Chemistry, Further Mathematics,\r\nEconomics and Geography.<\/span><\/p>","subjects":"Mathematics and any two (2) of Physics, Chemistry and Economics.","institutions_list":"BENIN"},{"id":"3766","title":"STRUCTURAL ENGINEERING","de_requirements":"<p><span>(i)<span>&nbsp;&nbsp;&nbsp;&nbsp;&nbsp; <\/span><\/span><span>'A'\r\nLevel passes in Physics and Mathematics.<\/span><\/p><p>\r\n\r\n<\/p><p><span>(ii)<span>&nbsp;&nbsp;&nbsp;&nbsp; <\/span><\/span><span>ND\/HND\r\nupper credit at appropriate levels.<\/span><\/p>","utme_requirements":"<p><span>Five (5) SSC credit passes to include Physics, Chemistry, Mathematics,\r\nEnglish Language and one Science subject<\/span><\/p>","subjects":"Physics, Chemistry and Mathematics","institutions_list":"BENIN"},{"id":"3764","title":"SURVEYING & GEOINFORMATICS","de_requirements":"<p><span>(i)<span>&nbsp;&nbsp;&nbsp;&nbsp;&nbsp;&nbsp;\r\n<\/span><\/span><span>Two (2) 'A' Level\r\npasses chosen from Mathematics or Physics and Chemistry, Geography or Fine\r\nArts.<\/span><\/p><p>\r\n\r\n<span>ND\/HND\r\nupper credits in relevant field.<\/span><br><\/p>","utme_requirements":"<table>\r\n <tbody><tr>\r\n  <td>\r\n  <p><span>Five (5) SSC credit passes in English\r\n  Language, Mathematics, Physics, Chemistry and any of Fine Art, Geography or\r\n  Wood Work, Biology, Economics, Technical Drawing, Further. Mathematics.,\r\n  Introduction to Building Construction, Bricklaying\/Block laying, Concreting,\r\n  Wall, Floors and Ceiling Finishing, Joinery, Carpentary, Decorative Painting,\r\n  Lining, Sign and Design, Wall Hanging, Colour Mixing\/Matching and Glazing,\r\n  Ceramics, Graphics Design, Graphic Printing, Basic Electricity.<\/span><\/p>\r\n  <p><span>&nbsp;<\/span><\/p>\r\n  <\/td>\r\n <\/tr>\r\n<\/tbody><\/table>","subjects":"Physics, Mathematics, and any of Chemistry, Geography, Art, Biology and Economics.","institutions_list":"BENIN"},{"id":"3678","title":"TAXATION","de_requirements":"<p>\r\n\r\n<\/p><div>\r\n\r\n<table>\r\n <tbody><tr>\r\n  <td>\r\n  <p><span>(i)\r\n  Two (2)'A' Level passes in Accounting or Economics and one other subject.<\/span><\/p>\r\n  <p><span>(ii)\r\n  NCE merit in relevant subjects.<\/span><\/p>\r\n  <p><span>(iii)\r\n  ND credit.<\/span><\/p>\r\n  <\/td>\r\n <\/tr>\r\n<\/tbody><\/table>\r\n\r\n<\/div>\r\n\r\n<span>(iv)\r\nFoundation International exam such as ICAN, ACCA, ICMA, GPFA.<\/span>","utme_requirements":"<p>\r\n\r\n<\/p><div>\r\n\r\n<table>\r\n <tbody><tr>\r\n  <td>\r\n  <p><span>Five\r\n  (5)SSC credit passes including<\/span><\/p>\r\n  <\/td>\r\n <\/tr>\r\n<\/tbody><\/table>\r\n\r\n<\/div>\r\n\r\n<span>English\r\nLanguage, Mathematics, Economics and two (2) other relevant subjects.<\/span>","subjects":"Mathematics, one Social Science subject and any other subject","institutions_list":"BENIN"},{"id":"3733","title":"TECHNICAL EDUCATION","de_requirements":"<div>\r\n\r\n<table>\r\n <tbody><tr>\r\n  <td>\r\n  <p><span>(i)&nbsp;&nbsp;&nbsp;&nbsp; NCE merit in two (2) relevant Science\r\n  subjects plus the UTME requirements.<\/span><\/p>\r\n  <p><span><o>&nbsp;<\/o:p><\/span><\/p>\r\n  <p><span>(ii)&nbsp;&nbsp;&nbsp; Two 'A' Level passes in Physics,\r\n  Mathematics and Chemistry.<\/span><\/p>\r\n  <\/td>\r\n <\/tr>\r\n<\/tbody><\/table>\r\n\r\n<\/div>","utme_requirements":"<div>\r\n\r\n<table>\r\n <tbody><tr>\r\n  <td>\r\n  <p><span>Five (5) 'O'\r\n  Level credit passes in relevant subjects which must include English Language\r\n  and Mathematics or NTC\/NBC.<\/span><\/p>\r\n  <\/td>\r\n <\/tr>\r\n<\/tbody><\/table>\r\n\r\n<\/div>","subjects":"Physics, Mathematics, Chemistry.","institutions_list":"BENIN"},{"id":"3704","title":"THEATRE ARTS","de_requirements":"<p><span>Two\r\n(2) \u2018A\u2019 Level passes in Arts, Social Sciences or Science subjects.<\/span><\/p>","utme_requirements":"<p><span>Five\r\n(5) SSC credit passes to include English Language and Arts subjects.<\/span><\/p>","subjects":"Literature in English and two (2) other relevant subjects.","institutions_list":"BENIN"},{"id":"3696","title":"VETERINARY MEDICINE","de_requirements":"<p><span>A'\r\nlevel passes in Chemistry, Biology\/Zoology, Physics or Mathematics.<\/span><\/p>","utme_requirements":"<p><span>Five\r\n(5) O' level credit passes to include English Language, Biology, Physics,\r\nChemistry and Mathematics.<\/span><\/p>","subjects":"Physics, Chemistry           and Biology.","institutions_list":"BENIN"},{"id":"3731","title":"ZOOLOGY","de_requirements":"<p><span>Two (2) 'A' Level passes or NCE in Biology, Zoology or Botany and one\r\nother Science subject<\/span><\/p>","utme_requirements":"<p><span>Five (5) SSC credit passes in English Language, Mathematics, Biology and\r\ntwo (2) other Science subject.<\/span><\/p>","subjects":"Biology and any two (2) of Physics, Chemistry and Mathematics.","institutions_list":"BENIN"}]