[{"id":"26682","title":"ACCOUNTING","de_requirements":"","utme_requirements":"","subjects":"","institutions_list":"AL-ANSAR"},{"id":"26683","title":"ARABIC","de_requirements":"","utme_requirements":"","subjects":"","institutions_list":"AL-ANSAR"},{"id":"26675","title":"BIOCHEMISTRY","de_requirements":"","utme_requirements":"","subjects":"","institutions_list":"AL-ANSAR"},{"id":"26674","title":"BIOTECHNOLOGY","de_requirements":"","utme_requirements":"","subjects":"","institutions_list":"AL-ANSAR"},{"id":"26677","title":"COMPUTER SCIENCE","de_requirements":"","utme_requirements":"","subjects":"","institutions_list":"AL-ANSAR"},{"id":"26690","title":"CRIMINOLOGY AND SECURITY STUDIES","de_requirements":"","utme_requirements":"","subjects":"","institutions_list":"AL-ANSAR"},{"id":"26678","title":"CYBER SECURITY","de_requirements":"","utme_requirements":"","subjects":"","institutions_list":"AL-ANSAR"},{"id":"29242","title":"DATA SCIENCE","de_requirements":"","utme_requirements":"","subjects":"","institutions_list":"AL-ANSAR"},{"id":"26687","title":"ECONOMICS","de_requirements":"","utme_requirements":"","subjects":"","institutions_list":"AL-ANSAR"},{"id":"29241","title":"ENGLISH LANGUAGE AND LITERARY STUDIES","de_requirements":"","utme_requirements":"","subjects":"","institutions_list":"AL-ANSAR"},{"id":"26685","title":"ENTREPRENEURSHIP","de_requirements":"","utme_requirements":"","subjects":"","institutions_list":"AL-ANSAR"},{"id":"26672","title":"HUMAN ANATOMY","de_requirements":"","utme_requirements":"","subjects":"","institutions_list":"AL-ANSAR"},{"id":"26673","title":"HUMAN PHYSIOLOGY","de_requirements":"","utme_requirements":"","subjects":"","institutions_list":"AL-ANSAR"},{"id":"29244","title":"HUMAN RESOURCE MANAGEMENT","de_requirements":"","utme_requirements":"","subjects":"","institutions_list":"AL-ANSAR"},{"id":"26680","title":"INDUSTRIAL MATHEMATICS","de_requirements":"","utme_requirements":"","subjects":"","institutions_list":"AL-ANSAR"},{"id":"29243","title":"INFORMATION TECHNOLOGY","de_requirements":"","utme_requirements":"","subjects":"","institutions_list":"AL-ANSAR"},{"id":"26684","title":"ISLAMIC STUDIES","de_requirements":"","utme_requirements":"","subjects":"","institutions_list":"AL-ANSAR"},{"id":"29240","title":"LAW","de_requirements":"","utme_requirements":"","subjects":"","institutions_list":"AL-ANSAR"},{"id":"26688","title":"MASS COMMUNICATION","de_requirements":"","utme_requirements":"","subjects":"","institutions_list":"AL-ANSAR"},{"id":"26671","title":"MEDICAL LABORATORY SCIENCE","de_requirements":"","utme_requirements":"","subjects":"","institutions_list":"AL-ANSAR"},{"id":"29238","title":"MEDICINE & SURGERY","de_requirements":"","utme_requirements":"","subjects":"","institutions_list":"AL-ANSAR"},{"id":"29239","title":"MICROBIOLOGY","de_requirements":"","utme_requirements":"","subjects":"","institutions_list":"AL-ANSAR"},{"id":"26669","title":"NURSING SCIENCE","de_requirements":"","utme_requirements":"","subjects":"","institutions_list":"AL-ANSAR"},{"id":"26689","title":"PEACE STUDIES AND CONFLICT RESOLUTION","de_requirements":"","utme_requirements":"","subjects":"","institutions_list":"AL-ANSAR"},{"id":"26676","title":"PETROLEUM CHEMISTRY","de_requirements":"","utme_requirements":"","subjects":"","institutions_list":"AL-ANSAR"},{"id":"26681","title":"PHYSICS WITH ELECTRONICS","de_requirements":"","utme_requirements":"","subjects":"","institutions_list":"AL-ANSAR"},{"id":"26686","title":"PROCUREMENT MANAGEMENT","de_requirements":"","utme_requirements":"","subjects":"","institutions_list":"AL-ANSAR"},{"id":"26670","title":"PUBLIC HEALTH","de_requirements":"","utme_requirements":"","subjects":"","institutions_list":"AL-ANSAR"},{"id":"26679","title":"SOFTWARE ENGINEERING","de_requirements":"","utme_requirements":"","subjects":"","institutions_list":"AL-ANSAR"}]