[{"id":"26808","title":"ACCOUNTING","de_requirements":"","utme_requirements":"","subjects":"","institutions_list":"BAUK"},{"id":"26807","title":"BIOCHEMISTRY","de_requirements":"","utme_requirements":"","subjects":"","institutions_list":"BAUK"},{"id":"26805","title":"BIOLOGY","de_requirements":"","utme_requirements":"","subjects":"","institutions_list":"BAUK"},{"id":"26809","title":"BUSINESS ADMINISTRATION","de_requirements":"","utme_requirements":"","subjects":"","institutions_list":"BAUK"},{"id":"26804","title":"CHEMISTRY","de_requirements":"","utme_requirements":"","subjects":"","institutions_list":"BAUK"},{"id":"26802","title":"COMPUTER SCIENCE","de_requirements":"","utme_requirements":"","subjects":"","institutions_list":"BAUK"},{"id":"26811","title":"ECONOMICS","de_requirements":"","utme_requirements":"","subjects":"","institutions_list":"BAUK"},{"id":"26810","title":"ENTREPRENEURSHIP","de_requirements":"","utme_requirements":"","subjects":"","institutions_list":"BAUK"},{"id":"26814","title":"INTERNATIONAL RELATION","de_requirements":"","utme_requirements":"","subjects":"","institutions_list":"BAUK"},{"id":"26806","title":"PHYSICS WITH ELECTRONICS","de_requirements":"","utme_requirements":"","subjects":"","institutions_list":"BAUK"},{"id":"26815","title":"POLITICAL SCIENCE","de_requirements":"","utme_requirements":"","subjects":"","institutions_list":"BAUK"},{"id":"26812","title":"PUBLIC ADMINISTRATION","de_requirements":"","utme_requirements":"","subjects":"","institutions_list":"BAUK"},{"id":"26813","title":"SOCIOLOGY","de_requirements":"","utme_requirements":"","subjects":"","institutions_list":"BAUK"},{"id":"26803","title":"SOFTWARE ENGINEERING","de_requirements":"","utme_requirements":"","subjects":"","institutions_list":"BAUK"}]