[{"id":"26006","title":"ACCOUNTING","de_requirements":"","utme_requirements":"","subjects":"","institutions_list":"NUS"},{"id":"26007","title":"BANKING & FINANCE","de_requirements":"","utme_requirements":"","subjects":"","institutions_list":"NUS"},{"id":"25996","title":"BIOLOGY","de_requirements":"","utme_requirements":"","subjects":"","institutions_list":"NUS"},{"id":"26008","title":"BUSINESS ADMINISTRATION","de_requirements":"","utme_requirements":"","subjects":"","institutions_list":"NUS"},{"id":"25998","title":"COMPUTER SCIENCE","de_requirements":"","utme_requirements":"","subjects":"","institutions_list":"NUS"},{"id":"25997","title":"CYBER SECURITY","de_requirements":"","utme_requirements":"","subjects":"","institutions_list":"NUS"},{"id":"26009","title":"ECONOMICS","de_requirements":"","utme_requirements":"","subjects":"","institutions_list":"NUS"},{"id":"26003","title":"EDUCATIONAL TECHNOLOGY","de_requirements":"","utme_requirements":"","subjects":"","institutions_list":"NUS"},{"id":"26002","title":"INDUSTRIAL MATHEMATICS","de_requirements":"","utme_requirements":"","subjects":"","institutions_list":"NUS"},{"id":"26000","title":"INFORMATION TECHNOLOGY","de_requirements":"","utme_requirements":"","subjects":"","institutions_list":"NUS"},{"id":"26004","title":"LIBRARY & INFORMATION SCIENCE","de_requirements":"","utme_requirements":"","subjects":"","institutions_list":"NUS"},{"id":"26001","title":"PHYSICS WITH ELECTRONICS","de_requirements":"","utme_requirements":"","subjects":"","institutions_list":"NUS"},{"id":"26010","title":"PUBLIC ADMINISTRATION","de_requirements":"","utme_requirements":"","subjects":"","institutions_list":"NUS"},{"id":"25999","title":"SOFTWARE ENGINEERING","de_requirements":"","utme_requirements":"","subjects":"","institutions_list":"NUS"},{"id":"26005","title":"SPECIAL EDUCATION","de_requirements":"","utme_requirements":"","subjects":"","institutions_list":"NUS"}]