[{"id":"26824","title":"ACCOUNTING","de_requirements":"","utme_requirements":"","subjects":"","institutions_list":"MLU"},{"id":"26820","title":"ARCHITECTURE","de_requirements":"","utme_requirements":"","subjects":"","institutions_list":"MLU"},{"id":"26825","title":"BANKING & FINANCE","de_requirements":"","utme_requirements":"","subjects":"","institutions_list":"MLU"},{"id":"26827","title":"BUSINESS ADMINISTRATION","de_requirements":"","utme_requirements":"","subjects":"","institutions_list":"MLU"},{"id":"26816","title":"COMPUTER SCIENCE","de_requirements":"","utme_requirements":"","subjects":"","institutions_list":"MLU"},{"id":"26817","title":"CYBER SECURITY","de_requirements":"","utme_requirements":"","subjects":"","institutions_list":"MLU"},{"id":"26828","title":"ECONOMICS","de_requirements":"","utme_requirements":"","subjects":"","institutions_list":"MLU"},{"id":"26821","title":"ESTATE MANAGEMENT","de_requirements":"","utme_requirements":"","subjects":"","institutions_list":"MLU"},{"id":"26818","title":"INFORMATION TECHNOLOGY","de_requirements":"","utme_requirements":"","subjects":"","institutions_list":"MLU"},{"id":"26830","title":"INTERNATIONAL RELATIONS","de_requirements":"","utme_requirements":"","subjects":"","institutions_list":"MLU"},{"id":"26836","title":"LAW","de_requirements":"","utme_requirements":"","subjects":"","institutions_list":"MLU"},{"id":"26829","title":"MASS COMMUNICATION","de_requirements":"","utme_requirements":"","subjects":"","institutions_list":"MLU"},{"id":"26833","title":"MEDICAL LABORATORY SCIENCE","de_requirements":"","utme_requirements":"","subjects":"","institutions_list":"MLU"},{"id":"27947","title":"MEDICINE AND SURGERY","de_requirements":"","utme_requirements":"","subjects":"","institutions_list":"MLU"},{"id":"26834","title":"NURSING SCIENCE","de_requirements":"","utme_requirements":"","subjects":"","institutions_list":"MLU"},{"id":"27948","title":"OPTOMETRY","de_requirements":"","utme_requirements":"","subjects":"","institutions_list":"MLU"},{"id":"26835","title":"PHYSIOTHERAPY","de_requirements":"","utme_requirements":"","subjects":"","institutions_list":"MLU"},{"id":"26831","title":"PUBLIC ADMINISTRATION","de_requirements":"","utme_requirements":"","subjects":"","institutions_list":"MLU"},{"id":"27949","title":"RADIOGRAPHY","de_requirements":"","utme_requirements":"","subjects":"","institutions_list":"MLU"},{"id":"26832","title":"SOCIOLOGY","de_requirements":"","utme_requirements":"","subjects":"","institutions_list":"MLU"},{"id":"26819","title":"SOFTWARE ENGINEERING","de_requirements":"","utme_requirements":"","subjects":"","institutions_list":"MLU"},{"id":"26822","title":"SURVEYING & GEO-INFORMATICS","de_requirements":"","utme_requirements":"","subjects":"","institutions_list":"MLU"},{"id":"26826","title":"TAXATION","de_requirements":"","utme_requirements":"","subjects":"","institutions_list":"MLU"},{"id":"26823","title":"URBAN & REGIONAL PLANNING","de_requirements":"","utme_requirements":"","subjects":"","institutions_list":"MLU"}]