[{"id":"26927","title":"ACCOUNTING","de_requirements":"","utme_requirements":"","subjects":"","institutions_list":"PETER-UNI"},{"id":"26911","title":"BIOCHEMISTRY","de_requirements":"","utme_requirements":"","subjects":"","institutions_list":"PETER-UNI"},{"id":"26909","title":"BIOTECHNOLOGY","de_requirements":"","utme_requirements":"","subjects":"","institutions_list":"PETER-UNI"},{"id":"26926","title":"BUSINESS ADMINISTRATION ","de_requirements":"","utme_requirements":"","subjects":"","institutions_list":"PETER-UNI"},{"id":"26914","title":"COMPUTER SCIENCE","de_requirements":"","utme_requirements":"","subjects":"","institutions_list":"PETER-UNI"},{"id":"26921","title":"CRIMINOLOGY AND SECURITY STUDIES","de_requirements":"","utme_requirements":"","subjects":"","institutions_list":"PETER-UNI"},{"id":"26916","title":"CYBER SECURITY","de_requirements":"","utme_requirements":"","subjects":"","institutions_list":"PETER-UNI"},{"id":"26924","title":"ECONOMICS","de_requirements":"","utme_requirements":"","subjects":"","institutions_list":"PETER-UNI"},{"id":"26920","title":"FORENSIC SCIENCE","de_requirements":"","utme_requirements":"","subjects":"","institutions_list":"PETER-UNI"},{"id":"26912","title":"INDUSTRIAL CHEMISTRY","de_requirements":"","utme_requirements":"","subjects":"","institutions_list":"PETER-UNI"},{"id":"26918","title":"INFORMATION SYSTEMS","de_requirements":"","utme_requirements":"","subjects":"","institutions_list":"PETER-UNI"},{"id":"26915","title":"INFORMATION TECHNOLOGY","de_requirements":"","utme_requirements":"","subjects":"","institutions_list":"PETER-UNI"},{"id":"26922","title":"INTERNATIONAL RELATIONS AND DIPLOMACY","de_requirements":"","utme_requirements":"","subjects":"","institutions_list":"PETER-UNI"},{"id":"28645","title":"LAW","de_requirements":"","utme_requirements":"","subjects":"","institutions_list":"PETER-UNI"},{"id":"26925","title":"MASS COMMUNICATION","de_requirements":"","utme_requirements":"","subjects":"","institutions_list":"PETER-UNI"},{"id":"28643","title":"MATHEMATICS","de_requirements":"","utme_requirements":"","subjects":"","institutions_list":"PETER-UNI"},{"id":"26913","title":"MATHEMATICS & STATISTICS","de_requirements":"","utme_requirements":"","subjects":"","institutions_list":"PETER-UNI"},{"id":"26910","title":"MICROBIOLOGY","de_requirements":"","utme_requirements":"","subjects":"","institutions_list":"PETER-UNI"},{"id":"26928","title":"NURSING SCIENCE","de_requirements":"","utme_requirements":"","subjects":"","institutions_list":"PETER-UNI"},{"id":"26923","title":"PEACE STUDIES AND CONFLICT RESOLUTION","de_requirements":"","utme_requirements":"","subjects":"","institutions_list":"PETER-UNI"},{"id":"26919","title":"PHYSICS WITH ELECTRONICS","de_requirements":"","utme_requirements":"","subjects":"","institutions_list":"PETER-UNI"},{"id":"28642","title":"POLITICAL SCIENCE","de_requirements":"","utme_requirements":"","subjects":"","institutions_list":"PETER-UNI"},{"id":"26929","title":"PUBLIC HEALTH","de_requirements":"","utme_requirements":"","subjects":"","institutions_list":"PETER-UNI"},{"id":"26917","title":"SOFTWARE ENGINEERING","de_requirements":"","utme_requirements":"","subjects":"","institutions_list":"PETER-UNI"},{"id":"28644","title":"STATISTICS","de_requirements":"","utme_requirements":"","subjects":"","institutions_list":"PETER-UNI"}]