[{"id":"26841","title":"ACCOUNTING","de_requirements":"","utme_requirements":"","subjects":"","institutions_list":"NEWGATE"},{"id":"26842","title":"BANKING & FINANCE","de_requirements":"","utme_requirements":"","subjects":"","institutions_list":"NEWGATE"},{"id":"26843","title":"BUSINESS ADMINISTRATION","de_requirements":"","utme_requirements":"","subjects":"","institutions_list":"NEWGATE"},{"id":"26837","title":"COMPUTER SCIENCE","de_requirements":"","utme_requirements":"","subjects":"","institutions_list":"NEWGATE"},{"id":"26838","title":"CYBER SECURITY","de_requirements":"","utme_requirements":"","subjects":"","institutions_list":"NEWGATE"},{"id":"29645","title":"DOCTOR OF PHYSIOTHERAPY","de_requirements":"","utme_requirements":"","subjects":"","institutions_list":"NEWGATE"},{"id":"26845","title":"ECONOMICS","de_requirements":"","utme_requirements":"","subjects":"","institutions_list":"NEWGATE"},{"id":"26848","title":"ENVIRONMENTAL HEALTH SCIENCE","de_requirements":"","utme_requirements":"","subjects":"","institutions_list":"NEWGATE"},{"id":"26844","title":"HUMAN RESOURCES MANAGEMENT","de_requirements":"","utme_requirements":"","subjects":"","institutions_list":"NEWGATE"},{"id":"26839","title":"INFORMATION TECHNOLOGY","de_requirements":"","utme_requirements":"","subjects":"","institutions_list":"NEWGATE"},{"id":"26847","title":"INTERNATIONAL RELATIONS","de_requirements":"","utme_requirements":"","subjects":"","institutions_list":"NEWGATE"},{"id":"29969","title":"LAW","de_requirements":"","utme_requirements":"","subjects":"","institutions_list":"NEWGATE"},{"id":"26846","title":"MASS COMMUNICATION","de_requirements":"","utme_requirements":"","subjects":"","institutions_list":"NEWGATE"},{"id":"26849","title":"MEDICAL LABORATORY SCIENCE","de_requirements":"","utme_requirements":"","subjects":"","institutions_list":"NEWGATE"},{"id":"26850","title":"NURSING SCIENCE","de_requirements":"","utme_requirements":"","subjects":"","institutions_list":"NEWGATE"},{"id":"26851","title":"PUBLIC HEALTH","de_requirements":"","utme_requirements":"","subjects":"","institutions_list":"NEWGATE"},{"id":"26840","title":"SOFTWARE ENGINEERING","de_requirements":"","utme_requirements":"","subjects":"","institutions_list":"NEWGATE"}]