[{"id":"26893","title":"ACCOUNTING","de_requirements":"","utme_requirements":"","subjects":"","institutions_list":"NBU"},{"id":"29154","title":"ACCOUNTING","de_requirements":"","utme_requirements":"","subjects":"","institutions_list":"NBU"},{"id":"29155","title":"BANKING & FINANCE","de_requirements":"","utme_requirements":"","subjects":"","institutions_list":"NBU"},{"id":"26894","title":"BANKING AND FINANCE","de_requirements":"","utme_requirements":"","subjects":"","institutions_list":"NBU"},{"id":"26889","title":"BUSINESS ADMINISTRATION","de_requirements":"","utme_requirements":"","subjects":"","institutions_list":"NBU"},{"id":"29156","title":"BUSINESS ADMINISTRATION","de_requirements":"","utme_requirements":"","subjects":"","institutions_list":"NBU"},{"id":"26884","title":"COMPUTER SCIENCE","de_requirements":"","utme_requirements":"","subjects":"","institutions_list":"NBU"},{"id":"29157","title":"COMPUTER SCIENCE","de_requirements":"","utme_requirements":"","subjects":"","institutions_list":"NBU"},{"id":"26885","title":"CYBER SECURITY","de_requirements":"","utme_requirements":"","subjects":"","institutions_list":"NBU"},{"id":"29158","title":"CYBER SECURITY","de_requirements":"","utme_requirements":"","subjects":"","institutions_list":"NBU"},{"id":"26892","title":"DATA SCIENCE","de_requirements":"","utme_requirements":"","subjects":"","institutions_list":"NBU"},{"id":"26895","title":"ECONOMICS","de_requirements":"","utme_requirements":"","subjects":"","institutions_list":"NBU"},{"id":"29159","title":"ECONOMICS","de_requirements":"","utme_requirements":"","subjects":"","institutions_list":"NBU"},{"id":"29160","title":"ENTREPRENEURSHIP","de_requirements":"","utme_requirements":"","subjects":"","institutions_list":"NBU"},{"id":"26890","title":"ENTREPRENEURSHIP STUDIES","de_requirements":"","utme_requirements":"","subjects":"","institutions_list":"NBU"},{"id":"29161","title":"INFORMATION SYSTEMS","de_requirements":"","utme_requirements":"","subjects":"","institutions_list":"NBU"},{"id":"26888","title":"INFORMATION TECHNOLOGY","de_requirements":"","utme_requirements":"","subjects":"","institutions_list":"NBU"},{"id":"29162","title":"INFORMATION TECHNOLOGY","de_requirements":"","utme_requirements":"","subjects":"","institutions_list":"NBU"},{"id":"26897","title":"INTERNATIONAL RELATIONS AND DIPLOMACY","de_requirements":"","utme_requirements":"","subjects":"","institutions_list":"NBU"},{"id":"26899","title":"LAW","de_requirements":"","utme_requirements":"","subjects":"","institutions_list":"NBU"},{"id":"29163","title":"LAW","de_requirements":"","utme_requirements":"","subjects":"","institutions_list":"NBU"},{"id":"26891","title":"MARKETING ","de_requirements":"","utme_requirements":"","subjects":"","institutions_list":"NBU"},{"id":"29164","title":"MARKETING","de_requirements":"","utme_requirements":"","subjects":"","institutions_list":"NBU"},{"id":"26898","title":"MASS COMMUNICATION","de_requirements":"","utme_requirements":"","subjects":"","institutions_list":"NBU"},{"id":"29165","title":"MASS COMMUNICATION","de_requirements":"","utme_requirements":"","subjects":"","institutions_list":"NBU"},{"id":"29166","title":"PEACE STUDIES & CONFLICT  RESOLUTION","de_requirements":"","utme_requirements":"","subjects":"","institutions_list":"NBU"},{"id":"26896","title":"POLITICAL SCIENCE","de_requirements":"","utme_requirements":"","subjects":"","institutions_list":"NBU"},{"id":"29167","title":"POLITICAL SCIENCE","de_requirements":"","utme_requirements":"","subjects":"","institutions_list":"NBU"},{"id":"26887","title":"PUBLIC ADMINISTRATION","de_requirements":"","utme_requirements":"","subjects":"","institutions_list":"NBU"},{"id":"26886","title":"SOFTWARE ENGINEERING","de_requirements":"","utme_requirements":"","subjects":"","institutions_list":"NBU"},{"id":"29168","title":"SOFTWARE ENGINEERING","de_requirements":"","utme_requirements":"","subjects":"","institutions_list":"NBU"},{"id":"29169","title":"STRATEGIC MANAGEMENT","de_requirements":"","utme_requirements":"","subjects":"","institutions_list":"NBU"}]