[{"id":"26951","title":"ACCOUNTING","de_requirements":"","utme_requirements":"","subjects":"","institutions_list":"EUN"},{"id":"26952","title":"BANKING & FINANCE","de_requirements":"","utme_requirements":"","subjects":"","institutions_list":"EUN"},{"id":"26953","title":"BUSINESS ADMINISTRATION","de_requirements":"","utme_requirements":"","subjects":"","institutions_list":"EUN"},{"id":"26947","title":"COMPUTER SCIENCE","de_requirements":"","utme_requirements":"","subjects":"","institutions_list":"EUN"},{"id":"26948","title":"CYBER SECURITY","de_requirements":"","utme_requirements":"","subjects":"","institutions_list":"EUN"},{"id":"26956","title":"ECONOMICS","de_requirements":"","utme_requirements":"","subjects":"","institutions_list":"EUN"},{"id":"26954","title":"ENTREPRENEURSHIP","de_requirements":"","utme_requirements":"","subjects":"","institutions_list":"EUN"},{"id":"26957","title":"HOTEL & TOURISM MANAGEMENT","de_requirements":"","utme_requirements":"","subjects":"","institutions_list":"EUN"},{"id":"26949","title":"INFORMATION TECHNOLOGY","de_requirements":"","utme_requirements":"","subjects":"","institutions_list":"EUN"},{"id":"26959","title":"INTERNATIONAL RELATIONS","de_requirements":"","utme_requirements":"","subjects":"","institutions_list":"EUN"},{"id":"26964","title":"LAW","de_requirements":"","utme_requirements":"","subjects":"","institutions_list":"EUN"},{"id":"26955","title":"MARKETING","de_requirements":"","utme_requirements":"","subjects":"","institutions_list":"EUN"},{"id":"26960","title":"MEDICAL LABORATORY SCIENCE","de_requirements":"","utme_requirements":"","subjects":"","institutions_list":"EUN"},{"id":"26961","title":"NURSING","de_requirements":"","utme_requirements":"","subjects":"","institutions_list":"EUN"},{"id":"26963","title":"PHARMACY","de_requirements":"","utme_requirements":"","subjects":"","institutions_list":"EUN"},{"id":"26962","title":"PHYSIOTHERAPY","de_requirements":"","utme_requirements":"","subjects":"","institutions_list":"EUN"},{"id":"26958","title":"PUBLIC ADMINISTRATION","de_requirements":"","utme_requirements":"","subjects":"","institutions_list":"EUN"},{"id":"26950","title":"SOFTWARE ENGINEERING","de_requirements":"","utme_requirements":"","subjects":"","institutions_list":"EUN"}]