[{"id":"26875","title":"BIOCHEMISTRY","de_requirements":"","utme_requirements":"","subjects":"","institutions_list":"SAISA"},{"id":"26873","title":"BIOTECHNOLOGY","de_requirements":"","utme_requirements":"","subjects":"","institutions_list":"SAISA"},{"id":"26877","title":"COMPUTER SCIENCE","de_requirements":"","utme_requirements":"","subjects":"","institutions_list":"SAISA"},{"id":"26878","title":"CYBER SECURITY","de_requirements":"","utme_requirements":"","subjects":"","institutions_list":"SAISA"},{"id":"26876","title":"INDUSTRIAL CHEMISTRY","de_requirements":"","utme_requirements":"","subjects":"","institutions_list":"SAISA"},{"id":"26882","title":"INDUSTRIAL MATHEMATICS","de_requirements":"","utme_requirements":"","subjects":"","institutions_list":"SAISA"},{"id":"26880","title":"INFORMATION TECHNOLOGY","de_requirements":"","utme_requirements":"","subjects":"","institutions_list":"SAISA"},{"id":"26870","title":"MEDICAL LABORATORY SCIENCE","de_requirements":"","utme_requirements":"","subjects":"","institutions_list":"SAISA"},{"id":"26874","title":"MICROBIOLOGY","de_requirements":"","utme_requirements":"","subjects":"","institutions_list":"SAISA"},{"id":"26871","title":"NURSING SCIENCE","de_requirements":"","utme_requirements":"","subjects":"","institutions_list":"SAISA"},{"id":"26883","title":"PHYSICS WITH ELECTRONICS","de_requirements":"","utme_requirements":"","subjects":"","institutions_list":"SAISA"},{"id":"26872","title":"PUBLIC HEALTH","de_requirements":"","utme_requirements":"","subjects":"","institutions_list":"SAISA"},{"id":"26879","title":"SOFTWARE ENGINEERING","de_requirements":"","utme_requirements":"","subjects":"","institutions_list":"SAISA"},{"id":"26881","title":"STATISTICS","de_requirements":"","utme_requirements":"","subjects":"","institutions_list":"SAISA"}]