[{"id":"26858","title":"BIOCHEMISTRY","de_requirements":"","utme_requirements":"","subjects":"","institutions_list":"KHAIRUN"},{"id":"26856","title":"BIOTECHNOLOGY","de_requirements":"","utme_requirements":"","subjects":"","institutions_list":"KHAIRUN"},{"id":"26868","title":"COMMON LAW","de_requirements":"","utme_requirements":"","subjects":"","institutions_list":"KHAIRUN"},{"id":"26866","title":"COMPUTER ENGINEERING","de_requirements":"","utme_requirements":"","subjects":"","institutions_list":"KHAIRUN"},{"id":"26862","title":"COMPUTER SCIENCE","de_requirements":"","utme_requirements":"","subjects":"","institutions_list":"KHAIRUN"},{"id":"26863","title":"CYBER SECURITY","de_requirements":"","utme_requirements":"","subjects":"","institutions_list":"KHAIRUN"},{"id":"26865","title":"ELECTRICAL ENGINEERING","de_requirements":"","utme_requirements":"","subjects":"","institutions_list":"KHAIRUN"},{"id":"26859","title":"FORENSIC SCIENCE","de_requirements":"","utme_requirements":"","subjects":"","institutions_list":"KHAIRUN"},{"id":"26855","title":"INDUSTRIAL CHEMISTRY","de_requirements":"","utme_requirements":"","subjects":"","institutions_list":"KHAIRUN"},{"id":"26869","title":"ISLAMIC LAW","de_requirements":"","utme_requirements":"","subjects":"","institutions_list":"KHAIRUN"},{"id":"26860","title":"MATHEMATICS","de_requirements":"","utme_requirements":"","subjects":"","institutions_list":"KHAIRUN"},{"id":"26867","title":"MECHATRONICS ENGINEERING","de_requirements":"","utme_requirements":"","subjects":"","institutions_list":"KHAIRUN"},{"id":"26852","title":"MEDICAL LABORATORY SCIENCE","de_requirements":"","utme_requirements":"","subjects":"","institutions_list":"KHAIRUN"},{"id":"26857","title":"MICROBIOLOGY","de_requirements":"","utme_requirements":"","subjects":"","institutions_list":"KHAIRUN"},{"id":"26854","title":"NURSING","de_requirements":"","utme_requirements":"","subjects":"","institutions_list":"KHAIRUN"},{"id":"26861","title":"PHYSICS WITH ELECTRONICS","de_requirements":"","utme_requirements":"","subjects":"","institutions_list":"KHAIRUN"},{"id":"26853","title":"RADIOGRAPHY","de_requirements":"","utme_requirements":"","subjects":"","institutions_list":"KHAIRUN"},{"id":"26864","title":"SOFTWARE ENGINEERING","de_requirements":"","utme_requirements":"","subjects":"","institutions_list":"KHAIRUN"}]