[{"id":"29146","title":"AUDIOLOGY","de_requirements":"","utme_requirements":"","subjects":"","institutions_list":"FUHSA"},{"id":"29150","title":"BIOSTATISTICS","de_requirements":"","utme_requirements":"","subjects":"","institutions_list":"FUHSA"},{"id":"29148","title":"DENTAL TECHNOLOGY","de_requirements":"","utme_requirements":"","subjects":"","institutions_list":"FUHSA"},{"id":"29149","title":"DENTAL THERAPY","de_requirements":"","utme_requirements":"","subjects":"","institutions_list":"FUHSA"},{"id":"26973","title":"DENTISTRY","de_requirements":"","utme_requirements":"","subjects":"","institutions_list":"FUHSA"},{"id":"29145","title":"ENVIRONMENTAL HEALTH","de_requirements":"","utme_requirements":"","subjects":"","institutions_list":"FUHSA"},{"id":"29151","title":"INFORMATION TECHNOLOGY AND HEALTH INFORMATICS","de_requirements":"","utme_requirements":"","subjects":"","institutions_list":"FUHSA"},{"id":"26972","title":"MEDICINE & SURGERY","de_requirements":"","utme_requirements":"","subjects":"","institutions_list":"FUHSA"},{"id":"26974","title":"NURSING","de_requirements":"","utme_requirements":"","subjects":"","institutions_list":"FUHSA"},{"id":"26975","title":"NUTRITION & DIETETICS","de_requirements":"","utme_requirements":"","subjects":"","institutions_list":"FUHSA"},{"id":"29147","title":"OPTOMETRY","de_requirements":"","utme_requirements":"","subjects":"","institutions_list":"FUHSA"},{"id":"29144","title":"PHYSIOTHERAPY","de_requirements":"","utme_requirements":"","subjects":"","institutions_list":"FUHSA"},{"id":"26976","title":"RADIOGRAPHY","de_requirements":"","utme_requirements":"","subjects":"","institutions_list":"FUHSA"}]