[{"id":"27125","title":"COMMUNITY HEALTH","de_requirements":"","utme_requirements":"","subjects":"","institutions_list":"DAGAMA-COH"},{"id":"28684","title":"HEALTH INFORMATION MANAGEMENT","de_requirements":"","utme_requirements":"","subjects":"","institutions_list":"DAGAMA-COH"},{"id":"28683","title":"ORTHOPAEDIC CAST TECHNOLOGY","de_requirements":"","utme_requirements":"","subjects":"","institutions_list":"DAGAMA-COH"},{"id":"27124","title":"PUBLIC HEALTH","de_requirements":"","utme_requirements":"","subjects":"","institutions_list":"DAGAMA-COH"}]