[{"id":"27126","title":"ACCOUNTANCY","de_requirements":"","utme_requirements":"","subjects":"","institutions_list":"UEC-TECH"},{"id":"27127","title":"COMPUTER SCIENCE","de_requirements":"","utme_requirements":"","subjects":"","institutions_list":"UEC-TECH"},{"id":"27128","title":"ELECTRICAL\/ELECTRONICS ENGINEERING TECHNOLOGY","de_requirements":"","utme_requirements":"","subjects":"","institutions_list":"UEC-TECH"},{"id":"27129","title":"STATISTICS","de_requirements":"","utme_requirements":"","subjects":"","institutions_list":"UEC-TECH"}]