[{"id":"27146","title":"ACCOUNTANCY","de_requirements":"","utme_requirements":"","subjects":"","institutions_list":"NEWLAND"},{"id":"27147","title":"BUSINESS ADMINISTRATION & MANAGEMENT","de_requirements":"","utme_requirements":"","subjects":"","institutions_list":"NEWLAND"},{"id":"27911","title":"COMMUNITY HEALTH TECHNOLOGY","de_requirements":"","utme_requirements":"","subjects":"","institutions_list":"NEWLAND"},{"id":"27143","title":"COMPUTER ENGINEERING","de_requirements":"","utme_requirements":"","subjects":"","institutions_list":"NEWLAND"},{"id":"27142","title":"COMPUTER SCIENCE","de_requirements":"","utme_requirements":"","subjects":"","institutions_list":"NEWLAND"},{"id":"27144","title":"ELECTRICAL\/ELECTRONICS ENGINEERING TECHNOLOGY","de_requirements":"","utme_requirements":"","subjects":"","institutions_list":"NEWLAND"},{"id":"27912","title":"HEALTH INFORMATION MANAGEMENT","de_requirements":"","utme_requirements":"","subjects":"","institutions_list":"NEWLAND"},{"id":"27914","title":"MASS COMMUNICATION","de_requirements":"","utme_requirements":"","subjects":"","institutions_list":"NEWLAND"},{"id":"27910","title":"PHARMACEUTICAL TECHNOLOGY","de_requirements":"","utme_requirements":"","subjects":"","institutions_list":"NEWLAND"},{"id":"27913","title":"PUBLIC ADMINISTRATION","de_requirements":"","utme_requirements":"","subjects":"","institutions_list":"NEWLAND"},{"id":"27915","title":"SCIENCE LABORATORY TECHNOLOGY","de_requirements":"","utme_requirements":"","subjects":"","institutions_list":"NEWLAND"},{"id":"27145","title":"STATISTICS","de_requirements":"","utme_requirements":"","subjects":"","institutions_list":"NEWLAND"}]