[{"id":"27153","title":"COMMUNITY HEALTH","de_requirements":"","utme_requirements":"","subjects":"","institutions_list":"BABCOHTECH"},{"id":"27154","title":"HEALTH INFORMATION MANAGEMENT","de_requirements":"","utme_requirements":"","subjects":"","institutions_list":"BABCOHTECH"},{"id":"28485","title":"PHARMACEUTICAL TECHNOLOGY","de_requirements":"","utme_requirements":"","subjects":"","institutions_list":"BABCOHTECH"},{"id":"28484","title":"PUBLIC HEALTH","de_requirements":"","utme_requirements":"","subjects":"","institutions_list":"BABCOHTECH"}]