[{"id":"27611","title":"Community Health Technology","de_requirements":"","utme_requirements":"","subjects":"","institutions_list":"CENTCOHTEC"},{"id":"27156","title":"MEDICAL IMAGING TECHNOLOGY","de_requirements":"","utme_requirements":"","subjects":"","institutions_list":"CENTCOHTEC"},{"id":"27155","title":"NUTRITION & DIETETICS","de_requirements":"","utme_requirements":"","subjects":"","institutions_list":"CENTCOHTEC"},{"id":"27610","title":"Pharmaceutical Technology","de_requirements":"","utme_requirements":"","subjects":"","institutions_list":"CENTCOHTEC"}]