[{"id":"26667","title":"BUSINESS ADMINISTRATION & MANAGEMENT","de_requirements":"","utme_requirements":"","subjects":"","institutions_list":"GSPB"},{"id":"26665","title":"COMPUTER ENGINEERING TECHNOLOGY","de_requirements":"","utme_requirements":"","subjects":"","institutions_list":"GSPB"},{"id":"26662","title":"COMPUTER SCIENCE","de_requirements":"","utme_requirements":"","subjects":"","institutions_list":"GSPB"},{"id":"26666","title":"ELECTRICAL\/ELECTRONIC ENGINEERING TECHNOLOGY","de_requirements":"","utme_requirements":"","subjects":"","institutions_list":"GSPB"},{"id":"26668","title":"PUBLIC ADMINISTRATION","de_requirements":"","utme_requirements":"","subjects":"","institutions_list":"GSPB"},{"id":"26663","title":"SCIENCE LABORATORY TECHNOLOGY","de_requirements":"","utme_requirements":"","subjects":"","institutions_list":"GSPB"},{"id":"26664","title":"STATISTICS","de_requirements":"","utme_requirements":"","subjects":"","institutions_list":"GSPB"}]