[{"id":"27328","title":"BUSINESS ADMINISTRATION & MANAGEMENT","de_requirements":"","utme_requirements":"","subjects":"","institutions_list":"INSPOTECH"},{"id":"27378","title":"COMPUTER ENGINEERING TECHNOLOGY","de_requirements":"","utme_requirements":"","subjects":"","institutions_list":"INSPOTECH"},{"id":"27327","title":"COMPUTER SCIENCE","de_requirements":"","utme_requirements":"","subjects":"","institutions_list":"INSPOTECH"},{"id":"27331","title":"ELECTRICAL\/ELECTRONICS ENGINEERING TECHNOLOGY","de_requirements":"","utme_requirements":"","subjects":"","institutions_list":"INSPOTECH"},{"id":"27329","title":"FASHION DESIGN & CLOTHING TECHNOLOGY","de_requirements":"","utme_requirements":"","subjects":"","institutions_list":"INSPOTECH"}]