[{"id":"27379","title":"ACCOUNTING","de_requirements":"<p><i><span>&nbsp;<\/span><\/i><\/p><p>\r\n\r\n<span>'A' level passes in any two (2) of the following\r\nsubjects: Mathematics, Economics, Government, and commerce; OR ND at credit\r\nlevel obtained from a recognized university or polytechnic plus three (3) other\r\nSSC subjects passed at credit level. AUST accepts very good passes in three (3)\r\nJUPEB subjects: Economics and any two (2) of Financial Accounting, Business\r\nManagement, Government and Geography<\/span><br><\/p>","utme_requirements":"<p><span>Five (5) SSC credit passes including English\r\nLanguage, Mathematics, Economics\/Financial Financial Accounting or Principles\r\nof Accounting, plus any two (2) of Accounting, Business Methods, Commerce,\r\nGovernment, Geography, and Statistics.<\/span><i><span><\/span><\/i><\/p><p><span><br><\/span><\/p><p><span>For NBC holders, the other two (2) relevant subjects could be from any of Principles of Accounts, Commerce, Office Practice, and Secretarial Duties.<\/span><span><br><\/span><br><\/p>","subjects":"<p><span>Mathematics, Economics, and any other Social Science subject<\/span><br><\/p>","institutions_list":"AUST"},{"id":"27380","title":"BUSINESS ADMINISTRATION","de_requirements":"<p><span><font>'A' level passes in any two (2) of the following subjects: Mathematics, Economics, Government, and commerce; OR ND at credit level obtained from a recognized university or polytechnic plus three (3) other SSC subjects passed at credit level. AUST accepts very good passes in three (3) JUPEB subjects: Economics and any two (2) of Financial Accounting, Business Management, Government and Geography<\/font><br><\/span><\/p><p><span><br><\/span><\/p><p><br><\/p><p><br><\/p><p><span><\/span><br><\/p>","utme_requirements":"<p><span>Five (5) SSC credit passes including English Language, Mathematics, Economics\/Financial Financial Accounting or Principles of Accounting, plus any two (2) of Accounting, Business Methods, Commerce, Government, Geography, and Statistics.<\/span><br><\/p>","subjects":"<p><span>Mathematics, Economics, and one (1) other subject.<\/span><br><\/p>","institutions_list":"AUST"},{"id":"27381","title":"CIVIL ENGINEERING","de_requirements":"<p><span>Two 'A' Level passes, A Level passes to include Physics,\r\nChemistry, and Mathematics.<\/span><\/p><p>\r\n\r\n<\/p><p><span>&nbsp;ND\/NCE at\r\nCredit\/merit levels and HND lower credit in relevant programmes into 200 and\r\n300 levels. Degree holders and Higher National Diploma (HND)&nbsp;<\/span><span>in Civ Engineering\/related programmes<\/span><span>&nbsp;from recognized universities and\r\npolytechnics may be admitted into CIVIL ENGINEERING\r\nprogramme at 300 level to pursue a degree course. All candidates seeking\r\nadmission into the University must meet the SSCE basic requirements.&nbsp;<\/span><\/p><p><span><br><\/span><br><\/p>","utme_requirements":"<p><span>Five (5) SSC credit passes to include Physics, Chemistry, Mathematics\/Further Mathematics, English Language and one Science subject<\/span><br><\/p>","subjects":"<p><span>Physics, Chemistry, and Mathematics<\/span><br><\/p>","institutions_list":"AUST"},{"id":"27382","title":"COMPUTER SCIENCE","de_requirements":"<p>\u00a0Two (2) 'A' Level passes in science subjects including Mathematics<\/p><p>\u00a0<span>NCE merit in Mathematics and one (1) other Science or Social Science subject.<\/span><\/p>","utme_requirements":"<p><span>Five (5) SSC credit passes to include\r\nEnglish Language, Mathematics, and any of Physics, data processing, computer\r\nscience plus two (2) other science subjects.<\/span><\/p>","subjects":"<p><span>Mathematics, Physics, and one (1) of Biology, Chemistry, Agric Science, Economics, and Geography.<\/span><br><\/p>","institutions_list":"AUST"},{"id":"27383","title":"MATERIAL AND METALLURGICAL ENGINEERING","de_requirements":"<p><span>Two 'A' Level passes, A Level passes to include Physics,\r\nChemistry, and Mathematics.&nbsp;<\/span><span>ND\/NCE at\r\nCredit\/merit levels and HND lower credit in relevant programmes into 200 and\r\n300 levels. Degree holders and Higher National Diploma (HND)&nbsp;<\/span><span>in Materials, Metallurgy\/related programmes<\/span><font><span>&nbsp;from recognized universities and\r\npolytechnics may be admitted into <\/span><span>MATERIAL AND METALLURGICAL ENGINEERING<\/span><span>&nbsp;programme at 300 level to pursue a degree course.&nbsp; All candidates seeking\r\nadmission into the University must meet the SSCE basic requirements.&nbsp;<\/span><\/font><\/p>","utme_requirements":"<p><span>Five (5) SSC credit passes to include Physics, Chemistry, Mathematics\/Further Mathematics, English Language and any other Science subject.<\/span><br><\/p>","subjects":"<p><span>Mathematics, Physics, and Chemistry.<\/span><br><\/p>","institutions_list":"AUST"},{"id":"27384","title":"MECHANICAL ENGINEERING","de_requirements":"<p>&nbsp;<span>Two 'A' Level passes, A Level passes to include Physics,\r\nChemistry, and Mathematics.<\/span><\/p>\r\n\r\n<p><span>&nbsp;ND\/NCE at\r\nCredit\/merit levels and HND lower credit in relevant programmes into 200 and\r\n300 levels. Degree holders and Higher National Diploma (HND) Mechanical Engineering<\/span><span>\/related programmes<\/span><span>&nbsp;from recognized universities and\r\npolytechnics may be admitted into MECHANICAL ENGINEERING\r\nprogramme at 300 level to pursue a degree course.&nbsp; All candidates seeking\r\nadmission into the University must meet the SSCE basic requirements.&nbsp;<\/span><\/p>","utme_requirements":"<p><span>Five (5) SSC credit passes to include Physics, Chemistry, Mathematics, English Language, and any other Science subject.<\/span><br><\/p>","subjects":"<p><span>Mathematics, Physics, and Chemistry.<\/span><br><\/p>","institutions_list":"AUST"},{"id":"27385","title":"PETROLEUM AND ENERGY RESOURCES ENGINEERING","de_requirements":"<p>a.<span>&nbsp;&nbsp;&nbsp;&nbsp;&nbsp;\r\n<\/span>Two 'A' Level passes, A Level passes to include\r\nPhysics, Chemistry, and Mathematics.<\/p><p>\r\n\r\n<\/p><p>&nbsp;ND\/NCE\r\nat Credit\/merit levels and HND lower credit in relevant programmes into 200 and\r\n300 levels. Degree holders and Higher National Diploma (HND) <span>in Pet. Engineering\/Geophysics\/related programmes<\/span>&nbsp;from\r\nrecognized universities and polytechnics may be admitted into PETROLEUM AND ENERGY RESOURCES ENGINEERING\r\nprogramme at 300 level to pursue a degree course. e. All candidates seeking\r\nadmission into the University must meet the SSCE basic requirements.&nbsp;<\/p>","utme_requirements":"<p><span>Five (5) SSC credits include Physics, Chemistry, Mathematics\/Further Mathematics, English Language, and any Science subject.<\/span><br><\/p>","subjects":"<p><span>Chemistry, Mathematics, and Physics<\/span><br><\/p>","institutions_list":"AUST"},{"id":"27386","title":"SOFTWARE ENGINEERING","de_requirements":"<p><span>'A' Level passes ND\/NCE at Credit\/merit levels and HND lower\r\ncredit in relevant programmes into 200 and 300 levels.<\/span><\/p>","utme_requirements":"<p><span>Five (5) SSC credit passes to include\r\nEnglish Language, Mathematics, and any of Physics, data processing, computer\r\nscience plus two (2) other science subjects.<\/span><\/p>","subjects":"<p><span>Mathematics, Physics, and one (1) of Biology, Chemistry, Agric\r\nScience, Economics, and Geography.<\/span><\/p>","institutions_list":"AUST"}]