[{"id":"27332","title":"COMPUTER SCIENCE","de_requirements":"","utme_requirements":"","subjects":"","institutions_list":"BACAF"},{"id":"27333","title":"COMPUTER SCIENCE","de_requirements":"","utme_requirements":"","subjects":"","institutions_list":"BACAF"},{"id":"27335","title":"OFFICE TECHNOLOGY & MANAGEMENT","de_requirements":"","utme_requirements":"","subjects":"","institutions_list":"BACAF"},{"id":"27334","title":"PUBLIC ADMINISTRATION","de_requirements":"","utme_requirements":"","subjects":"","institutions_list":"BACAF"}]