[{"id":"27122","title":"AGRICULTURE","de_requirements":"","utme_requirements":"","subjects":"","institutions_list":"NORTHBRIDG"},{"id":"27123","title":"BUSINESS INFORMATICS","de_requirements":"","utme_requirements":"","subjects":"","institutions_list":"NORTHBRIDG"},{"id":"27119","title":"COMPUTER HARDWARE ENGINEERING TECHNOLOGY","de_requirements":"","utme_requirements":"","subjects":"","institutions_list":"NORTHBRIDG"},{"id":"27121","title":"COMPUTER SOFTWARE ENGINEERING TECHNOLOGY","de_requirements":"","utme_requirements":"","subjects":"","institutions_list":"NORTHBRIDG"},{"id":"27120","title":"NETWORKING & SYSTEM SECURITY","de_requirements":"","utme_requirements":"","subjects":"","institutions_list":"NORTHBRIDG"}]