[{"id":"26071","title":"BANKING OPERATIONS","de_requirements":"","utme_requirements":"","subjects":"","institutions_list":"RAINDROP"},{"id":"26074","title":"BUSINESS INFORMATICS","de_requirements":"","utme_requirements":"","subjects":"","institutions_list":"RAINDROP"},{"id":"26072","title":"COMPUTER HARDWARE ENGINEERING TECHNOLOGY","de_requirements":"","utme_requirements":"","subjects":"","institutions_list":"RAINDROP"},{"id":"26073","title":"COMPUTER SOFTWARE ENGINEERING","de_requirements":"","utme_requirements":"","subjects":"","institutions_list":"RAINDROP"}]