[{"id":"27347","title":"BUSINESS ADMINISTRATION & MANAGEMENT","de_requirements":"","utme_requirements":"","subjects":"","institutions_list":"FOUNDATION"},{"id":"27343","title":"COMPUTER ENGINEERING TECHNOLOGY","de_requirements":"","utme_requirements":"","subjects":"","institutions_list":"FOUNDATION"},{"id":"27344","title":"COMPUTER SCIENCE","de_requirements":"","utme_requirements":"","subjects":"","institutions_list":"FOUNDATION"},{"id":"27342","title":"ELECTRICAL\/ELECTRONICS ENGINEERING TECHNOLOGY","de_requirements":"","utme_requirements":"","subjects":"","institutions_list":"FOUNDATION"},{"id":"27346","title":"PUBLIC  ADMINISTRATION","de_requirements":"","utme_requirements":"","subjects":"","institutions_list":"FOUNDATION"},{"id":"27345","title":"STATISTICS","de_requirements":"","utme_requirements":"","subjects":"","institutions_list":"FOUNDATION"}]