[{"id":"27351","title":"ACCOUNTANCY","de_requirements":"","utme_requirements":"","subjects":"","institutions_list":"CC-TECH"},{"id":"27352","title":"BUSINESS ADMINISTRATION & MANAGEMENT","de_requirements":"","utme_requirements":"","subjects":"","institutions_list":"CC-TECH"},{"id":"27353","title":"COMPUTER SCIENCE","de_requirements":"","utme_requirements":"","subjects":"","institutions_list":"CC-TECH"},{"id":"27354","title":"MARKETING","de_requirements":"","utme_requirements":"","subjects":"","institutions_list":"CC-TECH"}]