[{"id":"28308","title":"ARABIC","de_requirements":"","utme_requirements":"","subjects":"","institutions_list":"ISTIQAMA"},{"id":"28317","title":"BIOTECHNOLOGY","de_requirements":"","utme_requirements":"","subjects":"","institutions_list":"ISTIQAMA"},{"id":"28316","title":"COMMUNITY HEALTH","de_requirements":"","utme_requirements":"","subjects":"","institutions_list":"ISTIQAMA"},{"id":"28312","title":"CRIMINOLOGY AND SECURITY STUDIES","de_requirements":"","utme_requirements":"","subjects":"","institutions_list":"ISTIQAMA"},{"id":"28310","title":"ENGLISH LANGUAGE","de_requirements":"","utme_requirements":"","subjects":"","institutions_list":"ISTIQAMA"},{"id":"28315","title":"ENVIRONMENTAL HEALTH SCIENCE","de_requirements":"","utme_requirements":"","subjects":"","institutions_list":"ISTIQAMA"},{"id":"28313","title":"INTERNATIONAL RELATIONS","de_requirements":"","utme_requirements":"","subjects":"","institutions_list":"ISTIQAMA"},{"id":"28314","title":"PEACE AND CONFLICT RESOLUTION","de_requirements":"","utme_requirements":"","subjects":"","institutions_list":"ISTIQAMA"},{"id":"28309","title":"SHARI&sq;AH","de_requirements":"","utme_requirements":"","subjects":"","institutions_list":"ISTIQAMA"},{"id":"28311","title":"SOCIOLOGY","de_requirements":"","utme_requirements":"","subjects":"","institutions_list":"ISTIQAMA"}]