[{"id":"28118","title":"COMPUTER SCIENCE","de_requirements":"","utme_requirements":"","subjects":"","institutions_list":"EDUSOKO"},{"id":"28120","title":"CYBER SECURITY","de_requirements":"","utme_requirements":"","subjects":"","institutions_list":"EDUSOKO"},{"id":"28121","title":"MEDICAL LABORATORY SCIENCE","de_requirements":"","utme_requirements":"","subjects":"","institutions_list":"EDUSOKO"},{"id":"28122","title":"NURSING SCIENCE","de_requirements":"","utme_requirements":"","subjects":"","institutions_list":"EDUSOKO"},{"id":"28123","title":"PUBLIC HEALTH","de_requirements":"","utme_requirements":"","subjects":"","institutions_list":"EDUSOKO"},{"id":"28119","title":"SOFTWARE ENGINEERING","de_requirements":"","utme_requirements":"","subjects":"","institutions_list":"EDUSOKO"}]