[{"id":"26080","title":"CULTURAL & CREATIVE ART \/ ECONOMICS","de_requirements":"","utme_requirements":"","subjects":"","institutions_list":"EMAMOR"},{"id":"26284","title":"CULTURAL & CREATIVE ART \/ GEOGRAPHY","de_requirements":"","utme_requirements":"","subjects":"","institutions_list":"EMAMOR"},{"id":"26081","title":"CULTURAL & CREATIVE ART \/ POLITICAL SCIENCE","de_requirements":"","utme_requirements":"","subjects":"","institutions_list":"EMAMOR"},{"id":"26079","title":"CULTURAL & CREATIVE ART \/ SOCIAL STUDIES","de_requirements":"","utme_requirements":"","subjects":"","institutions_list":"EMAMOR"},{"id":"26082","title":"CULTURAL & CREATIVE ARTS \/ HISTORY","de_requirements":"","utme_requirements":"","subjects":"","institutions_list":"EMAMOR"},{"id":"26281","title":"CULTURAL AND CREATIVE ARTS\/ECONOMICS","de_requirements":"","utme_requirements":"","subjects":"","institutions_list":"EMAMOR"},{"id":"26083","title":"CULTURAL AND CREATIVE ARTS\/GEOGRAPHY","de_requirements":"","utme_requirements":"","subjects":"","institutions_list":"EMAMOR"},{"id":"26283","title":"CULTURAL AND CREATIVE ARTS\/HISTORY","de_requirements":"","utme_requirements":"","subjects":"","institutions_list":"EMAMOR"},{"id":"26282","title":"CULTURAL AND CREATIVE ARTS\/POLITICAL SCIENCE","de_requirements":"","utme_requirements":"","subjects":"","institutions_list":"EMAMOR"},{"id":"26280","title":"CULTURAL AND CREATIVE ARTS\/SOCIAL STUDIES","de_requirements":"","utme_requirements":"","subjects":"","institutions_list":"EMAMOR"},{"id":"26278","title":"HISTORY\/ECONOMICS","de_requirements":"","utme_requirements":"","subjects":"","institutions_list":"EMAMOR"},{"id":"26077","title":"HISTORY\/ECONOMICS","de_requirements":"","utme_requirements":"","subjects":"","institutions_list":"EMAMOR"},{"id":"26279","title":"HISTORY\/GEOGRAPHY","de_requirements":"","utme_requirements":"","subjects":"","institutions_list":"EMAMOR"},{"id":"26078","title":"HISTORY\/GEOGRAPHY","de_requirements":"","utme_requirements":"","subjects":"","institutions_list":"EMAMOR"},{"id":"26076","title":"HISTORY\/POLITICAL SCIENCE","de_requirements":"","utme_requirements":"","subjects":"","institutions_list":"EMAMOR"},{"id":"26277","title":"POLITICAL SCIENCE\/HISTORY","de_requirements":"","utme_requirements":"","subjects":"","institutions_list":"EMAMOR"}]