[{"id":"4042","title":"AGRICULTURE","de_requirements":"","utme_requirements":"<p><span>Five (5) SSC credit passes in Biology\/Agricultural\r\nScience,<\/span><span><\/span><\/p><p><span>Mathematics and any three (3) of the following:<\/span><\/p><p><span>Geography,<\/span><\/p><p><span>Food and Nutrition,<\/span><\/p><p><span>Economics,<\/span><\/p><p><span>Technical Drawing,<\/span><\/p><p><span>English Language,<\/span><\/p><p><span>Physics,<\/span><\/p><p><span>Chemistry,<\/span><\/p><p><span>Nigerian Language,<\/span><\/p><p><span>Home Economics.<\/span><\/p><p>\r\n\r\n\r\n\r\n\r\n\r\n\r\n\r\n\r\n\r\n\r\n\r\n\r\n\r\n\r\n\r\n\r\n\r\n\r\n\r\n\r\n\r\n<span>At\r\nleast 'O' Level credit passes in English Language and Chemistry are compulsory<\/span><br><\/p>","subjects":"Biology\/Agricultural Science, Chemistry and any other Science subjects","institutions_list":"BISBAS"},{"id":"4043","title":"BANKING OPERATIONS","de_requirements":"","utme_requirements":"<p><span>Five (5)\r\ncredit passes at SSC or its equivalent in <\/span><span>English Language (not Literature\r\nin English) and Mathematics and any three (3) subjects from the following:<\/span><span><\/span><\/p><p><span>Economics\/Commerce, Business\r\nMethods, Principles of Accounts, Literature in English, Geography, Office\r\nPractice, Government, Biology\/ Agricultural Science, Chemistry, Physics,\r\nHistory\/Government, Typewriting, Shorthand.<\/span><\/p><p>\r\n\r\n\r\n\r\n<\/p><p><span><o>&nbsp;<\/o:p><\/span><\/p>","subjects":"Mathematics and any two (2) of Economics, Geography, History, Government, Commerce or Principles of Accounts.","institutions_list":"BISBAS"},{"id":"4036","title":"COMPUTER HARDWARE ENGINEERING\/ TECHNOLOGY","de_requirements":"","utme_requirements":"<p><span>Five\r\n(5) credit passes at SSC or its equivalent in Mathematics, English Language and\r\nany other three (3) relevant subjects<\/span><\/p>","subjects":"Mathematics, Physics, Chemistry.","institutions_list":"BISBAS"},{"id":"4035","title":"COMPUTER SOFTWARE ENGINEERING TECHNOLOGY","de_requirements":"","utme_requirements":"<p><span>Five (5) credit passes at SSC or its equivalent\r\nin Mathematics, English Language and any other three (3) relevant subjects<\/span><br><\/p>","subjects":"Mathematics, Physics, Chemistry.","institutions_list":"BISBAS"},{"id":"4038","title":"DIGITAL MULTIMEDIA TECHNOLOGY","de_requirements":"","utme_requirements":"<p><span>Five\r\n(5) credit passes at SSC or its equivalent in Mathematics, English Language and\r\nany other three (3)&nbsp; relevant subjects<\/span><\/p>","subjects":"Any four (4) subjects from Arts\/Social Science","institutions_list":"BISBAS"},{"id":"4040","title":"FILM & TV PRODUCTION","de_requirements":"","utme_requirements":"<p><span>Five (5) credit passes at\r\nSSC or its equivalent in Mathematics, English Language and any other three (3)&nbsp; from Arts, Science and Social Science\r\nsubjects<\/span><br><\/p>","subjects":"Any three (3) subjects from Arts\/Social Science\/Physical Science.","institutions_list":"BISBAS"},{"id":"4037","title":"NETWORKING & SYSTEM SECURITY","de_requirements":"","utme_requirements":"<p><span>Five\r\n(5) credit passes at SSC or its equivalent, in Mathematics, English Language and\r\nany other three (3)&nbsp; relevant subjects.<\/span><\/p>","subjects":"Mathematics, Physics, Chemistry.","institutions_list":"BISBAS"},{"id":"4041","title":"PARALEGAL STUDIES","de_requirements":"","utme_requirements":"<p><span>Five (5) credit passes at SSC or its\r\nequivalent in Mathematics, English Language and any other three (3) from Arts\r\nand Social Science subjects<\/span><\/p>","subjects":"Any three (3) subjects from Arts\/Social Science\/Physical Science.","institutions_list":"BISBAS"},{"id":"4039","title":"PERFORMING & MEDIA ARTS","de_requirements":"","utme_requirements":"<p><span>Five (5) credit passes at\r\nSSC&nbsp; or its equivalent in Mathematics,\r\nEnglish Language and any other three (3) from Arts and Social Science subjects<\/span><br><\/p>","subjects":"Any three (3) subjects from Arts\/Social Science\/Physical Science","institutions_list":"BISBAS"},{"id":"24259","title":"PROFESSIONAL DEVELOPMENT EARLY CHILDHOOD CARE MANAGEMENT","de_requirements":"<p>NIL<\/p>","utme_requirements":"<p><span>Five (5) credit passes at\r\nSSC&nbsp; or its equivalent (TC Grade II) in Mathematics,\r\nEnglish Language and any other three (3) from Arts and Social Science subjects<\/span><br><\/p>","subjects":"<p><span>Any three (3) subjects from Arts\/Social\r\nScience\/Physical Science<\/span><br><\/p>","institutions_list":"BISBAS"}]