[{"id":"28975","title":"BANKING OPERATIONS","de_requirements":"","utme_requirements":"","subjects":"","institutions_list":"RAINDROPS"},{"id":"28976","title":"BUSINESS INFORMATICS","de_requirements":"","utme_requirements":"","subjects":"","institutions_list":"RAINDROPS"},{"id":"28977","title":"COMPUTER HARDWARE ENGINEERING TECHNOLOGY","de_requirements":"","utme_requirements":"","subjects":"","institutions_list":"RAINDROPS"},{"id":"28978","title":"COMPUTER SOFTWARE ENGINEERING TECHNOLOGY","de_requirements":"","utme_requirements":"","subjects":"","institutions_list":"RAINDROPS"}]