[{"id":"28564","title":"ACCOUNTING","de_requirements":"","utme_requirements":"","subjects":"","institutions_list":"UNI-ILESA"},{"id":"28590","title":"ADULT AND CONTINUING EDUCATION","de_requirements":"","utme_requirements":"","subjects":"","institutions_list":"UNI-ILESA"},{"id":"28591","title":"AGRICULTURAL SCIENCE AND EDUCATION","de_requirements":"","utme_requirements":"","subjects":"","institutions_list":"UNI-ILESA"},{"id":"28562","title":"ANATOMY","de_requirements":"","utme_requirements":"","subjects":"","institutions_list":"UNI-ILESA"},{"id":"28580","title":"BIOCHEMISTRY","de_requirements":"","utme_requirements":"","subjects":"","institutions_list":"UNI-ILESA"},{"id":"28565","title":"BUSINESS ADMINISTRATION","de_requirements":"","utme_requirements":"","subjects":"","institutions_list":"UNI-ILESA"},{"id":"28588","title":"BUSINESS EDUCATION","de_requirements":"","utme_requirements":"","subjects":"","institutions_list":"UNI-ILESA"},{"id":"28584","title":"COMPUTER SCIENCE","de_requirements":"","utme_requirements":"","subjects":"","institutions_list":"UNI-ILESA"},{"id":"28585","title":"CYBER SECURITY","de_requirements":"","utme_requirements":"","subjects":"","institutions_list":"UNI-ILESA"},{"id":"28566","title":"ECONOMICS","de_requirements":"","utme_requirements":"","subjects":"","institutions_list":"UNI-ILESA"},{"id":"28596","title":"EDUCATION AND BIOLOGY","de_requirements":"","utme_requirements":"","subjects":"","institutions_list":"UNI-ILESA"},{"id":"28586","title":"EDUCATION AND COMPUTER SCIENCE","de_requirements":"","utme_requirements":"","subjects":"","institutions_list":"UNI-ILESA"},{"id":"28567","title":"EDUCATION AND ECONOMICS","de_requirements":"","utme_requirements":"","subjects":"","institutions_list":"UNI-ILESA"},{"id":"28573","title":"EDUCATION AND ENGLISH LANGUAGE","de_requirements":"","utme_requirements":"","subjects":"","institutions_list":"UNI-ILESA"},{"id":"28593","title":"EDUCATION AND INTEGRATED SCIENCE","de_requirements":"","utme_requirements":"","subjects":"","institutions_list":"UNI-ILESA"},{"id":"28577","title":"EDUCATION AND MUSIC","de_requirements":"","utme_requirements":"","subjects":"","institutions_list":"UNI-ILESA"},{"id":"28569","title":"EDUCATION AND POLITICAL SCIENCE","de_requirements":"","utme_requirements":"","subjects":"","institutions_list":"UNI-ILESA"},{"id":"28592","title":"EDUCATION AND SOCIAL STUDIES","de_requirements":"","utme_requirements":"","subjects":"","institutions_list":"UNI-ILESA"},{"id":"28589","title":"EDUCATIONAL MANAGEMENT","de_requirements":"","utme_requirements":"","subjects":"","institutions_list":"UNI-ILESA"},{"id":"28574","title":"ENGLISH LANGUAGE","de_requirements":"","utme_requirements":"","subjects":"","institutions_list":"UNI-ILESA"},{"id":"28587","title":"GUIDANCE AND COUNSELLING","de_requirements":"","utme_requirements":"","subjects":"","institutions_list":"UNI-ILESA"},{"id":"28575","title":"HISTORY AND INTERNATIONAL STUDIES","de_requirements":"","utme_requirements":"","subjects":"","institutions_list":"UNI-ILESA"},{"id":"28583","title":"LAW","de_requirements":"","utme_requirements":"","subjects":"","institutions_list":"UNI-ILESA"},{"id":"28572","title":"LINGUISTICS","de_requirements":"","utme_requirements":"","subjects":"","institutions_list":"UNI-ILESA"},{"id":"28578","title":"MEDICAL LABORATORY SCIENCE","de_requirements":"","utme_requirements":"","subjects":"","institutions_list":"UNI-ILESA"},{"id":"28579","title":"MICROBIOLOGY","de_requirements":"","utme_requirements":"","subjects":"","institutions_list":"UNI-ILESA"},{"id":"28576","title":"MUSIC","de_requirements":"","utme_requirements":"","subjects":"","institutions_list":"UNI-ILESA"},{"id":"28581","title":"NURSING SCIENCE","de_requirements":"","utme_requirements":"","subjects":"","institutions_list":"UNI-ILESA"},{"id":"28563","title":"PHYSIOLOGY","de_requirements":"","utme_requirements":"","subjects":"","institutions_list":"UNI-ILESA"},{"id":"28568","title":"POLITICAL SCIENCE","de_requirements":"","utme_requirements":"","subjects":"","institutions_list":"UNI-ILESA"},{"id":"28582","title":"PUBLIC HEALTH","de_requirements":"","utme_requirements":"","subjects":"","institutions_list":"UNI-ILESA"},{"id":"28570","title":"TOURISM AND HOSPITALITY","de_requirements":"","utme_requirements":"","subjects":"","institutions_list":"UNI-ILESA"},{"id":"28571","title":"TRANSPORT PLANNING AND LOGISTICS STUDIES","de_requirements":"","utme_requirements":"","subjects":"","institutions_list":"UNI-ILESA"}]