[{"id":"26651","title":"ACCOUNTANCY","de_requirements":"","utme_requirements":"","subjects":"","institutions_list":"GLORYLAND-POLY"},{"id":"26652","title":"BUSINESS ADMINISTRATION & MANAGEMENT","de_requirements":"","utme_requirements":"","subjects":"","institutions_list":"GLORYLAND-POLY"},{"id":"26653","title":"COMPUTER ENGINEERING TECHNOLOGY","de_requirements":"","utme_requirements":"","subjects":"","institutions_list":"GLORYLAND-POLY"},{"id":"26649","title":"COMPUTER SCIENCE","de_requirements":"","utme_requirements":"","subjects":"","institutions_list":"GLORYLAND-POLY"},{"id":"26654","title":"ELECTRICAL\/ELECTRONICS ENGINEERING TECHNOLOGY","de_requirements":"","utme_requirements":"","subjects":"","institutions_list":"GLORYLAND-POLY"},{"id":"26650","title":"STATISTICS","de_requirements":"","utme_requirements":"","subjects":"","institutions_list":"GLORYLAND-POLY"}]