[{"id":"27111","title":"AUTO BODY TECHNOLOGY","de_requirements":"","utme_requirements":"","subjects":"","institutions_list":"NITT-ND"},{"id":"27113","title":"SHIPPING & PORT ENGINEERING TECHNOLOGY","de_requirements":"","utme_requirements":"","subjects":"","institutions_list":"NITT-ND"},{"id":"27110","title":"TRANSPORT & LOGISTICS MANAGEMENT","de_requirements":"","utme_requirements":"","subjects":"","institutions_list":"NITT-ND"},{"id":"27112","title":"TRANSPORT SAFETY TECHNOLOGY","de_requirements":"","utme_requirements":"","subjects":"","institutions_list":"NITT-ND"}]