[{"id":"27171","title":"ADULT & NON-FORMAL EDUCATION (DOUBLE MAJOR)","de_requirements":"","utme_requirements":"","subjects":"","institutions_list":"ELIBEST"},{"id":"27181","title":"AGRICULTURAL EDUCATION (DOUBLE MAJOR)","de_requirements":"","utme_requirements":"","subjects":"","institutions_list":"ELIBEST"},{"id":"27182","title":"BUSINESS EDUCATION","de_requirements":"","utme_requirements":"","subjects":"","institutions_list":"ELIBEST"},{"id":"27169","title":"CHRISTIAN  RELIGIOUS STUDIES\/POLITICAL SCIENCE","de_requirements":"","utme_requirements":"","subjects":"","institutions_list":"ELIBEST"},{"id":"27170","title":"CHRISTIAN RELIGIOUS STUDIES \/ SOCIAL STUDIES","de_requirements":"","utme_requirements":"","subjects":"","institutions_list":"ELIBEST"},{"id":"27168","title":"CHRISTIAN RELIGIOUS STUDIES\/ECONOMICS","de_requirements":"","utme_requirements":"","subjects":"","institutions_list":"ELIBEST"},{"id":"27172","title":"ENGLISH (DOUBLE MAJOR)","de_requirements":"","utme_requirements":"","subjects":"","institutions_list":"ELIBEST"},{"id":"27176","title":"ENGLISH\/CHRISTIAN RELIGIOUS STUDIES","de_requirements":"","utme_requirements":"","subjects":"","institutions_list":"ELIBEST"},{"id":"27173","title":"ENGLISH\/ECONOMICS","de_requirements":"","utme_requirements":"","subjects":"","institutions_list":"ELIBEST"},{"id":"27174","title":"ENGLISH\/POLITICAL SCIENCE","de_requirements":"","utme_requirements":"","subjects":"","institutions_list":"ELIBEST"},{"id":"27175","title":"ENGLISH\/SOCIAL STUDIES","de_requirements":"","utme_requirements":"","subjects":"","institutions_list":"ELIBEST"},{"id":"27179","title":"INTEGRATED SCIENCE (DOUBLE MAJOR)","de_requirements":"","utme_requirements":"","subjects":"","institutions_list":"ELIBEST"},{"id":"27178","title":"INTEGRATED SCIENCE\/BIOLOGY","de_requirements":"","utme_requirements":"","subjects":"","institutions_list":"ELIBEST"},{"id":"27180","title":"INTEGRATED SCIENCE\/COMPUTER EDUCATION","de_requirements":"","utme_requirements":"","subjects":"","institutions_list":"ELIBEST"},{"id":"27177","title":"PHYSICAL & HEALTH EDUCATION (DOUBLE MAJOR)","de_requirements":"","utme_requirements":"","subjects":"","institutions_list":"ELIBEST"},{"id":"27164","title":"PRIMARY EDUCATION (DOUBLE MAJOR)","de_requirements":"","utme_requirements":"","subjects":"","institutions_list":"ELIBEST"},{"id":"27165","title":"SOCIAL STUDIES (DOUBLE MAJOR)","de_requirements":"","utme_requirements":"","subjects":"","institutions_list":"ELIBEST"},{"id":"27166","title":"SOCIAL STUDIES\/ECONOMICS","de_requirements":"","utme_requirements":"","subjects":"","institutions_list":"ELIBEST"},{"id":"27167","title":"SOCIAL STUDIES\/POLITICAL SCIENCE","de_requirements":"","utme_requirements":"","subjects":"","institutions_list":"ELIBEST"}]