[{"id":"27203","title":"ARABIC\/FRENCH","de_requirements":"","utme_requirements":"","subjects":"","institutions_list":"PREMIER-COE"},{"id":"27202","title":"ARABIC\/YORUBA","de_requirements":"","utme_requirements":"","subjects":"","institutions_list":"PREMIER-COE"},{"id":"27218","title":"BUSINESS EDUCATION","de_requirements":"","utme_requirements":"","subjects":"","institutions_list":"PREMIER-COE"},{"id":"27210","title":"COMPUTER EDUCATION\/BIOLOGY","de_requirements":"","utme_requirements":"","subjects":"","institutions_list":"PREMIER-COE"},{"id":"27211","title":"COMPUTER EDUCATION\/CHEMISTRY","de_requirements":"","utme_requirements":"","subjects":"","institutions_list":"PREMIER-COE"},{"id":"27212","title":"COMPUTER EDUCATION\/PHYSICS","de_requirements":"","utme_requirements":"","subjects":"","institutions_list":"PREMIER-COE"},{"id":"27195","title":"ENGLISH (DOUBLE MAJOR)","de_requirements":"","utme_requirements":"","subjects":"","institutions_list":"PREMIER-COE"},{"id":"27198","title":"ENGLISH\/ARABIC","de_requirements":"","utme_requirements":"","subjects":"","institutions_list":"PREMIER-COE"},{"id":"27199","title":"ENGLISH\/FRENCH","de_requirements":"","utme_requirements":"","subjects":"","institutions_list":"PREMIER-COE"},{"id":"27196","title":"ENGLISH\/ISLAMIC STUDIES","de_requirements":"","utme_requirements":"","subjects":"","institutions_list":"PREMIER-COE"},{"id":"27197","title":"ENGLISH\/SOCIAL STUDIES","de_requirements":"","utme_requirements":"","subjects":"","institutions_list":"PREMIER-COE"},{"id":"27200","title":"ENGLISH\/YORUBA","de_requirements":"","utme_requirements":"","subjects":"","institutions_list":"PREMIER-COE"},{"id":"27201","title":"HAUSA\/FRENCH","de_requirements":"","utme_requirements":"","subjects":"","institutions_list":"PREMIER-COE"},{"id":"27204","title":"INTEGRATED SCIENCE (DOUBLE MAJOR)","de_requirements":"","utme_requirements":"","subjects":"","institutions_list":"PREMIER-COE"},{"id":"27208","title":"INTEGRATED SCIENCE \/ MATHEMATICS","de_requirements":"","utme_requirements":"","subjects":"","institutions_list":"PREMIER-COE"},{"id":"27205","title":"INTEGRATED SCIENCE\/BIOLOGY","de_requirements":"","utme_requirements":"","subjects":"","institutions_list":"PREMIER-COE"},{"id":"27206","title":"INTEGRATED SCIENCE\/CHEMISTRY","de_requirements":"","utme_requirements":"","subjects":"","institutions_list":"PREMIER-COE"},{"id":"27207","title":"INTEGRATED SCIENCE\/COMPUTER SCIENCE","de_requirements":"","utme_requirements":"","subjects":"","institutions_list":"PREMIER-COE"},{"id":"27209","title":"INTEGRATED SCIENCE\/PHYSICS","de_requirements":"","utme_requirements":"","subjects":"","institutions_list":"PREMIER-COE"},{"id":"27185","title":"ISLAMIC STUDIES\/ARABIC","de_requirements":"","utme_requirements":"","subjects":"","institutions_list":"PREMIER-COE"},{"id":"27187","title":"ISLAMIC STUDIES\/ECONOMICS","de_requirements":"","utme_requirements":"","subjects":"","institutions_list":"PREMIER-COE"},{"id":"27186","title":"ISLAMIC STUDIES\/FRENCH","de_requirements":"","utme_requirements":"","subjects":"","institutions_list":"PREMIER-COE"},{"id":"27188","title":"ISLAMIC STUDIES\/POLITICAL SCIENCE","de_requirements":"","utme_requirements":"","subjects":"","institutions_list":"PREMIER-COE"},{"id":"27184","title":"ISLAMIC STUDIES\/YORUBA","de_requirements":"","utme_requirements":"","subjects":"","institutions_list":"PREMIER-COE"},{"id":"27214","title":"MATHEMATICS\/BIOLOGY","de_requirements":"","utme_requirements":"","subjects":"","institutions_list":"PREMIER-COE"},{"id":"27215","title":"MATHEMATICS\/CHEMISTRY","de_requirements":"","utme_requirements":"","subjects":"","institutions_list":"PREMIER-COE"},{"id":"27213","title":"MATHEMATICS\/COMPUTER SCIENCE","de_requirements":"","utme_requirements":"","subjects":"","institutions_list":"PREMIER-COE"},{"id":"27217","title":"MATHEMATICS\/ECONOMICS","de_requirements":"","utme_requirements":"","subjects":"","institutions_list":"PREMIER-COE"},{"id":"27216","title":"MATHEMATICS\/PHYSICS","de_requirements":"","utme_requirements":"","subjects":"","institutions_list":"PREMIER-COE"},{"id":"27183","title":"PRIMARY EDUCATION STUDIES","de_requirements":"","utme_requirements":"","subjects":"","institutions_list":"PREMIER-COE"},{"id":"27189","title":"SOCIAL STUDIES (DOUBLE MAJOR)","de_requirements":"","utme_requirements":"","subjects":"","institutions_list":"PREMIER-COE"},{"id":"27190","title":"SOCIAL STUDIES\/ARABIC","de_requirements":"","utme_requirements":"","subjects":"","institutions_list":"PREMIER-COE"},{"id":"27194","title":"SOCIAL STUDIES\/ECONOMICS","de_requirements":"","utme_requirements":"","subjects":"","institutions_list":"PREMIER-COE"},{"id":"27192","title":"SOCIAL STUDIES\/FRENCH","de_requirements":"","utme_requirements":"","subjects":"","institutions_list":"PREMIER-COE"},{"id":"27193","title":"SOCIAL STUDIES\/POLITICAL SCIENCE","de_requirements":"","utme_requirements":"","subjects":"","institutions_list":"PREMIER-COE"},{"id":"27191","title":"SOCIAL STUDIES\/YORUBA","de_requirements":"","utme_requirements":"","subjects":"","institutions_list":"PREMIER-COE"}]