[{"id":"27035","title":"ACCOUNTING","de_requirements":"","utme_requirements":"","subjects":"","institutions_list":"OAUSTECH"},{"id":"28197","title":"APPLIED GEOLOGY","de_requirements":"","utme_requirements":"","subjects":"","institutions_list":"OAUSTECH"},{"id":"27036","title":"BUSINESS MANAGEMENT","de_requirements":"","utme_requirements":"","subjects":"","institutions_list":"OAUSTECH"},{"id":"27037","title":"ENTREPRENEURSHIP","de_requirements":"","utme_requirements":"","subjects":"","institutions_list":"OAUSTECH"},{"id":"28198","title":"NURSING SCIENCE","de_requirements":"","utme_requirements":"","subjects":"","institutions_list":"OAUSTECH"},{"id":"27038","title":"PROJECT MANAGEMENT","de_requirements":"","utme_requirements":"","subjects":"","institutions_list":"OAUSTECH"}]