[{"id":"27221","title":"ISLAMIC STUDIES\/ARABIC","de_requirements":"","utme_requirements":"","subjects":"","institutions_list":"JIBWIS-GUMAU"},{"id":"27220","title":"ISLAMIC STUDIES\/HAUSA","de_requirements":"","utme_requirements":"","subjects":"","institutions_list":"JIBWIS-GUMAU"},{"id":"27219","title":"ISLAMIC STUDIES\/SOCIAL STUDIES","de_requirements":"","utme_requirements":"","subjects":"","institutions_list":"JIBWIS-GUMAU"},{"id":"27222","title":"SOCIAL STUDIES (DOUBLE MAJOR)","de_requirements":"","utme_requirements":"","subjects":"","institutions_list":"JIBWIS-GUMAU"},{"id":"27223","title":"SOCIAL STUDIES\/ARABIC","de_requirements":"","utme_requirements":"","subjects":"","institutions_list":"JIBWIS-GUMAU"},{"id":"27224","title":"SOCIAL STUDIES\/HAUSA","de_requirements":"","utme_requirements":"","subjects":"","institutions_list":"JIBWIS-GUMAU"}]