[{"id":"27024","title":"APPLIED GEOPHYSICS","de_requirements":"","utme_requirements":"","subjects":"","institutions_list":"FUT-BABURA"},{"id":"27025","title":"BIOLOGY","de_requirements":"","utme_requirements":"","subjects":"","institutions_list":"FUT-BABURA"},{"id":"27027","title":"BIOTECHNOLOGY","de_requirements":"","utme_requirements":"","subjects":"","institutions_list":"FUT-BABURA"},{"id":"27021","title":"CHEMISTRY","de_requirements":"","utme_requirements":"","subjects":"","institutions_list":"FUT-BABURA"},{"id":"27028","title":"CIVIL ENGINEERING","de_requirements":"","utme_requirements":"","subjects":"","institutions_list":"FUT-BABURA"},{"id":"27018","title":"COMPUTER SCIENCE","de_requirements":"","utme_requirements":"","subjects":"","institutions_list":"FUT-BABURA"},{"id":"27019","title":"CYBER SECURITY","de_requirements":"","utme_requirements":"","subjects":"","institutions_list":"FUT-BABURA"},{"id":"27029","title":"ELECTRICAL ENGINEERING","de_requirements":"","utme_requirements":"","subjects":"","institutions_list":"FUT-BABURA"},{"id":"27022","title":"INDUSTRIAL CHEMISTRY","de_requirements":"","utme_requirements":"","subjects":"","institutions_list":"FUT-BABURA"},{"id":"27023","title":"MATHEMATICS","de_requirements":"","utme_requirements":"","subjects":"","institutions_list":"FUT-BABURA"},{"id":"27030","title":"MECHANICAL ENGINEERING","de_requirements":"","utme_requirements":"","subjects":"","institutions_list":"FUT-BABURA"},{"id":"27026","title":"PHYSICS","de_requirements":"","utme_requirements":"","subjects":"","institutions_list":"FUT-BABURA"},{"id":"27020","title":"SOFTWARE ENGINEERING","de_requirements":"","utme_requirements":"","subjects":"","institutions_list":"FUT-BABURA"}]