[{"id":"26987","title":"CHRISTIAN  RELIGIOUS STUDIES\/POLITICAL SCIENCE","de_requirements":"","utme_requirements":"","subjects":"","institutions_list":"ROYAL-COE"},{"id":"26985","title":"CHRISTIAN RELIGIOUS STUDIES \/ SOCIAL STUDIES","de_requirements":"","utme_requirements":"","subjects":"","institutions_list":"ROYAL-COE"},{"id":"26986","title":"CHRISTIAN RELIGIOUS STUDIES\/ECONOMICS","de_requirements":"","utme_requirements":"","subjects":"","institutions_list":"ROYAL-COE"},{"id":"26989","title":"CHRISTIAN RELIGIOUS STUDIES\/FRENCH","de_requirements":"","utme_requirements":"","subjects":"","institutions_list":"ROYAL-COE"},{"id":"26988","title":"CHRISTIAN RELIGIOUS STUDIES\/YORUBA","de_requirements":"","utme_requirements":"","subjects":"","institutions_list":"ROYAL-COE"},{"id":"26983","title":"COMPUTER SCIENCE EDUCATION\/MATHEMATICS","de_requirements":"","utme_requirements":"","subjects":"","institutions_list":"ROYAL-COE"},{"id":"26994","title":"ENGLISH (DOUBLE MAJOR)","de_requirements":"","utme_requirements":"","subjects":"","institutions_list":"ROYAL-COE"},{"id":"26997","title":"ENGLISH\/CHRISTIAN RELIGIOUS STUDIES","de_requirements":"","utme_requirements":"","subjects":"","institutions_list":"ROYAL-COE"},{"id":"26996","title":"ENGLISH\/ECONOMICS","de_requirements":"","utme_requirements":"","subjects":"","institutions_list":"ROYAL-COE"},{"id":"26999","title":"ENGLISH\/POLITICAL SCIENCE","de_requirements":"","utme_requirements":"","subjects":"","institutions_list":"ROYAL-COE"},{"id":"26998","title":"ENGLISH\/SOCIAL STUDIES","de_requirements":"","utme_requirements":"","subjects":"","institutions_list":"ROYAL-COE"},{"id":"26995","title":"FRENCH (DOUBLE MAJOR)","de_requirements":"","utme_requirements":"","subjects":"","institutions_list":"ROYAL-COE"},{"id":"27005","title":"FRENCH\/ENGLISH","de_requirements":"","utme_requirements":"","subjects":"","institutions_list":"ROYAL-COE"},{"id":"27003","title":"FRENCH\/POLITICAL SCIENCE","de_requirements":"","utme_requirements":"","subjects":"","institutions_list":"ROYAL-COE"},{"id":"27004","title":"FRENCH\/SOCIAL STUDIES","de_requirements":"","utme_requirements":"","subjects":"","institutions_list":"ROYAL-COE"},{"id":"26979","title":"INTEGRATED SCIENCE (DOUBLE MAJOR)","de_requirements":"","utme_requirements":"","subjects":"","institutions_list":"ROYAL-COE"},{"id":"26981","title":"INTEGRATED SCIENCE\/COMPUTER EDUCATION","de_requirements":"","utme_requirements":"","subjects":"","institutions_list":"ROYAL-COE"},{"id":"26980","title":"INTEGRATED SCIENCE\/MATHEMATICS","de_requirements":"","utme_requirements":"","subjects":"","institutions_list":"ROYAL-COE"},{"id":"26982","title":"MATHEMATICS\/ECONOMICS","de_requirements":"","utme_requirements":"","subjects":"","institutions_list":"ROYAL-COE"},{"id":"26978","title":"PRIMARY EDUCATION STUDIES (DOUBLE MAJOR)","de_requirements":"","utme_requirements":"","subjects":"","institutions_list":"ROYAL-COE"},{"id":"26984","title":"SOCIAL STUDIES (DOUBLE MAJOR)","de_requirements":"","utme_requirements":"","subjects":"","institutions_list":"ROYAL-COE"},{"id":"26990","title":"SOCIAL STUDIES\/ECONOMICS","de_requirements":"","utme_requirements":"","subjects":"","institutions_list":"ROYAL-COE"},{"id":"26993","title":"SOCIAL STUDIES\/FRENCH","de_requirements":"","utme_requirements":"","subjects":"","institutions_list":"ROYAL-COE"},{"id":"26991","title":"SOCIAL STUDIES\/POLITICAL SCIENCE","de_requirements":"","utme_requirements":"","subjects":"","institutions_list":"ROYAL-COE"},{"id":"26992","title":"SOCIAL STUDIES\/YORUBA","de_requirements":"","utme_requirements":"","subjects":"","institutions_list":"ROYAL-COE"},{"id":"27000","title":"YORUBA\/ENGLISH","de_requirements":"","utme_requirements":"","subjects":"","institutions_list":"ROYAL-COE"},{"id":"27002","title":"YORUBA\/FRENCH","de_requirements":"","utme_requirements":"","subjects":"","institutions_list":"ROYAL-COE"},{"id":"27001","title":"YORUBA\/POLITICAL SCIENCE","de_requirements":"","utme_requirements":"","subjects":"","institutions_list":"ROYAL-COE"}]