[{"id":"27249","title":"ARABIC\/YORUBA","de_requirements":"","utme_requirements":"","subjects":"","institutions_list":"AL-UMMAH"},{"id":"27241","title":"ENGLISH (DOUBLE MAJOR)","de_requirements":"","utme_requirements":"","subjects":"","institutions_list":"AL-UMMAH"},{"id":"27246","title":"ENGLISH\/ARABIC","de_requirements":"","utme_requirements":"","subjects":"","institutions_list":"AL-UMMAH"},{"id":"27247","title":"ENGLISH\/FRENCH","de_requirements":"","utme_requirements":"","subjects":"","institutions_list":"AL-UMMAH"},{"id":"27243","title":"ENGLISH\/ISLAMIC STUDIES","de_requirements":"","utme_requirements":"","subjects":"","institutions_list":"AL-UMMAH"},{"id":"27245","title":"ENGLISH\/POLITICAL SCIENCE","de_requirements":"","utme_requirements":"","subjects":"","institutions_list":"AL-UMMAH"},{"id":"27244","title":"ENGLISH\/SOCIAL STUDIES","de_requirements":"","utme_requirements":"","subjects":"","institutions_list":"AL-UMMAH"},{"id":"27248","title":"ENGLISH\/YORUBA","de_requirements":"","utme_requirements":"","subjects":"","institutions_list":"AL-UMMAH"},{"id":"27242","title":"FRENCH (DOUBLE MAJOR)","de_requirements":"","utme_requirements":"","subjects":"","institutions_list":"AL-UMMAH"},{"id":"27250","title":"FRENCH\/YORUBA","de_requirements":"","utme_requirements":"","subjects":"","institutions_list":"AL-UMMAH"},{"id":"27233","title":"HISTORY\/ARABIC","de_requirements":"","utme_requirements":"","subjects":"","institutions_list":"AL-UMMAH"},{"id":"27230","title":"HISTORY\/ENGLISH","de_requirements":"","utme_requirements":"","subjects":"","institutions_list":"AL-UMMAH"},{"id":"27231","title":"HISTORY\/FRENCH","de_requirements":"","utme_requirements":"","subjects":"","institutions_list":"AL-UMMAH"},{"id":"27234","title":"HISTORY\/SOCIAL STUDIES","de_requirements":"","utme_requirements":"","subjects":"","institutions_list":"AL-UMMAH"},{"id":"27232","title":"HISTORY\/YORUBA","de_requirements":"","utme_requirements":"","subjects":"","institutions_list":"AL-UMMAH"},{"id":"27251","title":"INTEGRATED SCIENCE (DOUBLE MAJOR)","de_requirements":"","utme_requirements":"","subjects":"","institutions_list":"AL-UMMAH"},{"id":"27252","title":"INTEGRATED SCIENCE\/BIOLOGY","de_requirements":"","utme_requirements":"","subjects":"","institutions_list":"AL-UMMAH"},{"id":"27253","title":"INTEGRATED SCIENCE\/MATHEMATICS","de_requirements":"","utme_requirements":"","subjects":"","institutions_list":"AL-UMMAH"},{"id":"27227","title":"ISLAMIC STUDIES\/ARABIC","de_requirements":"","utme_requirements":"","subjects":"","institutions_list":"AL-UMMAH"},{"id":"27228","title":"ISLAMIC STUDIES\/ECONOMICS","de_requirements":"","utme_requirements":"","subjects":"","institutions_list":"AL-UMMAH"},{"id":"27229","title":"ISLAMIC STUDIES\/HISTORY","de_requirements":"","utme_requirements":"","subjects":"","institutions_list":"AL-UMMAH"},{"id":"27256","title":"ISLAMIC STUDIES\/POLITICAL SCIENCE","de_requirements":"","utme_requirements":"","subjects":"","institutions_list":"AL-UMMAH"},{"id":"27225","title":"ISLAMIC STUDIES\/SOCIAL STUDIES","de_requirements":"","utme_requirements":"","subjects":"","institutions_list":"AL-UMMAH"},{"id":"27226","title":"ISLAMIC STUDIES\/YORUBA","de_requirements":"","utme_requirements":"","subjects":"","institutions_list":"AL-UMMAH"},{"id":"27254","title":"MATHEMATICS\/BIOLOGY","de_requirements":"","utme_requirements":"","subjects":"","institutions_list":"AL-UMMAH"},{"id":"27255","title":"MATHEMATICS\/ECONOMICS","de_requirements":"","utme_requirements":"","subjects":"","institutions_list":"AL-UMMAH"},{"id":"27235","title":"SOCIAL STUDIES (DOUBLE MAJOR)","de_requirements":"","utme_requirements":"","subjects":"","institutions_list":"AL-UMMAH"},{"id":"27236","title":"SOCIAL STUDIES\/ARABIC","de_requirements":"","utme_requirements":"","subjects":"","institutions_list":"AL-UMMAH"},{"id":"27240","title":"SOCIAL STUDIES\/ECONOMICS","de_requirements":"","utme_requirements":"","subjects":"","institutions_list":"AL-UMMAH"},{"id":"27238","title":"SOCIAL STUDIES\/FRENCH","de_requirements":"","utme_requirements":"","subjects":"","institutions_list":"AL-UMMAH"},{"id":"27239","title":"SOCIAL STUDIES\/POLITICAL SCIENCE","de_requirements":"","utme_requirements":"","subjects":"","institutions_list":"AL-UMMAH"},{"id":"27237","title":"SOCIAL STUDIES\/YORUBA","de_requirements":"","utme_requirements":"","subjects":"","institutions_list":"AL-UMMAH"}]