[{"id":"26645","title":"AUDIOLOGY","de_requirements":"","utme_requirements":"","subjects":"","institutions_list":"FUHS-ILA"},{"id":"26639","title":"BIOCHEMISTRY","de_requirements":"","utme_requirements":"","subjects":"","institutions_list":"FUHS-ILA"},{"id":"29289","title":"BIOTECHNOLOGY & MOLECULAR BIOLOGY","de_requirements":"","utme_requirements":"","subjects":"","institutions_list":"FUHS-ILA"},{"id":"29291","title":"DOCTOR OF PHYSIOTHERAPY","de_requirements":"","utme_requirements":"","subjects":"","institutions_list":"FUHS-ILA"},{"id":"29290","title":"ENVIRONMENTAL HEALTH SCIENCE","de_requirements":"","utme_requirements":"","subjects":"","institutions_list":"FUHS-ILA"},{"id":"26644","title":"INFORMATION TECHNOLOGY AND HEALTH INFORMATICS","de_requirements":"","utme_requirements":"","subjects":"","institutions_list":"FUHS-ILA"},{"id":"26642","title":"MEDICAL LABORATORY SCIENCE","de_requirements":"","utme_requirements":"","subjects":"","institutions_list":"FUHS-ILA"},{"id":"26646","title":"MEDICINE & SURGERY","de_requirements":"","utme_requirements":"","subjects":"","institutions_list":"FUHS-ILA"},{"id":"26638","title":"MICROBIOLOGY","de_requirements":"","utme_requirements":"","subjects":"","institutions_list":"FUHS-ILA"},{"id":"26977","title":"MICROBIOLOGY","de_requirements":"","utme_requirements":"","subjects":"","institutions_list":"FUHS-ILA"},{"id":"26643","title":"NURSING SCIENCE","de_requirements":"","utme_requirements":"","subjects":"","institutions_list":"FUHS-ILA"},{"id":"26640","title":"NUTRITION & DIETETICS","de_requirements":"","utme_requirements":"","subjects":"","institutions_list":"FUHS-ILA"},{"id":"26641","title":"PHARMACOLOGY","de_requirements":"","utme_requirements":"","subjects":"","institutions_list":"FUHS-ILA"},{"id":"29288","title":"PROSTHETICS & ORTHOTICS","de_requirements":"","utme_requirements":"","subjects":"","institutions_list":"FUHS-ILA"}]