[{"id":"27295","title":"ARABIC\/HAUSA","de_requirements":"","utme_requirements":"","subjects":"","institutions_list":"JIBWIS-ZUR"},{"id":"27303","title":"COMPUTER SCIENCE \/MATHEMATICS","de_requirements":"","utme_requirements":"","subjects":"","institutions_list":"JIBWIS-ZUR"},{"id":"27301","title":"COMPUTER SCIENCE\/CHEMISTRY","de_requirements":"","utme_requirements":"","subjects":"","institutions_list":"JIBWIS-ZUR"},{"id":"27302","title":"COMPUTER SCIENCE\/PHYSICS","de_requirements":"","utme_requirements":"","subjects":"","institutions_list":"JIBWIS-ZUR"},{"id":"27306","title":"ENGLISH (DOUBLE MAJOR)","de_requirements":"","utme_requirements":"","subjects":"","institutions_list":"JIBWIS-ZUR"},{"id":"27307","title":"ENGLISH (DOUBLE MAJOR)","de_requirements":"","utme_requirements":"","subjects":"","institutions_list":"JIBWIS-ZUR"},{"id":"27311","title":"ENGLISH\/ARABIC","de_requirements":"","utme_requirements":"","subjects":"","institutions_list":"JIBWIS-ZUR"},{"id":"27312","title":"ENGLISH\/ARABIC","de_requirements":"","utme_requirements":"","subjects":"","institutions_list":"JIBWIS-ZUR"},{"id":"27308","title":"ENGLISH\/ECONOMICS","de_requirements":"","utme_requirements":"","subjects":"","institutions_list":"JIBWIS-ZUR"},{"id":"27289","title":"ENGLISH\/HISTORY","de_requirements":"","utme_requirements":"","subjects":"","institutions_list":"JIBWIS-ZUR"},{"id":"27309","title":"ENGLISH\/ISLAMIC STUDIES","de_requirements":"","utme_requirements":"","subjects":"","institutions_list":"JIBWIS-ZUR"},{"id":"27310","title":"ENGLISH\/SOCIAL STUDIES","de_requirements":"","utme_requirements":"","subjects":"","institutions_list":"JIBWIS-ZUR"},{"id":"27315","title":"HAUSA\/ECONOMICS","de_requirements":"","utme_requirements":"","subjects":"","institutions_list":"JIBWIS-ZUR"},{"id":"27313","title":"HAUSA\/ENGLISH","de_requirements":"","utme_requirements":"","subjects":"","institutions_list":"JIBWIS-ZUR"},{"id":"27314","title":"HAUSA\/SOCIAL STUDIES","de_requirements":"","utme_requirements":"","subjects":"","institutions_list":"JIBWIS-ZUR"},{"id":"27290","title":"HISTORY\/ARABIC","de_requirements":"","utme_requirements":"","subjects":"","institutions_list":"JIBWIS-ZUR"},{"id":"27294","title":"HISTORY\/ECONOMICS","de_requirements":"","utme_requirements":"","subjects":"","institutions_list":"JIBWIS-ZUR"},{"id":"27291","title":"HISTORY\/HAUSA","de_requirements":"","utme_requirements":"","subjects":"","institutions_list":"JIBWIS-ZUR"},{"id":"27292","title":"HISTORY\/ISLAMIC STUDIES","de_requirements":"","utme_requirements":"","subjects":"","institutions_list":"JIBWIS-ZUR"},{"id":"27293","title":"HISTORY\/SOCIAL STUDIES","de_requirements":"","utme_requirements":"","subjects":"","institutions_list":"JIBWIS-ZUR"},{"id":"27296","title":"INTEGRATED SCIENCE (DOUBLE MAJOR)","de_requirements":"","utme_requirements":"","subjects":"","institutions_list":"JIBWIS-ZUR"},{"id":"27300","title":"INTEGRATED SCIENCE \/ MATHEMATICS","de_requirements":"","utme_requirements":"","subjects":"","institutions_list":"JIBWIS-ZUR"},{"id":"27297","title":"INTEGRATED SCIENCE\/CHEMISTRY","de_requirements":"","utme_requirements":"","subjects":"","institutions_list":"JIBWIS-ZUR"},{"id":"27299","title":"INTEGRATED SCIENCE\/COMPUTER SCIENCE","de_requirements":"","utme_requirements":"","subjects":"","institutions_list":"JIBWIS-ZUR"},{"id":"27298","title":"INTEGRATED SCIENCE\/PHYSICS","de_requirements":"","utme_requirements":"","subjects":"","institutions_list":"JIBWIS-ZUR"},{"id":"27284","title":"ISLAMIC STUDIES\/ARABIC","de_requirements":"","utme_requirements":"","subjects":"","institutions_list":"JIBWIS-ZUR"},{"id":"27285","title":"ISLAMIC STUDIES\/ECONOMICS","de_requirements":"","utme_requirements":"","subjects":"","institutions_list":"JIBWIS-ZUR"},{"id":"27283","title":"ISLAMIC STUDIES\/HAUSA","de_requirements":"","utme_requirements":"","subjects":"","institutions_list":"JIBWIS-ZUR"},{"id":"27282","title":"ISLAMIC STUDIES\/SOCIAL STUDIES","de_requirements":"","utme_requirements":"","subjects":"","institutions_list":"JIBWIS-ZUR"},{"id":"27304","title":"MATHEMATICS\/CHEMISTRY","de_requirements":"","utme_requirements":"","subjects":"","institutions_list":"JIBWIS-ZUR"},{"id":"27305","title":"MATHEMATICS\/PHYSICS","de_requirements":"","utme_requirements":"","subjects":"","institutions_list":"JIBWIS-ZUR"},{"id":"27286","title":"SOCIAL STUDIES (DOUBLE MAJOR)","de_requirements":"","utme_requirements":"","subjects":"","institutions_list":"JIBWIS-ZUR"},{"id":"27287","title":"SOCIAL STUDIES\/ARABIC","de_requirements":"","utme_requirements":"","subjects":"","institutions_list":"JIBWIS-ZUR"},{"id":"27288","title":"SOCIAL STUDIES\/ECONOMICS","de_requirements":"","utme_requirements":"","subjects":"","institutions_list":"JIBWIS-ZUR"}]