[{"id":"27268","title":"ARABIC\/HAUSA","de_requirements":"","utme_requirements":"","subjects":"","institutions_list":"AHLUS-COE"},{"id":"27276","title":"COMPUTER SCIENCE \/ MATHEMATICS","de_requirements":"","utme_requirements":"","subjects":"","institutions_list":"AHLUS-COE"},{"id":"27277","title":"COMPUTER SCIENCE\/BIOLOGY","de_requirements":"","utme_requirements":"","subjects":"","institutions_list":"AHLUS-COE"},{"id":"27274","title":"COMPUTER SCIENCE\/CHEMISTRY","de_requirements":"","utme_requirements":"","subjects":"","institutions_list":"AHLUS-COE"},{"id":"27275","title":"COMPUTER SCIENCE\/PHYSICS","de_requirements":"","utme_requirements":"","subjects":"","institutions_list":"AHLUS-COE"},{"id":"27262","title":"ENGLISH (DOUBLE MAJOR)","de_requirements":"","utme_requirements":"","subjects":"","institutions_list":"AHLUS-COE"},{"id":"27265","title":"ENGLISH\/ARABIC","de_requirements":"","utme_requirements":"","subjects":"","institutions_list":"AHLUS-COE"},{"id":"27263","title":"ENGLISH\/ISLAMIC STUDIES","de_requirements":"","utme_requirements":"","subjects":"","institutions_list":"AHLUS-COE"},{"id":"27266","title":"HAUSA\/ENGLISH","de_requirements":"","utme_requirements":"","subjects":"","institutions_list":"AHLUS-COE"},{"id":"27267","title":"HAUSA\/SOCIAL STUDIES","de_requirements":"","utme_requirements":"","subjects":"","institutions_list":"AHLUS-COE"},{"id":"27269","title":"INTEGRATED SCIENCE  (DOUBLE MAJOR)","de_requirements":"","utme_requirements":"","subjects":"","institutions_list":"AHLUS-COE"},{"id":"27273","title":"INTEGRATED SCIENCE\/BIOLOGY","de_requirements":"","utme_requirements":"","subjects":"","institutions_list":"AHLUS-COE"},{"id":"27270","title":"INTEGRATED SCIENCE\/CHEMISTRY","de_requirements":"","utme_requirements":"","subjects":"","institutions_list":"AHLUS-COE"},{"id":"27272","title":"INTEGRATED SCIENCE\/COMPUTER SCIENCE","de_requirements":"","utme_requirements":"","subjects":"","institutions_list":"AHLUS-COE"},{"id":"27271","title":"INTEGRATED SCIENCE\/PHYSICS","de_requirements":"","utme_requirements":"","subjects":"","institutions_list":"AHLUS-COE"},{"id":"27259","title":"ISLAMIC STUDIES\/ARABIC","de_requirements":"","utme_requirements":"","subjects":"","institutions_list":"AHLUS-COE"},{"id":"27258","title":"ISLAMIC STUDIES\/HAUSA","de_requirements":"","utme_requirements":"","subjects":"","institutions_list":"AHLUS-COE"},{"id":"27257","title":"ISLAMIC STUDIES\/SOCIAL STUDIES","de_requirements":"","utme_requirements":"","subjects":"","institutions_list":"AHLUS-COE"},{"id":"27280","title":"MATHEMATICS\/BIOLOGY","de_requirements":"","utme_requirements":"","subjects":"","institutions_list":"AHLUS-COE"},{"id":"27278","title":"MATHEMATICS\/CHEMISTRY","de_requirements":"","utme_requirements":"","subjects":"","institutions_list":"AHLUS-COE"},{"id":"27281","title":"MATHEMATICS\/INTEGRATED SCIENCE","de_requirements":"","utme_requirements":"","subjects":"","institutions_list":"AHLUS-COE"},{"id":"27279","title":"MATHEMATICS\/PHYSICS","de_requirements":"","utme_requirements":"","subjects":"","institutions_list":"AHLUS-COE"},{"id":"27260","title":"SOCIAL STUDIES (DOUBLE MAJOR)","de_requirements":"","utme_requirements":"","subjects":"","institutions_list":"AHLUS-COE"},{"id":"27261","title":"SOCIAL STUDIES\/ARABIC","de_requirements":"","utme_requirements":"","subjects":"","institutions_list":"AHLUS-COE"},{"id":"27264","title":"SOCIAL STUDIES\/ENGLISH","de_requirements":"","utme_requirements":"","subjects":"","institutions_list":"AHLUS-COE"}]