[{"id":"27059","title":"APPLIED MICROBIOLOGY AND BREWING","de_requirements":"","utme_requirements":"","subjects":"","institutions_list":"SUMAS"},{"id":"27054","title":"ARCHITECTURE","de_requirements":"","utme_requirements":"","subjects":"","institutions_list":"SUMAS"},{"id":"27058","title":"BIOCHEMISTRY","de_requirements":"","utme_requirements":"","subjects":"","institutions_list":"SUMAS"},{"id":"27048","title":"BIOMEDICAL ENGINEERING","de_requirements":"","utme_requirements":"","subjects":"","institutions_list":"SUMAS"},{"id":"27049","title":"CHEMICAL ENGINEERING","de_requirements":"","utme_requirements":"","subjects":"","institutions_list":"SUMAS"},{"id":"27053","title":"CIVIL ENGINEERING","de_requirements":"","utme_requirements":"","subjects":"","institutions_list":"SUMAS"},{"id":"27052","title":"COMPUTER ENGINEERING","de_requirements":"","utme_requirements":"","subjects":"","institutions_list":"SUMAS"},{"id":"27060","title":"COMPUTER SCIENCE","de_requirements":"","utme_requirements":"","subjects":"","institutions_list":"SUMAS"},{"id":"27047","title":"DOCTOR OF PHARMACY","de_requirements":"","utme_requirements":"","subjects":"","institutions_list":"SUMAS"},{"id":"27046","title":"DOCTOR OF PHYSIOTHERAPY","de_requirements":"","utme_requirements":"","subjects":"","institutions_list":"SUMAS"},{"id":"27051","title":"ELECTRICAL AND ELECTRONICS ENGINEERING","de_requirements":"","utme_requirements":"","subjects":"","institutions_list":"SUMAS"},{"id":"27057","title":"GENETICS AND BIOTECHNOLOGY","de_requirements":"","utme_requirements":"","subjects":"","institutions_list":"SUMAS"},{"id":"27040","title":"HUMAN ANATOMY","de_requirements":"","utme_requirements":"","subjects":"","institutions_list":"SUMAS"},{"id":"27041","title":"HUMAN PHYSIOLOGY","de_requirements":"","utme_requirements":"","subjects":"","institutions_list":"SUMAS"},{"id":"27061","title":"INFORMATION & COMMUNICATION TECHNOLOGY","de_requirements":"","utme_requirements":"","subjects":"","institutions_list":"SUMAS"},{"id":"27050","title":"MECHANICAL ENGINEERING","de_requirements":"","utme_requirements":"","subjects":"","institutions_list":"SUMAS"},{"id":"27044","title":"MEDICAL LABORATORY SCIENCE","de_requirements":"","utme_requirements":"","subjects":"","institutions_list":"SUMAS"},{"id":"27039","title":"MEDICINE AND SURGERY","de_requirements":"","utme_requirements":"","subjects":"","institutions_list":"SUMAS"},{"id":"27056","title":"MOLECULAR BIOLOGY","de_requirements":"","utme_requirements":"","subjects":"","institutions_list":"SUMAS"},{"id":"27042","title":"NURSING SCIENCE","de_requirements":"","utme_requirements":"","subjects":"","institutions_list":"SUMAS"},{"id":"27043","title":"NUTRITION AND DIETETICS","de_requirements":"","utme_requirements":"","subjects":"","institutions_list":"SUMAS"},{"id":"27055","title":"QUANTITY SURVEYING","de_requirements":"","utme_requirements":"","subjects":"","institutions_list":"SUMAS"},{"id":"27045","title":"RADIOGRAPHY","de_requirements":"","utme_requirements":"","subjects":"","institutions_list":"SUMAS"}]