[{"id":"27106","title":"COMPUTER ENGINEERING TECHNOLOGY","de_requirements":"","utme_requirements":"","subjects":"","institutions_list":"HOPE-POLY"},{"id":"27104","title":"COMPUTER SCIENCE","de_requirements":"","utme_requirements":"","subjects":"","institutions_list":"HOPE-POLY"},{"id":"27107","title":"ELECTRICAL\/ELECTRONIC ENGINEERING","de_requirements":"","utme_requirements":"","subjects":"","institutions_list":"HOPE-POLY"},{"id":"27105","title":"STATISTICS","de_requirements":"","utme_requirements":"","subjects":"","institutions_list":"HOPE-POLY"}]