[{"id":"27387","title":"Business Administration and Management","de_requirements":"","utme_requirements":"","subjects":"","institutions_list":""},{"id":"27389","title":"Computer Engineering Technology","de_requirements":"","utme_requirements":"","subjects":"","institutions_list":""},{"id":"27388","title":"Computer Science","de_requirements":"","utme_requirements":"","subjects":"","institutions_list":""},{"id":"27390","title":"Electrical\/Electronics Engineering Technology","de_requirements":"","utme_requirements":"","subjects":"","institutions_list":""}]