[{"id":"4121","title":"AGRICULTURAL EDUCATION(DOUBLE MAJOR)","de_requirements":"","utme_requirements":"<p><span>SSC credit passes in English Language and\r\nany three (3) of <\/span><\/p><p><span>&nbsp;<\/span><\/p><p><span>1. Agricultural Science<\/span><\/p><p><span>2. Mathematics <\/span><\/p><p><span>3. Chemistry<\/span><\/p><p><span>4. Biology<\/span><\/p><p><span>5. Health Science<\/span><\/p><p><span>6. Integrated\/Rural Science<\/span><\/p><p><span>7. Physics<\/span><\/p><p><span>8. Nature Study and<\/span><\/p><p><span>9. General Science.<\/span><\/p><p><span>&nbsp;<\/span><\/p><p><b><span>NB<\/span><\/b><\/p><p><b><span>GROUP A:<\/span><\/b><span><\/span><\/p><p><span>1. Agricultural Science<\/span><\/p><p><span>2. Biology<\/span><\/p><p><span>3. Nutrition<\/span><\/p><p><span>4. Health Science.<\/span><\/p><p><span>5. Applied Biology<\/span><\/p><p><span>&nbsp;<\/span><\/p><p><b><span>GROUP B:<\/span><\/b><span><\/span><\/p><p><span>1. Physics<\/span><\/p><p><span>2. Chemistry<\/span><\/p><p><span>3. Mathematics<\/span><\/p><p><span>4.Basic Mathematics\/Arithmetic Process<\/span><\/p><p><span>5. Economics<\/span><\/p><p><span>6. Geography<\/span><\/p><p><span>7. Social Studies<\/span><\/p><p><span>8. Integrated Science<\/span><\/p><p>\r\n\r\n\r\n\r\n\r\n\r\n\r\n\r\n\r\n\r\n\r\n\r\n\r\n\r\n\r\n\r\n\r\n\r\n\r\n\r\n\r\n\r\n\r\n\r\n\r\n\r\n\r\n\r\n\r\n\r\n\r\n\r\n\r\n\r\n\r\n\r\n\r\n\r\n\r\n\r\n\r\n\r\n\r\n\r\n\r\n\r\n\r\n\r\n\r\n\r\n\r\n\r\n\r\n\r\n\r\n\r\n\r\n\r\n<\/p><p><span>9. General Science<\/span><\/p>","subjects":"Agricultural Science, Chemistry, Biology\/General Science or Mathematics.","institutions_list":"BOCOE"},{"id":"4123","title":"ARABIC MEDIUM","de_requirements":"","utme_requirements":"<p><span>SSC credit passes to include\r\nEnglish Language, Mathematics, Arabic, Christian Religious Studies\/Islamic\r\nStudies and any other subjects.<\/span><\/p>","subjects":"Arabic and two (2) subjects from Arts\/Social Science ","institutions_list":"BOCOE"},{"id":"4120","title":"BUSINESS EDUCATION (DOUBLE MAJOR)","de_requirements":"","utme_requirements":"<p><span>SSC credit passes or TC II merits in English\r\nLanguage and any three (3) of:<\/span><\/p><p><span>1. Economics<\/span><\/p><p><span>2. Accounts<\/span><\/p><p><span>3. Government<\/span><\/p><p><span>4. Geography<\/span><\/p><p><span>5. History<\/span><\/p><p><span>6. Business Method<\/span><\/p><p><span>7. Statistics<\/span><\/p><p><span>8. Commerce<\/span><\/p><p><span>9. Any Science subjects <\/span><\/p><p><span>&nbsp;<\/span><\/p><p><b><span>NB: GROUP A:<\/span><\/b><span><\/span><\/p><p><span>Commercial Arithmetic\r\nCosting, Principles of Accounts, Book Keeping Mathematics, Statistics.<\/span><\/p><p><span>&nbsp;<\/span><\/p><p><b><span>GROUP B:<\/span><\/b><span><\/span><\/p><p>\r\n\r\n\r\n\r\n\r\n\r\n\r\n\r\n\r\n\r\n\r\n\r\n\r\n\r\n\r\n\r\n\r\n\r\n\r\n\r\n\r\n\r\n\r\n\r\n\r\n\r\n\r\n\r\n\r\n\r\n<\/p><p><span>Office Practice, Business\r\nMethod, Commerce, Economics.<\/span><\/p>","subjects":"Mathematics, Economics and any of Geography, Commerce and Principles of Accounts.","institutions_list":"BOCOE"},{"id":"4125","title":"COMPUTER EDUCATION\/BIOLOGY","de_requirements":"","utme_requirements":"<p><span>Five (5) SSC credit passes in English Language, Mathematics, Physics, Biology\/Integrated Science and any other Science subject.<\/span><span><\/span><\/p>","subjects":"Biology and any two (2) of Chemistry, Mathematics and Physics","institutions_list":"BOCOE"},{"id":"4124","title":"COMPUTER EDUCATION\/ECONOMICS","de_requirements":"","utme_requirements":"<p><span>Five (5) SSC credit passes in English Language, Mathematics, Economics, Physics and any other Science\/Social Science subject.<\/span><span><\/span><\/p>","subjects":"Any three (3) of Economics, Mathematics\/Physics and Chemistry.","institutions_list":"BOCOE"},{"id":"4128","title":"COMPUTER EDUCATION\/INTEGRATED SCIENCE","de_requirements":"","utme_requirements":"<p><span>Five (5) SSC credit passes in English Language, Mathematics, Physics and any other two (2) Science subjects.<\/span><span><\/span><\/p>","subjects":"Mathematics, Physics and any other Science subject.","institutions_list":"BOCOE"},{"id":"4127","title":"COMPUTER EDUCATION\/MATHEMATICS","de_requirements":"","utme_requirements":"<p><span>Five (5) SSC credit passes in English Language, Mathematics, Physics and any other two (2) Science subjects.<\/span>&nbsp;&nbsp;&nbsp;&nbsp;<span><\/span><\/p>","subjects":"Mathematics, Physics and any other Science subject.","institutions_list":"BOCOE"},{"id":"4116","title":"ENGLISH(DOUBLE MAJOR)","de_requirements":"","utme_requirements":"<p><span>Five (5) SSC credit passes in\r\nEnglish Language, Mathematics, Literature in English and any other two (2) Arts\r\nsubjects.<\/span><\/p>","subjects":"Literature in English and any two (2) Arts subjects.","institutions_list":"BOCOE"},{"id":"4118","title":"INTEGRATED SCIENCE  (DOUBLE MAJOR)","de_requirements":"","utme_requirements":"<p><span>Five (5) SSC credit\r\npasses in English Language, Mathematics, Government\/History and two (2) Social Science\r\nsubjects.<\/span><\/p>","subjects":"Government\/History and two (2) of Social Science subjects.","institutions_list":"BOCOE"},{"id":"4129","title":"INTEGRATED SCIENCE\/BIOLOGY","de_requirements":"","utme_requirements":"<p><span>Five (5) SSC credit\r\npasses in English Language, Mathematics, Biology, Chemistry\/Physics and any\r\nother Science subject.<\/span><\/p>","subjects":"Biology, Chemistry\/Physics and any other Science subject.","institutions_list":"BOCOE"},{"id":"4130","title":"MATHEMATICS\/BIOLOGY","de_requirements":"","utme_requirements":"<p><span>Five (5) SSC credit\r\npasses, in English Language, Mathematics, Biology, and any other two (2)\r\nScience subjects.<\/span><\/p>","subjects":"Mathematics, Biology and any other Science subject.","institutions_list":"BOCOE"},{"id":"4114","title":"MATHEMATICS\/ECONOMICS","de_requirements":"","utme_requirements":"<p><span>Five (5) SSC credit passes in\r\nEnglish Language, Mathematics, Economics and any other two (2) Social Science\r\nsubject.<\/span><\/p>","subjects":"Economics, Mathematics and any other Social Science\/Science subject.","institutions_list":"BOCOE"},{"id":"4126","title":"MATHEMATICS\/INTEGRATED SCIENCE","de_requirements":"","utme_requirements":"<p><span>Five (5) SSC credit passes in English Language, Mathematics, Physics, Biology\/Chemistry and any other Science subject.<\/span>&nbsp;&nbsp;&nbsp;&nbsp;<span><\/span><\/p>","subjects":"Any three (3) of Mathematics, Biology, Physics, Chemistry. ","institutions_list":"BOCOE"},{"id":"4122","title":"SOCIAL STUDIES(DOUBLE MAJOR)","de_requirements":"","utme_requirements":"<p><span>Five (5) SSC credit\r\npasses in English Language, Mathematics and any three (3) of the following<\/span><\/p><p><span>1. Biology\/Agricultural\r\nScience<\/span><\/p><p><span>2. Chemistry<\/span><\/p><p><span>3. Physics and<\/span><\/p><p>\r\n\r\n\r\n\r\n\r\n\r\n\r\n\r\n<\/p><p><span>4. General Science<\/span><\/p>","subjects":"Mathematics and any two (2) of: Biology, Physics and Chemistry.","institutions_list":"BOCOE"},{"id":"4115","title":"SOCIAL STUDIES\/ECONOMICS","de_requirements":"","utme_requirements":"<p><span>Five (5) SSC credit passes in\r\nEnglish Language, Mathematics, Economics, Government\/History and any other\r\nSocial Science subject.<\/span><\/p>","subjects":"Economics, History\/Government and any other Social Science subject.","institutions_list":"BOCOE"},{"id":"4117","title":"SOCIAL STUDIES\/GEOGRAPHY","de_requirements":"","utme_requirements":"<p><span>Five (5) SSC credit\r\npasses in English Language, Mathematics, Geography and two (2) of\r\nGovernment\/History, Christian Religious Studies\/Christian Religious Studies,\r\nEconomics.<\/span><\/p>","subjects":"Geography and two (2) of Economics, Government\/History, Christian Religious Studies\/Islamic Studies.","institutions_list":"BOCOE"},{"id":"4119","title":"SOCIAL STUDIES\/HISTORY","de_requirements":"","utme_requirements":"<table>\r\n <tbody><tr>\r\n  <td>\r\n  <p><span>Five (5) SSC\r\n  credit passes in English Language, Mathematics, History and any two (2) of\r\n  Geography, Government, Economics and Christian Religious Studies\/Islamic\r\n  Studies.<\/span><\/p>\r\n  <\/td>\r\n <\/tr>\r\n<\/tbody><\/table>","subjects":"History and any one (1)  Arts and one (1)  Social Science subject.","institutions_list":"BOCOE"}]