[{"id":"27396","title":"Computer Engineering Technology","de_requirements":"","utme_requirements":"","subjects":"","institutions_list":""},{"id":"27394","title":"Computer Science","de_requirements":"","utme_requirements":"","subjects":"","institutions_list":""},{"id":"27397","title":"Electrical\/Electronics Engineering Technology","de_requirements":"","utme_requirements":"","subjects":"","institutions_list":""},{"id":"27395","title":"Statistics","de_requirements":"","utme_requirements":"","subjects":"","institutions_list":""}]