[{"id":"27451","title":"Computer Hardware Engineering Technology","de_requirements":"","utme_requirements":"","subjects":"","institutions_list":""},{"id":"27577","title":"COMPUTER HARDWARE ENGINEERING TECHNOLOGY","de_requirements":"","utme_requirements":"","subjects":"","institutions_list":""},{"id":"27450","title":"Computer Software Engineering","de_requirements":"","utme_requirements":"","subjects":"","institutions_list":""},{"id":"27558","title":"COMPUTER SOFTWARE ENGINEERING","de_requirements":"","utme_requirements":"","subjects":"","institutions_list":""}]