[{"id":"27457","title":"Accountancy","de_requirements":"","utme_requirements":"","subjects":"","institutions_list":"UNIPOLY"},{"id":"27529","title":"ACCOUNTANCY","de_requirements":"","utme_requirements":"","subjects":"","institutions_list":"UNIPOLY"},{"id":"27458","title":"Business Administration and Management","de_requirements":"","utme_requirements":"","subjects":"","institutions_list":"UNIPOLY"},{"id":"27530","title":"BUSINESS ADMINISTRATION AND MANAGEMENT","de_requirements":"","utme_requirements":"","subjects":"","institutions_list":"UNIPOLY"},{"id":"27455","title":"Computer Science","de_requirements":"","utme_requirements":"","subjects":"","institutions_list":"UNIPOLY"},{"id":"27528","title":"COMPUTER SCIENCE","de_requirements":"","utme_requirements":"","subjects":"","institutions_list":"UNIPOLY"},{"id":"27531","title":"ELECTRICAL\/ELECTRONIC ENGINEERING TECHNOLOGY","de_requirements":"","utme_requirements":"","subjects":"","institutions_list":"UNIPOLY"},{"id":"27456","title":"Electrical\/Electronics Engineering Technology","de_requirements":"","utme_requirements":"","subjects":"","institutions_list":"UNIPOLY"}]