[{"id":"27465","title":"Business Administration and Management","de_requirements":"","utme_requirements":"","subjects":"","institutions_list":"PARAMOUNT"},{"id":"27527","title":"BUSINESS ADMINISTRATION AND MANAGEMENT","de_requirements":"","utme_requirements":"","subjects":"","institutions_list":"PARAMOUNT"},{"id":"27463","title":"Computer Engineering Technology","de_requirements":"","utme_requirements":"","subjects":"","institutions_list":"PARAMOUNT"},{"id":"27525","title":"COMPUTER ENGINEERING TECHNOLOGY","de_requirements":"","utme_requirements":"","subjects":"","institutions_list":"PARAMOUNT"},{"id":"27462","title":"Computer Science","de_requirements":"","utme_requirements":"","subjects":"","institutions_list":"PARAMOUNT"},{"id":"27524","title":"COMPUTER SCIENCE","de_requirements":"","utme_requirements":"","subjects":"","institutions_list":"PARAMOUNT"},{"id":"27526","title":"ELECTRICAL\/ELECTRONIC ENGINEERING TECHNOLOGY","de_requirements":"","utme_requirements":"","subjects":"","institutions_list":"PARAMOUNT"},{"id":"27464","title":"Electrical\/Electronics Engineering Technology","de_requirements":"","utme_requirements":"","subjects":"","institutions_list":"PARAMOUNT"}]