[{"id":"27470","title":"Computer Engineering Technology","de_requirements":"","utme_requirements":"","subjects":"","institutions_list":"HARVARD-POLY"},{"id":"27520","title":"COMPUTER ENGINEERING TECHNOLOGY","de_requirements":"","utme_requirements":"","subjects":"","institutions_list":"HARVARD-POLY"},{"id":"27469","title":"Computer Science","de_requirements":"","utme_requirements":"","subjects":"","institutions_list":"HARVARD-POLY"},{"id":"27519","title":"COMPUTER SCIENCE","de_requirements":"","utme_requirements":"","subjects":"","institutions_list":"HARVARD-POLY"},{"id":"27522","title":"ELECTRICAL\/ELECTRONIC ENGINEERING TECHNOLOGY","de_requirements":"","utme_requirements":"","subjects":"","institutions_list":"HARVARD-POLY"},{"id":"27472","title":"Electrical\/Electronics Engineering Technology","de_requirements":"","utme_requirements":"","subjects":"","institutions_list":"HARVARD-POLY"},{"id":"27471","title":"Public Administration","de_requirements":"","utme_requirements":"","subjects":"","institutions_list":"HARVARD-POLY"},{"id":"27521","title":"PUBLIC ADMINISTRATION","de_requirements":"","utme_requirements":"","subjects":"","institutions_list":"HARVARD-POLY"},{"id":"27523","title":"PUBLIC ADMINSTRATION","de_requirements":"","utme_requirements":"","subjects":"","institutions_list":"HARVARD-POLY"}]