[{"id":"27481","title":"Accountancy","de_requirements":"","utme_requirements":"","subjects":"","institutions_list":"DISTINCT-POLY"},{"id":"27544","title":"ACCOUNTANCY","de_requirements":"","utme_requirements":"","subjects":"","institutions_list":"DISTINCT-POLY"},{"id":"27543","title":"BUSINESS ADMINISTRATION","de_requirements":"","utme_requirements":"","subjects":"","institutions_list":"DISTINCT-POLY"},{"id":"27480","title":"Business Administration and Management","de_requirements":"","utme_requirements":"","subjects":"","institutions_list":"DISTINCT-POLY"},{"id":"27477","title":"Computer Engineering Technology","de_requirements":"","utme_requirements":"","subjects":"","institutions_list":"DISTINCT-POLY"},{"id":"27540","title":"COMPUTER ENGINEERING TECHNOLOGY","de_requirements":"","utme_requirements":"","subjects":"","institutions_list":"DISTINCT-POLY"},{"id":"27476","title":"Computer Science","de_requirements":"","utme_requirements":"","subjects":"","institutions_list":"DISTINCT-POLY"},{"id":"27539","title":"COMPUTER SCIENCE","de_requirements":"","utme_requirements":"","subjects":"","institutions_list":"DISTINCT-POLY"},{"id":"27541","title":"ELECTRICAL\/ELECTRONIC ENGINEERING TECHNOLOGY","de_requirements":"","utme_requirements":"","subjects":"","institutions_list":"DISTINCT-POLY"},{"id":"27478","title":"Electrical\/Electronics Engineering Technology","de_requirements":"","utme_requirements":"","subjects":"","institutions_list":"DISTINCT-POLY"},{"id":"27479","title":"Statistics","de_requirements":"","utme_requirements":"","subjects":"","institutions_list":"DISTINCT-POLY"},{"id":"27542","title":"STATISTICS","de_requirements":"","utme_requirements":"","subjects":"","institutions_list":"DISTINCT-POLY"}]