[{"id":"27487","title":"Accountancy","de_requirements":"","utme_requirements":"","subjects":"","institutions_list":"BRITISH-POLY"},{"id":"27518","title":"ACCOUNTANCY","de_requirements":"","utme_requirements":"","subjects":"","institutions_list":"BRITISH-POLY"},{"id":"27484","title":"Computer Engineering Technology","de_requirements":"","utme_requirements":"","subjects":"","institutions_list":"BRITISH-POLY"},{"id":"27515","title":"COMPUTER ENGINEERING TECHNOLOGY","de_requirements":"","utme_requirements":"","subjects":"","institutions_list":"BRITISH-POLY"},{"id":"27483","title":"Computer Science","de_requirements":"","utme_requirements":"","subjects":"","institutions_list":"BRITISH-POLY"},{"id":"27514","title":"COMPUTER SCIENCE","de_requirements":"","utme_requirements":"","subjects":"","institutions_list":"BRITISH-POLY"},{"id":"27516","title":"ELECTRICAL\/ELECTRONIC ENGINEERING TECHNOLOGY","de_requirements":"","utme_requirements":"","subjects":"","institutions_list":"BRITISH-POLY"},{"id":"27485","title":"Electrical\/Electronics Engineering Technology","de_requirements":"","utme_requirements":"","subjects":"","institutions_list":"BRITISH-POLY"},{"id":"27486","title":"Statistics","de_requirements":"","utme_requirements":"","subjects":"","institutions_list":"BRITISH-POLY"},{"id":"27517","title":"STATISTICS","de_requirements":"","utme_requirements":"","subjects":"","institutions_list":"BRITISH-POLY"}]