[{"id":"27490","title":"Computer Science","de_requirements":"","utme_requirements":"","subjects":"","institutions_list":"JOEMARINE"},{"id":"27510","title":"COMPUTER SCIENCE","de_requirements":"","utme_requirements":"","subjects":"","institutions_list":"JOEMARINE"},{"id":"27493","title":"Marine Meteorology and Coastal Management","de_requirements":"","utme_requirements":"","subjects":"","institutions_list":"JOEMARINE"},{"id":"27513","title":"MARINE METEOROLOGY AND COASTAL MANAGEMENT","de_requirements":"","utme_requirements":"","subjects":"","institutions_list":"JOEMARINE"},{"id":"27492","title":"Marine Transport and Business Studies","de_requirements":"","utme_requirements":"","subjects":"","institutions_list":"JOEMARINE"},{"id":"27512","title":"MARINE TRANSPORT AND BUSINESS STUDIES","de_requirements":"","utme_requirements":"","subjects":"","institutions_list":"JOEMARINE"},{"id":"27491","title":"Nautical","de_requirements":"","utme_requirements":"","subjects":"","institutions_list":"JOEMARINE"},{"id":"27511","title":"NAUTICAL SCIENCES","de_requirements":"","utme_requirements":"","subjects":"","institutions_list":"JOEMARINE"}]