[{"id":"27497","title":"Agricultural Technology","de_requirements":"","utme_requirements":"","subjects":"","institutions_list":"USTEEM"},{"id":"27534","title":"AGRICULTURAL TECHNOLOGY","de_requirements":"","utme_requirements":"","subjects":"","institutions_list":"USTEEM"},{"id":"27536","title":"AGRICULTURAL TECHNOLOGY","de_requirements":"","utme_requirements":"","subjects":"","institutions_list":"USTEEM"},{"id":"27499","title":"Animal Health and Production Technology","de_requirements":"","utme_requirements":"","subjects":"","institutions_list":"USTEEM"},{"id":"27538","title":"ANIMAL HEALTH AND PRODUCTION TECHNOLOGY","de_requirements":"","utme_requirements":"","subjects":"","institutions_list":"USTEEM"},{"id":"27498","title":"Home and Rural Economics","de_requirements":"","utme_requirements":"","subjects":"","institutions_list":"USTEEM"},{"id":"27535","title":"HOME AND RURAL ECONOMICS","de_requirements":"","utme_requirements":"","subjects":"","institutions_list":"USTEEM"},{"id":"27537","title":"HOME AND RURAL ECONOMICS","de_requirements":"","utme_requirements":"","subjects":"","institutions_list":"USTEEM"}]