[{"id":"27632","title":"ACCOUNTANCY","de_requirements":"","utme_requirements":"","subjects":"","institutions_list":"FEDPO-MONGUNO"},{"id":"27634","title":"AGRICULTURAL & BIO-ENVIRONMENTAL  ENGINEERING TECHNOLOGY","de_requirements":"","utme_requirements":"","subjects":"","institutions_list":"FEDPO-MONGUNO"},{"id":"27633","title":"BUSINESS ADMINISTRATION AND MANAGEMENT","de_requirements":"","utme_requirements":"","subjects":"","institutions_list":"FEDPO-MONGUNO"},{"id":"27635","title":"CIVIL ENGINEERING TECHNOLOGY","de_requirements":"","utme_requirements":"","subjects":"","institutions_list":"FEDPO-MONGUNO"},{"id":"27636","title":"ELECTRICAL\/ELECTRONICS ENGINEERING TECHNOLOGY","de_requirements":"","utme_requirements":"","subjects":"","institutions_list":"FEDPO-MONGUNO"},{"id":"27637","title":"MECHANICAL ENGINEERING TECHNOLOGY","de_requirements":"","utme_requirements":"","subjects":"","institutions_list":"FEDPO-MONGUNO"},{"id":"27639","title":"SCIENCE LABORATORY TECHNOLOGY","de_requirements":"","utme_requirements":"","subjects":"","institutions_list":"FEDPO-MONGUNO"},{"id":"27638","title":"STATISTICS","de_requirements":"","utme_requirements":"","subjects":"","institutions_list":"FEDPO-MONGUNO"}]