[{"id":"27659","title":"Boat and Ship Building Technology","de_requirements":"","utme_requirements":"","subjects":"","institutions_list":""},{"id":"27664","title":"Computer Engineering Technology","de_requirements":"","utme_requirements":"","subjects":"","institutions_list":""},{"id":"27667","title":"Computer Science","de_requirements":"","utme_requirements":"","subjects":"","institutions_list":""},{"id":"27665","title":"Electrical\/Electronics Engineering Technology","de_requirements":"","utme_requirements":"","subjects":"","institutions_list":""},{"id":"27658","title":"Estate Management and Valuation","de_requirements":"","utme_requirements":"","subjects":"","institutions_list":""},{"id":"27661","title":"Industrial Safety and Environmental Engineering Technology","de_requirements":"","utme_requirements":"","subjects":"","institutions_list":""},{"id":"27660","title":"Marine Engineering Technology","de_requirements":"","utme_requirements":"","subjects":"","institutions_list":""},{"id":"27654","title":"Maritime Transport and Business Studies","de_requirements":"","utme_requirements":"","subjects":"","institutions_list":""},{"id":"27668","title":"Marketing","de_requirements":"","utme_requirements":"","subjects":"","institutions_list":""},{"id":"27662","title":"Mechanical Engineering Technology","de_requirements":"","utme_requirements":"","subjects":"","institutions_list":""},{"id":"27655","title":"Nautical Science","de_requirements":"","utme_requirements":"","subjects":"","institutions_list":""},{"id":"27663","title":"Petroleum and Gas Processing Engineering Technology","de_requirements":"","utme_requirements":"","subjects":"","institutions_list":""},{"id":"27666","title":"Science Laboratory Technology","de_requirements":"","utme_requirements":"","subjects":"","institutions_list":""},{"id":"27657","title":"Surveying and Geo-Informatics","de_requirements":"","utme_requirements":"","subjects":"","institutions_list":""},{"id":"27656","title":"Urban and Regional Planning","de_requirements":"","utme_requirements":"","subjects":"","institutions_list":""}]