[{"id":"27669","title":"ACCOUNTANCY","de_requirements":"","utme_requirements":"","subjects":"","institutions_list":"JICORAS"},{"id":"27671","title":"BUSINESS ADMINISTRATION AND MANAGEMENT","de_requirements":"","utme_requirements":"","subjects":"","institutions_list":"JICORAS"},{"id":"27675","title":"COMPUTER SCIENCE","de_requirements":"","utme_requirements":"","subjects":"","institutions_list":"JICORAS"},{"id":"27670","title":"CRIME MANAGEMENT","de_requirements":"","utme_requirements":"","subjects":"","institutions_list":"JICORAS"},{"id":"27672","title":"LIBRARY AND INFORMATION SCIENCE","de_requirements":"","utme_requirements":"","subjects":"","institutions_list":"JICORAS"},{"id":"27674","title":"PUBLIC ADMINISTRATION","de_requirements":"","utme_requirements":"","subjects":"","institutions_list":"JICORAS"},{"id":"27673","title":"SOCIAL DEVELOPMENT","de_requirements":"","utme_requirements":"","subjects":"","institutions_list":"JICORAS"}]