[{"id":"27684","title":"COMMUNITY HEALTH","de_requirements":"","utme_requirements":"","subjects":"","institutions_list":"PECOHSTECH"},{"id":"27681","title":"ENVIRONMENTAL HEALTH","de_requirements":"","utme_requirements":"","subjects":"","institutions_list":"PECOHSTECH"},{"id":"27685","title":"EPIDEMIOLOGY & DISEASE CONTROL","de_requirements":"","utme_requirements":"","subjects":"","institutions_list":"PECOHSTECH"},{"id":"27682","title":"HEALTH INFORMATION MANAGEMENT","de_requirements":"","utme_requirements":"","subjects":"","institutions_list":"PECOHSTECH"},{"id":"27683","title":"PUBLIC HEALTH TECHNOLOGY","de_requirements":"","utme_requirements":"","subjects":"","institutions_list":"PECOHSTECH"}]