[{"id":"27694","title":"Arabic Language","de_requirements":"","utme_requirements":"","subjects":"","institutions_list":"AL-MADINAH"},{"id":"29209","title":"ARABIC\/YORUBA","de_requirements":"","utme_requirements":"","subjects":"","institutions_list":"AL-MADINAH"},{"id":"27697","title":"Biology","de_requirements":"","utme_requirements":"","subjects":"","institutions_list":"AL-MADINAH"},{"id":"27701","title":"Business Education","de_requirements":"","utme_requirements":"","subjects":"","institutions_list":"AL-MADINAH"},{"id":"29219","title":"BUSINESS EDUCATION (DOUBLE MAJOR)","de_requirements":"","utme_requirements":"","subjects":"","institutions_list":"AL-MADINAH"},{"id":"27698","title":"Chemistry","de_requirements":"","utme_requirements":"","subjects":"","institutions_list":"AL-MADINAH"},{"id":"29214","title":"COMPUTER EDUCATION\/BIOLOGY","de_requirements":"","utme_requirements":"","subjects":"","institutions_list":"AL-MADINAH"},{"id":"29215","title":"COMPUTER EDUCATION\/CHEMISTRY","de_requirements":"","utme_requirements":"","subjects":"","institutions_list":"AL-MADINAH"},{"id":"27700","title":"Computer Studies","de_requirements":"","utme_requirements":"","subjects":"","institutions_list":"AL-MADINAH"},{"id":"27691","title":"Economics","de_requirements":"","utme_requirements":"","subjects":"","institutions_list":"AL-MADINAH"},{"id":"29205","title":"ENGLISH (DOUBLE MAJOR)","de_requirements":"","utme_requirements":"","subjects":"","institutions_list":"AL-MADINAH"},{"id":"27693","title":"English Language","de_requirements":"","utme_requirements":"","subjects":"","institutions_list":"AL-MADINAH"},{"id":"29207","title":"ENGLISH\/ARABIC","de_requirements":"","utme_requirements":"","subjects":"","institutions_list":"AL-MADINAH"},{"id":"29206","title":"ENGLISH\/ISLAMIC STUDIES","de_requirements":"","utme_requirements":"","subjects":"","institutions_list":"AL-MADINAH"},{"id":"29220","title":"ENGLISH\/SOCIAL STUDIES","de_requirements":"","utme_requirements":"","subjects":"","institutions_list":"AL-MADINAH"},{"id":"29208","title":"ENGLISH\/YORUBA","de_requirements":"","utme_requirements":"","subjects":"","institutions_list":"AL-MADINAH"},{"id":"27687","title":"General Education","de_requirements":"","utme_requirements":"","subjects":"","institutions_list":"AL-MADINAH"},{"id":"27696","title":"Integrated Science","de_requirements":"","utme_requirements":"","subjects":"","institutions_list":"AL-MADINAH"},{"id":"29210","title":"INTEGRATED SCIENCE (DOUBLE MAJOR)","de_requirements":"","utme_requirements":"","subjects":"","institutions_list":"AL-MADINAH"},{"id":"29211","title":"INTEGRATED SCIENCE\/BIOLOGY","de_requirements":"","utme_requirements":"","subjects":"","institutions_list":"AL-MADINAH"},{"id":"29212","title":"INTEGRATED SCIENCE\/CHEMISTRY","de_requirements":"","utme_requirements":"","subjects":"","institutions_list":"AL-MADINAH"},{"id":"29213","title":"INTEGRATED SCIENCE\/MATHEMATICS","de_requirements":"","utme_requirements":"","subjects":"","institutions_list":"AL-MADINAH"},{"id":"27689","title":"Islamic Studies","de_requirements":"","utme_requirements":"","subjects":"","institutions_list":"AL-MADINAH"},{"id":"29197","title":"ISLAMIC STUDIES\/ARABIC","de_requirements":"","utme_requirements":"","subjects":"","institutions_list":"AL-MADINAH"},{"id":"29198","title":"ISLAMIC STUDIES\/ECONOMICS","de_requirements":"","utme_requirements":"","subjects":"","institutions_list":"AL-MADINAH"},{"id":"29199","title":"ISLAMIC STUDIES\/POLITICAL SCIENCE","de_requirements":"","utme_requirements":"","subjects":"","institutions_list":"AL-MADINAH"},{"id":"29195","title":"ISLAMIC STUDIES\/SOCIAL STUDIES","de_requirements":"","utme_requirements":"","subjects":"","institutions_list":"AL-MADINAH"},{"id":"29196","title":"ISLAMIC STUDIES\/YORUBA","de_requirements":"","utme_requirements":"","subjects":"","institutions_list":"AL-MADINAH"},{"id":"27699","title":"Mathematics","de_requirements":"","utme_requirements":"","subjects":"","institutions_list":"AL-MADINAH"},{"id":"29216","title":"MATHEMATICS\/BIOLOGY","de_requirements":"","utme_requirements":"","subjects":"","institutions_list":"AL-MADINAH"},{"id":"29217","title":"MATHEMATICS\/CHEMISTRY","de_requirements":"","utme_requirements":"","subjects":"","institutions_list":"AL-MADINAH"},{"id":"29218","title":"MATHEMATICS\/ECONOMICS","de_requirements":"","utme_requirements":"","subjects":"","institutions_list":"AL-MADINAH"},{"id":"27692","title":"Political Science","de_requirements":"","utme_requirements":"","subjects":"","institutions_list":"AL-MADINAH"},{"id":"29194","title":"PRIMARY EDUCATION","de_requirements":"","utme_requirements":"","subjects":"","institutions_list":"AL-MADINAH"},{"id":"27688","title":"Primary Education","de_requirements":"","utme_requirements":"","subjects":"","institutions_list":"AL-MADINAH"},{"id":"27690","title":"Social Studies","de_requirements":"","utme_requirements":"","subjects":"","institutions_list":"AL-MADINAH"},{"id":"29200","title":"SOCIAL STUDIES (DOUBLE MAJOR)","de_requirements":"","utme_requirements":"","subjects":"","institutions_list":"AL-MADINAH"},{"id":"29201","title":"SOCIAL STUDIES\/ARABIC","de_requirements":"","utme_requirements":"","subjects":"","institutions_list":"AL-MADINAH"},{"id":"29204","title":"SOCIAL STUDIES\/ECONOMICS","de_requirements":"","utme_requirements":"","subjects":"","institutions_list":"AL-MADINAH"},{"id":"29203","title":"SOCIAL STUDIES\/POLITICAL SCIENCE","de_requirements":"","utme_requirements":"","subjects":"","institutions_list":"AL-MADINAH"},{"id":"29202","title":"SOCIAL STUDIES\/YORUBA","de_requirements":"","utme_requirements":"","subjects":"","institutions_list":"AL-MADINAH"},{"id":"27695","title":"Yoruba Language","de_requirements":"","utme_requirements":"","subjects":"","institutions_list":"AL-MADINAH"}]