[{"id":"27704","title":"Biology","de_requirements":"","utme_requirements":"","subjects":"","institutions_list":"CCONOH-COE"},{"id":"27709","title":"C.R.S.","de_requirements":"","utme_requirements":"","subjects":"","institutions_list":"CCONOH-COE"},{"id":"27705","title":"Chemistry","de_requirements":"","utme_requirements":"","subjects":"","institutions_list":"CCONOH-COE"},{"id":"29184","title":"CHRISTIAN RELIGIOUS STUDIES\/HISTORY","de_requirements":"","utme_requirements":"","subjects":"","institutions_list":"CCONOH-COE"},{"id":"27702","title":"General Education","de_requirements":"","utme_requirements":"","subjects":"","institutions_list":"CCONOH-COE"},{"id":"27710","title":"History","de_requirements":"","utme_requirements":"","subjects":"","institutions_list":"CCONOH-COE"},{"id":"27707","title":"Integrated Science","de_requirements":"","utme_requirements":"","subjects":"","institutions_list":"CCONOH-COE"},{"id":"29189","title":"INTEGRATED SCIENCE (DOUBLE MAJOR)","de_requirements":"","utme_requirements":"","subjects":"","institutions_list":"CCONOH-COE"},{"id":"29188","title":"INTEGRATED SCIENCE\/BIOLOGY","de_requirements":"","utme_requirements":"","subjects":"","institutions_list":"CCONOH-COE"},{"id":"29190","title":"INTEGRATED SCIENCE\/CHEMISTRY","de_requirements":"","utme_requirements":"","subjects":"","institutions_list":"CCONOH-COE"},{"id":"27706","title":"Mathematics","de_requirements":"","utme_requirements":"","subjects":"","institutions_list":"CCONOH-COE"},{"id":"29191","title":"MATHEMATICS\/BIOLOGY","de_requirements":"","utme_requirements":"","subjects":"","institutions_list":"CCONOH-COE"},{"id":"29192","title":"MATHEMATICS\/CHEMISTRY","de_requirements":"","utme_requirements":"","subjects":"","institutions_list":"CCONOH-COE"},{"id":"29193","title":"MATHEMATICS\/INEGRATED SCIENCE","de_requirements":"","utme_requirements":"","subjects":"","institutions_list":"CCONOH-COE"},{"id":"27703","title":"Primary Education","de_requirements":"","utme_requirements":"","subjects":"","institutions_list":"CCONOH-COE"},{"id":"29183","title":"PRIMARY EDUCATION (DOUBLE MAJOR)","de_requirements":"","utme_requirements":"","subjects":"","institutions_list":"CCONOH-COE"},{"id":"27708","title":"Social Studies","de_requirements":"","utme_requirements":"","subjects":"","institutions_list":"CCONOH-COE"},{"id":"29187","title":"SOCIAL STUDIES (DOUBLE MAJOR)","de_requirements":"","utme_requirements":"","subjects":"","institutions_list":"CCONOH-COE"},{"id":"29186","title":"SOCIAL STUDIES\/CHRISTIAN RELIGIOUS STUDIES","de_requirements":"","utme_requirements":"","subjects":"","institutions_list":"CCONOH-COE"},{"id":"29185","title":"SOCIAL STUDIES\/HISTORY","de_requirements":"","utme_requirements":"","subjects":"","institutions_list":"CCONOH-COE"}]