[{"id":"27719","title":"Biology","de_requirements":"","utme_requirements":"","subjects":"","institutions_list":"DOVIANA-COE"},{"id":"27718","title":"Business Education","de_requirements":"","utme_requirements":"","subjects":"","institutions_list":"DOVIANA-COE"},{"id":"28548","title":"BUSINESS EDUCATION","de_requirements":"","utme_requirements":"","subjects":"","institutions_list":"DOVIANA-COE"},{"id":"27731","title":"C.R.S.","de_requirements":"","utme_requirements":"","subjects":"","institutions_list":"DOVIANA-COE"},{"id":"27720","title":"Chemistry","de_requirements":"","utme_requirements":"","subjects":"","institutions_list":"DOVIANA-COE"},{"id":"28540","title":"COMPUTER EDUCATION\/BIOLOGY","de_requirements":"","utme_requirements":"","subjects":"","institutions_list":"DOVIANA-COE"},{"id":"28541","title":"COMPUTER EDUCATION\/CHEMISTRY","de_requirements":"","utme_requirements":"","subjects":"","institutions_list":"DOVIANA-COE"},{"id":"28542","title":"COMPUTER EDUCATION\/PHYSICS","de_requirements":"","utme_requirements":"","subjects":"","institutions_list":"DOVIANA-COE"},{"id":"27721","title":"Computer Studies","de_requirements":"","utme_requirements":"","subjects":"","institutions_list":"DOVIANA-COE"},{"id":"27730","title":"Economics","de_requirements":"","utme_requirements":"","subjects":"","institutions_list":"DOVIANA-COE"},{"id":"28530","title":"ENGLISH (DOUBLE MAJOR)","de_requirements":"","utme_requirements":"","subjects":"","institutions_list":"DOVIANA-COE"},{"id":"27725","title":"English Language","de_requirements":"","utme_requirements":"","subjects":"","institutions_list":"DOVIANA-COE"},{"id":"28531","title":"ENGLISH\/ ISLAMIC STUDIES","de_requirements":"","utme_requirements":"","subjects":"","institutions_list":"DOVIANA-COE"},{"id":"28547","title":"ENGLISH\/FRENCH","de_requirements":"","utme_requirements":"","subjects":"","institutions_list":"DOVIANA-COE"},{"id":"28532","title":"ENGLISH\/SOCIAL STUDIES","de_requirements":"","utme_requirements":"","subjects":"","institutions_list":"DOVIANA-COE"},{"id":"28533","title":"ENGLISH\/TIV","de_requirements":"","utme_requirements":"","subjects":"","institutions_list":"DOVIANA-COE"},{"id":"27726","title":"French Language","de_requirements":"","utme_requirements":"","subjects":"","institutions_list":"DOVIANA-COE"},{"id":"28534","title":"FRENCH\/TIV","de_requirements":"","utme_requirements":"","subjects":"","institutions_list":"DOVIANA-COE"},{"id":"27717","title":"General Education","de_requirements":"","utme_requirements":"","subjects":"","institutions_list":"DOVIANA-COE"},{"id":"27722","title":"Integrated Science","de_requirements":"","utme_requirements":"","subjects":"","institutions_list":"DOVIANA-COE"},{"id":"28535","title":"INTEGRATED SCIENCE (DOUBLE MAJOR)","de_requirements":"","utme_requirements":"","subjects":"","institutions_list":"DOVIANA-COE"},{"id":"28536","title":"INTEGRATED SCIENCE\/BIOLOGY","de_requirements":"","utme_requirements":"","subjects":"","institutions_list":"DOVIANA-COE"},{"id":"28537","title":"INTEGRATED SCIENCE\/CHEMISTRY","de_requirements":"","utme_requirements":"","subjects":"","institutions_list":"DOVIANA-COE"},{"id":"28538","title":"INTEGRATED SCIENCE\/MATHEMATICS","de_requirements":"","utme_requirements":"","subjects":"","institutions_list":"DOVIANA-COE"},{"id":"28539","title":"INTEGRATED SCIENCE\/PHYSICS","de_requirements":"","utme_requirements":"","subjects":"","institutions_list":"DOVIANA-COE"},{"id":"28522","title":"ISLAMIC STUDIES\/ARABIC","de_requirements":"","utme_requirements":"","subjects":"","institutions_list":"DOVIANA-COE"},{"id":"28523","title":"ISLAMIC STUDIES\/ECONOMICS","de_requirements":"","utme_requirements":"","subjects":"","institutions_list":"DOVIANA-COE"},{"id":"28524","title":"ISLAMIC STUDIES\/POLITICAL SCIENCE","de_requirements":"","utme_requirements":"","subjects":"","institutions_list":"DOVIANA-COE"},{"id":"28520","title":"ISLAMIC STUDIES\/SOCIAL STUDIES","de_requirements":"","utme_requirements":"","subjects":"","institutions_list":"DOVIANA-COE"},{"id":"28521","title":"ISLAMIC STUDIES\/YORUBA","de_requirements":"","utme_requirements":"","subjects":"","institutions_list":"DOVIANA-COE"},{"id":"27723","title":"Mathematics","de_requirements":"","utme_requirements":"","subjects":"","institutions_list":"DOVIANA-COE"},{"id":"28543","title":"MATHEMATICS\/BIOLOGY","de_requirements":"","utme_requirements":"","subjects":"","institutions_list":"DOVIANA-COE"},{"id":"28544","title":"MATHEMATICS\/CHEMISTRY","de_requirements":"","utme_requirements":"","subjects":"","institutions_list":"DOVIANA-COE"},{"id":"28545","title":"MATHEMATICS\/ECONOMICS","de_requirements":"","utme_requirements":"","subjects":"","institutions_list":"DOVIANA-COE"},{"id":"28546","title":"MATHEMATICS\/PHYSICS","de_requirements":"","utme_requirements":"","subjects":"","institutions_list":"DOVIANA-COE"},{"id":"27724","title":"Physics","de_requirements":"","utme_requirements":"","subjects":"","institutions_list":"DOVIANA-COE"},{"id":"27729","title":"Political Science","de_requirements":"","utme_requirements":"","subjects":"","institutions_list":"DOVIANA-COE"},{"id":"28519","title":"PRIMARY EDUCATION","de_requirements":"","utme_requirements":"","subjects":"","institutions_list":"DOVIANA-COE"},{"id":"27728","title":"Social Studies","de_requirements":"","utme_requirements":"","subjects":"","institutions_list":"DOVIANA-COE"},{"id":"28525","title":"SOCIAL STUDIES (DOUBLE MAJOR)","de_requirements":"","utme_requirements":"","subjects":"","institutions_list":"DOVIANA-COE"},{"id":"28529","title":"SOCIAL STUDIES\/ECONOMICS","de_requirements":"","utme_requirements":"","subjects":"","institutions_list":"DOVIANA-COE"},{"id":"28526","title":"SOCIAL STUDIES\/FRENCH","de_requirements":"","utme_requirements":"","subjects":"","institutions_list":"DOVIANA-COE"},{"id":"28528","title":"SOCIAL STUDIES\/POLITICAL SCIENCE","de_requirements":"","utme_requirements":"","subjects":"","institutions_list":"DOVIANA-COE"},{"id":"28527","title":"SOCIAL STUDIES\/TIV","de_requirements":"","utme_requirements":"","subjects":"","institutions_list":"DOVIANA-COE"},{"id":"27727","title":"Tiv Language","de_requirements":"","utme_requirements":"","subjects":"","institutions_list":"DOVIANA-COE"}]