[{"id":"27733","title":"Business Education","de_requirements":"","utme_requirements":"","subjects":"","institutions_list":"JIGPOLY-NCE"},{"id":"27736","title":"Business Education","de_requirements":"","utme_requirements":"","subjects":"","institutions_list":"JIGPOLY-NCE"},{"id":"29890","title":"BUSINESS EDUCATION (DOUBLE MAJOR)","de_requirements":"","utme_requirements":"","subjects":"","institutions_list":"JIGPOLY-NCE"},{"id":"27732","title":"General Education","de_requirements":"","utme_requirements":"","subjects":"","institutions_list":"JIGPOLY-NCE"},{"id":"27735","title":"General Education","de_requirements":"","utme_requirements":"","subjects":"","institutions_list":"JIGPOLY-NCE"},{"id":"27734","title":"Technical Education","de_requirements":"","utme_requirements":"","subjects":"","institutions_list":"JIGPOLY-NCE"},{"id":"27737","title":"Technical Education","de_requirements":"","utme_requirements":"","subjects":"","institutions_list":"JIGPOLY-NCE"},{"id":"29891","title":"TECHNICAL EDUCATION (DOUBLE MAJOR)","de_requirements":"","utme_requirements":"","subjects":"","institutions_list":"JIGPOLY-NCE"}]