[{"id":"28828","title":"ACCOUNTANCY","de_requirements":"","utme_requirements":"","subjects":"","institutions_list":"LOAM-POLY"},{"id":"27807","title":"COMPUTER ENGINEERING TECHNOLOGY","de_requirements":"<ol><li>Two (2) \u2018A\u2019 Level passes to include Mathematics or Statistics.<\/li><li>NCE credit in relevant subjects.<\/li><\/ol>","utme_requirements":"<ol><li>Mathematics.<\/li><li>English Language.<\/li><li>Any three (3) subjects from Statistics, Physics, Chemistry, Further Geography, and Economics.<\/li><\/ol>","subjects":"<ul><li>Use of English Language<\/li><li>Mathematics&nbsp;<\/li><li>Physics<\/li><li>Chemistry<\/li><\/ul>","institutions_list":"LOAM-POLY"},{"id":"27806","title":"COMPUTER SCIENCE","de_requirements":"<ul><li>Two (2) \u2018A\u2019 Level passes to include Mathematics or Statistics.<\/li><li>NCE credit in relevant subjects.<\/li><\/ul>","utme_requirements":"<ol><li>Mathematics.<\/li><li>English Language.<\/li><li>Any three (3) subjects from Statistics, Physics, Chemistry, Further Geography, and Economics.<\/li><\/ol>","subjects":"<ul><li>Use of English Language<\/li><li>Mathematics&nbsp;<\/li><li>Physics<\/li><li>Chemistry<\/li><\/ul>","institutions_list":"LOAM-POLY"},{"id":"27808","title":"ELECTRICAL\/ELECTRONICS ENGINEERING TECHNOLOGY","de_requirements":"<ul><li>Two (2) \u2018A\u2019 Level passes to include Mathematics or Statistics.<\/li><li>NCE credit in relevant subjects.<\/li><\/ul>","utme_requirements":"<ol><li>Mathematics.<\/li><li>English Language.<\/li><li>Any three (3) subjects from Statistics, Physics, Chemistry, Further Geography, and Economics.<\/li><\/ol>","subjects":"<ul><li>Use of English Language<\/li><li>Mathematics&nbsp;<\/li><li>Physics<\/li><li>Chemistry<\/li><\/ul>","institutions_list":"LOAM-POLY"},{"id":"27809","title":"STATISTICS","de_requirements":"<ul><li>Two (2) \u2018A\u2019 Level passes to include Mathematics or Statistics.<\/li><li>NCE credit in relevant subjects.<\/li><\/ul>","utme_requirements":"<ol><li>Mathematics.<\/li><li>English Language.<\/li><li>Any three (3) subjects from Statistics, Physics, Chemistry, Further Geography, and Economics.<\/li><\/ol>","subjects":"<ul><li>Use of English Language<\/li><li>Mathematics&nbsp;<\/li><li>Physics<\/li><li>Chemistry<\/li><\/ul>","institutions_list":"LOAM-POLY"}]