[{"id":"27817","title":"ACCOUNTANCY","de_requirements":"","utme_requirements":"","subjects":"","institutions_list":"ECP"},{"id":"27816","title":"BUSINESS ADMINISTRATION AND MANAGEMENT","de_requirements":"","utme_requirements":"","subjects":"","institutions_list":"ECP"},{"id":"27814","title":"COMPUTER ENGINEERING TECHNOLOGY","de_requirements":"","utme_requirements":"","subjects":"","institutions_list":"ECP"},{"id":"27813","title":"COMPUTER SCIENCE","de_requirements":"","utme_requirements":"","subjects":"","institutions_list":"ECP"},{"id":"27815","title":"ELECTRICAL\/ELECTRONICS ENGINEERING TECHNOLOGY","de_requirements":"","utme_requirements":"","subjects":"","institutions_list":"ECP"}]