[{"id":"4154","title":"ACCOUNTING","de_requirements":"<p>\r\n\r\n<\/p><div>\r\n\r\n<table>\r\n <tbody><tr>\r\n  <td>\r\n  <p><span>Minimum of Lower Credit in ND\/HND Accounting\r\nFrom a recognized Institution. Plus \u2018O\u2019 level requirements.<\/span><\/p>\r\n  <\/td>\r\n <\/tr>\r\n<\/tbody><\/table>\r\n\r\n<\/div>\r\n\r\n","utme_requirements":"<p>\r\n\r\n<\/p><div>\r\n\r\n<table>\r\n <tbody><tr>\r\n  <td>\r\n  <p><span>Five\r\n  (5) SSCE credit passes including English Language, Mathematics, Economics and\r\n  two (2) other relevant subjects.<\/span><\/p>\r\n  <\/td>\r\n <\/tr>\r\n<\/tbody><\/table>\r\n\r\n<\/div>\r\n\r\n","subjects":"Mathematics, Economics and any other Social Science subject","institutions_list":"BOSU"},{"id":"4157","title":"AGRICULTURE","de_requirements":"<p><span>Minimum of Lower Credit\/Merit in ND\/HND Agricultural\r\nTechnology, Animal Health &amp; Production Technology, Agronomy &amp; Soil\r\nScience, Agricultural Economics and Fisheries or Forestry. Plus \u2018O\u2019 level\r\nrequirements.<\/span><\/p>","utme_requirements":"<p><span>Five (5) SSCE credit passes to include\r\nEnglish Language, Biology\/Agricultural Science, Chemistry and&nbsp; any one of Mathematics, Physics, Geography\r\nand&nbsp; Economics.<\/span><\/p>","subjects":"<span>Biology\/Agriculture and any two (2) of Chemistry,\r\nPhysics or Mathematics.<\/span>","institutions_list":"BOSU"},{"id":"4175","title":"ANIMAL & ENVIRONMENTAL BIOLOGY","de_requirements":"<p><span>Minimum of Lower Credit\/Merit in ND\/HND Animal\r\nHealth &amp; Production Technology, Animal Science, Biology, Agricultural\r\nScience or Zoology. Plus \u2018O\u2019 level requirements.<\/span><\/p>","utme_requirements":"<p><span>Five (5) SSCE credit passes in English Language,\r\nMathematics, Biology, Chemistry and any one (1) of Agriculture, Physics or\r\nGeography.<\/span><\/p>","subjects":"\r\n\r\n<p><span>Biology\/Agriculture and<\/span><\/p>\r\n\r\n<span>Any two (2) of\r\nChemistry, Physics or Geography<\/span>","institutions_list":"BOSU"},{"id":"28140","title":"BIOCHEMISTRY","de_requirements":"","utme_requirements":"","subjects":"","institutions_list":"BOSU"},{"id":"4174","title":"BIOTECHNOLOGY","de_requirements":"<p><span>Minimum of Lower Credit\/Merit in ND\/HND Science\r\nLab Tech; Environmental Biology, Plant Science or Biology, and other relevant\r\nsubjects Plus \u2018\u2018O\u2019 level requirements.<\/span><br><span><\/span><\/p>","utme_requirements":"<p>\r\n\r\n<\/p><span>Five (5) SSCE Credit passes in English Language,\r\nMathematics, Biology, Chemistry and Physics.<\/span><span><\/span>","subjects":"<span>Biology, Chemistry and any one (1) of Physics or\r\nGeography<\/span>","institutions_list":"BOSU"},{"id":"4153","title":"BUSINESS ADMINISTRATION","de_requirements":"<p><span>Two (2) \u2018A\u2019 Level passes chosen from Economics, Accounts,\r\nBusiness Management, Government, Geography or Statistics.<\/span><\/p>","utme_requirements":"<p><span>Five (5) SSC credit passes including English Language,\r\nMathematics, Economics, plus any two (2) of Accounting, Business Methods,\r\nCommerce, Government, Geography, and Statistics.<\/span><br><\/p>","subjects":"Mathematics, Economics and one (1) other subject.","institutions_list":"BOSU"},{"id":"4155","title":"BUSINESS ADMINISTRATION","de_requirements":"<span>Minimum of Lower Credit\/Merit in ND\/HND Business\r\nAdministration plus \u2018O\u2019 level requirements.<\/span><div><table><tbody><tr><td>\r\n  <br><\/td>\r\n <\/tr>\r\n<\/tbody><\/table>\r\n\r\n<\/div>\r\n\r\n","utme_requirements":"<p>\r\n\r\n<\/p><div>\r\n\r\n<table>\r\n <tbody><tr>\r\n  <td>\r\n  <p><span>Five (5) SSCE credit passes including English\r\nLanguage, Mathematics, Economics, and any other two (2) social science\r\nsubjects.<\/span><\/p>\r\n  <\/td>\r\n <\/tr>\r\n<\/tbody><\/table>\r\n\r\n<\/div>\r\n\r\n","subjects":"Mathematics, Economics and any other Social Science subject","institutions_list":"BOSU"},{"id":"4170","title":"CHEMISTRY","de_requirements":"\r\n\r\n<p><span>Minimum of Lower Credit\/Merit in\r\nND\/HND Chemistry.<\/span><\/p>\r\n\r\n<span>Plus \u2018O\u2019 level\r\nrequirements.<\/span><p><span><\/span><\/p>","utme_requirements":"<p><span>Five (5) SSCE credit passes in English Language,\r\nMathematics, Physics, Chemistry and Biology.<\/span><\/p>","subjects":"Chemistry and two (2) of Physics, Biology and Mathematics.\r\n\r\n","institutions_list":"BOSU"},{"id":"4178","title":"COMPUTER SCIENCE","de_requirements":"<p><span>Minimum of Lower Credit\/Merit in ND\/HND Computer\r\nScience, Information Technology, Mathematics &amp; Statistics and Physics, and\r\nother relevant fields from a recognized institution, Plus \u2018O\u2019 level\r\nrequirements<\/span><\/p>","utme_requirements":"<p><span>Five (5) SSCE credit passes to include English\r\nLanguage, Mathematics, Physics plus two (2) other Science subjects.<\/span><\/p>","subjects":"<span>Mathematics, Physics and Chemistry.<\/span>","institutions_list":"BOSU"},{"id":"4161","title":"CRIMINOLOGY & SECURITY STUDIES","de_requirements":"<p>\r\n\r\n<\/p><div>\r\n\r\n<table>\r\n <tbody><tr>\r\n  <td>\r\n  <p><span>Two (2)'A' Level passes in Economics and any one of\r\n  Mathematics, Statistics, Geography, Physics, Chemistry, Agricultural Science,\r\n  Accounting, Business Management, History and Government.<\/span><\/p>\r\n  <\/td>\r\n <\/tr>\r\n<\/tbody><\/table>\r\n\r\n<\/div>\r\n\r\n","utme_requirements":"<p>\r\n\r\n<\/p><div>\r\n\r\n<table>\r\n <tbody><tr>\r\n  <td>\r\n  <p><span>Five\r\n  (5)SSC credit passes in English Language, Mathematics, Economics and any two\r\n  (2) of Arts or Social Science subjects.<\/span><\/p>\r\n  <\/td>\r\n <\/tr>\r\n<\/tbody><\/table>\r\n\r\n<\/div>\r\n\r\n","subjects":"Economics, Mathematics and any of Government, History, Geography, Literature in English, French and Christian Religious Studies\/Islamic Studies.\t","institutions_list":"BOSU"},{"id":"28142","title":"DOCTOR OF PHYSIOTHERAPY","de_requirements":"","utme_requirements":"","subjects":"","institutions_list":"BOSU"},{"id":"4158","title":"ECONOMICS","de_requirements":"<p>\r\n\r\n<\/p><div>\r\n\r\n<table>\r\n <tbody><tr>\r\n  <td>\r\n  <p><span><span><\/span>\r\n\r\n<\/span><\/p><p><span>Minimum of Lower Credit\/Merit in\r\nND\/HND Economics, Business Administration, Banking and Finance, Accounting,\r\nMarketing or Purchasing and Supply, from a recognized institution.<\/span><\/p>\r\n\r\n<span>Plus \u2018O\u2019 level\r\nrequirements.<\/span><p><span>.<\/span><\/p>\r\n  <\/td>\r\n <\/tr>\r\n<\/tbody><\/table>\r\n\r\n<\/div>\r\n\r\n","utme_requirements":"<p>\r\n\r\n<\/p><div>\r\n\r\n<table>\r\n <tbody><tr>\r\n  <td>\r\n  <p><span>Five\r\n  (5)SSCE credit passes in English Language, Mathematics, Economics and any two\r\n  (2) of Arts or Social Science subjects.<\/span><\/p>\r\n  <\/td>\r\n <\/tr>\r\n<\/tbody><\/table>\r\n\r\n<\/div>\r\n\r\n","subjects":"Economics, Mathematics and any of Government, History, Geography, Literature in English, French and Christian Religious Studies\/Islamic Studies.\t","institutions_list":"BOSU"},{"id":"4163","title":"EDUCATION & BIOLOGY","de_requirements":"\r\n<table>\r\n <tbody><tr>\r\n  <td>\r\n  <p><br><\/p>\r\n  <\/td>\r\n <\/tr>\r\n<\/tbody><\/table><div>\r\n\r\n<table>\r\n <tbody><tr>\r\n  <td>\r\n  <p><span>Minimum of Merit in NCE Biology and other\r\nrelevant subjects (Biology as major). From a recognized institution. Plus \u2018O\u2019\r\nlevel requirements.<\/span><\/p>\r\n  <\/td>\r\n <\/tr>\r\n<\/tbody><\/table>\r\n\r\n<\/div>\r\n\r\n","utme_requirements":"\r\n<table>\r\n <tbody><tr>\r\n  <td>\r\n  <p><br><\/p>\r\n  <\/td>\r\n <\/tr>\r\n<\/tbody><\/table><div>\r\n\r\n<table>\r\n <tbody><tr>\r\n  <td>\r\n  <p><span><\/span><span>Five (5) SSCE credit passes in English Language,\r\nMathematics, Biology, Chemistry, and one (1) other science subject <br><\/span><\/p>\r\n  <\/td>\r\n <\/tr>\r\n<\/tbody><\/table>\r\n\r\n<\/div>\r\n\r\n","subjects":"Biology and two (2) other subjects from Chemistry, Mathematics and Physics.","institutions_list":"BOSU"},{"id":"4159","title":"EDUCATION & CHEMISTRY","de_requirements":"<div>\r\n\r\n<table>\r\n <tbody><tr>\r\n  <td>\r\n  <p><span>Minimum of Merit in NCE Chemistry and other\r\nrelevant subjects (Chemistry as major) Plus \u2018O\u2019 level requirements, from a\r\nrecognized institution.<\/span><\/p>\r\n  <\/td>\r\n <\/tr>\r\n<\/tbody><\/table>\r\n\r\n<\/div>","utme_requirements":"<div>\r\n\r\n<table>\r\n <tbody><tr>\r\n  <td>\r\n  <p><span>Five (5) SSCE\r\n  credits in Mathematics, Chemistry, English Language and two (2) of Physics,\r\n  Biology and Agricultural Science.<\/span><\/p>\r\n  <\/td>\r\n <\/tr>\r\n<\/tbody><\/table>\r\n\r\n<\/div>","subjects":"Chemistry and two (2) other subjects chosen from Physics, Biology and Mathematics.","institutions_list":"BOSU"},{"id":"4160","title":"EDUCATION & COMPUTER SCIENCE","de_requirements":"<div>\r\n\r\n<table>\r\n <tbody><tr>\r\n  <td>\r\n  \r\n  <span>Minimum of Merit in NCE Computer Science,\r\nMathematics or Physics, (Computer Science as major) Plus \u2018O\u2019 level requirements,\r\n<span>&nbsp;<\/span>from a recognized institution<\/span><\/td>\r\n <\/tr>\r\n<\/tbody><\/table>\r\n\r\n<\/div>","utme_requirements":"<div>\r\n\r\n<table>\r\n <tbody><tr>\r\n  <td>\r\n  <p><span>Five (5) SSCE credit passes or its equivalents including\r\n  Mathematics, English Language and three (3) other Science subjects.<\/span><\/p>\r\n  <\/td>\r\n <\/tr>\r\n<\/tbody><\/table>\r\n\r\n<\/div>","subjects":"Mathematics, Physics and one (1) of Biology, Chemistry and Geography.","institutions_list":"BOSU"},{"id":"4186","title":"EDUCATION & ECONOMICS","de_requirements":"\r\n\r\n<p><span>Minimum of Merit in NCE Economics,\r\nand any other relevant subjects (Economics as major) from a recognized\r\ninstitution.<\/span><\/p>\r\n\r\n<span>Plus \u2018O\u2019 level\r\nrequirements.<\/span><p><br><\/p>","utme_requirements":"<span>Five (5) 'O' Level credit passes to include\r\nEnglish Language, Mathematics, Economics and any other two (2) Social Science\r\nSubjects.<\/span><p><br><\/p>","subjects":"<span>Economics, Mathematics and any two (2) other\r\nsubjects from Commerce, Geography, History, and Government<\/span>","institutions_list":"BOSU"},{"id":"4180","title":"EDUCATION & ENGLISH LANGUAGE","de_requirements":"<div>\r\n\r\n<table>\r\n <tbody><tr>\r\n  <td>\r\n  <span>Minimum of Merit in NCE English Language and\r\nother relevant subjects (English Language as major), From a recognized\r\ninstitution. Plus \u2018O\u2019 level requirements.<\/span><p><span><\/span><\/p>\r\n  <\/td>\r\n <\/tr>\r\n<\/tbody><\/table>\r\n\r\n<\/div>","utme_requirements":"<div>\r\n\r\n<table>\r\n <tbody><tr>\r\n  <td>\r\n  <p><span>Five (5) SSCE credit passes to include English\r\nLanguage, Mathematics and three (3) other Arts or Social Science subjects.<\/span><\/p>\r\n  <\/td>\r\n <\/tr>\r\n<\/tbody><\/table>\r\n\r\n<\/div>","subjects":"<span>Any three (3) Arts or Social Science subjects<\/span>","institutions_list":"BOSU"},{"id":"4166","title":"EDUCATION & ISLAMIC STUDIES","de_requirements":"<div>\r\n\r\n<table>\r\n <tbody><tr>\r\n  <td>\r\n  \r\n\r\n<p><span>Minimum\r\nof Merit in NCE Islamic Studies<\/span><\/p>\r\n\r\n<span>And other relevant\r\nsubject (Islamic Studies as major) From a recognized institution. Plus \u2018O\u2019\r\nlevel requirements.<\/span><\/td><\/tr><\/tbody><\/table><\/div>","utme_requirements":"<div>\r\n\r\n<table>\r\n <tbody><tr>\r\n  <td>\r\n  <p><span>Five (5) SSCE credit passes including English\r\nLanguage, Mathematics, Islamic Studies and two (2) other relevant subjects<\/span><\/p>\r\n  <\/td>\r\n <\/tr>\r\n<\/tbody><\/table>\r\n\r\n<\/div>","subjects":"Islamic Studies\/Arabic and two (2) other Social Science or Arts subjects&nbsp; .","institutions_list":"BOSU"},{"id":"4164","title":"EDUCATION & MATHEMATICS","de_requirements":"<div>\r\n\r\n<table>\r\n <tbody><tr>\r\n  <td>\r\n  <p><span>Minimum of Merit in NCE Mathematics and other\r\nrelevant subjects (mathematics as major), From a recognized institution. Plus\r\n\u2018O\u2019 level requirements.<\/span><\/p>\r\n  <\/td>\r\n <\/tr>\r\n<\/tbody><\/table>\r\n\r\n<\/div>","utme_requirements":"<div>\r\n\r\n<table>\r\n <tbody><tr>\r\n  <td>\r\n  <p><span>Five (5) SSCE credit passes to include English\r\nLanguage, Mathematics plus three (3) other Science subjects.<\/span><\/p>\r\n  <\/td>\r\n <\/tr>\r\n<\/tbody><\/table>\r\n\r\n<\/div>","subjects":"Mathematics and any two (2) of the following Science subjects: Physics, Chemistry and Biology.","institutions_list":"BOSU"},{"id":"4169","title":"EDUCATION & PHYSICS","de_requirements":"<div>\r\n\r\n<table>\r\n <tbody><tr>\r\n  <td>\r\n  \r\n\r\n<p><span>Minimum\r\nof Merit in NCE<\/span><\/p>\r\n\r\n<span>Physics and other\r\nrelevant subjects (Physics as major), From a recognized institution. Plus \u2018O\u2019\r\nlevel requirements.<\/span><p><span><\/span><\/p>\r\n  <\/td>\r\n <\/tr>\r\n<\/tbody><\/table>\r\n\r\n<\/div>","utme_requirements":"<p><span>Five (5) 'O' Level credits passes to include\r\nEnglish Language, Physics, Mathematics and two (2) other Science subjects.<\/span><\/p>","subjects":"<span>Physics, Mathematics or Chemistry plus one (1)\r\nother science subject<\/span>","institutions_list":"BOSU"},{"id":"4184","title":"EDUCATIONAL MANAGEMENT","de_requirements":"<p>\r\n\r\n<\/p><p><\/p><table>\r\n <tbody><tr>\r\n  <td>\r\n  \r\n\r\n<\/td><\/tr><\/tbody><\/table>\r\n\r\n<p><span>Minimum\r\nof Merit in NCE Education subjects From a recognized institution.<\/span><\/p>\r\n\r\n<span>Plus \u2018O\u2019 level\r\nrequirements.<\/span><p><\/p><p><\/p><p><\/p><table><tbody><tr><td><ul><\/ul>\r\n\r\n<\/td><\/tr><\/tbody><\/table><p><span><br><\/span><\/p>","utme_requirements":"<div>\r\n\r\n<table>\r\n <tbody><tr>\r\n  <td>\r\n  <span>Minimum of 5 credits including English Language,\r\nMathematics, Economics and at least two (2) credits in relevant teaching\r\nsubjects.<\/span>\r\n  <\/td>\r\n <\/tr>\r\n<\/tbody><\/table>\r\n\r\n<\/div>","subjects":"<span>Economics, Mathematics and one (1) other Social\r\nScience\/Arts subject.<\/span>","institutions_list":"BOSU"},{"id":"4167","title":"ENGLISH LANGUAGE","de_requirements":"<p><span>Two\r\n(2) \u2018A\u2019 Level passes to include Literature in English and one other Arts\r\nsubject.<\/span><\/p>","utme_requirements":"<p><span>Five\r\n(5) SSC credit passes to include Literature in English, English Language and\r\nthree other Arts or Social Science subjects.<\/span><\/p>","subjects":"Literature in English, one other Arts subject and another Arts or Social Science subject.","institutions_list":"BOSU"},{"id":"4162","title":"GEOGRAPHY","de_requirements":"<p>\r\n\r\n<\/p><div>\r\n\r\n<table>\r\n <tbody><tr>\r\n  <td>\r\n  <p><span>Minimum of Lower Credit\/Merit in ND\/HND Geography\r\nand other relevant subjects From a recognized institution. Plus \u2018O\u2019 level\r\nrequirements<\/span><\/p>\r\n  <\/td>\r\n <\/tr>\r\n<\/tbody><\/table>\r\n\r\n<\/div>\r\n\r\n","utme_requirements":"<span>Five (5) SSCE credit passes in English Language,\r\nMathematics, Geography, and any two (2) from Arts or Social Science subjects.<\/span><div><table><tbody><tr><td>\r\n  <br><\/td>\r\n <\/tr>\r\n<\/tbody><\/table>\r\n\r\n<\/div>\r\n\r\n","subjects":"Geography and two (2) other Arts or Social Science subjects","institutions_list":"BOSU"},{"id":"4185","title":"GUIDANCE & COUNSELLING","de_requirements":"<div>\r\n\r\n<table>\r\n <tbody><tr>\r\n  <td>\r\n  <p><span>Minimum of Merit in NCE in Arts or social\r\nscience subjects) From a recognized institution. Plus \u2018O\u2019 level requirements.<\/span><\/p>\r\n  <\/td>\r\n <\/tr>\r\n<\/tbody><\/table>\r\n\r\n<\/div>","utme_requirements":"<div>\r\n\r\n<table>\r\n <tbody><tr>\r\n  <td>\r\n  <p><span>Five (5) SSCE credit passes in English Language,\r\nMathematics and any three (3) from Arts or Social Science subjects.<\/span><\/p>\r\n  <\/td>\r\n <\/tr>\r\n<\/tbody><\/table>\r\n\r\n<\/div>","subjects":"<span>Any three (3) Arts or Social Science subjects.<\/span>","institutions_list":"BOSU"},{"id":"28145","title":"HEALTH INFORMATION MANAGEMENT SYSTEM","de_requirements":"","utme_requirements":"","subjects":"","institutions_list":"BOSU"},{"id":"4171","title":"ISLAMIC STUDIES","de_requirements":"<p><span>Minimum of Lower Credit\/Merit in ND A\u2019 Level\r\npasses in Islamic Studies and other relevant subjects From a recognized\r\ninstitution. Plus \u2018O\u2019 level requirements.<\/span><\/p>","utme_requirements":"<p><span>Five (5) SSCE credit passes to include English\r\nLanguage, Mathematics and Islamic Studies or Arabic and any two (2) relevant\r\nsubjects.<\/span><\/p>","subjects":"<span>Islamic Studies plus two (2) other Arts\r\nsubjects.<\/span>","institutions_list":"BOSU"},{"id":"4168","title":"LITERATURE IN ENGLISH","de_requirements":"<p><span>Minimum of Lower Credit\/Merit in ND A\u2019 Level\r\npasses in Literature in English and other relevant subjects From a recognized\r\ninstitution. Plus \u2018O\u2019 level requirements.<\/span><\/p>","utme_requirements":"<p><span>Five (5) SSCE credit passes to include\r\nLiterature in English, English Language, Mathematics and any two (2) from Arts\r\nor Social Science subjects.<\/span><br><span><\/span><\/p>","subjects":"Literature in English, one other Arts subject and another Arts or Social Science subject.","institutions_list":"BOSU"},{"id":"4177","title":"MASS COMMUNICATION","de_requirements":"<p><span>Minimum of Lower\/Merit Credit in ND\/HND Mass\r\ncommunication and other relevant subjects From a recognized Institution. Plus\r\n\u2018O\u2019 level requirements.<\/span><span><\/span><\/p>","utme_requirements":"<p><span>Five (5) SSCE credit passes in English Language,\r\nMathematics and three (3) other subjects in Arts or Social Sciences.<\/span><span><\/span><\/p>","subjects":"<span>Any three (3) from Arts or Social Science\r\nsubjects.<\/span>","institutions_list":"BOSU"},{"id":"4176","title":"MATHEMATICS","de_requirements":"<span>Minimum of Lower\/Merit Credit in ND\/HND\r\nMathematics &amp; Statistics or physics and other relevant subjects From a\r\nrecognized Institution. Plus \u2018O\u2019 level requirements.<\/span>","utme_requirements":"<p><span>Five (5) SSCE credit passes including English\r\nLanguage, Mathematics and any other three (3) Science subjects.<\/span><\/p>","subjects":"<span>Mathematics and any two (2) of Physics,\r\nChemistry and Economics or Geography.<\/span>","institutions_list":"BOSU"},{"id":"28141","title":"MEDICAL LABORATORY SCIENCE","de_requirements":"","utme_requirements":"","subjects":"","institutions_list":"BOSU"},{"id":"28139","title":"MEDICINE AND SURGERY","de_requirements":"","utme_requirements":"","subjects":"","institutions_list":"BOSU"},{"id":"28143","title":"NURSING SCIENCE","de_requirements":"","utme_requirements":"","subjects":"","institutions_list":"BOSU"},{"id":"4182","title":"PEACE STUDIES & CONFLICT  RESOLUTION","de_requirements":"<p><span>Minimum of Lower Credit\/Merit in ND\/HND Peace\r\nStudies And Conflict Resolution, Social Works, Sociology, Political science,\r\nCriminology, Strategic &amp; Security Studies, and other relevant subjects from\r\na recognized institution. Plus \u2018O\u2019 level requirements.<\/span><span><\/span><\/p>","utme_requirements":"<p><span>Five (5) SSCE credit passes including English\r\nLanguage, Mathematics, Government\/History and any other two (2) from Arts or\r\nSocial Science subjects.<\/span><span><\/span><\/p>","subjects":"<span>Government\/History, Economics and any other one\r\n(1) Social Science subject.<\/span>","institutions_list":"BOSU"},{"id":"4165","title":"PHYSICS","de_requirements":"<p><span>Minimum of Lower Credit\/Merit in ND\/HND Physics,\r\nMathematics and other relevant subjects from a recognized institution. Plus \u2018O\u2019\r\nlevel requirements.<\/span><\/p>","utme_requirements":"<p><span>Five (5) SSCE credit passes in English Language,\r\nPhysics, Chemistry, Mathematics and any other one (1) Science subject <\/span><\/p>","subjects":"Physics, Mathematics and Chemistry or Biology.","institutions_list":"BOSU"},{"id":"4173","title":"PLANT SCIENCE & BIOTECHNOLOGY","de_requirements":"<p><span>Minimum of Lower Credit\/Merit in ND\/HND Plant\r\nScience, Biotechnology, Science Lab Tech, and other relevant subjects from a\r\nrecognized institution. Plus \u2018O\u2019 level requirements.<\/span><br><span><\/span><\/p>","utme_requirements":"<p><span>Five (5) SSCE Credit passes in English Language,\r\nMathematics, Biology, Chemistry and Physics.<\/span><\/p>","subjects":"<span>Biology, Chemistry and any other Science\r\nsubject.<\/span>","institutions_list":"BOSU"},{"id":"4181","title":"POLITICAL SCIENCE","de_requirements":"<p>\r\n\r\n<\/p><p><span>Minimum\r\nof Lower Credit\/Merit ND\/HND Political science and other relevant fields from a\r\nrecognized institution.<\/span><\/p>\r\n\r\n<span>Plus \u2018O\u2019 level\r\nrequirements.<\/span><p><br><span><\/span><span><\/span><\/p>","utme_requirements":"<p><span>Five (5) SSCE credit passes in English Language,\r\nMathematics, Government or History and any other two (2) from Arts or Social\r\nScience subjects.<\/span><br><span><\/span><span><\/span><\/p>","subjects":"<span>Government or History plus two (2) other Social\r\nScience\/Arts subjects<\/span>","institutions_list":"BOSU"},{"id":"4156","title":"PUBLIC ADMINISTRATION","de_requirements":"<p>\r\n\r\n<\/p><div>\r\n\r\n<table>\r\n <tbody><tr>\r\n  <td>\r\n  \r\n  Minimum of Lower Credit\/Merit in ND\/HND Public Administration and other relevant fields from a recognized institution. Plus \u2018O\u2019 level requirements.<br><\/td>\r\n <\/tr>\r\n<\/tbody><\/table>\r\n\r\n<\/div>\r\n\r\n","utme_requirements":"Five (5) SSCE credit passes including English Language, Mathematics, Economics, Government\/History and one (1) other relevant Arts or Social Science subjects.<p>\r\n\r\n<\/p><div>\r\n\r\n<table>\r\n <tbody><tr>\r\n  <td>\r\n  \r\n  <br><\/td>\r\n <\/tr>\r\n<\/tbody><\/table>\r\n\r\n<\/div>\r\n\r\n","subjects":"Government\/History,economics and any one other Social Science subject .<br>&nbsp;<br>","institutions_list":"BOSU"},{"id":"28144","title":"RADIOGRAPHY","de_requirements":"","utme_requirements":"","subjects":"","institutions_list":"BOSU"},{"id":"4183","title":"SOCIOLOGY","de_requirements":"<p><span>Minimum of Lower Credit\/Merit in ND\/HND\r\nSociology and other relevant fields from a recognized institution. Plus \u2018O\u2019\r\nlevel requirements.<\/span><br><span><\/span><span><\/span><\/p>","utme_requirements":"<p><span>Five (5) SSCE credit passes in English Language,\r\nMathematics, Government or History and any other two (2) from Arts or Social\r\nScience subjects.<\/span><br><span><\/span><span><\/span><\/p>","subjects":"<span>Any Three (3) Social Science or Arts subjects.<\/span>","institutions_list":"BOSU"},{"id":"4172","title":"STATISTICS","de_requirements":"<span>Minimum of Lower Credit\/Merit in ND\/HND Statistics\r\nand other relevant fields from a recognized institution. Plus \u2018O\u2019 level\r\nrequirements.<\/span><p><span><\/span><\/p>","utme_requirements":"<p><span>Five (5) SSCE credit passes to include English\r\nLanguage, Mathematics and at least three (3) science subjects from Physics<\/span><\/p>","subjects":"<span>Mathematics and any two (2) of Physics,\r\nChemistry and Economics.<\/span>","institutions_list":"BOSU"},{"id":"4179","title":"TEACHER EDUCATION SCIENCE:","de_requirements":"<div>\r\n\r\n<table>\r\n <tbody><tr>\r\n  <td>\r\n  <p><span>(i)&nbsp; Two (2) 'A' Level passes in relevant\r\n  teaching subjects including Literature in English.<\/span><\/p>\r\n  <p><span>(ii)&nbsp; NCE\r\n  credit or merit in two(2)relevant subjects.<\/span><\/p>\r\n  <\/td>\r\n <\/tr>\r\n<\/tbody><\/table>\r\n\r\n<\/div>","utme_requirements":"<div>\r\n\r\n<table>\r\n <tbody><tr>\r\n  <td>\r\n  <p><span>Five (5) 'O'\r\n  Level credit passes to include English Language and Literature in English plus\r\n  three (3) other Arts or Social Science subjects.<\/span><\/p>\r\n  <\/td>\r\n <\/tr>\r\n<\/tbody><\/table>\r\n\r\n<\/div>","subjects":"Literature in English and one (1) Art and any other subject.","institutions_list":"BOSU"}]