[{"id":"27840","title":"Agricultural Education","de_requirements":"","utme_requirements":"","subjects":"","institutions_list":"ADIGRACE-COE"},{"id":"27829","title":"Biology","de_requirements":"","utme_requirements":"","subjects":"","institutions_list":"ADIGRACE-COE"},{"id":"29901","title":"BIOLOGY\/CHEMISTRY","de_requirements":"","utme_requirements":"","subjects":"","institutions_list":"ADIGRACE-COE"},{"id":"29902","title":"BIOLOGY\/MATHEMATICS","de_requirements":"","utme_requirements":"","subjects":"","institutions_list":"ADIGRACE-COE"},{"id":"29900","title":"BIOLOGY\/PHYSICS","de_requirements":"","utme_requirements":"","subjects":"","institutions_list":"ADIGRACE-COE"},{"id":"27841","title":"Business Education","de_requirements":"","utme_requirements":"","subjects":"","institutions_list":"ADIGRACE-COE"},{"id":"27830","title":"Chemistry","de_requirements":"","utme_requirements":"","subjects":"","institutions_list":"ADIGRACE-COE"},{"id":"29904","title":"CHEMISTRY\/MATHEMATICS","de_requirements":"","utme_requirements":"","subjects":"","institutions_list":"ADIGRACE-COE"},{"id":"29903","title":"CHEMISTRY\/PHYSICS","de_requirements":"","utme_requirements":"","subjects":"","institutions_list":"ADIGRACE-COE"},{"id":"27834","title":"Christian Religious Studies","de_requirements":"","utme_requirements":"","subjects":"","institutions_list":"ADIGRACE-COE"},{"id":"29910","title":"CHRISTIAN RELIGIOUS STUDIES\/ECONOMICS","de_requirements":"","utme_requirements":"","subjects":"","institutions_list":"ADIGRACE-COE"},{"id":"29909","title":"CHRISTIAN RELIGIOUS STUDIES\/SOCIAL STUDIES","de_requirements":"","utme_requirements":"","subjects":"","institutions_list":"ADIGRACE-COE"},{"id":"27831","title":"Computer Science","de_requirements":"","utme_requirements":"","subjects":"","institutions_list":"ADIGRACE-COE"},{"id":"29907","title":"COMPUTER SCIENCE EDUCATION\/CHEMISTRY","de_requirements":"","utme_requirements":"","subjects":"","institutions_list":"ADIGRACE-COE"},{"id":"29906","title":"COMPUTER SCIENCE EDUCATION\/MATHEMATICS","de_requirements":"","utme_requirements":"","subjects":"","institutions_list":"ADIGRACE-COE"},{"id":"29905","title":"COMPUTER SCIENCE EDUCATION\/PHYSICS","de_requirements":"","utme_requirements":"","subjects":"","institutions_list":"ADIGRACE-COE"},{"id":"27837","title":"Economics","de_requirements":"","utme_requirements":"","subjects":"","institutions_list":"ADIGRACE-COE"},{"id":"27825","title":"English Language","de_requirements":"","utme_requirements":"","subjects":"","institutions_list":"ADIGRACE-COE"},{"id":"29896","title":"ENGLISH\/CHRISTIAN RELIGIOUS STUDIES","de_requirements":"","utme_requirements":"","subjects":"","institutions_list":"ADIGRACE-COE"},{"id":"29895","title":"ENGLISH\/COMPUTER SCIENCE","de_requirements":"","utme_requirements":"","subjects":"","institutions_list":"ADIGRACE-COE"},{"id":"29898","title":"ENGLISH\/GEOGRAPHY","de_requirements":"","utme_requirements":"","subjects":"","institutions_list":"ADIGRACE-COE"},{"id":"29899","title":"ENGLISH\/MATHEMATICS","de_requirements":"","utme_requirements":"","subjects":"","institutions_list":"ADIGRACE-COE"},{"id":"29897","title":"ENGLISH\/SOCIAL STUDIES","de_requirements":"","utme_requirements":"","subjects":"","institutions_list":"ADIGRACE-COE"},{"id":"27823","title":"General Education","de_requirements":"","utme_requirements":"","subjects":"","institutions_list":"ADIGRACE-COE"},{"id":"27838","title":"Geography","de_requirements":"","utme_requirements":"","subjects":"","institutions_list":"ADIGRACE-COE"},{"id":"27826","title":"Hausa Language","de_requirements":"","utme_requirements":"","subjects":"","institutions_list":"ADIGRACE-COE"},{"id":"29918","title":"HISTORY\/CHRISTIAN RELIGIOUS STUDIES","de_requirements":"","utme_requirements":"","subjects":"","institutions_list":"ADIGRACE-COE"},{"id":"29919","title":"HISTORY\/SOCIAL STUDIES","de_requirements":"","utme_requirements":"","subjects":"","institutions_list":"ADIGRACE-COE"},{"id":"27828","title":"Integrated Science","de_requirements":"","utme_requirements":"","subjects":"","institutions_list":"ADIGRACE-COE"},{"id":"29920","title":"ISLAMIC RELIGIOUS STUDIES\/ENGLISH","de_requirements":"","utme_requirements":"","subjects":"","institutions_list":"ADIGRACE-COE"},{"id":"29921","title":"ISLAMIC RELIGIOUS STUDIES\/SOCIAL STUDIES","de_requirements":"","utme_requirements":"","subjects":"","institutions_list":"ADIGRACE-COE"},{"id":"27839","title":"Islamic Studies","de_requirements":"","utme_requirements":"","subjects":"","institutions_list":"ADIGRACE-COE"},{"id":"27827","title":"Mathematics","de_requirements":"","utme_requirements":"","subjects":"","institutions_list":"ADIGRACE-COE"},{"id":"29908","title":"MATHEMATICS\/PHYSICS","de_requirements":"","utme_requirements":"","subjects":"","institutions_list":"ADIGRACE-COE"},{"id":"27833","title":"Physical and Health Education","de_requirements":"","utme_requirements":"","subjects":"","institutions_list":"ADIGRACE-COE"},{"id":"27832","title":"Physics","de_requirements":"","utme_requirements":"","subjects":"","institutions_list":"ADIGRACE-COE"},{"id":"27836","title":"Political Science","de_requirements":"","utme_requirements":"","subjects":"","institutions_list":"ADIGRACE-COE"},{"id":"29893","title":"POLITICAL SCIENCE\/CHRISTIAN RELIGIOUS STUDIES","de_requirements":"","utme_requirements":"","subjects":"","institutions_list":"ADIGRACE-COE"},{"id":"29912","title":"POLITICAL SCIENCE\/SOCIAL STUDIES","de_requirements":"","utme_requirements":"","subjects":"","institutions_list":"ADIGRACE-COE"},{"id":"27824","title":"Primary Education","de_requirements":"","utme_requirements":"","subjects":"","institutions_list":"ADIGRACE-COE"},{"id":"29894","title":"PRIMARY EDUCATION (DOUBLE MAJOR)","de_requirements":"","utme_requirements":"","subjects":"","institutions_list":"ADIGRACE-COE"},{"id":"29914","title":"PRIMARY EDUCATION STUDIES\/CHRISTIAN RELIGIOUS STUDIES","de_requirements":"","utme_requirements":"","subjects":"","institutions_list":"ADIGRACE-COE"},{"id":"29917","title":"PRIMARY EDUCATION STUDIES\/ECONOMICS","de_requirements":"","utme_requirements":"","subjects":"","institutions_list":"ADIGRACE-COE"},{"id":"29915","title":"PRIMARY EDUCATION STUDIES\/GEOGRAPHY","de_requirements":"","utme_requirements":"","subjects":"","institutions_list":"ADIGRACE-COE"},{"id":"29916","title":"PRIMARY EDUCATION STUDIES\/POLITICAL SCIENCE","de_requirements":"","utme_requirements":"","subjects":"","institutions_list":"ADIGRACE-COE"},{"id":"29913","title":"PRIMARY EDUCATION STUDIES\/SOCIAL STUDIES","de_requirements":"","utme_requirements":"","subjects":"","institutions_list":"ADIGRACE-COE"},{"id":"27835","title":"Social Studies","de_requirements":"","utme_requirements":"","subjects":"","institutions_list":"ADIGRACE-COE"},{"id":"29911","title":"SOCIAL STUDIES\/ECONOMICS","de_requirements":"","utme_requirements":"","subjects":"","institutions_list":"ADIGRACE-COE"}]