[{"id":"27884","title":"AGRICULTURAL SCIENCE AND EDUCATION","de_requirements":"","utme_requirements":"","subjects":"","institutions_list":"SSUET"},{"id":"27883","title":"BUSINESS EDUCATION","de_requirements":"","utme_requirements":"","subjects":"","institutions_list":"SSUET"},{"id":"27872","title":"CURRICULUM STUDIES","de_requirements":"","utme_requirements":"","subjects":"","institutions_list":"SSUET"},{"id":"27862","title":"EARLY CHILDHOOD EDUCATION","de_requirements":"","utme_requirements":"","subjects":"","institutions_list":"SSUET"},{"id":"27873","title":"EDUCATION AND BIOLOGY ","de_requirements":"","utme_requirements":"","subjects":"","institutions_list":"SSUET"},{"id":"27877","title":"EDUCATION AND CHEMISTRY","de_requirements":"","utme_requirements":"","subjects":"","institutions_list":"SSUET"},{"id":"27875","title":"EDUCATION AND COMPUTER SCIENCE","de_requirements":"","utme_requirements":"","subjects":"","institutions_list":"SSUET"},{"id":"27879","title":"EDUCATION AND ECONOMICS","de_requirements":"","utme_requirements":"","subjects":"","institutions_list":"SSUET"},{"id":"27860","title":"EDUCATION AND ENGLISH","de_requirements":"","utme_requirements":"","subjects":"","institutions_list":"SSUET"},{"id":"27861","title":"EDUCATION AND FRENCH","de_requirements":"","utme_requirements":"","subjects":"","institutions_list":"SSUET"},{"id":"27881","title":"EDUCATION AND GEOGRAPHY","de_requirements":"","utme_requirements":"","subjects":"","institutions_list":"SSUET"},{"id":"27878","title":"EDUCATION AND INTEGRATED SCIENCE","de_requirements":"","utme_requirements":"","subjects":"","institutions_list":"SSUET"},{"id":"27874","title":"EDUCATION AND MATHEMATICS","de_requirements":"","utme_requirements":"","subjects":"","institutions_list":"SSUET"},{"id":"27876","title":"EDUCATION AND PHYSICS","de_requirements":"","utme_requirements":"","subjects":"","institutions_list":"SSUET"},{"id":"27880","title":"EDUCATION AND POLITICAL SCIENCE","de_requirements":"","utme_requirements":"","subjects":"","institutions_list":"SSUET"},{"id":"27864","title":"EDUCATION AND SOCIAL STUDIES","de_requirements":"","utme_requirements":"","subjects":"","institutions_list":"SSUET"},{"id":"27870","title":"EDUCATIONAL MANAGEMENT","de_requirements":"","utme_requirements":"","subjects":"","institutions_list":"SSUET"},{"id":"27869","title":"EDUCATIONAL TECHNOLOGY","de_requirements":"","utme_requirements":"","subjects":"","institutions_list":"SSUET"},{"id":"27886","title":"ENTREPRENEURSHIP","de_requirements":"","utme_requirements":"","subjects":"","institutions_list":"SSUET"},{"id":"27867","title":"ENVIRONMENTAL EDUCATION","de_requirements":"","utme_requirements":"","subjects":"","institutions_list":"SSUET"},{"id":"27859","title":"FULFULDE","de_requirements":"","utme_requirements":"","subjects":"","institutions_list":"SSUET"},{"id":"27871","title":"GUIDANCE AND COUNSELLING","de_requirements":"","utme_requirements":"","subjects":"","institutions_list":"SSUET"},{"id":"27865","title":"HEALTH EDUCATION","de_requirements":"","utme_requirements":"","subjects":"","institutions_list":"SSUET"},{"id":"27885","title":"HOME ECONOMICS AND EDUCATION","de_requirements":"","utme_requirements":"","subjects":"","institutions_list":"SSUET"},{"id":"27866","title":"HUMAN KINETICS","de_requirements":"","utme_requirements":"","subjects":"","institutions_list":"SSUET"},{"id":"27868","title":"LIBRARY AND INFORMATION SCIENCE","de_requirements":"","utme_requirements":"","subjects":"","institutions_list":"SSUET"},{"id":"27863","title":"SPECIAL EDUCATION","de_requirements":"","utme_requirements":"","subjects":"","institutions_list":"SSUET"},{"id":"27882","title":"TECHNICAL EDUCATION","de_requirements":"","utme_requirements":"","subjects":"","institutions_list":"SSUET"}]