[{"id":"27920","title":"AEROSPACE ENGINEERING","de_requirements":"","utme_requirements":"","subjects":"","institutions_list":"FUTIA"},{"id":"27926","title":"BIOCHEMISTRY","de_requirements":"","utme_requirements":"","subjects":"","institutions_list":"FUTIA"},{"id":"27921","title":"CIVIL ENGINEERING","de_requirements":"","utme_requirements":"","subjects":"","institutions_list":"FUTIA"},{"id":"27928","title":"COMPUTER SCIENCE","de_requirements":"","utme_requirements":"","subjects":"","institutions_list":"FUTIA"},{"id":"27930","title":"CYBER SECURITY","de_requirements":"","utme_requirements":"","subjects":"","institutions_list":"FUTIA"},{"id":"27922","title":"ELECTRICAL AND ELECTRONICS ENGINEERING","de_requirements":"","utme_requirements":"","subjects":"","institutions_list":"FUTIA"},{"id":"27931","title":"LIBRARY & INFORMATION TECHNOLOGY","de_requirements":"","utme_requirements":"","subjects":"","institutions_list":"FUTIA"},{"id":"27927","title":"MATHEMATICS\/STATISTICS","de_requirements":"","utme_requirements":"","subjects":"","institutions_list":"FUTIA"},{"id":"27923","title":"MECHANICAL ENGINEERING","de_requirements":"","utme_requirements":"","subjects":"","institutions_list":"FUTIA"},{"id":"27925","title":"MICROBIOLOGY","de_requirements":"","utme_requirements":"","subjects":"","institutions_list":"FUTIA"},{"id":"27924","title":"PHYSICS","de_requirements":"","utme_requirements":"","subjects":"","institutions_list":"FUTIA"},{"id":"27929","title":"SOFTWARE ENGINEERING","de_requirements":"","utme_requirements":"","subjects":"","institutions_list":"FUTIA"}]