[{"id":"27937","title":"DENTAL NURSING","de_requirements":"","utme_requirements":"","subjects":"","institutions_list":"CHT-ILE-IFE"},{"id":"27936","title":"DENTAL TECHNOLOGY","de_requirements":"","utme_requirements":"","subjects":"","institutions_list":"CHT-ILE-IFE"},{"id":"27934","title":"ENVIRONMENTAL HEALTH TECHNOLOGY","de_requirements":"","utme_requirements":"","subjects":"","institutions_list":"CHT-ILE-IFE"},{"id":"27935","title":"HEALTH INFORMATION MANAGEMENT","de_requirements":"","utme_requirements":"","subjects":"","institutions_list":"CHT-ILE-IFE"}]