[{"id":"28228","title":"AGRICULTURAL SCIENCE AND EDUCATION","de_requirements":"","utme_requirements":"","subjects":"","institutions_list":"SAUED"},{"id":"28227","title":"BUSINESS EDUCATION","de_requirements":"","utme_requirements":"","subjects":"","institutions_list":"SAUED"},{"id":"28216","title":"CURRICULUM STUDIES","de_requirements":"","utme_requirements":"","subjects":"","institutions_list":"SAUED"},{"id":"28206","title":"EARLY CHILDHOOD EDUCATION","de_requirements":"","utme_requirements":"","subjects":"","institutions_list":"SAUED"},{"id":"28217","title":"EDUCATION AND BIOLOGY","de_requirements":"","utme_requirements":"","subjects":"","institutions_list":"SAUED"},{"id":"28221","title":"EDUCATION AND CHEMISTRY","de_requirements":"","utme_requirements":"","subjects":"","institutions_list":"SAUED"},{"id":"28219","title":"EDUCATION AND COMPUTER SCIENCE","de_requirements":"","utme_requirements":"","subjects":"","institutions_list":"SAUED"},{"id":"28223","title":"EDUCATION AND ECONOMICS","de_requirements":"","utme_requirements":"","subjects":"","institutions_list":"SAUED"},{"id":"28204","title":"EDUCATION AND ENGLISH LANGUAGE","de_requirements":"","utme_requirements":"","subjects":"","institutions_list":"SAUED"},{"id":"28205","title":"EDUCATION AND FRENCH","de_requirements":"","utme_requirements":"","subjects":"","institutions_list":"SAUED"},{"id":"28225","title":"EDUCATION AND GEOGRAPHY","de_requirements":"","utme_requirements":"","subjects":"","institutions_list":"SAUED"},{"id":"28222","title":"EDUCATION AND INTEGRATED SCIENCE","de_requirements":"","utme_requirements":"","subjects":"","institutions_list":"SAUED"},{"id":"28218","title":"EDUCATION AND MATHEMATICS","de_requirements":"","utme_requirements":"","subjects":"","institutions_list":"SAUED"},{"id":"28220","title":"EDUCATION AND PHYSICS","de_requirements":"","utme_requirements":"","subjects":"","institutions_list":"SAUED"},{"id":"28224","title":"EDUCATION AND POLITICAL SCIENCE","de_requirements":"","utme_requirements":"","subjects":"","institutions_list":"SAUED"},{"id":"28214","title":"EDUCATIONAL MANAGEMENT","de_requirements":"","utme_requirements":"","subjects":"","institutions_list":"SAUED"},{"id":"28213","title":"EDUCATIONAL TECHNOLOGY","de_requirements":"","utme_requirements":"","subjects":"","institutions_list":"SAUED"},{"id":"28230","title":"ENTREPRENEURSHIP","de_requirements":"","utme_requirements":"","subjects":"","institutions_list":"SAUED"},{"id":"28211","title":"ENVIRONMENTAL EDUCATION","de_requirements":"","utme_requirements":"","subjects":"","institutions_list":"SAUED"},{"id":"28203","title":"FULFULDE","de_requirements":"","utme_requirements":"","subjects":"","institutions_list":"SAUED"},{"id":"28215","title":"GUIDANCE AND COUNSELLING","de_requirements":"","utme_requirements":"","subjects":"","institutions_list":"SAUED"},{"id":"28210","title":"HEALTH EDUCATION","de_requirements":"","utme_requirements":"","subjects":"","institutions_list":"SAUED"},{"id":"28229","title":"HOME ECONOMICS AND EDUCATION","de_requirements":"","utme_requirements":"","subjects":"","institutions_list":"SAUED"},{"id":"28209","title":"HUMAN KINETICS","de_requirements":"","utme_requirements":"","subjects":"","institutions_list":"SAUED"},{"id":"28212","title":"LIBRARY AND INFORMATION SCIENCE","de_requirements":"","utme_requirements":"","subjects":"","institutions_list":"SAUED"},{"id":"28231","title":"SECRETARIAL STUDIES","de_requirements":"","utme_requirements":"","subjects":"","institutions_list":"SAUED"},{"id":"28208","title":"SOCIAL STUDIES","de_requirements":"","utme_requirements":"","subjects":"","institutions_list":"SAUED"},{"id":"28207","title":"SPECIAL EDUCATION","de_requirements":"","utme_requirements":"","subjects":"","institutions_list":"SAUED"},{"id":"28226","title":"TECHNICAL EDUCATION","de_requirements":"","utme_requirements":"","subjects":"","institutions_list":"SAUED"},{"id":"28232","title":"TRANSPORTATION MANAGEMENT","de_requirements":"","utme_requirements":"","subjects":"","institutions_list":"SAUED"}]