[{"id":"28242","title":"AGRICULTURAL SCIENCE AND EDUCATION","de_requirements":"","utme_requirements":"","subjects":"","institutions_list":"SARUED"},{"id":"28243","title":"BUSINESS EDUCATION","de_requirements":"","utme_requirements":"","subjects":"","institutions_list":"SARUED"},{"id":"28237","title":"EARLY CHILDHOOD EDUCATION","de_requirements":"","utme_requirements":"","subjects":"","institutions_list":"SARUED"},{"id":"28245","title":"EDUCATION AND ARABIC","de_requirements":"","utme_requirements":"","subjects":"","institutions_list":"SARUED"},{"id":"28248","title":"EDUCATION AND BIOLOGY","de_requirements":"","utme_requirements":"","subjects":"","institutions_list":"SARUED"},{"id":"28250","title":"EDUCATION AND CHEMISTRY","de_requirements":"","utme_requirements":"","subjects":"","institutions_list":"SARUED"},{"id":"28233","title":"EDUCATION AND COMPUTER SCIENCE","de_requirements":"","utme_requirements":"","subjects":"","institutions_list":"SARUED"},{"id":"28246","title":"EDUCATION AND ENGLISH LANGUAGE","de_requirements":"","utme_requirements":"","subjects":"","institutions_list":"SARUED"},{"id":"28251","title":"EDUCATION AND GEOGRAPHY","de_requirements":"","utme_requirements":"","subjects":"","institutions_list":"SARUED"},{"id":"28239","title":"EDUCATION AND HAUSA","de_requirements":"","utme_requirements":"","subjects":"","institutions_list":"SARUED"},{"id":"28240","title":"EDUCATION AND INTEGRATED SCIENCE","de_requirements":"","utme_requirements":"","subjects":"","institutions_list":"SARUED"},{"id":"28247","title":"EDUCATION AND ISLAMIC STUDIES","de_requirements":"","utme_requirements":"","subjects":"","institutions_list":"SARUED"},{"id":"28235","title":"EDUCATION AND MATHEMATICS","de_requirements":"","utme_requirements":"","subjects":"","institutions_list":"SARUED"},{"id":"28236","title":"EDUCATION AND PHYSICS","de_requirements":"","utme_requirements":"","subjects":"","institutions_list":"SARUED"},{"id":"28241","title":"EDUCATION AND SOCIAL STUDIES","de_requirements":"","utme_requirements":"","subjects":"","institutions_list":"SARUED"},{"id":"28234","title":"HEALTH EDUCATION","de_requirements":"","utme_requirements":"","subjects":"","institutions_list":"SARUED"},{"id":"28244","title":"HOME ECONOMICS AND EDUCATION","de_requirements":"","utme_requirements":"","subjects":"","institutions_list":"SARUED"},{"id":"28249","title":"HUMAN KINETICS","de_requirements":"","utme_requirements":"","subjects":"","institutions_list":"SARUED"},{"id":"28238","title":"PRIMARY EDUCATION STUDIES","de_requirements":"","utme_requirements":"","subjects":"","institutions_list":"SARUED"}]