[{"id":"4218","title":"ACCOUNTING","de_requirements":"<p>\r\n\r\n<\/p><div><p><span>(I)&nbsp; &nbsp; &nbsp; &nbsp; &nbsp; At least two\r\nPasses at GCE Advanced Level, to include Economics and any one of Government,\r\nGeography, Mathematics, Business Method and Economic History. <\/span><\/p>\r\n\r\n<p><span>(ii)&nbsp; &nbsp; &nbsp; &nbsp; &nbsp;IJMB\/JUPEB\/NCE\/ND\/ATS\r\nof ICAN\/NIM\/NIMN\/ANAN or approved equivalent.<\/span><\/p>\r\n\r\n<p><span>(iii)&nbsp; &nbsp; &nbsp; &nbsp; Holders of HND\r\nin Banking and Finance, Accounting, Business Administration and other related\r\ndisciplines from a recognized Polytechnic.&nbsp;<\/span><\/p>\r\n\r\n<\/div>\r\n\r\n","utme_requirements":"<p>\r\n\r\n<\/p><div>\r\n\r\n<table>\r\n <tbody><tr>\r\n  <td>\r\n  <p><span>Five\r\n  (5)&nbsp;<\/span><span>O' Level Credits to include English Language,\r\nMathematics, Economics and any other two subjects.<\/span><\/p>\r\n  <\/td>\r\n <\/tr>\r\n<\/tbody><\/table>\r\n\r\n<\/div>\r\n\r\n","subjects":"Mathematics, Economics and any other Social Science subject","institutions_list":"BOWEN"},{"id":"24377","title":"AGRICULTURAL EXTENSION & SOCIAL ENGINEERING","de_requirements":"<p><span>Two (2) \u2018A\u2019 Level passes or equivalents in Chemistry and\r\nBiology\/Agricultural Science\/Botany\/Zoology\/Economics\/Mathematics\/Physics\/Geography\/Geology<\/span><\/p>","utme_requirements":"<p><span>Five (5) SSCE credit passes<span>&nbsp; <\/span>in English Language, Chemistry, Mathematics,\r\nBiology\/Agricultural Science plus one of Physics, Geography and Economics.<\/span><\/p>","subjects":"<p><span>Chemistry, Biology \/Agriculture and Physics or Mathematics<\/span><\/p>","institutions_list":"BOWEN"},{"id":"4271","title":"AGRICULTURAL SCIENCE AND EDUCATION","de_requirements":"<div>\r\n\r\n<table>\r\n <tbody><tr>\r\n  <td>\r\n  <p><span>(i) Two (2) passes at 'A' Level in Biology \/Zoology\r\n  \/Botany and any other Science subject.<\/span><\/p>\r\n  <p><span>(ii) NCE merit\r\n  in Biology and any other Science subject.<\/span><\/p>\r\n  <\/td>\r\n <\/tr>\r\n<\/tbody><\/table>\r\n\r\n<\/div><p>\r\n\r\n<span>(iii)\r\nNCE merit in Agriculture (Double Major).<\/span><br><\/p>","utme_requirements":"<div>\r\n\r\n<table>\r\n <tbody><tr>\r\n  <td>\r\n  <p><span>Five (5) 'O'\r\n  Level credit passes or equivalents in English Language, Chemistry, Biology\/Agricultural\r\n  Science., Mathematics and another relevant subject.<\/span><\/p>\r\n  <\/td>\r\n <\/tr>\r\n<\/tbody><\/table>\r\n\r\n<\/div>","subjects":"Any three (3) subjects from Chemistry, Biology, Agriculture, Physics, Economics, Geography and Mathematics.","institutions_list":"BOWEN"},{"id":"4221","title":"AGRICULTURE","de_requirements":"<p><span>(i)&nbsp; &nbsp; &nbsp; &nbsp; &nbsp; NCE,\r\nOND or approved equivalents of at least&nbsp;<\/span><span>upper&nbsp;<\/span><span>credit in relevant fields.<\/span><\/p><p><span>(ii)&nbsp; &nbsp; &nbsp; &nbsp; &nbsp;Two A-Level passes to include Chemistry and any one of the following: Biology\/Botany,\r\nZoology\/Agricultural Science, Economics, Physics, and Geography.<\/span><\/p><p>\r\n\r\n\r\n\r\n<\/p><p><span>(iii)&nbsp; &nbsp; &nbsp; &nbsp; IJMB\r\nat acceptable grade levels.&nbsp;<\/span><\/p>","utme_requirements":"<p><span>Five (5)&nbsp;<\/span><span>five O' Level credits to include: English Language, Mathematics,\r\nBiology\/Agricultural Science\/Home Economics\/ Fisheries, Chemistry and one of\r\nPhysics, Geography, or Economics.<\/span><\/p><p><span><\/span><\/p>","subjects":"Chemistry, Biology\/Agriculture, and Physics\/Mathematics.","institutions_list":"BOWEN"},{"id":"4220","title":"ANATOMY","de_requirements":"<p><span>Two\r\n(2) 'A' Level passes chosen from Biology, Chemistry and Physics in addition to the\r\nUTME requirements.<\/span><\/p>","utme_requirements":"<p><span>Five\r\n(5)&nbsp;<\/span><span>O' Level credits in English Language, Mathematics, Physics,\r\nChemistry and Biology.<\/span><\/p><p><span><\/span><\/p>","subjects":"<span>English Language, Biology, Chemistry and Physics<\/span>","institutions_list":"BOWEN"},{"id":"24378","title":"ARCHITECTURE","de_requirements":"<p>\r\n\r\n<\/p><p><span><span>(i)<span>&nbsp;&nbsp;&nbsp;&nbsp;&nbsp;&nbsp;\r\n<\/span><\/span><\/span><span>Two (2) 'A' Level passes chosen from Mathematics or Physics\r\nand Chemistry, Geography or Fine Arts.<\/span><\/p>\r\n\r\n<span>ND\/HND\r\nupper credits in relevant field<\/span>","utme_requirements":"<p><span>Five (5) SSC credit passes in English Language,\r\nMathematics, Physics, Chemistry and any of Fine Art, Geography or Wood Work,\r\nBiology, Economics, Technical Drawing, Further. Mathematics., Introduction to\r\nBuilding Construction, Bricklaying\/Block laying, Concreting, Wall, Floors and\r\nCeiling Finishing, Joinery, Carpentary, Decorative Painting, Lining, Sign and Design,\r\nWall Hanging, Colour Mixing\/Matching and Glazing, Ceramics, Graphics Design,\r\nGraphic Printing, Basic Electricity<\/span><\/p>","subjects":"<p><span>Physics, Mathematics, and any of Chemistry, Geography,\r\nArt, Biology and Economics<\/span><\/p>","institutions_list":"BOWEN"},{"id":"4222","title":"BANKING & FINANCE","de_requirements":"<p>\r\n\r\n<\/p><div><p><span>(I)&nbsp; &nbsp; &nbsp; &nbsp; &nbsp; At least two\r\nPasses at GCE Advanced Level, to include Economics and any one of Government,\r\nGeography, Mathematics, Business Method, and Economic History. <\/span><\/p>\r\n\r\n<p><span>(ii)&nbsp; &nbsp; &nbsp; &nbsp; &nbsp;IJMB\/JUPEB\/NCE\/ND\/ATS\r\nof ICAN\/NIM\/NIMN\/ANAN or approved equivalent.<\/span><\/p>\r\n\r\n<p><span>(iii)&nbsp; &nbsp; &nbsp; &nbsp; Holders of HND\r\nin Banking and Finance, Accounting, Business Administration and other related\r\ndisciplines from a recognized Polytechnic.&nbsp;<\/span><\/p><\/div>","utme_requirements":"<p>\r\n\r\n<\/p><div>\r\n\r\n<table>\r\n <tbody><tr>\r\n  <td>\r\n  <p><span>Five\r\n  (5)&nbsp;<\/span><span>O' Level Credits to include English Language and\r\nMathematics, one Social Science subject and any other two subjects.<\/span><\/p><\/td><\/tr><\/tbody><\/table><\/div>","subjects":"<p><span>English\r\nLanguage, Mathematics, and two other social science subjects.<\/span><\/p>","institutions_list":"BOWEN"},{"id":"4234","title":"BIOCHEMISTRY","de_requirements":"<p><span>Two (2) 'A' Level passes chosen from Chemistry, Mathematics, Physics and\r\nBiology.<\/span><\/p><p><span><o>&nbsp;<\/o:p><\/span><\/p><p>\r\n\r\n\r\n\r\n<\/p><p><span>NCE\/ND\/HND in related programmes plus the UTME requirements.<\/span><\/p>","utme_requirements":"<p><span>Five (5) SSC credit passes in English Language, Chemistry, Mathematics,\r\nPhysics and Biology.<\/span><\/p>","subjects":"Biology, Chemistry and Physics or Mathematics.","institutions_list":"BOWEN"},{"id":"4216","title":"BUSINESS ADMINISTRATION","de_requirements":"<p><span>Two (2) \u2018A\u2019 Level passes chosen from Economics, Accounts,\r\nBusiness Management, Government, Geography or Statistics.<\/span><\/p>","utme_requirements":"<p><span>Five (5) SSC credit passes including English Language,\r\nMathematics, Economics, plus any two (2) of Accounting, Business Methods,\r\nCommerce, Government, Geography, and Statistics.<\/span><br><\/p>","subjects":"Mathematics, Economics and one (1) other subject.","institutions_list":"BOWEN"},{"id":"4219","title":"BUSINESS ADMINISTRATION","de_requirements":"<p>\r\n\r\n<\/p><div>\r\n\r\n<p><span>(i)&nbsp;&nbsp;&nbsp;&nbsp;&nbsp;&nbsp;&nbsp;&nbsp;&nbsp;&nbsp;&nbsp; At\r\nleast two passes at GCE Advanced Level to include Economics, Government,\r\nHistory and<\/span><span>&nbsp;Geography .<\/span><\/p>\r\n\r\n<p><span>(ii)&nbsp;&nbsp;&nbsp;&nbsp;&nbsp;&nbsp;&nbsp;&nbsp;&nbsp;&nbsp; IJMB\/JUPEB\/NCE.&nbsp;<\/span><\/p><table><tbody><tr><td><p>\r\n<\/p><br>\r\n  <\/td>\r\n <\/tr>\r\n<\/tbody><\/table>\r\n\r\n<\/div>\r\n\r\n","utme_requirements":"<p>\r\n\r\n<\/p><div>\r\n\r\n<table>\r\n <tbody><tr>\r\n  <td>\r\n  <p><span>Five\r\n  (5)&nbsp;<\/span><span>O' Level Credits to include English Language,\r\nMathematics, Economics and any other two subjects at not more than two (2)\r\nsittings<\/span><\/p>\r\n  <\/td>\r\n <\/tr>\r\n<\/tbody><\/table>\r\n\r\n<\/div>\r\n\r\n","subjects":"<span>English Language, Mathematics, Economics plus\r\nany other social science subject<\/span>","institutions_list":"BOWEN"},{"id":"4273","title":"BUSINESS EDUCATION","de_requirements":"<p>(i)<span>\t<\/span>Two (2) 'A' Level passes or NCE merit in two (2) relevant subjects.<\/p><p>(ii)<span>\t<\/span>NCE merit in Business Education Double Major.&nbsp;<\/p><div><br><\/div>","utme_requirements":"<p>Five (5) TC II merit, 'O' Level or NTC\/NBC credit passes including English Language, Mathematics, Economics and two (2) other subjects in the Social Sciences or Arts. For NBC, the other subjects could be from any of the following: Commerce, Office Practice, Principles of Accounts, Secretarial Duties, Typewriting and Shorthand.<\/p><p><br><\/p>","subjects":"Mathematics, Economics plus one (1) of Literature in English, History, Government, Geography, Chemistry and Physics.\r\n\r\n","institutions_list":"BOWEN"},{"id":"4246","title":"CHEMISTRY","de_requirements":"<p><span>i)&nbsp; Two (2) 'A' Level passes in Chemistry and any\r\none (1) of Physics, Mathematics or Biology.<\/span><\/p><p><span><o>&nbsp;<\/o:p><\/span><\/p><p>\r\n\r\n\r\n\r\n<\/p><p><span>(ii)&nbsp;&nbsp; ND\/NCE\r\nwith good grades in relevant 'O' Level subjects.<\/span><\/p>","utme_requirements":"<p><span>Five (5) SSC credit passes in English Language, Mathematics, Physics,\r\nChemistry and Biology.<\/span><\/p>","subjects":"Chemistry and two (2) of Physics, Biology and Mathematics.\r\n\r\n","institutions_list":"BOWEN"},{"id":"4236","title":"COMMUNICATION ARTS","de_requirements":"<p><span>Two (2) \u2018A\u2019 Level passes\/NCE to include CRS\/Religious\r\nStudies.<\/span><\/p>","utme_requirements":"<p><span>Five (5) SSC credit passes in English Language, CRS and three\r\n(3) other relevant subjects.<\/span><\/p>","subjects":"Two (2) Arts subjects including CRS and any other subject.","institutions_list":"BOWEN"},{"id":"4258","title":"COMMUNICATION ARTS","de_requirements":"<p><span>Two\r\n\u2018A\u2019 Level passes or equivalent in Arts or Social Science subjects.<\/span><\/p>","utme_requirements":"<p><span>Five (5) SSC credit passes or equivalent including\r\nEnglish&nbsp; Language, Literature in English,\r\nArts\/ Music depending on the combination.<\/span><\/p>","subjects":"Any three (3) Arts or   Social Science subjects.","institutions_list":"BOWEN"},{"id":"4260","title":"COMPUTER SCIENCE","de_requirements":"<p><span>(i)&nbsp; &nbsp; &nbsp; &nbsp; &nbsp; NCE\/ND or approved\r\nequivalent with at least Merit and Lower Credit respectively in the relevant\r\nfields.<\/span><\/p><p>\r\n\r\n<\/p><p><span>(ii)&nbsp; &nbsp; &nbsp; &nbsp; &nbsp;IJMB, JUPEB,\r\nCambridge Moderated School of Basic Studies, GCE Advanced Level or approved\r\nequivalents at acceptable grade levels in Mathematics and Physics<\/span><\/p>","utme_requirements":"<p><span>Five (5)&nbsp;<\/span><span>O' Level subjects to include English Language,\r\nMathematics, Physics, and any two from Further Mathematics,\r\nBiology\/Agricultural Science, Chemistry, Economics, Technical Drawing, Basic\r\nElectronics\/Electronics, Computer Studies, and Data Processing.&nbsp;<\/span><\/p>","subjects":"<p><span>English\r\nLanguage, Mathematics, Physics and one (1) of Biology, Chemistry, Agricultural\r\nScience, Economics and Geography.<\/span><\/p>","institutions_list":"BOWEN"},{"id":"24385","title":"CYBER SECURITY","de_requirements":"<p>\r\n\r\n<\/p><p><span>i)<span>&nbsp;&nbsp;&nbsp;&nbsp;&nbsp; <\/span>Two (2) 'A' Level passes in\r\nscience subjects including Mathematics<\/span><\/p>\r\n\r\n<p><span>&nbsp;<\/span><\/p>\r\n\r\n<p><span>(ii)<span>&nbsp;&nbsp; <\/span>NCE merit in Mathematics and\r\none (1) other Science or Social Science subject.<\/span><\/p>\r\n\r\n","utme_requirements":"<p><span>Five (5) SSC credit passes to include English Language,\r\nMathematics, Physics plus two (2) other Science subjects<\/span><\/p>","subjects":"<p><span>Mathematics, Physics and one (1) of Biology,\r\nChemistry, Agric Science, Economics and Geography<\/span><\/p>","institutions_list":"BOWEN"},{"id":"4233","title":"DOCTOR OF PHYSIOTHERAPY","de_requirements":"<p><span>A degree in relevant discipline not less than 2nd Class Lower\r\nDivision can apply.<\/span><\/p>","utme_requirements":"<p><span>Five (5)\u00a0<\/span><span>O' Level credits in English Language,\r\nMathematics, Physics, Chemistry, and Biology.<\/span><\/p>","subjects":"<p><span>English Language, Biology, Chemistry and Physics<\/span><\/p>","institutions_list":"BOWEN"},{"id":"29683","title":"DOCTOR OF PHYSIOTHERAPY","de_requirements":"","utme_requirements":"","subjects":"","institutions_list":"BOWEN"},{"id":"4223","title":"ECONOMICS","de_requirements":"<p>\r\n\r\n<\/p><div><p><span>(i)&nbsp; &nbsp; &nbsp; &nbsp; &nbsp; At least two GCE\r\nAdvanced Level passes which must include Economics, and any other subject from\r\nGovernment, Geography, History, Sociology, Psychology, Mathematics, and Further\r\nMathematics. <\/span><\/p>\r\n\r\n<p><span>(ii)&nbsp; &nbsp; &nbsp; &nbsp; &nbsp;IJMB\/JUPEB\/NCE\/ND or its approved\r\nequivalent at an acceptable grade level.&nbsp;<\/span><\/p>\r\n\r\n<\/div>\r\n\r\n","utme_requirements":"<p>\r\n\r\n<\/p><div>\r\n\r\n<table>\r\n <tbody><tr>\r\n  <td>\r\n  <p><span>Five\r\n  (5)&nbsp;<\/span><span>O' Level credits to include English Language,\r\nMathematics, Economics, one social science subject from Geography, Government,\r\nHistory, Civic Education, Sociology, Psychology, and any other subject.<\/span><\/p>\r\n  <\/td>\r\n <\/tr>\r\n<\/tbody><\/table>\r\n\r\n<\/div>\r\n\r\n","subjects":"<span>English Language, Mathematics, Economics plus\r\nany other social science subject or any other subject.<\/span>","institutions_list":"BOWEN"},{"id":"4237","title":"EDUCATION & BIOLOGY","de_requirements":"\r\n\r\n<table>\r\n <tbody><tr>\r\n  <td>\r\n  <p><br><\/p>\r\n  <\/td>\r\n <\/tr>\r\n<\/tbody><\/table><div>\r\n\r\n<table>\r\n <tbody><tr>\r\n  <td>\r\n  <p><span>NCE\/'A' Level\r\n  passes in Biology and one (1) other Science subject.<\/span><\/p>\r\n  <\/td>\r\n <\/tr>\r\n<\/tbody><\/table>\r\n\r\n<\/div>\r\n\r\n","utme_requirements":"\r\n\r\n<table>\r\n <tbody><tr>\r\n  <td>\r\n  <p><br><\/p>\r\n  <\/td>\r\n <\/tr>\r\n<\/tbody><\/table><div>\r\n\r\n<table>\r\n <tbody><tr>\r\n  <td>\r\n  <p><span>Five (5) SSC credit\r\n  passes in English Language, Biology, Chemistry, Mathematics and one (1) other\r\n  subject.<\/span><\/p>\r\n  <\/td>\r\n <\/tr>\r\n<\/tbody><\/table>\r\n\r\n<\/div>\r\n\r\n","subjects":"Biology and two (2) other subjects from Chemistry, Mathematics and Physics.","institutions_list":"BOWEN"},{"id":"4229","title":"EDUCATION AND CHEMISTRY:","de_requirements":"<div>\r\n\r\n<table>\r\n <tbody><tr>\r\n  <td>\r\n  <p><span>Two (2) \u2018A\u2019 Level\/NCE\r\n  passes including Chemistry and one (1) other Science subject.<\/span><\/p>\r\n  <\/td>\r\n <\/tr>\r\n<\/tbody><\/table>\r\n\r\n<\/div>","utme_requirements":"<div>\r\n\r\n<table>\r\n <tbody><tr>\r\n  <td>\r\n  <p><span>Five (5) SSC\r\n  credits in Mathematics, Chemistry, English Language and two (2) of Physics,\r\n  Biology and Agricultural Science.<\/span><\/p>\r\n  <\/td>\r\n <\/tr>\r\n<\/tbody><\/table>\r\n\r\n<\/div>","subjects":"Chemistry and two (2) other subjects chosen from Physics, Biology and Mathematics.","institutions_list":"BOWEN"},{"id":"4231","title":"EDUCATION AND COMPUTER SCIENCE","de_requirements":"<div>\r\n\r\n<table>\r\n <tbody><tr>\r\n  <td>\r\n  <p><span>Two (2) \u2018A\u2019 Level passes including Physics or Chemistry.<\/span><\/p>\r\n  <\/td>\r\n <\/tr>\r\n<\/tbody><\/table>\r\n\r\n<\/div>","utme_requirements":"<div>\r\n\r\n<table>\r\n <tbody><tr>\r\n  <td>\r\n  <p><span>Five (5) SSC credit passes or its equivalents including\r\n  Mathematics, English Language and three (3) other Science subjects.<\/span><\/p>\r\n  <\/td>\r\n <\/tr>\r\n<\/tbody><\/table>\r\n\r\n<\/div>","subjects":"Mathematics, Physics and one of Biology, Chemistry and Geography.","institutions_list":"BOWEN"},{"id":"4272","title":"EDUCATION AND ECONOMICS","de_requirements":"<p>(i)<span>\t<\/span>Two (2) 'A' Level passes in Economics and one (1) other relevant subject.<\/p><p>(ii) <span>\t<\/span>NCE merit\/credit in Economics and one (1) other subject.<\/p><p><br><\/p>","utme_requirements":"<p>Five (5) 'O' Level credit passes to include English Language, Economics and Mathematics.<\/p><p><br><\/p>","subjects":"Economics, Mathematics and one (1) other subject from Geography\/Physics, History, Government and Literature in English.\r\n\r\n","institutions_list":"BOWEN"},{"id":"4261","title":"EDUCATION AND ENGLISH LANGUAGE","de_requirements":"<div>\r\n\r\n<table>\r\n <tbody><tr>\r\n  <td>\r\n  <p><span>(i)&nbsp; Two (2) 'A' Level passes in relevant\r\n  teaching subjects including Literature in English.<\/span><\/p>\r\n  <p><span>(ii)&nbsp; NCE\r\n  credit or merit in two(2)relevant subjects.<\/span><\/p>\r\n  <\/td>\r\n <\/tr>\r\n<\/tbody><\/table>\r\n\r\n<\/div>","utme_requirements":"<div>\r\n\r\n<table>\r\n <tbody><tr>\r\n  <td>\r\n  <p><span>Five (5) 'O'\r\n  Level credit passes to include English Language and Literature in English plus\r\n  three (3) other Arts or Social Science subjects.<\/span><\/p>\r\n  <\/td>\r\n <\/tr>\r\n<\/tbody><\/table>\r\n\r\n<\/div>","subjects":"Literature in English and one (1) Art and any other subject.","institutions_list":"BOWEN"},{"id":"4239","title":"EDUCATION AND MATHEMATICS","de_requirements":"<div>\r\n\r\n<table>\r\n <tbody><tr>\r\n  <td>\r\n  <p><span>Two (2)'A' Level passes\/NCE in\r\n  Mathematics and one (1) Science subject.<\/span><\/p>\r\n  <\/td>\r\n <\/tr>\r\n<\/tbody><\/table>\r\n\r\n<\/div>","utme_requirements":"<div>\r\n\r\n<table>\r\n <tbody><tr>\r\n  <td>\r\n  <p><span>Five (5) SSC credit\r\n  passes to include English Language, Mathematics plus one (1) other Science\r\n  subject.<\/span><\/p>\r\n  <\/td>\r\n <\/tr>\r\n<\/tbody><\/table>\r\n\r\n<\/div>","subjects":"Mathematics and any two (2) of the following Science subjects: Physics, Chemistry and Biology.","institutions_list":"BOWEN"},{"id":"4235","title":"EDUCATION AND MUSIC:","de_requirements":"<div>\r\n\r\n<table>\r\n <tbody><tr>\r\n  <td>\r\n  <p><span>Two (2) 'A' Level\r\n  passes\/NCE merit in Music.<\/span><\/p>\r\n  <\/td>\r\n <\/tr>\r\n<\/tbody><\/table>\r\n\r\n<\/div>","utme_requirements":"<div>\r\n\r\n<table>\r\n <tbody><tr>\r\n  <td>\r\n  <p><span>Five (5) SSC credit\r\n  passes including Music and English Language.<\/span><\/p>\r\n  <\/td>\r\n <\/tr>\r\n<\/tbody><\/table>\r\n\r\n<\/div>","subjects":"Music and any other two (2) Arts\/Social Science subjects.","institutions_list":"BOWEN"},{"id":"4244","title":"EDUCATION AND PHYSICS","de_requirements":"<div>\r\n\r\n<table>\r\n <tbody><tr>\r\n  <td>\r\n  <p><span>(i)&nbsp; Two (2) 'A'\r\n  Level passes in Physics and Mathematics.<\/span><\/p>\r\n  <p><span>(ii) NCE credit\/merit in relevant subjects.<\/span><\/p>\r\n  <\/td>\r\n <\/tr>\r\n<\/tbody><\/table>\r\n\r\n<\/div>","utme_requirements":"<p><span>Five (5) 'O' Level credits passes to include English\r\nLanguage, Physics, Mathematics and two (2) other Science subjects or NTC\/NBC.<\/span><br><\/p>","subjects":"Physics, Mathematics or Chemistry plus one (1) other subjects.","institutions_list":"BOWEN"},{"id":"4263","title":"EDUCATION AND RELIGIOUS STUDIES","de_requirements":"<div>\r\n\r\n<table>\r\n <tbody><tr>\r\n  <td>\r\n  <p><span>Two (2) 'A'\r\n  Level passes\/NCE merit in Religious Studies and one (1) other Arts subject.<\/span><\/p>\r\n  <\/td>\r\n <\/tr>\r\n<\/tbody><\/table>\r\n\r\n<\/div>","utme_requirements":"<div>\r\n\r\n<table>\r\n <tbody><tr>\r\n  <td>\r\n  <p><span>Five (5) 'O'\r\n  Level credit passes or TC II merit in five (5) subjects including English\r\n  Language, Religious Studies and three (3) other Arts subjects.<\/span><\/p>\r\n  <\/td>\r\n <\/tr>\r\n<\/tbody><\/table>\r\n\r\n<\/div>","subjects":"Two (2) Arts subject including Religious studies and one (1) other subject.","institutions_list":"BOWEN"},{"id":"4270","title":"EDUCATIONAL MANAGEMENT","de_requirements":"<div>\r\n\r\n<table>\r\n <tbody><tr>\r\n  <td>\r\n  <p><span>Same as in\r\n  Educational Psychology, Guidance and Counseling.<\/span><\/p>\r\n  <\/td>\r\n <\/tr>\r\n<\/tbody><\/table>\r\n\r\n<\/div>","utme_requirements":"<div>\r\n\r\n<table>\r\n <tbody><tr>\r\n  <td>\r\n  <p><span>Same as in\r\n  Educational Psychology, Guidance and Counseling.<\/span><\/p>\r\n  <\/td>\r\n <\/tr>\r\n<\/tbody><\/table>\r\n\r\n<\/div>","subjects":"Economics, Mathematics and one (1) other Social Science\/Arts subject.","institutions_list":"BOWEN"},{"id":"4268","title":"ELECTRICAL \/ELECTRONICS ENGINEERING","de_requirements":"<p><span>(i)&nbsp; &nbsp; &nbsp; &nbsp; &nbsp; National\r\nDiploma (ND) with upper credit pass in the relevant field of study for\r\nadmission into 200 level or Higher National Diploma (HND) in the relevant field\r\nfor admission into 300 level<\/span><\/p><p><span>&nbsp;<\/span><\/p><p><span>(ii)&nbsp; &nbsp; &nbsp; &nbsp; &nbsp;GCE \u2018A\u2019\r\nLevel Passes in Mathematics, Physics\r\nand Chemistry in addition to \u2018O\u2019 level requirements.<\/span><\/p><p>\r\n\r\n\r\n\r\n\r\n\r\n<\/p><p><span>(iii)&nbsp; &nbsp; &nbsp; &nbsp; Candidates with\r\nJUPEB or IJMB at acceptable grade levels.<\/span><\/p>","utme_requirements":"<p><span>Five (5)&nbsp;<\/span><span>O' Level credits to include English Language,\r\nMathematics, Physics, Chemistry, and any other Science subject.&nbsp;<\/span><\/p>","subjects":"<span>English Language, Mathematics, Physics and\r\nChemistry.<\/span>","institutions_list":"BOWEN"},{"id":"4243","title":"ENGLISH LANGUAGE","de_requirements":"<p><span>(i)&nbsp;&nbsp; &nbsp;&nbsp;&nbsp;&nbsp;&nbsp;&nbsp;&nbsp;&nbsp; At least two Advanced Level Passes or\r\nequivalent in Literature and other Arts subject.<\/span><\/p><p>\r\n\r\n<\/p><p><span>(ii)&nbsp; &nbsp;&nbsp;&nbsp;&nbsp;&nbsp;&nbsp;&nbsp;&nbsp; IJMB\/JUPEB at acceptable grade levels.<\/span><\/p>","utme_requirements":"<p><span>Five\r\n(5)&nbsp;<\/span><span>O`Level credits to include English Language,\r\nLiterature- in-English plus at least one other Arts subject.<\/span><\/p>","subjects":"<span>English Language, Literature- in- English and\r\nany two Arts subjects.<\/span>","institutions_list":"BOWEN"},{"id":"4226","title":"FISHERIES AND AQUACULTURE:","de_requirements":"<p><span>(i)\r\nTwo (2) 'A' Level passes in any of Chemistry, Biology, Botany, Zoology, Agricultural\r\nScience Geography, Mathematics (pure &amp; applied), Physics, Geology and\r\nEconomics.<\/span><\/p><p><span><o>&nbsp;<\/o:p><\/span><\/p><p>\r\n\r\n\r\n\r\n<span>(ii)NCE\r\nAgriculture<\/span><br><\/p>","utme_requirements":"<p><span>Five (5) SSC credit passes in Biology\/Agricultural\r\nScience, Chemistry, Mathematics and English Language plus any other Science\r\nsubject.<\/span><\/p><p><span>&nbsp;<\/span><\/p><p>\r\n\r\n\r\n\r\n<\/p><p><span>&nbsp;<\/span><\/p>","subjects":"Chemistry, Biology\/Agricultural Science and any other Science subject.\r\n\r\n","institutions_list":"BOWEN"},{"id":"4255","title":"FOOD SCIENCE & TECHNOLOGY","de_requirements":"<p><span>(i)&nbsp;&nbsp; &nbsp;&nbsp;&nbsp;&nbsp;&nbsp;&nbsp;&nbsp;&nbsp; NCE, OND, or approved equivalents in\r\nrelevant fields at the upper credit level.<\/span><\/p><p><span>(II) &nbsp;&nbsp;&nbsp;&nbsp;&nbsp;&nbsp;&nbsp;&nbsp; &nbsp;Food Technology, Agriculture, Biology,\r\nChemistry, Science Laboratory Technology,&nbsp;\r\nPhysics,&nbsp;&nbsp;&nbsp; Mathematics, any of\r\nthe sciences with the requisite \u2018O\u2019 Level requirement. <\/span><\/p><p><span>(iii)&nbsp;&nbsp;&nbsp;&nbsp;&nbsp;&nbsp;&nbsp;&nbsp;&nbsp; Two Advanced\r\nLevel subjects.<\/span><\/p><p>&nbsp;&nbsp;&nbsp;&nbsp;<span>(a)<span>&nbsp;&nbsp;&nbsp;\r\n<\/span><\/span><span>&nbsp; &nbsp; Physics and Chemistry or\r\nBiology\/Agriculture<\/span><\/p><p>&nbsp;&nbsp;&nbsp;&nbsp;<span>(b)<span>&nbsp;&nbsp;&nbsp;\r\n<\/span><\/span><span>&nbsp; &nbsp; Mathematics\/Statistics and Chemistry or\r\n<\/span>&nbsp; &nbsp; &nbsp; &nbsp; &nbsp;&nbsp;&nbsp;&nbsp;&nbsp;&nbsp;&nbsp;&nbsp;&nbsp;<span>Biology\/Agriculture<\/span><\/p><p><span>(iv)&nbsp; &nbsp; &nbsp; &nbsp; IJMB\r\nat acceptable grade levels. <\/span><\/p><p>\r\n\r\n\r\n\r\n\r\n\r\n\r\n\r\n\r\n\r\n\r\n\r\n<\/p><p><span>(v)&nbsp;&nbsp;&nbsp;&nbsp;&nbsp;&nbsp;&nbsp;&nbsp; In addition to the\r\ntwo Advanced Level papers to be specified by the University, candidates must\r\nhave credits in three ordinary level subjects.<\/span><\/p>","utme_requirements":"<p><span>Five (5) O\" Level credit passes in&nbsp;<\/span><span>English Language, Mathematics and any other\r\nthree from Physics, Chemistry, Biology\/Agriculture\/Geography and any other\r\nscience-based subjects.<\/span><\/p>","subjects":"<p><span>English Language, Chemistry, Biology and\r\nMathematics\/Physics.<\/span><\/p>\r\n\r\n<p><span>&nbsp;<\/span><\/p>","institutions_list":"BOWEN"},{"id":"4259","title":"FORESTRY AND ENVIRONMENTAL MGT.","de_requirements":"<p><span>Two (2) \u2019A\u2019 Level passes in Chemistry and\r\nBiology or Agric Science or Zoology or Botany.<\/span><\/p>","utme_requirements":"<p><span>Five (5) SSC credit\r\npasses in English, Chemistry, Mathematics, Biology and one of Physics,\r\nEconomics, Further Mathematics and Statistics.<\/span><\/p>","subjects":"Chemistry, Biology\/Agriculture and Physics or Mathematics","institutions_list":"BOWEN"},{"id":"4245","title":"HISTORY & INTERNATIONAL STUDIES","de_requirements":"<p><span>(i)&nbsp;&nbsp;&nbsp;&nbsp;&nbsp;&nbsp;&nbsp;&nbsp;&nbsp;&nbsp;&nbsp; At least two\r\nAdvanced Level Passes or equivalents in Government and any one other Arts or\r\nSocial Science subject.<\/span><\/p><p><span>(ii)&nbsp;&nbsp;&nbsp;&nbsp;&nbsp;&nbsp;&nbsp;&nbsp;&nbsp;&nbsp; IJMB\/JUPEB\/International\r\nBaccalaureate Certificate at acceptable grade levels.<\/span><\/p><p>\r\n\r\n\r\n\r\n<\/p><p><span>(iii)&nbsp;&nbsp;&nbsp;&nbsp;&nbsp;&nbsp;&nbsp;&nbsp;&nbsp; NCE,\r\nND or approved equivalents with at least Upper Credit in relevant fields.<\/span><\/p>","utme_requirements":"<p>&nbsp;&nbsp;&nbsp;&nbsp;&nbsp;&nbsp;&nbsp;&nbsp;&nbsp;&nbsp;&nbsp;&nbsp;&nbsp;&nbsp;<span>Five O` Level Credits to include English Language, History or <\/span><span>Government, Economics plus at least two other Arts or Social Science subjects.<\/span><\/p><p>\r\n\r\n<\/p><p><span>&nbsp;<\/span><\/p>","subjects":"<span>English Language, History or Government and\r\nEconomics and any other subjects from Arts and Social Sciences.<\/span>","institutions_list":"BOWEN"},{"id":"4247","title":"INDUSTRIAL CHEMISTRY","de_requirements":"<p><span>(i)&nbsp; &nbsp; &nbsp; &nbsp; &nbsp; At\r\nleast two GCE Advanced Level passes in Chemistry and either Mathematics or\r\nPhysics. <\/span><\/p><p><span>(ii)&nbsp; &nbsp; &nbsp; &nbsp; &nbsp;IJMB\/JUPEB\/NCE\/ND\r\nor approved equivalents.<\/span><\/p><p>\r\n\r\n\r\n\r\n<\/p><p><span>(iii)&nbsp; &nbsp; &nbsp; &nbsp; Holders of HND\r\nfrom a recognized Polytechnic with a minimum of lower credit in Chemistry,\r\nApplied Chemistry or Industrial Chemistry and Laboratory Technology can be\r\nadmitted to 300 Level.<\/span><\/p>","utme_requirements":"<p><span>Five (5)&nbsp;<\/span><span>\u2018O' Level subjects to include English Language, Chemistry, Physics, Mathematics,\r\nand Biology.<\/span><\/p><p><span><\/span><\/p>","subjects":"<span>English Language, Chemistry and any other two of\r\nPhysics, Mathematics, and Biology.<\/span>","institutions_list":"BOWEN"},{"id":"4267","title":"INDUSTRIAL RELATIONS & PERSONNEL MANAGEMENT","de_requirements":"<p><span>(i)&nbsp;&nbsp;&nbsp;&nbsp;&nbsp;&nbsp;&nbsp;&nbsp;&nbsp;&nbsp;&nbsp; At\r\nleast two passes at GCE Advanced Level to include Economics, Government,\r\nHistory and&nbsp;<\/span><span>Geography.<\/span><\/p><p>\r\n\r\n\r\n\r\n<\/p><p><span>(ii)&nbsp;&nbsp;&nbsp;&nbsp;&nbsp;&nbsp;&nbsp;&nbsp;&nbsp;&nbsp; IJMB\/JUPEB\/NCE.&nbsp;<\/span><\/p><p><span>(iii)&nbsp;&nbsp;&nbsp;&nbsp;&nbsp;&nbsp;&nbsp;&nbsp;\r\nCIPM successful completion of Foundation II Exam stage<\/span><\/p><p><span>(iv)&nbsp;&nbsp;&nbsp;&nbsp;&nbsp;&nbsp;&nbsp;&nbsp; OND in relevant\r\ndiscipline. <\/span><\/p><p><span>(v)&nbsp;&nbsp;&nbsp;&nbsp;&nbsp;&nbsp;&nbsp;&nbsp;&nbsp; HND\r\nin relevant discipline.<\/span><\/p><p><span>\r\n\r\n\r\n\r\n\r\n\r\n<\/span><\/p><p><span>(vi)&nbsp;&nbsp;&nbsp;&nbsp;&nbsp;&nbsp;&nbsp;&nbsp;\r\nFinal Certificate of relevant Professional Bodies.<\/span><\/p><p><span><\/span><\/p>","utme_requirements":"<p><span>Five (5)&nbsp;<\/span><span>O' Level Credits to include English Language, Mathematics, Economics\r\nand any other two subjects at not more than two (2) sittings.&nbsp;<\/span><\/p><p><span><\/span><\/p>","subjects":"<span>English Language, Mathematics, Economics plus\r\nany other social science subject.&nbsp;<\/span>","institutions_list":"BOWEN"},{"id":"24388","title":"INFORMATION TECHNOLOGY","de_requirements":"<p>\r\n\r\n<\/p><p><span>i)<span>&nbsp;&nbsp;&nbsp;&nbsp;&nbsp; <\/span>Two (2) 'A' Level passes in\r\nscience subjects including Mathematics<\/span><\/p>\r\n\r\n<p><span>&nbsp;<\/span><\/p>\r\n\r\n<span>(ii)<span>&nbsp;&nbsp;&nbsp;&nbsp;&nbsp;&nbsp;&nbsp;&nbsp;&nbsp;&nbsp; <\/span>NCE merit in Mathematics and one (1)\r\nother Science or Social Science subject<\/span>","utme_requirements":"<p><span>Five (5) SSC credit passes to include English Language,\r\nMathematics, Physics plus two (2) other Science subjects<\/span><\/p>","subjects":"<p><span>Mathematics, Physics and one (1) of Biology,\r\nChemistry, Agric Science, Economics and Geography<\/span><\/p>","institutions_list":"BOWEN"},{"id":"4266","title":"INTERNATIONAL RELATIONS","de_requirements":"<p><span>(i)&nbsp; &nbsp; &nbsp; &nbsp; &nbsp; At least two\r\nAdvanced Level passes in relevant subjects.<\/span><\/p><p><span>(ii)&nbsp; &nbsp; &nbsp; &nbsp; &nbsp;IJMB\/JUPEB\/NCE\/ND\r\nor its approved equivalent<\/span><\/p><p>\r\n\r\n\r\n\r\n<\/p><p><span>(iii)&nbsp; &nbsp; &nbsp; &nbsp; HND holders with\r\na minimum of Upper Credit from a recognized Polytechnic in Public\r\nAdministration, Local Government Studies, and Political Economy.<\/span><\/p>","utme_requirements":"<p><span>Five (5)&nbsp;<\/span><span><span>O' Level credits to include English Language, Mathematic<\/span>s,\r\nGovernment or History or Civics and any other two (2) subjects from Social\r\nScience general requirements. A credit in a foreign language will be an added\r\nadvantage<\/span><\/p><p><span><\/span><\/p>","subjects":"<span>English Language, Government or History and any\r\nother two Social Science subjects<\/span>","institutions_list":"BOWEN"},{"id":"4217","title":"LAW","de_requirements":"<p><span>&nbsp; &nbsp;<\/span><\/p>","utme_requirements":"<p><span>Five (5)'O' Level credit passes to include&nbsp;<\/span><span>English Language, Literature in English and three other subjects\r\nobtained at not more than two sittings. A pass in Mathematics is acceptable.<\/span><\/p><p><span><\/span><\/p>","subjects":"<span>English Language, Literature-in-English and any\r\ntwo (2) other Arts or Social Science subjects.<\/span>","institutions_list":"BOWEN"},{"id":"4238","title":"LIBRARY AND INFORMATION SCIENCE","de_requirements":"<p>\r\n\r\n<\/p><div>\r\n\r\n<table>\r\n <tbody><tr>\r\n  <td>\r\n  <p><span>(i)\r\n  Two (2)'A' Level passes in relevant subjects.<\/span><\/p>\r\n  <\/td>\r\n <\/tr>\r\n<\/tbody><\/table>\r\n\r\n<\/div>\r\n\r\n<span>(ii)\r\nNCE\/ND in relevant subject\/programmes<\/span>","utme_requirements":"<p>\r\n\r\n<\/p><div>\r\n\r\n<table>\r\n <tbody><tr>\r\n  <td>\r\n  <p><span>Five\r\n  (5)SSC credit passes including English Language and Mathematics.<\/span><\/p>\r\n  <\/td>\r\n <\/tr>\r\n<\/tbody><\/table>\r\n\r\n<\/div>\r\n\r\n","subjects":"Any three (3) Arts or Social Science subjects","institutions_list":"BOWEN"},{"id":"4257","title":"MASS COMMUNICATION","de_requirements":"<p><span>(i)&nbsp; &nbsp; &nbsp; &nbsp; &nbsp; At least two\r\nAdvanced Level passes in any Arts or Social Science subjects. This may include\r\nCommerce and Financial Accounting.<\/span><\/p><p><span>(ii)&nbsp; &nbsp; &nbsp; &nbsp; &nbsp;IJMB\/JUPEB\/NCE\/ND\r\nor its approved equivalent.<\/span><\/p><p>\r\n\r\n\r\n\r\n<\/p><p><span>(iii)&nbsp; &nbsp; &nbsp; &nbsp; HND\r\nholders with Upper Credit in Mass Communication or related courses.<\/span><\/p>","utme_requirements":"<p><span>Five (5)&nbsp;<\/span><span>O' Level credits to include English Language,\r\nMathematics, Literature-in-English and two other subjects in Arts, Social\r\nSciences, Business, and General subjects<\/span><span>&nbsp;&nbsp;<\/span><\/p>","subjects":"<p><span>English\r\nLanguage, Literature-in-English and any two (2) others from Government\/History,\r\nCRS\/IRS, Economics, Geography, Commerce.<\/span><\/p>","institutions_list":"BOWEN"},{"id":"4254","title":"MATHEMATICS","de_requirements":"<p><span>(i)&nbsp; &nbsp; &nbsp; &nbsp; &nbsp; At least two GCE\r\nAdvanced Level passes to include Mathematics and any one of Biology, Chemistry,\r\nEconomics, Statistics, and Physics.<\/span><\/p><p>\r\n\r\n<\/p><p><span>(ii)&nbsp; &nbsp; &nbsp; &nbsp; &nbsp;IJMB\/JUPEB\/NCE\/ND\r\nor approved equivalent at an acceptable grade level in Mathematics and any one\r\nof Biology, Chemistry, Economics, Statistics, and Physics.<\/span><\/p>","utme_requirements":"<p><span>Five (5)&nbsp;<\/span><span>O' Level credits to include English Language, Mathematics, Physics\r\nand any other two subjects from Chemistry, Biology\/ Agricultural Science,\r\nGeography, Computer Studies, Economics, Further Mathematics, and Technical\r\nDrawing.<\/span><\/p><p><span><\/span><\/p>","subjects":"<span>English Language, Mathematics and any other two\r\nrelevant subjects<\/span>","institutions_list":"BOWEN"},{"id":"4269","title":"MECHATRONICS ENGINEERING","de_requirements":"<p><span>(i)&nbsp; &nbsp; &nbsp; &nbsp; &nbsp; National\r\nDiploma (ND) with upper credit pass in the relevant field of study for\r\nadmission into 200 level or Higher National Diploma (HND) in the relevant field\r\nfor admission into 300 level.<\/span><\/p><p><span>,<\/span><\/p><p><span>(ii)&nbsp; &nbsp; &nbsp; &nbsp; &nbsp;GCE \u2018A\u2019\r\nLevel&nbsp;&nbsp; Passes in Mathematics, Physics, and Chemistry in addition to \u2018O\u2019 level requirements.<\/span><\/p><p>\r\n\r\n\r\n\r\n\r\n\r\n<\/p><p><span>(iii)&nbsp; &nbsp; &nbsp; &nbsp; Candidates with\r\nJUPEB or IJMB at acceptable grade levels.<\/span><\/p>","utme_requirements":"<p><span>Five (5)&nbsp;<\/span><span>O' Level credits to include English Language,\r\nMathematics, Physics, Chemistry, and any other Science subject.&nbsp;<\/span><\/p>","subjects":"<span>English Language, Mathematics, Physics and\r\nChemistry.<\/span>","institutions_list":"BOWEN"},{"id":"4225","title":"MEDICAL LABORATORY SCIENCE","de_requirements":"<p><span>(i)<\/span><span>\t<\/span><span>Minimum of three Advanced Level GCE\/Cambridge\/IJMB\/JUPEB at Grade C pass in each of Biology, Chemistry, and Physics.<\/span><br><\/p><p><font>(ii)<span>\t<\/span>B.Sc. degree in relevant disciplines such as Biology, Zoology\/Animal Science, Plant Science\/Botany\/Plant Biology, Microbiology, Anatomy, Physiology, Biochemistry, Chemistry, Physics, etc; as approved by Senate.<\/font><\/p><p><font>(iii)<span>\t<\/span>HND in relevant fields as approved by Senate.<\/font><\/p><p><font>(iv)<span>\t<\/span>Candidates must have completed the compulsory one-year National Youth Service (NYSC) or must have been issued an exemption\/exclusion certificate<\/font><\/p><p><br><\/p>","utme_requirements":"<p><span>Five (5)&nbsp;<\/span><span>O' Level credits in English Language,\r\nMathematics, Physics, Chemistry, and Biology at not more than two sittings.<\/span><br><\/p>","subjects":"<span>English Language, Biology, Chemistry and Physics<\/span>","institutions_list":"BOWEN"},{"id":"4230","title":"MEDICINE & SURGERY","de_requirements":"<p><span>(i)&nbsp; &nbsp; &nbsp; &nbsp; &nbsp; Advanced\r\nLevel GCE\/Cambridge\/IJMB\/JUPEB at an acceptable grade level in three (3)\r\nsubjects:&nbsp;<\/span><span>Physics, Chemistry and\r\nBiology\/Zoology for MB;BS programme.<\/span><\/p><p>\r\n\r\n\r\n\r\n<\/p><p><span>(ii)&nbsp; &nbsp; &nbsp; &nbsp; &nbsp;Candidates with B. Sc. Second Class Upper\r\nDivision in a related discipline can apply for the MB;BS programme.<\/span><\/p>","utme_requirements":"<p><span>Five\r\n(5)&nbsp;<\/span><span>O' Level credits in English Language,\r\nMathematics, Physics, Chemistry, and Biology.<\/span><\/p>","subjects":"<span>English Language, Biology, Chemistry and Physics<\/span>","institutions_list":"BOWEN"},{"id":"4256","title":"MICROBIOLOGY","de_requirements":"<p><span>(i)&nbsp;&nbsp;&nbsp;&nbsp;&nbsp;&nbsp;&nbsp;&nbsp;&nbsp;&nbsp;&nbsp; At\r\nleast any two GCE Advanced Level passes in Botany, Zoology, Biology and\r\nChemistry.<\/span><\/p><p><span>(ii)&nbsp;&nbsp;&nbsp;&nbsp;&nbsp;&nbsp;&nbsp;&nbsp;&nbsp;&nbsp; IJMB\/JUPEB\/NCE\/ND\r\nor approved equivalent.&nbsp;&nbsp;&nbsp; <\/span><\/p><p><span>(iii)&nbsp;&nbsp;&nbsp;&nbsp;&nbsp;&nbsp;&nbsp;&nbsp;&nbsp; ND\r\nholders must possess a minimum of Lower Credit<\/span><\/p><p>\r\n\r\n\r\n\r\n\r\n\r\n<\/p><p><span>(iv)&nbsp;&nbsp;&nbsp;&nbsp;&nbsp;&nbsp;&nbsp;&nbsp; HND\r\nholders must possess a minimum of Lower Credit for admission to 300 Level.<\/span><\/p>","utme_requirements":"<p><span>Five (5) O' Level credit passes in&nbsp;<\/span><span>English Language and any of Physics,\r\nMathematics, Chemistry, Biology, Geography, Food and Nutrition.<\/span><\/p>","subjects":"<p><span>English Language, Physics, Chemistry, Biology&nbsp;<\/span><\/p>","institutions_list":"BOWEN"},{"id":"4251","title":"MUSIC","de_requirements":"<p><span>At\r\nleast two Advanced Level Passes or equivalents including Music or ABRSM grade\r\nVIII or ND Music or NCE Music<\/span><\/p>","utme_requirements":"<p><span>Five\r\n(5) O' Level credit passes in&nbsp;<\/span><span>English Language, Mathematics and two other subjects in Arts or\r\nSocial Science or Science.<\/span><\/p><p><span><\/span><\/p>","subjects":"<span>English Language, Music or any three other\r\nsubjects in Arts and Social Science or Science.<\/span>","institutions_list":"BOWEN"},{"id":"4227","title":"NURSING SCIENCE","de_requirements":"<p><span>Candidates with RN\/SRN plus five (5) O' level credits including English Language and Mathematics can apply and be admitted to 200 Level.<\/span><\/p>","utme_requirements":"<p><span>Five (5)&nbsp;<\/span><span>O' Level credits in English Language,\r\nMathematics, Physics, Chemistry, and Biology.<\/span><\/p>","subjects":"<span>English Language, Biology, Chemistry and Physics<\/span>","institutions_list":"BOWEN"},{"id":"4224","title":"NUTRITION & DIETETICS","de_requirements":"<p><span>(i)<\/span>&nbsp; &nbsp;&nbsp;<span>At least two Advanced Level passes at acceptable\r\ngrade levels.<\/span><\/p><p><span>(ii)<\/span>&nbsp; &nbsp;&nbsp;<span>NCE\/ND or approved equivalent in Food and\r\nNutrition or be a Registered Nurse or approved equivalent in relevant fields<\/span><\/p>","utme_requirements":"<p><span>Five (5)&nbsp;<\/span><span>O' Level credits in English Language,\r\nMathematics, Physics, Chemistry, and Biology.<\/span><\/p>","subjects":"<span>English Language, Biology, Chemistry and Physics<\/span>","institutions_list":"BOWEN"},{"id":"4252","title":"PHILOSOPHY","de_requirements":"<p><span>Any\r\ntwo (2) \u2018A\u2019 Level passes.<\/span><\/p>","utme_requirements":"<p><span>Five\r\n(5) SSC credit passes to include English Language and four (4) other relevant\r\nsubjects.<\/span><\/p>","subjects":"Any three (3) subjects.","institutions_list":"BOWEN"},{"id":"4240","title":"PHYSICS","de_requirements":"<p><span>Two (2) 'A' Level passes in Physics and Mathematics or Chemistry.<\/span><\/p>","utme_requirements":"<p><span>Five (5)&nbsp;<\/span><span>O' Level subjects to include English Language, Physics, Mathematics\r\nand any other two<\/span><span>&nbsp; <\/span><span>subjects preferably\r\nChemistry,<\/span><span>&nbsp; <\/span><span>Further Mathematics,\r\nTechnical Drawing, Geography, and Biology in that order (A pass in English\r\nLanguage can also apply).<\/span><\/p><p><span><\/span><\/p>","subjects":"<span>English Language, Mathematics, Physics,\r\nChemistry.<\/span>","institutions_list":"BOWEN"},{"id":"4242","title":"PHYSICS WITH SOLAR ENERGY","de_requirements":"<p><span>NCE\/Two (2) 'A' Level passes in Physics and Mathematics or Chemistry.<\/span><\/p>","utme_requirements":"<p><span>Five (5) SSC credit passes in English Language, Physics, Chemistry,\r\nMathematics and any other Science subject from Further Mathematics and Biology\r\nor Agricultural Science.<\/span><\/p>","subjects":"Physics, Mathematics and Chemistry or Biology.","institutions_list":"BOWEN"},{"id":"4232","title":"PHYSIOLOGY","de_requirements":"<p><span>Two\r\n(2) 'A' Level passes chosen from Chemistry, Physics and Biology\/Zoology.<\/span><\/p>","utme_requirements":"<p><span>Five (5)&nbsp;<\/span><span>O' Level credits in English Language,\r\nMathematics, Physics, Chemistry, and Biology.<\/span><br><\/p>","subjects":"<span>English Language, Biology, Chemistry and Physics<\/span>","institutions_list":"BOWEN"},{"id":"4249","title":"PLANT BIOLOGY","de_requirements":"<p><span>Two\r\n(2) 'A' Level passes in Biology\/Botany\/Zoology and Chemistry or Physics.<\/span><\/p>","utme_requirements":"<p><span>Five\r\n(5) SSC Credit passes in English Language, Mathematics, Biology, Chemistry and\r\nPhysics.<\/span><\/p>","subjects":"Biology, Chemistry and any other Science subject.","institutions_list":"BOWEN"},{"id":"4262","title":"POLITICAL SCIENCE","de_requirements":"<p><span>(i)&nbsp; &nbsp; &nbsp; &nbsp; &nbsp; At least two Advanced\r\nLevel passes to include History\/ Government, Civics, Geography, Economics or\r\nequivalent in Social Science subjects approved by Senate of Bowen University.<\/span><\/p><p><span>(ii)&nbsp; &nbsp; &nbsp; &nbsp; &nbsp;IJMB\/JUPEB\/NCE\/ND\r\nor its approved equivalent<\/span><\/p><p>\r\n\r\n\r\n\r\n<\/p><p><span>(iii)&nbsp; &nbsp; &nbsp; &nbsp; HND holders with\r\na minimum of Upper Credit from a recognized Polytechnic in Public\r\nAdministration, Local Government Studies, and Political Economy.<\/span><\/p>","utme_requirements":"<p><span>Five (5)&nbsp;<\/span><span>O' Level credits to include English Language,\r\nMathematics, Government (or History) and any other two (2) subjects from Social\r\nScience general requirements.&nbsp;<\/span><\/p>","subjects":"<span>English Language, Government plus any other Arts\r\nor Social Science subjects.<\/span>","institutions_list":"BOWEN"},{"id":"4228","title":"PUBLIC HEALTH","de_requirements":"<p><span>(i)<\/span>&nbsp;&nbsp;&nbsp;&nbsp;<span>A<\/span><span>cceptable passes at the\r\nIJMB, JUPEB, International <\/span>&nbsp; &nbsp; &nbsp;&nbsp;<span>Baccalaureate, WAEC and Cambridge \u2018A\u2019 Level\r\n<\/span>&nbsp;&nbsp;&nbsp;&nbsp;&nbsp;&nbsp;&nbsp;&nbsp;&nbsp;<span>examinations<\/span><span> in<\/span><span>\r\nscience subjects (Physics, Chemistry, <\/span>&nbsp; &nbsp; &nbsp; &nbsp; &nbsp; &nbsp; &nbsp; &nbsp;<span>Biology<\/span><span>\/Zoology or\r\nrelated disciplines<\/span><span>)\r\nin addition to&nbsp;<\/span><span>fulfilling <\/span>&nbsp;&nbsp;&nbsp;&nbsp;&nbsp;&nbsp;&nbsp;<span>O\u2019 Level<\/span><span> requirements<\/span><span>.<\/span><span> <\/span><span><\/span><\/p><p><span>\r\n\r\n<\/span><\/p><p><span><span><font>(ii)&nbsp;<\/font><\/span><\/span><span><span>B.Sc degree in any of the\r\nBiomedical or Biological <\/span><\/span>&nbsp;&nbsp;&nbsp;&nbsp;&nbsp;&nbsp;&nbsp;&nbsp;<span><span>Sciences&nbsp;<\/span><\/span><span><span>not below Second Class Lower division.<\/span><\/span><\/p><p><br><\/p>","utme_requirements":"<p><span>Five (5)&nbsp;<\/span><span>O' Level credits in English Language,\r\nMathematics, Physics, Chemistry, and Biology (or Health Science) at not more than two sittings.<\/span><\/p>","subjects":"<span>English Language, Biology, Chemistry and Physics<\/span>","institutions_list":"BOWEN"},{"id":"4265","title":"PURE & APPLIED BIOLOGY","de_requirements":"<p><span>(i)&nbsp;&nbsp;&nbsp;&nbsp;&nbsp;&nbsp;&nbsp;&nbsp;&nbsp;&nbsp;&nbsp; At\r\nleast any two GCE Advanced Level passes in Botany, Zoology, Biology and\r\nChemistry.<\/span><\/p><p><span>(ii)&nbsp;&nbsp;&nbsp;&nbsp;&nbsp;&nbsp;&nbsp;&nbsp;&nbsp;&nbsp; IJMB\/JUPEB\/NCE\/ND\r\nor approved equivalent.&nbsp;&nbsp;&nbsp; <\/span><\/p><p><span>(iii)&nbsp;&nbsp;&nbsp;&nbsp;&nbsp;&nbsp;&nbsp;&nbsp;&nbsp; ND\r\nholders must possess a minimum of Lower Credit<\/span><\/p><p>\r\n\r\n\r\n\r\n\r\n\r\n<\/p><p><span>(iv)&nbsp;&nbsp;&nbsp;&nbsp;&nbsp;&nbsp;&nbsp;&nbsp; HND\r\nholders must possess a minimum of Lower Credit for admission to 300 Level.<\/span><\/p>","utme_requirements":"<p><span>Five (5) O' Level credit passes in&nbsp;<\/span><span>English Language and any of Physics, Mathematics, Chemistry,\r\nBiology, Geography, Food and Nutrition.<\/span><\/p><p><span><\/span><\/p>","subjects":"<span>English Language, Physics, Chemistry, Biology&nbsp;<\/span>","institutions_list":"BOWEN"},{"id":"4253","title":"RELIGIOUS STUDIES","de_requirements":"<p><span>At least two Advanced Level Passes or equivalent\r\nincluding Religious Studies.<\/span><br><\/p>","utme_requirements":"<p><span>Five (5)&nbsp;<\/span><span>O` Level credits must include English Language and four (4) other\r\nrelevant subjects in any of Arts and Social Science subjects.<\/span><\/p><p><span><\/span><\/p>","subjects":"<p><span>English Language, Christians Religious Studies and two other\r\nrelevant subjects.<\/span><\/p>","institutions_list":"BOWEN"},{"id":"4264","title":"SOCIOLOGY","de_requirements":"<p><span>(i)&nbsp; &nbsp; &nbsp; &nbsp; &nbsp; At least two\r\nAdvanced Level passes to include Sociology, Psychology, Economics, History or\r\nGovernment, Geography, and Religious Studies.<\/span><\/p><p><span>(ii)&nbsp; &nbsp; &nbsp; &nbsp; &nbsp;IJMB\/JUPEB\/NCE\/ND\r\nor its approved equivalent.<\/span><\/p><p>\r\n\r\n\r\n\r\n<\/p><p><span>(iii)&nbsp; &nbsp; &nbsp; &nbsp; HND holders with\r\na minimum of Upper Credit from a recognized Polytechnic in approved Sociology\r\nrelated subjects.<\/span><\/p>","utme_requirements":"<p><span>Five (5)&nbsp;<\/span><span><span>O' Level credits to include English Language, Mathematics and <\/span>at\r\nleast one from Economics, Geography, Government or History and any other two\r\nsubjects at not more than two sittings.<\/span><\/p><p><span><\/span><\/p>","subjects":"<span>English Language, two other social science\r\nsubjects plus any other subject.&nbsp;<\/span>","institutions_list":"BOWEN"},{"id":"24391","title":"SOFTWARE ENGINEERING","de_requirements":"<p>\r\n\r\n<\/p><p><span>'A' Level\r\npasses ND\/NCE at Credit\/merit levels and HND lower credit in relevant programmes\r\ninto 200 and 300 levels.<\/span><\/p>\r\n\r\n","utme_requirements":"<p><span>Five (5) SSCE credit passes in Mathematics, English\r\nLanguage and three (3) other Science subjects<\/span><\/p>","subjects":"<p><span>Maths, Economics and any one of Chemistry, Physics,\r\nBiology or Geography<\/span><\/p>","institutions_list":"BOWEN"},{"id":"4248","title":"STATISTICS","de_requirements":"<p><span>(i)&nbsp; &nbsp; &nbsp; &nbsp; &nbsp; At least two GCE\r\nAdvanced Level passes in Mathematics and any one of Biology, Chemistry,\r\nEconomics, Statistics, and Physics.<\/span><\/p><p><span>(ii)&nbsp; &nbsp; &nbsp; &nbsp; &nbsp;IJMB\/JUPEB\/NCE\/ND\r\nor approved equivalent at an acceptable grade level in Mathematics and any one\r\nof Biology, Chemistry, Economics, Statistics, and Physics.<\/span><\/p><p>\r\n\r\n\r\n\r\n<\/p><p><span>(iii)&nbsp; &nbsp; &nbsp; &nbsp; Diploma in Statistics from a recognized university is acceptable.&nbsp;<\/span><\/p>","utme_requirements":"<p><span>Five (5)&nbsp;<\/span><span>O' Level credits to include English Language, Mathematics, Physics\r\nand any other two subjects from Chemistry, Biology\/ Agricultural Science,\r\nGeography, Computer Studies,&nbsp;<\/span><span>Economics,\r\nFurther Mathematics and Technical Drawing. <\/span><span>&nbsp;<\/span><\/p><p><span><\/span><\/p>","subjects":"<span>English Language, Mathematics and any other two\r\nrelevant subjects.<\/span>","institutions_list":"BOWEN"},{"id":"24380","title":"SURVEYING & GEOINFORMATICS","de_requirements":"\r\n\r\n<p><span>(i) Two (2) 'A' Level passes chosen from Mathematics or Physics\r\nand Chemistry, Geography or Fine Arts.<\/span><\/p>\r\n\r\n<span>(ii)\r\nND\/HND upper credits in relevant field.<\/span><p><br><\/p>","utme_requirements":"<p><span>Five (5) SSC credit passes in English Language, Mathematics,\r\nPhysics, Chemistry and any of Fine Art, Geography or Wood Work, Biology,\r\nEconomics, Technical Drawing, Further. Mathematics., Introduction to Building\r\nConstruction, Bricklaying\/Block laying, Concreting, Wall, Floors and Ceiling\r\nFinishing, Joinery, Carpentary, Decorative Painting, Lining, Sign and Design,\r\nWall Hanging, Colour Mixing\/Matching and Glazing, Ceramics, Graphics Design,\r\nGraphic Printing, Basic Electricity<\/span><\/p>","subjects":"<p><span>Physics, Mathematics, and any of Chemistry, Geography,\r\nArt, Biology and Economics.<\/span><\/p>","institutions_list":"BOWEN"},{"id":"4241","title":"THEATRE ARTS","de_requirements":"<p><span>&nbsp; (i)&nbsp;&nbsp;&nbsp;&nbsp;&nbsp;&nbsp;&nbsp;&nbsp; At least two Advanced Level passes in\r\nLiterature and one other Arts subject.<\/span><\/p><p><span>&nbsp;(ii) &nbsp;&nbsp;&nbsp;&nbsp;&nbsp;&nbsp;&nbsp;&nbsp; IJMB\/JUPEB at acceptable grade levels.<\/span><\/p><p>\r\n\r\n\r\n\r\n<\/p><p><span>(iii)&nbsp;&nbsp;&nbsp;&nbsp;&nbsp;&nbsp;&nbsp;&nbsp;&nbsp; Diploma\r\nin Theatre Arts\/Dramatic Arts from an accredited institution.<\/span><\/p>","utme_requirements":"<p><span>Five\r\n(5)&nbsp;<\/span><span>O` Level credits to include English Language,\r\nLiterature-in-English and three other Arts or Social Science subjects.<\/span><\/p>","subjects":"<span>English Language, Literature- in- English and\r\nany two Arts subjects.<\/span>","institutions_list":"BOWEN"},{"id":"4250","title":"ZOOLOGY","de_requirements":"<p><span>Two (2) 'A' Level passes or NCE in Biology, Zoology or Botany and one\r\nother Science subject<\/span><\/p>","utme_requirements":"<p><span>Five (5) SSC credit passes in English Language, Mathematics, Biology and\r\ntwo (2) other Science subject.<\/span><\/p>","subjects":"Biology and any two (2) of Physics, Chemistry and Mathematics.","institutions_list":"BOWEN"}]