[{"id":"28369","title":"EDUCATION ACCOUNTING","de_requirements":"","utme_requirements":"","subjects":"","institutions_list":"DIAMOND-DEG"},{"id":"28373","title":"EDUCATION AND BIOLOGY","de_requirements":"","utme_requirements":"","subjects":"","institutions_list":"DIAMOND-DEG"},{"id":"28370","title":"EDUCATION AND CHEMISTRY","de_requirements":"","utme_requirements":"","subjects":"","institutions_list":"DIAMOND-DEG"},{"id":"28374","title":"EDUCATION AND COMPUTER SCIENCE","de_requirements":"","utme_requirements":"","subjects":"","institutions_list":"DIAMOND-DEG"},{"id":"28368","title":"EDUCATION AND ECONOMICS","de_requirements":"","utme_requirements":"","subjects":"","institutions_list":"DIAMOND-DEG"},{"id":"28371","title":"EDUCATION AND MATHEMATICS","de_requirements":"","utme_requirements":"","subjects":"","institutions_list":"DIAMOND-DEG"},{"id":"28372","title":"EDUCATION AND PHYSICS","de_requirements":"","utme_requirements":"","subjects":"","institutions_list":"DIAMOND-DEG"},{"id":"28367","title":"EDUCATIONAL MANAGEMENT","de_requirements":"","utme_requirements":"","subjects":"","institutions_list":"DIAMOND-DEG"}]