[{"id":"28375","title":"ACCOUNTING","de_requirements":"","utme_requirements":"","subjects":"","institutions_list":"FEDPOBID-DEG"},{"id":"28376","title":"BUSINESS ADMINISTRATION","de_requirements":"","utme_requirements":"","subjects":"","institutions_list":"FEDPOBID-DEG"},{"id":"28378","title":"MASS COMMUNICATION","de_requirements":"","utme_requirements":"","subjects":"","institutions_list":"FEDPOBID-DEG"},{"id":"28377","title":"PUBLIC ADMINISTRATION","de_requirements":"","utme_requirements":"","subjects":"","institutions_list":"FEDPOBID-DEG"}]