[{"id":"28379","title":"AGRICULTURAL SCIENCE AND EDUCATION","de_requirements":"","utme_requirements":"","subjects":"","institutions_list":"ILORINCOL-DEG"},{"id":"28380","title":"EDUCATION AND CHRISTIAN RELIGIOUS STUDIES","de_requirements":"","utme_requirements":"","subjects":"","institutions_list":"ILORINCOL-DEG"},{"id":"28381","title":"EDUCATION AND COMPUTER SCIENCE","de_requirements":"","utme_requirements":"","subjects":"","institutions_list":"ILORINCOL-DEG"},{"id":"28385","title":"EDUCATION AND ISLAMIC STUDIES","de_requirements":"","utme_requirements":"","subjects":"","institutions_list":"ILORINCOL-DEG"},{"id":"28382","title":"EDUCATION AND MATHEMATICS","de_requirements":"","utme_requirements":"","subjects":"","institutions_list":"ILORINCOL-DEG"},{"id":"28387","title":"EDUCATION AND YORUBA","de_requirements":"","utme_requirements":"","subjects":"","institutions_list":"ILORINCOL-DEG"},{"id":"28383","title":"EDUCATIONAL MANAGEMENT","de_requirements":"","utme_requirements":"","subjects":"","institutions_list":"ILORINCOL-DEG"},{"id":"28388","title":"EDUCATIONAL TECHNOLOGY","de_requirements":"","utme_requirements":"","subjects":"","institutions_list":"ILORINCOL-DEG"},{"id":"28384","title":"GUIDANCE AND COUNSELLING","de_requirements":"","utme_requirements":"","subjects":"","institutions_list":"ILORINCOL-DEG"},{"id":"28386","title":"PHYSICAL AND HEALTH EDUCATION","de_requirements":"","utme_requirements":"","subjects":"","institutions_list":"ILORINCOL-DEG"}]