[{"id":"28390","title":"EDUCATION AND BIOLOGY","de_requirements":"","utme_requirements":"","subjects":"","institutions_list":"ARGUNGU-DEG"},{"id":"28391","title":"EDUCATION AND CHEMISTRY","de_requirements":"","utme_requirements":"","subjects":"","institutions_list":"ARGUNGU-DEG"},{"id":"28395","title":"EDUCATION AND ENGLISH","de_requirements":"","utme_requirements":"","subjects":"","institutions_list":"ARGUNGU-DEG"},{"id":"28392","title":"EDUCATION AND GEOGRAPHY","de_requirements":"","utme_requirements":"","subjects":"","institutions_list":"ARGUNGU-DEG"},{"id":"28394","title":"EDUCATION AND HAUSA","de_requirements":"","utme_requirements":"","subjects":"","institutions_list":"ARGUNGU-DEG"},{"id":"28396","title":"EDUCATION AND HISTORY","de_requirements":"","utme_requirements":"","subjects":"","institutions_list":"ARGUNGU-DEG"},{"id":"28393","title":"EDUCATION AND ISLAMIC STUDIES","de_requirements":"","utme_requirements":"","subjects":"","institutions_list":"ARGUNGU-DEG"},{"id":"28389","title":"EDUCATION AND PHYSICS","de_requirements":"","utme_requirements":"","subjects":"","institutions_list":"ARGUNGU-DEG"},{"id":"28397","title":"PRIMARY EDUCATION STUDIES","de_requirements":"","utme_requirements":"","subjects":"","institutions_list":"ARGUNGU-DEG"}]