[{"id":"28404","title":"ADULT EDUCATION","de_requirements":"","utme_requirements":"","subjects":"","institutions_list":"FCEKANO-DEG"},{"id":"28398","title":"EDUCATION AND ARABIC","de_requirements":"","utme_requirements":"","subjects":"","institutions_list":"FCEKANO-DEG"},{"id":"28401","title":"EDUCATION AND GEOGRAPHY","de_requirements":"","utme_requirements":"","subjects":"","institutions_list":"FCEKANO-DEG"},{"id":"28399","title":"EDUCATION AND HAUSA","de_requirements":"","utme_requirements":"","subjects":"","institutions_list":"FCEKANO-DEG"},{"id":"28400","title":"EDUCATION AND HISTORY","de_requirements":"","utme_requirements":"","subjects":"","institutions_list":"FCEKANO-DEG"},{"id":"28403","title":"EDUCATION AND MATHEMATICS","de_requirements":"","utme_requirements":"","subjects":"","institutions_list":"FCEKANO-DEG"},{"id":"28402","title":"EDUCATION AND PHYSICS","de_requirements":"","utme_requirements":"","subjects":"","institutions_list":"FCEKANO-DEG"},{"id":"28405","title":"PRIMARY EDUCATION STUDIES","de_requirements":"","utme_requirements":"","subjects":"","institutions_list":"FCEKANO-DEG"}]