[{"id":"28409","title":"ADULT EDUCATION","de_requirements":"","utme_requirements":"","subjects":"","institutions_list":"FTGOMBE-DEG"},{"id":"28411","title":"EDUCATION AND ECONOMICS","de_requirements":"","utme_requirements":"","subjects":"","institutions_list":"FTGOMBE-DEG"},{"id":"28413","title":"EDUCATION AND ENGLISH","de_requirements":"","utme_requirements":"","subjects":"","institutions_list":"FTGOMBE-DEG"},{"id":"28412","title":"EDUCATION AND GEOGRAPHY","de_requirements":"","utme_requirements":"","subjects":"","institutions_list":"FTGOMBE-DEG"},{"id":"28410","title":"PRIMARY EDUCATION STUDIES","de_requirements":"","utme_requirements":"","subjects":"","institutions_list":"FTGOMBE-DEG"}]