[{"id":"28414","title":"EDUCATION AND ARABIC","de_requirements":"","utme_requirements":"","subjects":"","institutions_list":"COERINGIM-DEG"},{"id":"28416","title":"EDUCATION AND ENGLISH","de_requirements":"","utme_requirements":"","subjects":"","institutions_list":"COERINGIM-DEG"},{"id":"28418","title":"EDUCATION AND HAUSA","de_requirements":"","utme_requirements":"","subjects":"","institutions_list":"COERINGIM-DEG"},{"id":"28417","title":"EDUCATION AND HISTORY","de_requirements":"","utme_requirements":"","subjects":"","institutions_list":"COERINGIM-DEG"},{"id":"28415","title":"EDUCATION AND ISLAMIC STUDIES","de_requirements":"","utme_requirements":"","subjects":"","institutions_list":"COERINGIM-DEG"},{"id":"28419","title":"PRIMARY EDUCATION STUDIES","de_requirements":"","utme_requirements":"","subjects":"","institutions_list":"COERINGIM-DEG"}]