[{"id":"28421","title":"EDUCATION AND BIOLOGY","de_requirements":"","utme_requirements":"","subjects":"","institutions_list":"COEMARU-DEG"},{"id":"28422","title":"EDUCATION AND CHEMISTRY","de_requirements":"","utme_requirements":"","subjects":"","institutions_list":"COEMARU-DEG"},{"id":"28426","title":"EDUCATION AND ENGLISH","de_requirements":"","utme_requirements":"","subjects":"","institutions_list":"COEMARU-DEG"},{"id":"28423","title":"EDUCATION AND GEOGRAPHY","de_requirements":"","utme_requirements":"","subjects":"","institutions_list":"COEMARU-DEG"},{"id":"28425","title":"EDUCATION AND HAUSA","de_requirements":"","utme_requirements":"","subjects":"","institutions_list":"COEMARU-DEG"},{"id":"28424","title":"EDUCATION AND ISLAMIC STUDIES","de_requirements":"","utme_requirements":"","subjects":"","institutions_list":"COEMARU-DEG"},{"id":"28420","title":"EDUCATION AND MATHEMATICS","de_requirements":"","utme_requirements":"","subjects":"","institutions_list":"COEMARU-DEG"},{"id":"28427","title":"PRIMARY EDUCATION STUDIES","de_requirements":"","utme_requirements":"","subjects":"","institutions_list":"COEMARU-DEG"}]