[{"id":"28455","title":"COMPUTER HARDWARE ENGINEERING TECHNOLOGY","de_requirements":"","utme_requirements":"","subjects":"","institutions_list":"IVEI-KANO"},{"id":"28454","title":"COMPUTER SOFTWARE ENGINEERING TECHNOLOGY","de_requirements":"","utme_requirements":"","subjects":"","institutions_list":"IVEI-KANO"},{"id":"28457","title":"ISLAMIC BANKING AND FINANCE","de_requirements":"","utme_requirements":"","subjects":"","institutions_list":"IVEI-KANO"},{"id":"28456","title":"NETWORKING AND SYSTEM SECURITY","de_requirements":"","utme_requirements":"","subjects":"","institutions_list":"IVEI-KANO"},{"id":"28458","title":"SOLAR TECHNOLOGY","de_requirements":"","utme_requirements":"","subjects":"","institutions_list":"IVEI-KANO"},{"id":"28453","title":"TELECOMMUNICATION TECHNOLOGY","de_requirements":"","utme_requirements":"","subjects":"","institutions_list":"IVEI-KANO"}]