[{"id":"28498","title":"BUSINESS ADMINISTRATION AND MANAGEMENT","de_requirements":"","utme_requirements":"","subjects":"","institutions_list":"FLAILAS"},{"id":"28499","title":"COMPUTER SCIENCE","de_requirements":"","utme_requirements":"","subjects":"","institutions_list":"FLAILAS"},{"id":"28500","title":"CRIME MANAGEMENT","de_requirements":"","utme_requirements":"","subjects":"","institutions_list":"FLAILAS"},{"id":"28501","title":"PUBLIC ADMINISTRATION","de_requirements":"","utme_requirements":"","subjects":"","institutions_list":"FLAILAS"}]