[{"id":"28508","title":"DENTAL THERAPY","de_requirements":"","utme_requirements":"","subjects":"","institutions_list":"CHST-JAHUN"},{"id":"28510","title":"ENVIRONMENTAL HEALTH TECHNOLOGY","de_requirements":"","utme_requirements":"","subjects":"","institutions_list":"CHST-JAHUN"},{"id":"28509","title":"EPIDEMIOLOGY AND DISEASE CONTROL","de_requirements":"","utme_requirements":"","subjects":"","institutions_list":"CHST-JAHUN"},{"id":"28506","title":"HEALTH INFORMATION MANAGEMENT","de_requirements":"","utme_requirements":"","subjects":"","institutions_list":"CHST-JAHUN"},{"id":"28507","title":"PUBLIC HEALTH TECHNOLOGY","de_requirements":"","utme_requirements":"","subjects":"","institutions_list":"CHST-JAHUN"}]