[{"id":"28700","title":"ACCOUNTING","de_requirements":"<p><span><span>Two (2) \u2018A\u2019 Level passes including Economics and one of Accounting, Mathematics, Statistics, Business Management.<\/span><\/span><\/p><p><span>&nbsp;<\/span><\/p><p><span>HND\/ND\/NCE at Credit\/Merit level<\/span><span>&nbsp;in relevant programmes\/subjects.<\/span><\/p>","utme_requirements":"<p><span><span>Five (5) SSC credit passes including English Language, Mathematics, Economics and two (2) other relevant subjects.<\/span><\/span><\/p>","subjects":"<p><span><span>Use of English, Mathematics, Economics and any other Social Science subject.<\/span><\/span><\/p>","institutions_list":"MIVA"},{"id":"28698","title":"BUSINESS MANAGEMENT","de_requirements":"<p><span>Two (2) \u2018A\u2019 Level passes including Economics and one of Accounting, Mathematics, Statistics, Business Management.<\/span><\/p><p><span>&nbsp;<\/span><\/p><p><span>HND\/ND\/NCE at Credit\/Merit level<\/span><span>&nbsp;in relevant programmes\/subjects.<\/span><\/p>","utme_requirements":"<p><span>Five (5) SSC credit passes including English Language, Mathematics, Economics and two (2) Art, Commercial or Social Science subjects.<\/span><\/p>","subjects":"<p><span>Use of English, Mathematics, Economics and any other Social Science subject.<\/span><\/p>","institutions_list":"MIVA"},{"id":"28696","title":"COMPUTER SCIENCE","de_requirements":"<p><span>Two (2) \u2018A\u2019 Level passes in sciences subjects, including Mathematics.<\/span><\/p><p><span>&nbsp;<\/span><\/p><p><span>HND\/ND\/NCE at Credit\/Merit level<\/span><span>&nbsp;in relevant programmes\/subjects.<\/span><span><\/span><br><\/p>","utme_requirements":"<p><span>Five (5) SSC credit passes including English Language, Mathematics, Physics and two (2) other Science subjects.<\/span><\/p>","subjects":"<p><span>Use of English, Mathematics, Physics and one (1) of Biology, Chemistry, Agricultural Science, Economics and Geography.<\/span><\/p>","institutions_list":"MIVA"},{"id":"28694","title":"CYBER SECURITY","de_requirements":"<p><span>Two (2) \u2018A\u2019 Level passes in sciences subjects, including Mathematics.<\/span><\/p><p><span>&nbsp;<\/span><\/p><p><span>HND\/ND\/NCE at Credit\/Merit level<\/span><span>&nbsp;in relevant programmes\/subjects.<\/span><\/p>","utme_requirements":"<p><span>Five (5) SSC credit passes including English Language, Mathematics, Physics and two (2) other Science subjects.<\/span><\/p>","subjects":"<p><span>Use of English, Mathematics, Physics and one (1) of Biology, Chemistry, Agricultural Science, Economics and Geography.<\/span><\/p>","institutions_list":"MIVA"},{"id":"28697","title":"DATA SCIENCE","de_requirements":"<p><span>Two (2) \u2018A\u2019 Level passes including Economics and one of Accounting, Mathematics, Statistics, Business Management.<\/span><\/p><p><span>&nbsp;<\/span><\/p><p><span>HND\/ND\/NCE at Credit\/Merit level<\/span><span>&nbsp;in relevant programmes\/subjects.<\/span><\/p>","utme_requirements":"<p><span>Five (5) SSC credit passes including English Language, Mathematics, Physics and two (2) other Science subjects.<\/span><\/p>","subjects":"<p><span>Use of English, Mathematics, Physics and one (1) of Biology, Chemistry, Agricultural Science, Economics and Geography.<\/span><\/p>","institutions_list":"MIVA"},{"id":"28699","title":"ECONOMICS","de_requirements":"<p><span>Two (2) \u2018A\u2019 Level passes including Economics and one of Accounting, Mathematics, Statistics, Business Management, Geography, History, Government.<\/span><\/p><p><span>&nbsp;<\/span><\/p><p><span>HND\/ND\/NCE at Credit\/Merit level<\/span><span>&nbsp;in relevant programmes\/subjects.<\/span><\/p>","utme_requirements":"<p><span>Five (5) SSC credit passes including English Language, Mathematics, Economics and two (2) Art, Commercial or Social Science subjects.<\/span><\/p>","subjects":"<p><span>Use of English, Mathematics, Economics and any other Social Science subject.<\/span><\/p>","institutions_list":"MIVA"},{"id":"29313","title":"NURSING SCIENCE","de_requirements":"<p><span>Registered Nurse Certificate (RN) and&nbsp;<\/span><span>the required five subjects at SSC.<\/span><\/p>","utme_requirements":"<p><span>Five SSC credit passes including&nbsp;<\/span><span>Mathematics, Physics, Chemistry, Biology and English Language at not more than two sittings.<\/span><\/p>","subjects":"<p>Use of English, Physics, Chemistry, Biology<\/p>","institutions_list":"MIVA"},{"id":"29314","title":"PUBLIC HEALTH","de_requirements":"<p><span>National Diploma in Science Laboratory Technology, Diploma in<\/span><\/p><p><span>Medical Laboratory Science, Diploma Dental Technology, Community Health Extension Workers,&nbsp;<\/span><span>and other candidates such as Registered Nurses and Registered Midwives.<\/span><\/p><p><br><\/p><p><span>Five SSSC (or equivalent) credit passes in relevant subjects, two of which are at the Advanced&nbsp;<\/span><span>Level.<\/span><\/p>","utme_requirements":"<p><span>Five credit passes at the&nbsp;<\/span><span>SSC in English Language,&nbsp;<\/span><span>Mathematics, Biology or Health Science, Chemistry, Physics.<\/span><\/p>","subjects":"<p>Use of English, Biology, Chemistry, Physics<\/p>","institutions_list":"MIVA"},{"id":"28701","title":"PUBLIC POLICY AND ADMINISTRATION","de_requirements":"<p>Two (2) A' level\/IJMB\/JUPEB passes in Economics and Government\/History\/Social Studies\/Sociology.<\/p><p><span>HND\/ND\/NCE at Credit\/Merit level<\/span><span>\u00a0in relevant programmes\/subjects.<\/span><\/p>","utme_requirements":"<p>Five (5) SSC O'Level credit passes to include English Language,&nbsp; Economics or Government or History or Civic Education. Candidates must obtain at least a pass in Mathematics.<br><\/p>","subjects":"<p>Use of English, Government, Economics and any other subject.<\/p>","institutions_list":"MIVA"},{"id":"28695","title":"SOFTWARE ENGINEERING","de_requirements":"<p><span>Two (2) \u2018A\u2019 Level passes in sciences subjects, including Mathematics.<\/span><\/p><p><span>&nbsp;<\/span><\/p><p><span>HND\/ND\/NCE at Credit\/Merit level<\/span><span>&nbsp;in relevant programmes\/subjects.<\/span><span><\/span><br><\/p>","utme_requirements":"<p><span>Five (5) SSC credit passes including English Language, Mathematics, Physics and two (2) other Science subjects.<\/span><\/p>","subjects":"<p><span>Use of English, Mathematics, Physics and one (1) of Biology, Chemistry, Agricultural Science, Economics and Geography.<\/span><\/p>","institutions_list":"MIVA"}]