[{"id":"28829","title":"ACCOUNTING","de_requirements":"","utme_requirements":"","subjects":"","institutions_list":"HUDA"},{"id":"28835","title":"BIOCHEMISTRY","de_requirements":"","utme_requirements":"","subjects":"","institutions_list":"HUDA"},{"id":"28838","title":"COMPUTER SCIENCE","de_requirements":"","utme_requirements":"","subjects":"","institutions_list":"HUDA"},{"id":"28839","title":"CYBER SECURITY","de_requirements":"","utme_requirements":"","subjects":"","institutions_list":"HUDA"},{"id":"28831","title":"ECONOMICS","de_requirements":"","utme_requirements":"","subjects":"","institutions_list":"HUDA"},{"id":"28837","title":"FORENSIC SCIENCE","de_requirements":"","utme_requirements":"","subjects":"","institutions_list":"HUDA"},{"id":"28843","title":"HEALTH INFORMATION MANAGEMENT","de_requirements":"","utme_requirements":"","subjects":"","institutions_list":"HUDA"},{"id":"28834","title":"MICROBIOLOGY","de_requirements":"","utme_requirements":"","subjects":"","institutions_list":"HUDA"},{"id":"28841","title":"NURSING SCIENCE","de_requirements":"","utme_requirements":"","subjects":"","institutions_list":"HUDA"},{"id":"28833","title":"PEACE STUDIES AND CONFLICT RESOLUTION","de_requirements":"","utme_requirements":"","subjects":"","institutions_list":"HUDA"},{"id":"28836","title":"PETROLEUM CHEMISTRY","de_requirements":"","utme_requirements":"","subjects":"","institutions_list":"HUDA"},{"id":"28832","title":"PUBLIC ADMINISTRATION","de_requirements":"","utme_requirements":"","subjects":"","institutions_list":"HUDA"},{"id":"28842","title":"PUBLIC HEALTH","de_requirements":"","utme_requirements":"","subjects":"","institutions_list":"HUDA"},{"id":"28840","title":"SOFTWARE ENGINEERING","de_requirements":"","utme_requirements":"","subjects":"","institutions_list":"HUDA"},{"id":"28830","title":"TAXATION","de_requirements":"","utme_requirements":"","subjects":"","institutions_list":"HUDA"}]