[{"id":"28853","title":"ACCOUNTANCY AND FORENSIC STUDIES","de_requirements":"","utme_requirements":"","subjects":"","institutions_list":"LUX-MUNDI"},{"id":"28854","title":"BANKING AND FINANCE","de_requirements":"","utme_requirements":"","subjects":"","institutions_list":"LUX-MUNDI"},{"id":"28850","title":"BUSINESS ADMINISTRATION","de_requirements":"","utme_requirements":"","subjects":"","institutions_list":"LUX-MUNDI"},{"id":"28855","title":"ECONOMICS AND DEVELOPMENTAL STUDIES","de_requirements":"","utme_requirements":"","subjects":"","institutions_list":"LUX-MUNDI"},{"id":"28844","title":"ENGLISH & LITERARY STUDIES","de_requirements":"","utme_requirements":"","subjects":"","institutions_list":"LUX-MUNDI"},{"id":"28852","title":"ENTREPRENEURSHIP","de_requirements":"","utme_requirements":"","subjects":"","institutions_list":"LUX-MUNDI"},{"id":"28849","title":"INTERNATIONAL RELATIONS AND DIPLOMACY","de_requirements":"","utme_requirements":"","subjects":"","institutions_list":"LUX-MUNDI"},{"id":"29182","title":"LAW","de_requirements":"","utme_requirements":"","subjects":"","institutions_list":"LUX-MUNDI"},{"id":"28848","title":"PEACE STUDIES AND CONFLICT RESOLUTION","de_requirements":"","utme_requirements":"","subjects":"","institutions_list":"LUX-MUNDI"},{"id":"28846","title":"POLITICAL SCIENCE","de_requirements":"","utme_requirements":"","subjects":"","institutions_list":"LUX-MUNDI"},{"id":"28851","title":"PROJECT MANAGEMENT","de_requirements":"","utme_requirements":"","subjects":"","institutions_list":"LUX-MUNDI"},{"id":"28847","title":"PUBLIC ADMINISTRATION","de_requirements":"","utme_requirements":"","subjects":"","institutions_list":"LUX-MUNDI"}]