[{"id":"28857","title":"ALTERNATIVE MEDICINE","de_requirements":"","utme_requirements":"","subjects":"","institutions_list":"MERCY-MED-UNI"},{"id":"28856","title":"COMMUNITY HEALTH","de_requirements":"","utme_requirements":"","subjects":"","institutions_list":"MERCY-MED-UNI"},{"id":"28861","title":"HEALTH CARE ADMINISTRATION AND HOSPITAL MANAGEMENT","de_requirements":"","utme_requirements":"","subjects":"","institutions_list":"MERCY-MED-UNI"},{"id":"28859","title":"MEDICAL LABORATORY SCIENCE","de_requirements":"","utme_requirements":"","subjects":"","institutions_list":"MERCY-MED-UNI"},{"id":"28860","title":"NURSING SCIENCE","de_requirements":"","utme_requirements":"","subjects":"","institutions_list":"MERCY-MED-UNI"},{"id":"28862","title":"PHARMACY","de_requirements":"","utme_requirements":"","subjects":"","institutions_list":"MERCY-MED-UNI"},{"id":"28858","title":"PUBLIC HEALTH","de_requirements":"","utme_requirements":"","subjects":"","institutions_list":"MERCY-MED-UNI"}]