[{"id":"28871","title":"ACCOUNTING","de_requirements":"","utme_requirements":"","subjects":"","institutions_list":"MK-UNI"},{"id":"28874","title":"ARABIC LANGUAGE","de_requirements":"","utme_requirements":"","subjects":"","institutions_list":"MK-UNI"},{"id":"28873","title":"BUSINESS ADMINISTRATION","de_requirements":"","utme_requirements":"","subjects":"","institutions_list":"MK-UNI"},{"id":"28869","title":"CHEMISTRY","de_requirements":"","utme_requirements":"","subjects":"","institutions_list":"MK-UNI"},{"id":"28863","title":"COMPUTER SCIENCE","de_requirements":"","utme_requirements":"","subjects":"","institutions_list":"MK-UNI"},{"id":"28864","title":"CYBER SECURITY","de_requirements":"","utme_requirements":"","subjects":"","institutions_list":"MK-UNI"},{"id":"28872","title":"ECONOMICS","de_requirements":"","utme_requirements":"","subjects":"","institutions_list":"MK-UNI"},{"id":"28875","title":"ENGLISH LANGUAGE","de_requirements":"","utme_requirements":"","subjects":"","institutions_list":"MK-UNI"},{"id":"28877","title":"HISTORY AND INTERNATIONAL STUDIES","de_requirements":"","utme_requirements":"","subjects":"","institutions_list":"MK-UNI"},{"id":"28876","title":"ISLAMIC STUDIES","de_requirements":"","utme_requirements":"","subjects":"","institutions_list":"MK-UNI"},{"id":"28866","title":"MATHEMATICS","de_requirements":"","utme_requirements":"","subjects":"","institutions_list":"MK-UNI"},{"id":"28870","title":"PHYSICS WITH ELECTRONICS","de_requirements":"","utme_requirements":"","subjects":"","institutions_list":"MK-UNI"},{"id":"28868","title":"PLANT SCIENCE AND BIOTECHNOLOGY","de_requirements":"","utme_requirements":"","subjects":"","institutions_list":"MK-UNI"},{"id":"28865","title":"SOFTWARE ENGINEERING","de_requirements":"","utme_requirements":"","subjects":"","institutions_list":"MK-UNI"},{"id":"28867","title":"STATISTICS AND DATA SCIENCE","de_requirements":"","utme_requirements":"","subjects":"","institutions_list":"MK-UNI"}]