[{"id":"28878","title":"ACCOUNTING","de_requirements":"","utme_requirements":"","subjects":"","institutions_list":"ALETHEIA"},{"id":"28879","title":"BANKING AND FINANCE","de_requirements":"","utme_requirements":"","subjects":"","institutions_list":"ALETHEIA"},{"id":"28881","title":"BUSINESS ADMINISTRATION","de_requirements":"","utme_requirements":"","subjects":"","institutions_list":"ALETHEIA"},{"id":"28884","title":"COMPUTER ENGINEERING","de_requirements":"","utme_requirements":"","subjects":"","institutions_list":"ALETHEIA"},{"id":"28889","title":"COMPUTER SCIENCE","de_requirements":"","utme_requirements":"","subjects":"","institutions_list":"ALETHEIA"},{"id":"29637","title":"ECONOMICS","de_requirements":"","utme_requirements":"","subjects":"","institutions_list":"ALETHEIA"},{"id":"28885","title":"ELECTRICAL AND ELECTRONICS ENGINEERING","de_requirements":"","utme_requirements":"","subjects":"","institutions_list":"ALETHEIA"},{"id":"28883","title":"ENGLISH LANGUAGE","de_requirements":"","utme_requirements":"","subjects":"","institutions_list":"ALETHEIA"},{"id":"29636","title":"FOOD SCIENCE & TECHNOLOGY","de_requirements":"","utme_requirements":"","subjects":"","institutions_list":"ALETHEIA"},{"id":"28891","title":"INDUSTRIAL CHEMISTRY","de_requirements":"","utme_requirements":"","subjects":"","institutions_list":"ALETHEIA"},{"id":"28890","title":"INDUSTRIAL MATHEMATICS","de_requirements":"","utme_requirements":"","subjects":"","institutions_list":"ALETHEIA"},{"id":"28887","title":"INFORMATION TECHNOLOGY","de_requirements":"","utme_requirements":"","subjects":"","institutions_list":"ALETHEIA"},{"id":"28882","title":"MASS COMMUNICATION","de_requirements":"","utme_requirements":"","subjects":"","institutions_list":"ALETHEIA"},{"id":"29635","title":"MICROBIOLOGY","de_requirements":"","utme_requirements":"","subjects":"","institutions_list":"ALETHEIA"},{"id":"28888","title":"PHYSICS WITH ELECTRONICS","de_requirements":"","utme_requirements":"","subjects":"","institutions_list":"ALETHEIA"},{"id":"28886","title":"SOFTWARE ENGINEERING","de_requirements":"","utme_requirements":"","subjects":"","institutions_list":"ALETHEIA"},{"id":"28880","title":"TAXATION","de_requirements":"","utme_requirements":"","subjects":"","institutions_list":"ALETHEIA"}]