[{"id":"28899","title":"ACCOUNTING AND FINANCE","de_requirements":"","utme_requirements":"","subjects":"","institutions_list":"BCU"},{"id":"28908","title":"BIOCHEMISTRY","de_requirements":"","utme_requirements":"","subjects":"","institutions_list":"BCU"},{"id":"28906","title":"BIOTECHNOLOGY","de_requirements":"","utme_requirements":"","subjects":"","institutions_list":"BCU"},{"id":"28900","title":"BUSINESS ADMINISTRATION","de_requirements":"","utme_requirements":"","subjects":"","institutions_list":"BCU"},{"id":"28904","title":"COMPUTER SCIENCE","de_requirements":"","utme_requirements":"","subjects":"","institutions_list":"BCU"},{"id":"28898","title":"CRIMINOLOGY AND SECURITY STUDIES","de_requirements":"","utme_requirements":"","subjects":"","institutions_list":"BCU"},{"id":"28902","title":"CYBER SECURITY","de_requirements":"","utme_requirements":"","subjects":"","institutions_list":"BCU"},{"id":"28896","title":"ECONOMICS","de_requirements":"","utme_requirements":"","subjects":"","institutions_list":"BCU"},{"id":"28901","title":"ENTREPRENEURSHIP STUDIES","de_requirements":"","utme_requirements":"","subjects":"","institutions_list":"BCU"},{"id":"28905","title":"INFORMATION TECHNOLOGY","de_requirements":"","utme_requirements":"","subjects":"","institutions_list":"BCU"},{"id":"28897","title":"MASS COMMUNICATION","de_requirements":"","utme_requirements":"","subjects":"","institutions_list":"BCU"},{"id":"28892","title":"MEDICAL LABORATORY SCIENCE","de_requirements":"","utme_requirements":"","subjects":"","institutions_list":"BCU"},{"id":"28907","title":"MICROBIOLOGY","de_requirements":"","utme_requirements":"","subjects":"","institutions_list":"BCU"},{"id":"28893","title":"NURSING SCIENCE","de_requirements":"","utme_requirements":"","subjects":"","institutions_list":"BCU"},{"id":"28909","title":"PHYSICS","de_requirements":"","utme_requirements":"","subjects":"","institutions_list":"BCU"},{"id":"28894","title":"PHYSIOTHERAPY","de_requirements":"","utme_requirements":"","subjects":"","institutions_list":"BCU"},{"id":"28895","title":"PUBLIC HEALTH","de_requirements":"","utme_requirements":"","subjects":"","institutions_list":"BCU"},{"id":"28903","title":"SOFTWARE ENGINEERING","de_requirements":"","utme_requirements":"","subjects":"","institutions_list":"BCU"}]