[{"id":"28910","title":"ACCOUNTING","de_requirements":"","utme_requirements":"","subjects":"","institutions_list":"COSMOPOLITAN"},{"id":"28911","title":"BUSINESS MANAGEMENT","de_requirements":"","utme_requirements":"","subjects":"","institutions_list":"COSMOPOLITAN"},{"id":"28922","title":"COMPUTER ENGINEERING","de_requirements":"","utme_requirements":"","subjects":"","institutions_list":"COSMOPOLITAN"},{"id":"28919","title":"COMPUTER SCIENCE","de_requirements":"","utme_requirements":"","subjects":"","institutions_list":"COSMOPOLITAN"},{"id":"28914","title":"CRIMINOLOGY AND SECURITY STUDIES","de_requirements":"","utme_requirements":"","subjects":"","institutions_list":"COSMOPOLITAN"},{"id":"28920","title":"CYBER SECURITY","de_requirements":"","utme_requirements":"","subjects":"","institutions_list":"COSMOPOLITAN"},{"id":"28912","title":"ECONOMICS","de_requirements":"","utme_requirements":"","subjects":"","institutions_list":"COSMOPOLITAN"},{"id":"28923","title":"ELECTRICAL AND ELECTRONICS ENGINEERING","de_requirements":"","utme_requirements":"","subjects":"","institutions_list":"COSMOPOLITAN"},{"id":"28913","title":"ENTREPRENEURSHIP","de_requirements":"","utme_requirements":"","subjects":"","institutions_list":"COSMOPOLITAN"},{"id":"28916","title":"HEALTH INFORMATION SYSTEM","de_requirements":"","utme_requirements":"","subjects":"","institutions_list":"COSMOPOLITAN"},{"id":"28921","title":"INFORMATION SYSTEM","de_requirements":"","utme_requirements":"","subjects":"","institutions_list":"COSMOPOLITAN"},{"id":"28915","title":"INTERNATIONAL RELATIONS","de_requirements":"","utme_requirements":"","subjects":"","institutions_list":"COSMOPOLITAN"},{"id":"28917","title":"NURSING SCIENCE","de_requirements":"","utme_requirements":"","subjects":"","institutions_list":"COSMOPOLITAN"},{"id":"28918","title":"PUBLIC HEALTH","de_requirements":"","utme_requirements":"","subjects":"","institutions_list":"COSMOPOLITAN"},{"id":"28925","title":"SOFTWARE ENGINEERING","de_requirements":"","utme_requirements":"","subjects":"","institutions_list":"COSMOPOLITAN"},{"id":"28924","title":"TELECOMMUNICATION ENGINEERING","de_requirements":"","utme_requirements":"","subjects":"","institutions_list":"COSMOPOLITAN"}]