[{"id":"28932","title":"AVIATION MANAGEMENT","de_requirements":"","utme_requirements":"","subjects":"","institutions_list":"FUT-DAURA"},{"id":"28926","title":"CIVIL ENGINEERING","de_requirements":"","utme_requirements":"","subjects":"","institutions_list":"FUT-DAURA"},{"id":"28927","title":"ELECTRICAL AND ELECTRONICS ENGINEERING","de_requirements":"","utme_requirements":"","subjects":"","institutions_list":"FUT-DAURA"},{"id":"28930","title":"HIGHWAY ENGINEERING","de_requirements":"","utme_requirements":"","subjects":"","institutions_list":"FUT-DAURA"},{"id":"28938","title":"INLAND WATERWAYS SAFETY & ENVIRONMENTAL ADMINISTRATION","de_requirements":"","utme_requirements":"","subjects":"","institutions_list":"FUT-DAURA"},{"id":"28934","title":"LOGISTICS AND SUPPLY CHAIN MANAGEMENT","de_requirements":"","utme_requirements":"","subjects":"","institutions_list":"FUT-DAURA"},{"id":"28939","title":"MARITIME ECONOMICS","de_requirements":"","utme_requirements":"","subjects":"","institutions_list":"FUT-DAURA"},{"id":"28935","title":"MARITIME SAFETY AND ENVIRONMENTAL ADMINISTRATION","de_requirements":"","utme_requirements":"","subjects":"","institutions_list":"FUT-DAURA"},{"id":"28928","title":"MECHANICAL ENGINEERING","de_requirements":"","utme_requirements":"","subjects":"","institutions_list":"FUT-DAURA"},{"id":"28929","title":"MECHATRONICS ENGINEERING","de_requirements":"","utme_requirements":"","subjects":"","institutions_list":"FUT-DAURA"},{"id":"28931","title":"RAILWAY ENGINEERING","de_requirements":"","utme_requirements":"","subjects":"","institutions_list":"FUT-DAURA"},{"id":"28936","title":"RAILWAY TRANSPORT MANAGEMENT","de_requirements":"","utme_requirements":"","subjects":"","institutions_list":"FUT-DAURA"},{"id":"28937","title":"SEA PORT & DRY PORT MANAGEMENT","de_requirements":"","utme_requirements":"","subjects":"","institutions_list":"FUT-DAURA"},{"id":"28933","title":"TRANSPORT MANAGEMENT","de_requirements":"","utme_requirements":"","subjects":"","institutions_list":"FUT-DAURA"}]