[{"id":"28940","title":"ACCOUNTING","de_requirements":"","utme_requirements":"","subjects":"","institutions_list":"PEACELAND-UNI"},{"id":"28952","title":"BIOTECHNOLOGY","de_requirements":"","utme_requirements":"","subjects":"","institutions_list":"PEACELAND-UNI"},{"id":"28955","title":"COMPUTER SCIENCE","de_requirements":"","utme_requirements":"","subjects":"","institutions_list":"PEACELAND-UNI"},{"id":"28944","title":"CRIMINOLOGY AND SECURITY STUDIES","de_requirements":"","utme_requirements":"","subjects":"","institutions_list":"PEACELAND-UNI"},{"id":"28956","title":"CYBER SECURITY","de_requirements":"","utme_requirements":"","subjects":"","institutions_list":"PEACELAND-UNI"},{"id":"28943","title":"ECONOMICS","de_requirements":"","utme_requirements":"","subjects":"","institutions_list":"PEACELAND-UNI"},{"id":"28949","title":"EDUCATION AND BIOLOGY","de_requirements":"","utme_requirements":"","subjects":"","institutions_list":"PEACELAND-UNI"},{"id":"28950","title":"EDUCATION AND COMPUTER SCIENCE","de_requirements":"","utme_requirements":"","subjects":"","institutions_list":"PEACELAND-UNI"},{"id":"28948","title":"EDUCATION AND ECONOMICS","de_requirements":"","utme_requirements":"","subjects":"","institutions_list":"PEACELAND-UNI"},{"id":"28946","title":"EDUCATIONAL MANAGEMENT","de_requirements":"","utme_requirements":"","subjects":"","institutions_list":"PEACELAND-UNI"},{"id":"28942","title":"ENTREPRENEURSHIP","de_requirements":"","utme_requirements":"","subjects":"","institutions_list":"PEACELAND-UNI"},{"id":"28947","title":"GUIDANCE AND COUNSELLING","de_requirements":"","utme_requirements":"","subjects":"","institutions_list":"PEACELAND-UNI"},{"id":"28953","title":"INDUSTRIAL CHEMISTRY","de_requirements":"","utme_requirements":"","subjects":"","institutions_list":"PEACELAND-UNI"},{"id":"28945","title":"INTERNATIONAL RELATIONS AND DIPLOMACY","de_requirements":"","utme_requirements":"","subjects":"","institutions_list":"PEACELAND-UNI"},{"id":"28941","title":"MANAGEMENT","de_requirements":"","utme_requirements":"","subjects":"","institutions_list":"PEACELAND-UNI"},{"id":"29640","title":"MEDICAL LABORATORY SCIENCE","de_requirements":"","utme_requirements":"","subjects":"","institutions_list":"PEACELAND-UNI"},{"id":"28951","title":"MICROBIOLOGY","de_requirements":"","utme_requirements":"","subjects":"","institutions_list":"PEACELAND-UNI"},{"id":"29638","title":"NURSING SCIENCE","de_requirements":"","utme_requirements":"","subjects":"","institutions_list":"PEACELAND-UNI"},{"id":"28954","title":"PHYSICS WITH ELECTRONICS","de_requirements":"","utme_requirements":"","subjects":"","institutions_list":"PEACELAND-UNI"},{"id":"29639","title":"PUBLIC HEALTH","de_requirements":"","utme_requirements":"","subjects":"","institutions_list":"PEACELAND-UNI"},{"id":"28957","title":"SOFTWARE ENGINEERING","de_requirements":"","utme_requirements":"","subjects":"","institutions_list":"PEACELAND-UNI"}]