[{"id":"28967","title":"ACCOUNTING","de_requirements":"","utme_requirements":"","subjects":"","institutions_list":"UNINIGER"},{"id":"28972","title":"COMPUTER SCIENCE","de_requirements":"","utme_requirements":"","subjects":"","institutions_list":"UNINIGER"},{"id":"28973","title":"CYBER SECURITY","de_requirements":"","utme_requirements":"","subjects":"","institutions_list":"UNINIGER"},{"id":"28960","title":"DENTAL TECHNOLOGY","de_requirements":"","utme_requirements":"","subjects":"","institutions_list":"UNINIGER"},{"id":"28959","title":"DENTISTRY","de_requirements":"","utme_requirements":"","subjects":"","institutions_list":"UNINIGER"},{"id":"29275","title":"DOCTOR OF PHARMACY","de_requirements":"","utme_requirements":"","subjects":"","institutions_list":"UNINIGER"},{"id":"28963","title":"DOCTOR OF PHYSIOTHERAPY","de_requirements":"","utme_requirements":"","subjects":"","institutions_list":"UNINIGER"},{"id":"28969","title":"ECONOMICS AND DEVELOPMENTAL STUDIES","de_requirements":"","utme_requirements":"","subjects":"","institutions_list":"UNINIGER"},{"id":"28970","title":"FORENSIC SCIENCE","de_requirements":"","utme_requirements":"","subjects":"","institutions_list":"UNINIGER"},{"id":"28966","title":"HEALTH INFORMATION MANAGEMENT","de_requirements":"","utme_requirements":"","subjects":"","institutions_list":"UNINIGER"},{"id":"29274","title":"LAW","de_requirements":"","utme_requirements":"","subjects":"","institutions_list":"UNINIGER"},{"id":"28961","title":"MEDICAL LABORATORY SCIENCE","de_requirements":"","utme_requirements":"","subjects":"","institutions_list":"UNINIGER"},{"id":"28958","title":"MEDICINE AND SURGERY","de_requirements":"","utme_requirements":"","subjects":"","institutions_list":"UNINIGER"},{"id":"28971","title":"MICROBIOLOGY","de_requirements":"","utme_requirements":"","subjects":"","institutions_list":"UNINIGER"},{"id":"28962","title":"NURSING SCIENCE","de_requirements":"","utme_requirements":"","subjects":"","institutions_list":"UNINIGER"},{"id":"28968","title":"PSYCHOLOGY","de_requirements":"","utme_requirements":"","subjects":"","institutions_list":"UNINIGER"},{"id":"28965","title":"PUBLIC HEALTH","de_requirements":"","utme_requirements":"","subjects":"","institutions_list":"UNINIGER"},{"id":"28964","title":"RADIOGRAPHY AND RADIATION SCIENCE","de_requirements":"","utme_requirements":"","subjects":"","institutions_list":"UNINIGER"},{"id":"29276","title":"RELIGIOUS STUDIES","de_requirements":"","utme_requirements":"","subjects":"","institutions_list":"UNINIGER"},{"id":"28974","title":"SOFTWARE ENGINEERING","de_requirements":"","utme_requirements":"","subjects":"","institutions_list":"UNINIGER"}]