[{"id":"28979","title":"ACCOUNTING","de_requirements":"","utme_requirements":"","subjects":"","institutions_list":"EL-AMIN"},{"id":"28990","title":"BIOCHEMISTRY","de_requirements":"","utme_requirements":"","subjects":"","institutions_list":"EL-AMIN"},{"id":"28989","title":"BIOTECHNOLOGY","de_requirements":"","utme_requirements":"","subjects":"","institutions_list":"EL-AMIN"},{"id":"28981","title":"BUSINESS MANAGEMENT","de_requirements":"","utme_requirements":"","subjects":"","institutions_list":"EL-AMIN"},{"id":"28993","title":"COMPUTER SCIENCE","de_requirements":"","utme_requirements":"","subjects":"","institutions_list":"EL-AMIN"},{"id":"28984","title":"CRIMINOLOGY AND SECURITY STUDIES","de_requirements":"","utme_requirements":"","subjects":"","institutions_list":"EL-AMIN"},{"id":"28994","title":"CYBER SECURITY","de_requirements":"","utme_requirements":"","subjects":"","institutions_list":"EL-AMIN"},{"id":"28997","title":"DATA SCIENCE AND ANALYTICS","de_requirements":"","utme_requirements":"","subjects":"","institutions_list":"EL-AMIN"},{"id":"28982","title":"ECONOMICS AND DEVELOPMENTAL STUDIES","de_requirements":"","utme_requirements":"","subjects":"","institutions_list":"EL-AMIN"},{"id":"28996","title":"ENVIRONMENTAL MANAGEMENT AND TOXICOLOGY","de_requirements":"","utme_requirements":"","subjects":"","institutions_list":"EL-AMIN"},{"id":"28980","title":"FINANCE","de_requirements":"","utme_requirements":"","subjects":"","institutions_list":"EL-AMIN"},{"id":"28991","title":"INDUSTRIAL CHEMISTRY","de_requirements":"","utme_requirements":"","subjects":"","institutions_list":"EL-AMIN"},{"id":"28995","title":"INFORMATION & COMMUNICATION TECHNOLOGY","de_requirements":"","utme_requirements":"","subjects":"","institutions_list":"EL-AMIN"},{"id":"28983","title":"INTERNATIONAL RELATIONS AND DIPLOMACY","de_requirements":"","utme_requirements":"","subjects":"","institutions_list":"EL-AMIN"},{"id":"28987","title":"LAW","de_requirements":"","utme_requirements":"","subjects":"","institutions_list":"EL-AMIN"},{"id":"28985","title":"MASS COMMUNICATION","de_requirements":"","utme_requirements":"","subjects":"","institutions_list":"EL-AMIN"},{"id":"28988","title":"MICROBIOLOGY","de_requirements":"","utme_requirements":"","subjects":"","institutions_list":"EL-AMIN"},{"id":"28998","title":"PHYSICS WITH ELECTRONICS","de_requirements":"","utme_requirements":"","subjects":"","institutions_list":"EL-AMIN"},{"id":"28986","title":"POLITICAL SCIENCE","de_requirements":"","utme_requirements":"","subjects":"","institutions_list":"EL-AMIN"},{"id":"28992","title":"SOFTWARE ENGINEERING","de_requirements":"","utme_requirements":"","subjects":"","institutions_list":"EL-AMIN"}]