[{"id":"28999","title":"ACCOUNTING","de_requirements":"","utme_requirements":"","subjects":"","institutions_list":"SAM-MARIS"},{"id":"29007","title":"ARCHITECTURE","de_requirements":"","utme_requirements":"","subjects":"","institutions_list":"SAM-MARIS"},{"id":"29010","title":"BUILDING","de_requirements":"","utme_requirements":"","subjects":"","institutions_list":"SAM-MARIS"},{"id":"29013","title":"COMPUTER SCIENCE","de_requirements":"","utme_requirements":"","subjects":"","institutions_list":"SAM-MARIS"},{"id":"29005","title":"CRIMINOLOGY AND SECURITY STUDIES","de_requirements":"","utme_requirements":"","subjects":"","institutions_list":"SAM-MARIS"},{"id":"29014","title":"CYBER SECURITY","de_requirements":"","utme_requirements":"","subjects":"","institutions_list":"SAM-MARIS"},{"id":"29002","title":"ECONOMICS","de_requirements":"","utme_requirements":"","subjects":"","institutions_list":"SAM-MARIS"},{"id":"29001","title":"ENTREPRENEURSHIP","de_requirements":"","utme_requirements":"","subjects":"","institutions_list":"SAM-MARIS"},{"id":"29016","title":"ENVIRONMENTAL MANAGEMENT","de_requirements":"","utme_requirements":"","subjects":"","institutions_list":"SAM-MARIS"},{"id":"29008","title":"ESTATE MANAGEMENT","de_requirements":"","utme_requirements":"","subjects":"","institutions_list":"SAM-MARIS"},{"id":"29015","title":"INFORMATION & COMMUNICATION TECHNOLOGY","de_requirements":"","utme_requirements":"","subjects":"","institutions_list":"SAM-MARIS"},{"id":"29003","title":"INTERNATIONAL RELATIONS AND DIPLOMACY","de_requirements":"","utme_requirements":"","subjects":"","institutions_list":"SAM-MARIS"},{"id":"29006","title":"MASS COMMUNICATION","de_requirements":"","utme_requirements":"","subjects":"","institutions_list":"SAM-MARIS"},{"id":"29004","title":"PEACE AND CONFLICT STUDIES","de_requirements":"","utme_requirements":"","subjects":"","institutions_list":"SAM-MARIS"},{"id":"29011","title":"QUANTITY SURVEYING","de_requirements":"","utme_requirements":"","subjects":"","institutions_list":"SAM-MARIS"},{"id":"29009","title":"SURVEYING AND GEO-INFORMATICS","de_requirements":"","utme_requirements":"","subjects":"","institutions_list":"SAM-MARIS"},{"id":"29000","title":"TAXATION","de_requirements":"","utme_requirements":"","subjects":"","institutions_list":"SAM-MARIS"},{"id":"29012","title":"URBAN AND REGIONAL PLANNING","de_requirements":"","utme_requirements":"","subjects":"","institutions_list":"SAM-MARIS"}]