[{"id":"29067","title":"ACCOUNTING","de_requirements":"","utme_requirements":"","subjects":"","institutions_list":"FRANCO"},{"id":"29069","title":"BUSINESS ADMINISTRATION","de_requirements":"","utme_requirements":"","subjects":"","institutions_list":"FRANCO"},{"id":"29060","title":"COMPUTER SCIENCE","de_requirements":"","utme_requirements":"","subjects":"","institutions_list":"FRANCO"},{"id":"29061","title":"CYBER SECURITY","de_requirements":"","utme_requirements":"","subjects":"","institutions_list":"FRANCO"},{"id":"29075","title":"DATA SCIENCE","de_requirements":"","utme_requirements":"","subjects":"","institutions_list":"FRANCO"},{"id":"29070","title":"ECONOMICS","de_requirements":"","utme_requirements":"","subjects":"","institutions_list":"FRANCO"},{"id":"29068","title":"FINANCE","de_requirements":"","utme_requirements":"","subjects":"","institutions_list":"FRANCO"},{"id":"29071","title":"HUMAN RESOURCE MANAGEMENT","de_requirements":"","utme_requirements":"","subjects":"","institutions_list":"FRANCO"},{"id":"29062","title":"INFORMATION TECHNOLOGY","de_requirements":"","utme_requirements":"","subjects":"","institutions_list":"FRANCO"},{"id":"29072","title":"INTERNATIONAL RELATIONS","de_requirements":"","utme_requirements":"","subjects":"","institutions_list":"FRANCO"},{"id":"29073","title":"MASS COMMUNICATION","de_requirements":"","utme_requirements":"","subjects":"","institutions_list":"FRANCO"},{"id":"29065","title":"MEDICAL LABORATORY SCIENCE","de_requirements":"","utme_requirements":"","subjects":"","institutions_list":"FRANCO"},{"id":"29064","title":"NURSING SCIENCE","de_requirements":"","utme_requirements":"","subjects":"","institutions_list":"FRANCO"},{"id":"29074","title":"PEACE AND CONFLICT RESOLUTION","de_requirements":"","utme_requirements":"","subjects":"","institutions_list":"FRANCO"},{"id":"29066","title":"RADIOLOGY AND RADIATION SCIENCE","de_requirements":"","utme_requirements":"","subjects":"","institutions_list":"FRANCO"},{"id":"29063","title":"SOFTWARE ENGINEERING","de_requirements":"","utme_requirements":"","subjects":"","institutions_list":"FRANCO"}]