[{"id":"29081","title":"ANATOMY","de_requirements":"","utme_requirements":"","subjects":"","institutions_list":"GERAR"},{"id":"29078","title":"DOCTOR OF PHYSIOTHERAPY","de_requirements":"","utme_requirements":"","subjects":"","institutions_list":"GERAR"},{"id":"29076","title":"MEDICAL LABORATORY SCIENCE","de_requirements":"","utme_requirements":"","subjects":"","institutions_list":"GERAR"},{"id":"29970","title":"NURSING SCIENCE","de_requirements":"","utme_requirements":"","subjects":"","institutions_list":"GERAR"},{"id":"29971","title":"NUTRITION AND DIETETICS","de_requirements":"","utme_requirements":"","subjects":"","institutions_list":"GERAR"},{"id":"29077","title":"OPTOMETRY","de_requirements":"","utme_requirements":"","subjects":"","institutions_list":"GERAR"},{"id":"29080","title":"PHARMACOLOGY","de_requirements":"","utme_requirements":"","subjects":"","institutions_list":"GERAR"},{"id":"29082","title":"PHYSIOLOGY","de_requirements":"","utme_requirements":"","subjects":"","institutions_list":"GERAR"},{"id":"29079","title":"RADIOGRAPHY AND RADIATION SCIENCE","de_requirements":"","utme_requirements":"","subjects":"","institutions_list":"GERAR"}]