[{"id":"29090","title":"ACCOUNTING","de_requirements":"","utme_requirements":"","subjects":"","institutions_list":"VENITE"},{"id":"29084","title":"BIOCHEMISTRY","de_requirements":"","utme_requirements":"","subjects":"","institutions_list":"VENITE"},{"id":"29086","title":"COMPUTER SCIENCE","de_requirements":"","utme_requirements":"","subjects":"","institutions_list":"VENITE"},{"id":"29092","title":"CRIMINOLOGY AND SECURITY STUDIES","de_requirements":"","utme_requirements":"","subjects":"","institutions_list":"VENITE"},{"id":"29087","title":"CYBER SECURITY","de_requirements":"","utme_requirements":"","subjects":"","institutions_list":"VENITE"},{"id":"29860","title":"DATA SCIENCE","de_requirements":"","utme_requirements":"","subjects":"","institutions_list":"VENITE"},{"id":"29855","title":"DOCTOR OF PHYSIOTHERAPY","de_requirements":"","utme_requirements":"","subjects":"","institutions_list":"VENITE"},{"id":"29091","title":"ECONOMICS AND DEVELOPMENTAL STUDIES","de_requirements":"","utme_requirements":"","subjects":"","institutions_list":"VENITE"},{"id":"29093","title":"ENTREPRENEURSHIP STUDIES","de_requirements":"","utme_requirements":"","subjects":"","institutions_list":"VENITE"},{"id":"29085","title":"FORENSIC SCIENCE","de_requirements":"","utme_requirements":"","subjects":"","institutions_list":"VENITE"},{"id":"29089","title":"INFORMATION TECHNOLOGY","de_requirements":"","utme_requirements":"","subjects":"","institutions_list":"VENITE"},{"id":"29854","title":"MEDICAL LABORATORY SCIENCE","de_requirements":"","utme_requirements":"","subjects":"","institutions_list":"VENITE"},{"id":"29083","title":"MICROBIOLOGY","de_requirements":"","utme_requirements":"","subjects":"","institutions_list":"VENITE"},{"id":"29850","title":"NURSING SCIENCE","de_requirements":"","utme_requirements":"","subjects":"","institutions_list":"VENITE"},{"id":"29094","title":"PUBLIC ADMINISTRATION","de_requirements":"","utme_requirements":"","subjects":"","institutions_list":"VENITE"},{"id":"29853","title":"PUBLIC HEALTH","de_requirements":"","utme_requirements":"","subjects":"","institutions_list":"VENITE"},{"id":"29088","title":"SOFTWARE ENGINEERING","de_requirements":"","utme_requirements":"","subjects":"","institutions_list":"VENITE"},{"id":"29856","title":"TAXATION","de_requirements":"","utme_requirements":"","subjects":"","institutions_list":"VENITE"}]