[{"id":"4381","title":"ACCOUNTANCY","de_requirements":"","utme_requirements":"<p><span>Five (5) SSC credit passes in English\r\nLanguage not Literature in English and Mathematics and any three (3) subjects\r\nfrom the following<\/span><span><\/span><\/p><p><span>Economics\/Commerce,<\/span><\/p><p><span>Business Methods,<\/span><\/p><p><span>Principles of Accounts,<\/span><\/p><p><span>Literature in English<\/span><\/p><p><span>Geography<\/span><\/p><p><span>Office Practice<\/span><\/p><p><span>Government,<\/span><\/p><p><span>Biology\/Agricultural Science,<\/span><\/p><p><span>Chemistry,<\/span><\/p><p><span>Physics,<\/span><\/p><p><span>History\/Government<\/span><\/p><p><span>Typewriting <\/span><\/p><p>\r\n\r\n\r\n\r\n\r\n\r\n\r\n\r\n\r\n\r\n\r\n\r\n\r\n\r\n\r\n\r\n\r\n\r\n\r\n\r\n\r\n\r\n\r\n\r\n\r\n\r\n<\/p><p><span>Shorthand<\/span><\/p>","subjects":"Mathematics and two (2) of Geography, Commerce, Government, Principles of Accounts and Economics.","institutions_list":"CABSP"},{"id":"4382","title":"BANKING & FINANCE","de_requirements":"","utme_requirements":"<p><span>Five (5) SSC credit passes in English Language (not Literature in\r\nEnglish) and Mathematics and any three (3) subjects from the following:<\/span><span><\/span><\/p><p><span>Economics\/Commerce,<\/span><\/p><p><span>Business\r\nMethods,<\/span><\/p><p><span>Principles\r\nof Accounts,<\/span><\/p><p><span>Literature\r\nin English<\/span><\/p><p><span>Geography<\/span><\/p><p><span>Office\r\nPractice<\/span><\/p><p><span>Biology\/Agricultural\r\nScience,<\/span><\/p><p><span>Chemistry,<\/span><\/p><p><span>Physics,<\/span><\/p><p><span>History\/Government<\/span><\/p><p><span>Typewriting\r\n<\/span><\/p><p>\r\n\r\n\r\n\r\n\r\n\r\n\r\n\r\n\r\n\r\n\r\n\r\n\r\n\r\n\r\n\r\n\r\n\r\n\r\n\r\n\r\n\r\n\r\n\r\n<\/p><p><span>Shorthand<\/span><\/p>","subjects":"Mathematics and any two (2) of Economics, Geography, History, Government, Commerce or Principles of Accounts.","institutions_list":"CABSP"},{"id":"4384","title":"BUSINESS ADMINISTRATION & MANAGEMENT","de_requirements":"","utme_requirements":"<p><span>Five (5) SSC credit passes in English Language, not\r\nLiterature in English and Mathematics and any three (3) subjects from the\r\nfollowing:<\/span><\/p><p><span>Economics\/Commerce,<\/span><\/p><p><span>Business Methods,<\/span><\/p><p><span>Principles of Accounts,<\/span><\/p><p><span>Literature in English<\/span><\/p><p><span>Geography<\/span><\/p><p><span>Office Practice<\/span><\/p><p><span>Biology\/Agricultural Science,<\/span><\/p><p><span>Chemistry,<\/span><\/p><p><span>Physics,<\/span><\/p><p><span>History\/Government<\/span><\/p><p><span>Typewriting <\/span><\/p><p>\r\n\r\n\r\n\r\n\r\n\r\n\r\n\r\n\r\n\r\n\r\n\r\n\r\n\r\n\r\n\r\n\r\n\r\n\r\n\r\n\r\n\r\n\r\n\r\n<span>Shorthand<\/span><br><\/p>","subjects":"Mathematics and two (2) of Geography, Commerce, Government, Principles of Accounts and Economics","institutions_list":"CABSP"},{"id":"28709","title":"Computer Engineering Technology","de_requirements":"","utme_requirements":"","subjects":"","institutions_list":"CABSP"},{"id":"28826","title":"COMPUTER ENGINEERING TECHNOLOGY","de_requirements":"","utme_requirements":"","subjects":"","institutions_list":"CABSP"},{"id":"26343","title":"COMPUTER SCIENCE","de_requirements":"","utme_requirements":"","subjects":"","institutions_list":"CABSP"},{"id":"26341","title":"CRIME MANAGEMENT","de_requirements":"","utme_requirements":"","subjects":"","institutions_list":"CABSP"},{"id":"28710","title":"Electrical Electronic Engineering Technology","de_requirements":"","utme_requirements":"","subjects":"","institutions_list":"CABSP"},{"id":"28827","title":"ELECTRICAL\/ELECTRONICS ENGINEERING TECHNOLOGY","de_requirements":"","utme_requirements":"","subjects":"","institutions_list":"CABSP"},{"id":"4378","title":"LIBRARY & INFORMATION SCIENCE","de_requirements":"","utme_requirements":"<p><span>Five (5) SSC credit passes in English Language and Mathematics and any three (3) other subjects from:<\/span><span><\/span><\/p><p><span>History,<\/span><span><\/span><\/p><p><span>Literature in English,<\/span><span><\/span><\/p><p><span>Economics\/Commerce,<\/span><span><\/span><\/p><p><span>Fine Arts,<\/span><span><\/span><\/p><p><span>Government,<\/span><span><\/span><\/p><p><span>Biology<\/span><span><\/span><\/p><p><span>Physics,<\/span><span><\/span><\/p><p><span>Chemistry<\/span><span><\/span><\/p><p><span>Basic Electricity<\/span><span><\/span><\/p><p><span>Geography,<\/span><span><\/span><\/p><p><span>Typewriting,<\/span><span><\/span><\/p><p><span>Commerce\/Principles of Accounting.<\/span>&nbsp;&nbsp;&nbsp;&nbsp;<\/p>","subjects":"Any three (3) subjects from Arts\/Social Science\/Physical Science.","institutions_list":"CABSP"},{"id":"4379","title":"LOCAL GOVERNMENT STUDIES","de_requirements":"","utme_requirements":"<p><span>Five (5) SSC credit passes in English Language not Literature in English and Mathematics and any three (3) subjects from the following<\/span><span><\/span><\/p><p><span>Economics\/Commerce,<\/span><span><\/span><\/p><p><span>Business Methods,<\/span><span><\/span><\/p><p><span>Principles of Accounts,<\/span><span><\/span><\/p><p><span>Literature in English<\/span><span><\/span><\/p><p><span>Geography<\/span><span><\/span><\/p><p><span>Office Practice<\/span><span><\/span><\/p><p><span>Government,<\/span><span><\/span><\/p><p><span>Biology\/Agricultural Science,<\/span><span><\/span><\/p><p><span>Chemistry,<\/span><span><\/span><\/p><p><span>Physics,<\/span><span><\/span><\/p><p><span>History\/Government<\/span><span><\/span><\/p><p><span>Typewriting <\/span><span><\/span><\/p><p><span>Shorthand.<\/span>&nbsp;&nbsp;&nbsp;&nbsp;<span><\/span><\/p>","subjects":"Government or History and any two (2) of Economics, Commerce, Geography and Mathematics","institutions_list":"CABSP"},{"id":"4385","title":"OFFICE TECHNOLOGY & MANAGEMENT","de_requirements":"","utme_requirements":"<p><span>Five (5) SSC credit passes in English Language (not Literature in English) and Mathematics and any three (3) of the following: Economics\/Commerce, Business Methods, Principles of Accounts, Literature in English, Geography, Office Practice, Biology\/Agricultural Science, Chemistry, Physics, History\/Government, Typewriting, Shorthand<\/span><\/p>","subjects":"Any three (3) of: \r\n1. Mathematics\r\n2. Economics\r\n3. Commerce\r\n4. History\/Govt.\r\n5. Geography\r\n6. CRS\/IS\r\n7. Principles   of \r\n     Accounts.","institutions_list":"CABSP"},{"id":"4383","title":"PUBLIC  ADMINISTRATION","de_requirements":"","utme_requirements":"<p><span>Five (5) 'O' Level credit passes in English Language not Literature in English and Mathematics and any three (3) subjects of the following Economics\/Commerce, Business Methods, Principles of Accounts, Literature in English Geography, Office Practice Government, Biology\/Agricultural Science, Chemistry, Physics, History\/Government Typewriting Shorthand<\/span>&nbsp;&nbsp;&nbsp;&nbsp;<span>&nbsp;<\/span><span><\/span><\/p>","subjects":"Government, History and Economics","institutions_list":"CABSP"},{"id":"4380","title":"SOCIAL DEVELOPMENT","de_requirements":"","utme_requirements":"<p><span>Five (5) SSC credit passes in English Language not Literature in English and Mathematics and any three (3) subjects from the following:<\/span><span><\/span><\/p><p><span>Economics\/Commerce,<\/span><span><\/span><\/p><p><span>Business Methods,<\/span><span><\/span><\/p><p><span>Principles of Accounts,<\/span><span><\/span><\/p><p><span>Literature in English<\/span><span><\/span><\/p><p><span>Geography<\/span><span><\/span><\/p><p><span>Office Practice<\/span><span><\/span><\/p><p><span>Government,<\/span><span><\/span><\/p><p><span>Biology\/Agricultural Science,<\/span><span><\/span><\/p><p><span>Chemistry,<\/span><span><\/span><\/p><p><span>Physics,<\/span><span><\/span><\/p><p><span>History\/Government<\/span><span><\/span><\/p><p><span>Typewriting <\/span><span><\/span><\/p><p><span>Shorthand.<\/span>&nbsp;&nbsp;&nbsp;&nbsp;<\/p>","subjects":"Government or History and any two (2) of Economics, Commerce, Geography and Mathematics","institutions_list":"CABSP"},{"id":"26342","title":"STATISTICS","de_requirements":"","utme_requirements":"","subjects":"","institutions_list":"CABSP"}]