[{"id":"29106","title":"ACCOUNTING","de_requirements":"","utme_requirements":"","subjects":"","institutions_list":"ICONIC-OU"},{"id":"29102","title":"ARABIC STUDIES","de_requirements":"","utme_requirements":"","subjects":"","institutions_list":"ICONIC-OU"},{"id":"29103","title":"BUSINESS ADMINISTRATION","de_requirements":"","utme_requirements":"","subjects":"","institutions_list":"ICONIC-OU"},{"id":"29107","title":"CRIMINOLOGY AND SECURITY STUDIES","de_requirements":"","utme_requirements":"","subjects":"","institutions_list":"ICONIC-OU"},{"id":"29101","title":"ENGLISH","de_requirements":"","utme_requirements":"","subjects":"","institutions_list":"ICONIC-OU"},{"id":"29097","title":"HEALTH INFORMATION MANAGEMENT","de_requirements":"","utme_requirements":"","subjects":"","institutions_list":"ICONIC-OU"},{"id":"29098","title":"INFORMATION TECHNOLOGY","de_requirements":"","utme_requirements":"","subjects":"","institutions_list":"ICONIC-OU"},{"id":"29105","title":"INTERNATIONAL RELATIONS AND DIPLOMACY","de_requirements":"","utme_requirements":"","subjects":"","institutions_list":"ICONIC-OU"},{"id":"29100","title":"ISLAMIC STUDIES","de_requirements":"","utme_requirements":"","subjects":"","institutions_list":"ICONIC-OU"},{"id":"29108","title":"MASS COMMUNICATION","de_requirements":"","utme_requirements":"","subjects":"","institutions_list":"ICONIC-OU"},{"id":"29095","title":"NURSING SCIENCE","de_requirements":"","utme_requirements":"","subjects":"","institutions_list":"ICONIC-OU"},{"id":"29104","title":"PUBLIC ADMINISTRATION","de_requirements":"","utme_requirements":"","subjects":"","institutions_list":"ICONIC-OU"},{"id":"29096","title":"PUBLIC HEALTH","de_requirements":"","utme_requirements":"","subjects":"","institutions_list":"ICONIC-OU"},{"id":"29099","title":"SOFTWARE ENGINEERING","de_requirements":"","utme_requirements":"","subjects":"","institutions_list":"ICONIC-OU"}]