[{"id":"29109","title":"ACCOUNTING","de_requirements":"","utme_requirements":"","subjects":"","institutions_list":"AZMAN"},{"id":"29113","title":"AVIATION MANAGEMENT","de_requirements":"","utme_requirements":"","subjects":"","institutions_list":"AZMAN"},{"id":"29116","title":"AVIATION SECURITY","de_requirements":"","utme_requirements":"","subjects":"","institutions_list":"AZMAN"},{"id":"29127","title":"BIOTECHNOLOGY","de_requirements":"","utme_requirements":"","subjects":"","institutions_list":"AZMAN"},{"id":"29110","title":"BUSINESS MANAGEMENT","de_requirements":"","utme_requirements":"","subjects":"","institutions_list":"AZMAN"},{"id":"29120","title":"COMPUTER SCIENCE","de_requirements":"","utme_requirements":"","subjects":"","institutions_list":"AZMAN"},{"id":"29122","title":"CYBER SECURITY","de_requirements":"","utme_requirements":"","subjects":"","institutions_list":"AZMAN"},{"id":"29121","title":"DATA SCIENCE","de_requirements":"","utme_requirements":"","subjects":"","institutions_list":"AZMAN"},{"id":"29111","title":"ECONOMICS","de_requirements":"","utme_requirements":"","subjects":"","institutions_list":"AZMAN"},{"id":"29112","title":"ENTREPRENEURSHIP","de_requirements":"","utme_requirements":"","subjects":"","institutions_list":"AZMAN"},{"id":"29125","title":"ENVIRONMENTAL HEALTH SCIENCE","de_requirements":"","utme_requirements":"","subjects":"","institutions_list":"AZMAN"},{"id":"29124","title":"HEALTH CARE ADMINISTRATION AND HOSPITAL MANAGEMENT","de_requirements":"","utme_requirements":"","subjects":"","institutions_list":"AZMAN"},{"id":"29126","title":"HEALTH INFORMATION MANAGEMENT","de_requirements":"","utme_requirements":"","subjects":"","institutions_list":"AZMAN"},{"id":"29118","title":"INFORMATION TECHNOLOGY","de_requirements":"","utme_requirements":"","subjects":"","institutions_list":"AZMAN"},{"id":"29114","title":"INTERNATIONAL RELATIONS","de_requirements":"","utme_requirements":"","subjects":"","institutions_list":"AZMAN"},{"id":"29128","title":"MICROBIOLOGY","de_requirements":"","utme_requirements":"","subjects":"","institutions_list":"AZMAN"},{"id":"29117","title":"PROCUREMENT MANAGEMENT","de_requirements":"","utme_requirements":"","subjects":"","institutions_list":"AZMAN"},{"id":"29115","title":"PUBLIC ADMINISTRATION","de_requirements":"","utme_requirements":"","subjects":"","institutions_list":"AZMAN"},{"id":"29123","title":"PUBLIC HEALTH","de_requirements":"","utme_requirements":"","subjects":"","institutions_list":"AZMAN"},{"id":"29119","title":"SOFTWARE ENGINEERING","de_requirements":"","utme_requirements":"","subjects":"","institutions_list":"AZMAN"}]