[{"id":"29350","title":"ACCOUNTING","de_requirements":"","utme_requirements":"","subjects":"","institutions_list":"MADUKA"},{"id":"29385","title":"CIVIL ENGINEERING","de_requirements":"","utme_requirements":"","subjects":"","institutions_list":"MADUKA"},{"id":"29398","title":"COMPUTER ENGINEERING","de_requirements":"","utme_requirements":"","subjects":"","institutions_list":"MADUKA"},{"id":"29363","title":"COMPUTER SCIENCE","de_requirements":"","utme_requirements":"","subjects":"","institutions_list":"MADUKA"},{"id":"29365","title":"CYBER SECURITY","de_requirements":"","utme_requirements":"","subjects":"","institutions_list":"MADUKA"},{"id":"29351","title":"ECONOMICS","de_requirements":"","utme_requirements":"","subjects":"","institutions_list":"MADUKA"},{"id":"29395","title":"ELECTRICAL ENGINEERING","de_requirements":"","utme_requirements":"","subjects":"","institutions_list":"MADUKA"},{"id":"29380","title":"INFORMATION TECHNOLOGY","de_requirements":"","utme_requirements":"","subjects":"","institutions_list":"MADUKA"},{"id":"29354","title":"INTERNATIONAL RELATIONS","de_requirements":"","utme_requirements":"","subjects":"","institutions_list":"MADUKA"},{"id":"29382","title":"LAW","de_requirements":"","utme_requirements":"","subjects":"","institutions_list":"MADUKA"},{"id":"29353","title":"MASS COMMUNICATION","de_requirements":"","utme_requirements":"","subjects":"","institutions_list":"MADUKA"},{"id":"29396","title":"MECHANICAL ENGINEERING","de_requirements":"","utme_requirements":"","subjects":"","institutions_list":"MADUKA"},{"id":"29397","title":"MECHATRONICS ENGINEERING","de_requirements":"","utme_requirements":"","subjects":"","institutions_list":"MADUKA"},{"id":"29399","title":"MEDICAL LABORATORY SCIENCE","de_requirements":"","utme_requirements":"","subjects":"","institutions_list":"MADUKA"},{"id":"29400","title":"NURSING SCIENCE","de_requirements":"","utme_requirements":"","subjects":"","institutions_list":"MADUKA"},{"id":"29381","title":"PHARMACY","de_requirements":"","utme_requirements":"","subjects":"","institutions_list":"MADUKA"},{"id":"29401","title":"PHYSIOTHERAPY","de_requirements":"","utme_requirements":"","subjects":"","institutions_list":"MADUKA"},{"id":"29359","title":"SOFTWARE ENGINEERING","de_requirements":"","utme_requirements":"","subjects":"","institutions_list":"MADUKA"},{"id":"29357","title":"TRANSPORT MANAGEMENT","de_requirements":"","utme_requirements":"","subjects":"","institutions_list":"MADUKA"}]