[{"id":"29436","title":"ACCOUNTING","de_requirements":"","utme_requirements":"","subjects":"","institutions_list":"VISION-UNI"},{"id":"29429","title":"BIOTECHNOLOGY","de_requirements":"","utme_requirements":"","subjects":"","institutions_list":"VISION-UNI"},{"id":"29473","title":"BUSINESS ADMINISTRATION","de_requirements":"","utme_requirements":"","subjects":"","institutions_list":"VISION-UNI"},{"id":"29422","title":"COMPUTER SCIENCE","de_requirements":"","utme_requirements":"","subjects":"","institutions_list":"VISION-UNI"},{"id":"29478","title":"CRIMINOLOGY AND SECURITY STUDIES","de_requirements":"","utme_requirements":"","subjects":"","institutions_list":"VISION-UNI"},{"id":"29423","title":"CYBER SECURITY","de_requirements":"","utme_requirements":"","subjects":"","institutions_list":"VISION-UNI"},{"id":"29472","title":"ECONOMICS","de_requirements":"","utme_requirements":"","subjects":"","institutions_list":"VISION-UNI"},{"id":"29475","title":"ENGLISH LANGUAGE","de_requirements":"","utme_requirements":"","subjects":"","institutions_list":"VISION-UNI"},{"id":"29474","title":"ENTREPRENEURSHIP","de_requirements":"","utme_requirements":"","subjects":"","institutions_list":"VISION-UNI"},{"id":"29477","title":"HISTORY AND INTERNATIONAL STUDIES","de_requirements":"","utme_requirements":"","subjects":"","institutions_list":"VISION-UNI"},{"id":"29426","title":"INDUSTRIAL CHEMISTRY","de_requirements":"","utme_requirements":"","subjects":"","institutions_list":"VISION-UNI"},{"id":"29476","title":"MASS COMMUNICATION","de_requirements":"","utme_requirements":"","subjects":"","institutions_list":"VISION-UNI"},{"id":"29424","title":"MATHEMATICS","de_requirements":"","utme_requirements":"","subjects":"","institutions_list":"VISION-UNI"},{"id":"29427","title":"MICROBIOLOGY","de_requirements":"","utme_requirements":"","subjects":"","institutions_list":"VISION-UNI"},{"id":"29425","title":"PHYSICS WITH ELECTRONICS","de_requirements":"","utme_requirements":"","subjects":"","institutions_list":"VISION-UNI"}]