[{"id":"29486","title":"ACCOUNTING","de_requirements":"","utme_requirements":"","subjects":"","institutions_list":"PRIME-UNI"},{"id":"29489","title":"ACTUARIAL SCIENCE","de_requirements":"","utme_requirements":"","subjects":"","institutions_list":"PRIME-UNI"},{"id":"29485","title":"BIOCHEMISTRY","de_requirements":"","utme_requirements":"","subjects":"","institutions_list":"PRIME-UNI"},{"id":"29488","title":"BUSINESS ADMINISTRATION","de_requirements":"","utme_requirements":"","subjects":"","institutions_list":"PRIME-UNI"},{"id":"29479","title":"COMPUTER SCIENCE","de_requirements":"","utme_requirements":"","subjects":"","institutions_list":"PRIME-UNI"},{"id":"29493","title":"CRIMINOLOGY AND SECURITY STUDIES","de_requirements":"","utme_requirements":"","subjects":"","institutions_list":"PRIME-UNI"},{"id":"29480","title":"CYBER SECURITY","de_requirements":"","utme_requirements":"","subjects":"","institutions_list":"PRIME-UNI"},{"id":"29487","title":"ECONOMICS AND DEVELOPMENTAL STUDIES","de_requirements":"","utme_requirements":"","subjects":"","institutions_list":"PRIME-UNI"},{"id":"29492","title":"FINANCE AND INVESTMENT STUDIES","de_requirements":"","utme_requirements":"","subjects":"","institutions_list":"PRIME-UNI"},{"id":"29483","title":"FORENSIC SCIENCE","de_requirements":"","utme_requirements":"","subjects":"","institutions_list":"PRIME-UNI"},{"id":"29482","title":"INFORMATION SYSTEM","de_requirements":"","utme_requirements":"","subjects":"","institutions_list":"PRIME-UNI"},{"id":"29973","title":"LAW","de_requirements":"","utme_requirements":"","subjects":"","institutions_list":"PRIME-UNI"},{"id":"29491","title":"MASS COMMUNICATION","de_requirements":"","utme_requirements":"","subjects":"","institutions_list":"PRIME-UNI"},{"id":"29484","title":"MICROBIOLOGY","de_requirements":"","utme_requirements":"","subjects":"","institutions_list":"PRIME-UNI"},{"id":"29481","title":"SOFTWARE ENGINEERING","de_requirements":"","utme_requirements":"","subjects":"","institutions_list":"PRIME-UNI"},{"id":"29490","title":"TAXATION","de_requirements":"","utme_requirements":"","subjects":"","institutions_list":"PRIME-UNI"}]