[{"id":"29502","title":"ACCOUNTING AND DATA ANALYTICS","de_requirements":"","utme_requirements":"","subjects":"","institutions_list":"WIGWE"},{"id":"29494","title":"ANIMATION AND VISUAL ARTS","de_requirements":"","utme_requirements":"","subjects":"","institutions_list":"WIGWE"},{"id":"29500","title":"BUSINESS MANAGEMENT","de_requirements":"","utme_requirements":"","subjects":"","institutions_list":"WIGWE"},{"id":"29495","title":"COMMUNICATION AND DIGITAL MEDIA STUDIES","de_requirements":"","utme_requirements":"","subjects":"","institutions_list":"WIGWE"},{"id":"29514","title":"COMPUTER ENGINEERING","de_requirements":"","utme_requirements":"","subjects":"","institutions_list":"WIGWE"},{"id":"29508","title":"COMPUTER SCIENCE","de_requirements":"","utme_requirements":"","subjects":"","institutions_list":"WIGWE"},{"id":"29509","title":"CYBER SECURITY","de_requirements":"","utme_requirements":"","subjects":"","institutions_list":"WIGWE"},{"id":"29506","title":"DATA SCIENCE","de_requirements":"","utme_requirements":"","subjects":"","institutions_list":"WIGWE"},{"id":"29499","title":"ECONOMICS","de_requirements":"","utme_requirements":"","subjects":"","institutions_list":"WIGWE"},{"id":"29512","title":"ELECTRICAL ENGINEERING","de_requirements":"","utme_requirements":"","subjects":"","institutions_list":"WIGWE"},{"id":"29496","title":"FILM AND MEDIA STUDIES","de_requirements":"","utme_requirements":"","subjects":"","institutions_list":"WIGWE"},{"id":"29503","title":"FINANCE","de_requirements":"","utme_requirements":"","subjects":"","institutions_list":"WIGWE"},{"id":"29504","title":"FINANCE AND FINANCIAL TECHNOLOGY","de_requirements":"","utme_requirements":"","subjects":"","institutions_list":"WIGWE"},{"id":"29498","title":"FINE ARTS","de_requirements":"","utme_requirements":"","subjects":"","institutions_list":"WIGWE"},{"id":"29510","title":"FORENSIC SCIENCE","de_requirements":"","utme_requirements":"","subjects":"","institutions_list":"WIGWE"},{"id":"29507","title":"INFORMATION AND COMMUNICATION TECHNOLOGY","de_requirements":"","utme_requirements":"","subjects":"","institutions_list":"WIGWE"},{"id":"29505","title":"MATHEMATICS","de_requirements":"","utme_requirements":"","subjects":"","institutions_list":"WIGWE"},{"id":"29513","title":"MECHANICAL ENGINEERING","de_requirements":"","utme_requirements":"","subjects":"","institutions_list":"WIGWE"},{"id":"29501","title":"SOCIAL INNOVATION AND ENTREPRENEURSHIP","de_requirements":"","utme_requirements":"","subjects":"","institutions_list":"WIGWE"},{"id":"29511","title":"SOFTWARE ENGINEERING","de_requirements":"","utme_requirements":"","subjects":"","institutions_list":"WIGWE"},{"id":"29497","title":"THATRE ARTS","de_requirements":"","utme_requirements":"","subjects":"","institutions_list":"WIGWE"}]