[{"id":"29516","title":"ACCOUNTING","de_requirements":"","utme_requirements":"","subjects":"","institutions_list":"HUSTECH"},{"id":"29539","title":"AEROSPACE ENGINEERING","de_requirements":"","utme_requirements":"","subjects":"","institutions_list":"HUSTECH"},{"id":"29515","title":"AGRIBUSINESS & ECONOMICS","de_requirements":"","utme_requirements":"","subjects":"","institutions_list":"HUSTECH"},{"id":"29530","title":"ANATOMY","de_requirements":"","utme_requirements":"","subjects":"","institutions_list":"HUSTECH"},{"id":"29524","title":"AUDIOLOGY","de_requirements":"","utme_requirements":"","subjects":"","institutions_list":"HUSTECH"},{"id":"29520","title":"BIOLOGICAL SCIENCES","de_requirements":"","utme_requirements":"","subjects":"","institutions_list":"HUSTECH"},{"id":"29535","title":"CHEMICAL ENGINEERING","de_requirements":"","utme_requirements":"","subjects":"","institutions_list":"HUSTECH"},{"id":"29521","title":"CHEMICAL SCIENCES","de_requirements":"","utme_requirements":"","subjects":"","institutions_list":"HUSTECH"},{"id":"29540","title":"CIVIL & CONSTRUCTION ENGINEERING","de_requirements":"","utme_requirements":"","subjects":"","institutions_list":"HUSTECH"},{"id":"29542","title":"COMPUTING & ARTIFICIAL INTELLIGENCE","de_requirements":"","utme_requirements":"","subjects":"","institutions_list":"HUSTECH"},{"id":"29543","title":"CYBER SECURITY","de_requirements":"","utme_requirements":"","subjects":"","institutions_list":"HUSTECH"},{"id":"29544","title":"DATA SCIENCE","de_requirements":"","utme_requirements":"","subjects":"","institutions_list":"HUSTECH"},{"id":"29532","title":"DENTISTRY","de_requirements":"","utme_requirements":"","subjects":"","institutions_list":"HUSTECH"},{"id":"29527","title":"DOCTOR OF OPTOMETRY","de_requirements":"","utme_requirements":"","subjects":"","institutions_list":"HUSTECH"},{"id":"29517","title":"ECONOMICS","de_requirements":"","utme_requirements":"","subjects":"","institutions_list":"HUSTECH"},{"id":"29534","title":"ELECTRICAL ENGINEERING","de_requirements":"","utme_requirements":"","subjects":"","institutions_list":"HUSTECH"},{"id":"29523","title":"ENVIRONMENTAL MANAGEMENT AND TOXICOLOGY","de_requirements":"","utme_requirements":"","subjects":"","institutions_list":"HUSTECH"},{"id":"29522","title":"FORENSIC SCIENCE","de_requirements":"","utme_requirements":"","subjects":"","institutions_list":"HUSTECH"},{"id":"29541","title":"INDUSTRIAL PRODUCTION ENGINEERING","de_requirements":"","utme_requirements":"","subjects":"","institutions_list":"HUSTECH"},{"id":"29518","title":"MANAGEMENT","de_requirements":"","utme_requirements":"","subjects":"","institutions_list":"HUSTECH"},{"id":"29519","title":"MASS COMMUNICATION","de_requirements":"","utme_requirements":"","subjects":"","institutions_list":"HUSTECH"},{"id":"29536","title":"MECHANICAL ENGINEERING","de_requirements":"","utme_requirements":"","subjects":"","institutions_list":"HUSTECH"},{"id":"29537","title":"MECHATRONICS ENGINEERING","de_requirements":"","utme_requirements":"","subjects":"","institutions_list":"HUSTECH"},{"id":"29531","title":"MEDICAL LABORATORY SCIENCE","de_requirements":"","utme_requirements":"","subjects":"","institutions_list":"HUSTECH"},{"id":"29533","title":"MEDICINE & SURGERY","de_requirements":"","utme_requirements":"","subjects":"","institutions_list":"HUSTECH"},{"id":"29525","title":"NURSING SCIENCE","de_requirements":"","utme_requirements":"","subjects":"","institutions_list":"HUSTECH"},{"id":"29526","title":"NUTRITION AND DIETETICS","de_requirements":"","utme_requirements":"","subjects":"","institutions_list":"HUSTECH"},{"id":"29528","title":"PHARMACEUTICAL SCIENCES","de_requirements":"","utme_requirements":"","subjects":"","institutions_list":"HUSTECH"},{"id":"29529","title":"PHYSIOLOGY","de_requirements":"","utme_requirements":"","subjects":"","institutions_list":"HUSTECH"},{"id":"29545","title":"SOFTWARE ENGINEERING","de_requirements":"","utme_requirements":"","subjects":"","institutions_list":"HUSTECH"},{"id":"29538","title":"SYSTEMS ENGINEERING","de_requirements":"","utme_requirements":"","subjects":"","institutions_list":"HUSTECH"}]