[{"id":"29551","title":"ACCOUNTING","de_requirements":"","utme_requirements":"","subjects":"","institutions_list":"CANADIAN-UNI"},{"id":"29555","title":"BROADCAST JOURNALISM","de_requirements":"","utme_requirements":"","subjects":"","institutions_list":"CANADIAN-UNI"},{"id":"29552","title":"BUSINESS ADMINISTRATION","de_requirements":"","utme_requirements":"","subjects":"","institutions_list":"CANADIAN-UNI"},{"id":"29546","title":"COMPUTER SCIENCE","de_requirements":"","utme_requirements":"","subjects":"","institutions_list":"CANADIAN-UNI"},{"id":"29547","title":"CYBER SECURITY","de_requirements":"","utme_requirements":"","subjects":"","institutions_list":"CANADIAN-UNI"},{"id":"29561","title":"DOCTOR OF PHYSIOTHERAPY","de_requirements":"","utme_requirements":"","subjects":"","institutions_list":"CANADIAN-UNI"},{"id":"29553","title":"ECONOMICS","de_requirements":"","utme_requirements":"","subjects":"","institutions_list":"CANADIAN-UNI"},{"id":"29548","title":"INFORMATION SYSTEMS","de_requirements":"","utme_requirements":"","subjects":"","institutions_list":"CANADIAN-UNI"},{"id":"29549","title":"INFORMATION TECHNOLOGY","de_requirements":"","utme_requirements":"","subjects":"","institutions_list":"CANADIAN-UNI"},{"id":"29557","title":"INTERNATIONAL RELATIONS","de_requirements":"","utme_requirements":"","subjects":"","institutions_list":"CANADIAN-UNI"},{"id":"29554","title":"LOGISTICS AND SUPPLY CHAIN MANAGEMENT","de_requirements":"","utme_requirements":"","subjects":"","institutions_list":"CANADIAN-UNI"},{"id":"29556","title":"MASS COMMUNICATION","de_requirements":"","utme_requirements":"","subjects":"","institutions_list":"CANADIAN-UNI"},{"id":"29559","title":"MEDICAL LABORATORY SCIENCE","de_requirements":"","utme_requirements":"","subjects":"","institutions_list":"CANADIAN-UNI"},{"id":"29558","title":"NURSING SCIENCE","de_requirements":"","utme_requirements":"","subjects":"","institutions_list":"CANADIAN-UNI"},{"id":"29560","title":"PUBLIC HEALTH","de_requirements":"","utme_requirements":"","subjects":"","institutions_list":"CANADIAN-UNI"},{"id":"29550","title":"SOFTWARE ENGINEERING","de_requirements":"","utme_requirements":"","subjects":"","institutions_list":"CANADIAN-UNI"}]