[{"id":"29589","title":"AGRICULTURAL EDUCATION","de_requirements":"","utme_requirements":"","subjects":"","institutions_list":"AJETUNMOBI-COE"},{"id":"29590","title":"BUSINESS EDUCATION","de_requirements":"","utme_requirements":"","subjects":"","institutions_list":"AJETUNMOBI-COE"},{"id":"29603","title":"CHRISTIAN RELGIOUS STUDIES\/POLITICAL SCIENCE","de_requirements":"","utme_requirements":"","subjects":"","institutions_list":"AJETUNMOBI-COE"},{"id":"29605","title":"CHRISTIAN RELIGIOUS STUDIES\/ECONOMICS","de_requirements":"","utme_requirements":"","subjects":"","institutions_list":"AJETUNMOBI-COE"},{"id":"29602","title":"CHRISTIAN RELIGIOUS STUDIES\/ENGLISH","de_requirements":"","utme_requirements":"","subjects":"","institutions_list":"AJETUNMOBI-COE"},{"id":"29601","title":"CHRISTIAN RELIGIOUS STUDIES\/SOCIAL STUDIES","de_requirements":"","utme_requirements":"","subjects":"","institutions_list":"AJETUNMOBI-COE"},{"id":"29592","title":"ENGLISH (D.M)","de_requirements":"","utme_requirements":"","subjects":"","institutions_list":"AJETUNMOBI-COE"},{"id":"29595","title":"ENGLISH\/ECONOMICS","de_requirements":"","utme_requirements":"","subjects":"","institutions_list":"AJETUNMOBI-COE"},{"id":"29596","title":"ENGLISH\/POLITICAL SCIENCE","de_requirements":"","utme_requirements":"","subjects":"","institutions_list":"AJETUNMOBI-COE"},{"id":"29598","title":"ENGLISH\/SOCIAL STUDIES","de_requirements":"","utme_requirements":"","subjects":"","institutions_list":"AJETUNMOBI-COE"},{"id":"29593","title":"ENGLISH\/YORUBA","de_requirements":"","utme_requirements":"","subjects":"","institutions_list":"AJETUNMOBI-COE"},{"id":"29618","title":"INTEGRATED SCIENCE (D.M)","de_requirements":"","utme_requirements":"","subjects":"","institutions_list":"AJETUNMOBI-COE"},{"id":"29617","title":"INTEGRATED SCIENCE\/BIOLOGY","de_requirements":"","utme_requirements":"","subjects":"","institutions_list":"AJETUNMOBI-COE"},{"id":"29616","title":"INTEGRATED SCIENCE\/MATHEMATICS","de_requirements":"","utme_requirements":"","subjects":"","institutions_list":"AJETUNMOBI-COE"},{"id":"29611","title":"ISLAMIC STUDIES\/ECONOMICS","de_requirements":"","utme_requirements":"","subjects":"","institutions_list":"AJETUNMOBI-COE"},{"id":"29608","title":"ISLAMIC STUDIES\/ENGLISH","de_requirements":"","utme_requirements":"","subjects":"","institutions_list":"AJETUNMOBI-COE"},{"id":"29610","title":"ISLAMIC STUDIES\/POLITICAL SCIENCE","de_requirements":"","utme_requirements":"","subjects":"","institutions_list":"AJETUNMOBI-COE"},{"id":"29606","title":"ISLAMIC STUDIES\/SOCIAL STUDIES","de_requirements":"","utme_requirements":"","subjects":"","institutions_list":"AJETUNMOBI-COE"},{"id":"29619","title":"MATHEMATICS\/BIOLOGY","de_requirements":"","utme_requirements":"","subjects":"","institutions_list":"AJETUNMOBI-COE"},{"id":"29620","title":"MATHEMATICS\/ECONOMICS","de_requirements":"","utme_requirements":"","subjects":"","institutions_list":"AJETUNMOBI-COE"},{"id":"29587","title":"PRIMARY EDUCATION","de_requirements":"","utme_requirements":"","subjects":"","institutions_list":"AJETUNMOBI-COE"},{"id":"29599","title":"SOCIAL STUDIES","de_requirements":"","utme_requirements":"","subjects":"","institutions_list":"AJETUNMOBI-COE"},{"id":"29615","title":"SOCIAL STUDIES\/ECONOMICS","de_requirements":"","utme_requirements":"","subjects":"","institutions_list":"AJETUNMOBI-COE"},{"id":"29613","title":"SOCIAL STUDIES\/POLITICAL SCIENCE","de_requirements":"","utme_requirements":"","subjects":"","institutions_list":"AJETUNMOBI-COE"},{"id":"29612","title":"SOCIAL STUDIES\/YORUBA","de_requirements":"","utme_requirements":"","subjects":"","institutions_list":"AJETUNMOBI-COE"}]