[{"id":"29623","title":"ACCOUNTING","de_requirements":"","utme_requirements":"","subjects":"","institutions_list":"AL-MUHIBBAH"},{"id":"29621","title":"BUSINESS ADMINISTRATION","de_requirements":"","utme_requirements":"","subjects":"","institutions_list":"AL-MUHIBBAH"},{"id":"29977","title":"COMPUTER SCIENCE","de_requirements":"","utme_requirements":"","subjects":"","institutions_list":"AL-MUHIBBAH"},{"id":"29857","title":"COMPUTER SCIENCE","de_requirements":"","utme_requirements":"","subjects":"","institutions_list":"AL-MUHIBBAH"},{"id":"29978","title":"CYBER SECURITY","de_requirements":"","utme_requirements":"","subjects":"","institutions_list":"AL-MUHIBBAH"},{"id":"29858","title":"CYBER SECURITY","de_requirements":"","utme_requirements":"","subjects":"","institutions_list":"AL-MUHIBBAH"},{"id":"29980","title":"DATA SCIENCE","de_requirements":"","utme_requirements":"","subjects":"","institutions_list":"AL-MUHIBBAH"},{"id":"29861","title":"DATA SCIENCE","de_requirements":"","utme_requirements":"","subjects":"","institutions_list":"AL-MUHIBBAH"},{"id":"29622","title":"ECONOMICS","de_requirements":"","utme_requirements":"","subjects":"","institutions_list":"AL-MUHIBBAH"},{"id":"29627","title":"ENTREPRENEURSHIP","de_requirements":"","utme_requirements":"","subjects":"","institutions_list":"AL-MUHIBBAH"},{"id":"29862","title":"HEALTH CARE AND HOSPITAL MANAGEMENT","de_requirements":"","utme_requirements":"","subjects":"","institutions_list":"AL-MUHIBBAH"},{"id":"29624","title":"INTERNATIONAL RELATIONS","de_requirements":"","utme_requirements":"","subjects":"","institutions_list":"AL-MUHIBBAH"},{"id":"29625","title":"MARKETING","de_requirements":"","utme_requirements":"","subjects":"","institutions_list":"AL-MUHIBBAH"},{"id":"29975","title":"NURSING SCIENCE","de_requirements":"","utme_requirements":"","subjects":"","institutions_list":"AL-MUHIBBAH"},{"id":"29863","title":"NURSING SCIENCE","de_requirements":"","utme_requirements":"","subjects":"","institutions_list":"AL-MUHIBBAH"},{"id":"29626","title":"PROJECT MANAGEMENT","de_requirements":"","utme_requirements":"","subjects":"","institutions_list":"AL-MUHIBBAH"},{"id":"29976","title":"PUBLIC HEALTH","de_requirements":"","utme_requirements":"","subjects":"","institutions_list":"AL-MUHIBBAH"},{"id":"29864","title":"PUBLIC HEALTH","de_requirements":"","utme_requirements":"","subjects":"","institutions_list":"AL-MUHIBBAH"},{"id":"29979","title":"SOFTWARE ENGINEERING","de_requirements":"","utme_requirements":"","subjects":"","institutions_list":"AL-MUHIBBAH"},{"id":"29859","title":"SOFTWARE ENGINEERING","de_requirements":"","utme_requirements":"","subjects":"","institutions_list":"AL-MUHIBBAH"}]