[{"id":"29733","title":"ACCOUNTING","de_requirements":"","utme_requirements":"","subjects":"","institutions_list":"EAUED"},{"id":"29719","title":"ADULT AND CONTINUING EDUCATION","de_requirements":"","utme_requirements":"","subjects":"","institutions_list":"EAUED"},{"id":"29703","title":"AUTOMOBILE TECHNOLOGY EDUCATION","de_requirements":"","utme_requirements":"","subjects":"","institutions_list":"EAUED"},{"id":"29685","title":"BIOLOGY","de_requirements":"","utme_requirements":"","subjects":"","institutions_list":"EAUED"},{"id":"29701","title":"BUILDING TECHNOLOGY EDUCATION","de_requirements":"","utme_requirements":"","subjects":"","institutions_list":"EAUED"},{"id":"29731","title":"BUSINESS EDUCATION","de_requirements":"","utme_requirements":"","subjects":"","institutions_list":"EAUED"},{"id":"29688","title":"CHEMISTRY","de_requirements":"","utme_requirements":"","subjects":"","institutions_list":"EAUED"},{"id":"29691","title":"COMPUTER SCIENCE","de_requirements":"","utme_requirements":"","subjects":"","institutions_list":"EAUED"},{"id":"29720","title":"EARLY CHILDHOOD EDUCATION","de_requirements":"","utme_requirements":"","subjects":"","institutions_list":"EAUED"},{"id":"29696","title":"ECONOMICS","de_requirements":"","utme_requirements":"","subjects":"","institutions_list":"EAUED"},{"id":"29727","title":"EDUCATION & FINE AND APPLIED ARTS","de_requirements":"","utme_requirements":"","subjects":"","institutions_list":"EAUED"},{"id":"29686","title":"EDUCATION & INTEGRATED SCIENCE","de_requirements":"","utme_requirements":"","subjects":"","institutions_list":"EAUED"},{"id":"29729","title":"EDUCATION AND AGRICULTURAL SCIENCE","de_requirements":"","utme_requirements":"","subjects":"","institutions_list":"EAUED"},{"id":"29722","title":"EDUCATION AND ARABIC","de_requirements":"","utme_requirements":"","subjects":"","institutions_list":"EAUED"},{"id":"29684","title":"EDUCATION AND BIOLOGY","de_requirements":"","utme_requirements":"","subjects":"","institutions_list":"EAUED"},{"id":"29687","title":"EDUCATION AND CHEMISTRY","de_requirements":"","utme_requirements":"","subjects":"","institutions_list":"EAUED"},{"id":"29723","title":"EDUCATION AND CHRISTIAN RELIGIOUS STUDIES","de_requirements":"","utme_requirements":"","subjects":"","institutions_list":"EAUED"},{"id":"29690","title":"EDUCATION AND COMPUTER SCIENCE","de_requirements":"","utme_requirements":"","subjects":"","institutions_list":"EAUED"},{"id":"29725","title":"EDUCATION AND CREATIVE ARTS","de_requirements":"","utme_requirements":"","subjects":"","institutions_list":"EAUED"},{"id":"29695","title":"EDUCATION AND ECONOMICS","de_requirements":"","utme_requirements":"","subjects":"","institutions_list":"EAUED"},{"id":"29707","title":"EDUCATION AND ENGLISH\/LITERATURE IN ENGLISH","de_requirements":"","utme_requirements":"","subjects":"","institutions_list":"EAUED"},{"id":"29710","title":"EDUCATION AND FRENCH","de_requirements":"","utme_requirements":"","subjects":"","institutions_list":"EAUED"},{"id":"29698","title":"EDUCATION AND GEOGRAPHY","de_requirements":"","utme_requirements":"","subjects":"","institutions_list":"EAUED"},{"id":"29712","title":"EDUCATION AND HAUSA","de_requirements":"","utme_requirements":"","subjects":"","institutions_list":"EAUED"},{"id":"29706","title":"EDUCATION AND HISTORY","de_requirements":"","utme_requirements":"","subjects":"","institutions_list":"EAUED"},{"id":"29730","title":"EDUCATION AND HOME ECONOMICS","de_requirements":"","utme_requirements":"","subjects":"","institutions_list":"EAUED"},{"id":"29724","title":"EDUCATION AND ISLAMIC STUDIES","de_requirements":"","utme_requirements":"","subjects":"","institutions_list":"EAUED"},{"id":"29689","title":"EDUCATION AND MATHEMATICS","de_requirements":"","utme_requirements":"","subjects":"","institutions_list":"EAUED"},{"id":"29726","title":"EDUCATION AND MUSIC","de_requirements":"","utme_requirements":"","subjects":"","institutions_list":"EAUED"},{"id":"29692","title":"EDUCATION AND PHYSICS","de_requirements":"","utme_requirements":"","subjects":"","institutions_list":"EAUED"},{"id":"29713","title":"EDUCATION AND POLITICAL SCIENCE","de_requirements":"","utme_requirements":"","subjects":"","institutions_list":"EAUED"},{"id":"29728","title":"EDUCATION AND THEATRE ARTS","de_requirements":"","utme_requirements":"","subjects":"","institutions_list":"EAUED"},{"id":"29711","title":"EDUCATION AND YORUBA","de_requirements":"","utme_requirements":"","subjects":"","institutions_list":"EAUED"},{"id":"29699","title":"EDUCATIONAL MANAGEMENT","de_requirements":"","utme_requirements":"","subjects":"","institutions_list":"EAUED"},{"id":"29700","title":"EDUCATIONAL TECHNOLOGY","de_requirements":"","utme_requirements":"","subjects":"","institutions_list":"EAUED"},{"id":"29705","title":"ELECTRICAL\/ELECTRONICS EDUCATION","de_requirements":"","utme_requirements":"","subjects":"","institutions_list":"EAUED"},{"id":"29708","title":"ENGLISH LANGUAGE & LITERARY STUDIES","de_requirements":"","utme_requirements":"","subjects":"","institutions_list":"EAUED"},{"id":"29732","title":"ENTREPRENEURSHIP EDUCATION","de_requirements":"","utme_requirements":"","subjects":"","institutions_list":"EAUED"},{"id":"29697","title":"ENVIRONMENTAL EDUCATION","de_requirements":"","utme_requirements":"","subjects":"","institutions_list":"EAUED"},{"id":"29718","title":"GUIDANCE AND COUNSELLING","de_requirements":"","utme_requirements":"","subjects":"","institutions_list":"EAUED"},{"id":"29693","title":"HEALTH EDUCATION","de_requirements":"","utme_requirements":"","subjects":"","institutions_list":"EAUED"},{"id":"29694","title":"HUMAN KINETICS AND PHYSICAL EDUCATION","de_requirements":"","utme_requirements":"","subjects":"","institutions_list":"EAUED"},{"id":"29709","title":"LIBRARY AND INFORMATION SCIENCE","de_requirements":"","utme_requirements":"","subjects":"","institutions_list":"EAUED"},{"id":"29702","title":"METAL WORK TECHNOLOGY EDUCATION","de_requirements":"","utme_requirements":"","subjects":"","institutions_list":"EAUED"},{"id":"29714","title":"POLITICAL SCIENCE","de_requirements":"","utme_requirements":"","subjects":"","institutions_list":"EAUED"},{"id":"29721","title":"PRIMARY EDUCATION","de_requirements":"","utme_requirements":"","subjects":"","institutions_list":"EAUED"},{"id":"29716","title":"SOCIAL STUDIES AND CIVIC EDUCATION","de_requirements":"","utme_requirements":"","subjects":"","institutions_list":"EAUED"},{"id":"29715","title":"SOCIAL WORK","de_requirements":"","utme_requirements":"","subjects":"","institutions_list":"EAUED"},{"id":"29717","title":"SPECIAL EDUCATION","de_requirements":"","utme_requirements":"","subjects":"","institutions_list":"EAUED"},{"id":"29704","title":"WOODWORK TECHNOLOGY EDUCATION","de_requirements":"","utme_requirements":"","subjects":"","institutions_list":"EAUED"}]