[{"id":"29754","title":"ACCOUNTING","de_requirements":"","utme_requirements":"","subjects":"","institutions_list":"KSU-KABBA"},{"id":"29767","title":"BIOCHEMISTRY","de_requirements":"","utme_requirements":"","subjects":"","institutions_list":"KSU-KABBA"},{"id":"29768","title":"BIOTECHNOLOGY","de_requirements":"","utme_requirements":"","subjects":"","institutions_list":"KSU-KABBA"},{"id":"29756","title":"BUSINESS ADMINISTRATION","de_requirements":"","utme_requirements":"","subjects":"","institutions_list":"KSU-KABBA"},{"id":"29771","title":"CHEMISTRY","de_requirements":"","utme_requirements":"","subjects":"","institutions_list":"KSU-KABBA"},{"id":"29776","title":"COMPUTER SCIENCE","de_requirements":"","utme_requirements":"","subjects":"","institutions_list":"KSU-KABBA"},{"id":"29777","title":"CYBER SECURITY","de_requirements":"","utme_requirements":"","subjects":"","institutions_list":"KSU-KABBA"},{"id":"29758","title":"ECONOMICS","de_requirements":"","utme_requirements":"","subjects":"","institutions_list":"KSU-KABBA"},{"id":"29761","title":"ENGLISH LANGUAGE AND LITERATURE","de_requirements":"","utme_requirements":"","subjects":"","institutions_list":"KSU-KABBA"},{"id":"29763","title":"FILM PRODUCTION","de_requirements":"","utme_requirements":"","subjects":"","institutions_list":"KSU-KABBA"},{"id":"29755","title":"FINANCE","de_requirements":"","utme_requirements":"","subjects":"","institutions_list":"KSU-KABBA"},{"id":"29778","title":"GEOGRAPHY","de_requirements":"","utme_requirements":"","subjects":"","institutions_list":"KSU-KABBA"},{"id":"29772","title":"GEOLOGY","de_requirements":"","utme_requirements":"","subjects":"","institutions_list":"KSU-KABBA"},{"id":"29766","title":"HISTORY AND DIPLOMATIC STUDIES","de_requirements":"","utme_requirements":"","subjects":"","institutions_list":"KSU-KABBA"},{"id":"29770","title":"INDUSTRIAL CHEMISTRY","de_requirements":"","utme_requirements":"","subjects":"","institutions_list":"KSU-KABBA"},{"id":"29762","title":"LINGUISTICS","de_requirements":"","utme_requirements":"","subjects":"","institutions_list":"KSU-KABBA"},{"id":"29759","title":"MASS COMMUNICATION","de_requirements":"","utme_requirements":"","subjects":"","institutions_list":"KSU-KABBA"},{"id":"29774","title":"MATHEMATICS","de_requirements":"","utme_requirements":"","subjects":"","institutions_list":"KSU-KABBA"},{"id":"29769","title":"MICROBIOLOGY","de_requirements":"","utme_requirements":"","subjects":"","institutions_list":"KSU-KABBA"},{"id":"29765","title":"MUSIC","de_requirements":"","utme_requirements":"","subjects":"","institutions_list":"KSU-KABBA"},{"id":"29773","title":"PHYSICS","de_requirements":"","utme_requirements":"","subjects":"","institutions_list":"KSU-KABBA"},{"id":"29760","title":"POLITICAL SCIENCE","de_requirements":"","utme_requirements":"","subjects":"","institutions_list":"KSU-KABBA"},{"id":"29757","title":"PUBLIC ADMINISTRATION","de_requirements":"","utme_requirements":"","subjects":"","institutions_list":"KSU-KABBA"},{"id":"29775","title":"STATISTICS","de_requirements":"","utme_requirements":"","subjects":"","institutions_list":"KSU-KABBA"},{"id":"29764","title":"THEATRE ARTS","de_requirements":"","utme_requirements":"","subjects":"","institutions_list":"KSU-KABBA"}]