[{"id":"4396","title":"ARABIC LANGUAGE","de_requirements":"<p><span>Two (2) \u2018A\u2019 Level passes in Arabic and any other Arts\r\nsubject.<\/span><\/p>","utme_requirements":"<p><span>Five (5) SSC credit passes in English Language,\r\nArabic and three (3) other relevant subjects.<\/span><\/p>","subjects":"Arabic and two (2) subjects from Arts and\/or Social Sciences.","institutions_list":"CAILS"},{"id":"4397","title":"ISLAMIC STUDIES","de_requirements":"<p><span>Two\r\n(2) \u2018A\u2019 level passes to include Islamic Studies.<\/span><\/p>","utme_requirements":"<p><span>Five\r\n(5) SSC credit passes to include English Language and Islamic Studies or Arabic\r\nand any three (3) relevant subjects.<\/span><\/p>","subjects":"Islamic Studies plus two (2) other Arts subjects.","institutions_list":"CAILS"}]