[{"id":"29792","title":"ACCOUNTING","de_requirements":"","utme_requirements":"","subjects":"","institutions_list":"PHOENIX"},{"id":"29780","title":"AGRIBUSINESS","de_requirements":"","utme_requirements":"","subjects":"","institutions_list":"PHOENIX"},{"id":"29781","title":"AGRICULTURAL ECONOMICS","de_requirements":"","utme_requirements":"","subjects":"","institutions_list":"PHOENIX"},{"id":"29779","title":"AGRICULTURE","de_requirements":"","utme_requirements":"","subjects":"","institutions_list":"PHOENIX"},{"id":"29799","title":"BANKING & FINANCE","de_requirements":"","utme_requirements":"","subjects":"","institutions_list":"PHOENIX"},{"id":"29783","title":"BIOCHEMISTRY","de_requirements":"","utme_requirements":"","subjects":"","institutions_list":"PHOENIX"},{"id":"29794","title":"BUSINESS ADMINISTRATION","de_requirements":"","utme_requirements":"","subjects":"","institutions_list":"PHOENIX"},{"id":"29788","title":"COMPUTER SCIENCE","de_requirements":"","utme_requirements":"","subjects":"","institutions_list":"PHOENIX"},{"id":"29886","title":"CYBER SECURITY","de_requirements":"","utme_requirements":"","subjects":"","institutions_list":"PHOENIX"},{"id":"29793","title":"ECONOMICS","de_requirements":"","utme_requirements":"","subjects":"","institutions_list":"PHOENIX"},{"id":"29795","title":"ENTREPRENEURSHIP AND INNOVATION","de_requirements":"","utme_requirements":"","subjects":"","institutions_list":"PHOENIX"},{"id":"29785","title":"FORENSIC SCIENCE","de_requirements":"","utme_requirements":"","subjects":"","institutions_list":"PHOENIX"},{"id":"29787","title":"INFORMATION AND COMMUNICATION TECHNOLOGY","de_requirements":"","utme_requirements":"","subjects":"","institutions_list":"PHOENIX"},{"id":"29790","title":"INFORMATION SYSTEMS","de_requirements":"","utme_requirements":"","subjects":"","institutions_list":"PHOENIX"},{"id":"29800","title":"INTERNATIONAL RELATIONS AND DIPLOMACY","de_requirements":"","utme_requirements":"","subjects":"","institutions_list":"PHOENIX"},{"id":"29791","title":"LOGISTICS AND SUPPLY CHAIN MANAGEMENT","de_requirements":"","utme_requirements":"","subjects":"","institutions_list":"PHOENIX"},{"id":"29786","title":"MATHEMATICS","de_requirements":"","utme_requirements":"","subjects":"","institutions_list":"PHOENIX"},{"id":"29782","title":"MICROBIOLOGY","de_requirements":"","utme_requirements":"","subjects":"","institutions_list":"PHOENIX"},{"id":"29784","title":"PHYSICS WITH ELECTRONICS","de_requirements":"","utme_requirements":"","subjects":"","institutions_list":"PHOENIX"},{"id":"29798","title":"POLITICAL SCIENCE","de_requirements":"","utme_requirements":"","subjects":"","institutions_list":"PHOENIX"},{"id":"29797","title":"PROCUREMENT","de_requirements":"","utme_requirements":"","subjects":"","institutions_list":"PHOENIX"},{"id":"29796","title":"PROJECT MANAGEMENT","de_requirements":"","utme_requirements":"","subjects":"","institutions_list":"PHOENIX"},{"id":"29801","title":"PUBLIC ADMINISTRATION","de_requirements":"","utme_requirements":"","subjects":"","institutions_list":"PHOENIX"},{"id":"29789","title":"STATISTICS","de_requirements":"","utme_requirements":"","subjects":"","institutions_list":"PHOENIX"}]