[{"id":"29822","title":"ACCOUNTING","de_requirements":"","utme_requirements":"","subjects":"","institutions_list":"HENSARD"},{"id":"29802","title":"AGRICULTURAL ECONOMICS AND EXTENSION","de_requirements":"","utme_requirements":"","subjects":"","institutions_list":"HENSARD"},{"id":"29805","title":"AGRONOMY","de_requirements":"","utme_requirements":"","subjects":"","institutions_list":"HENSARD"},{"id":"29806","title":"ANIMAL PRODUCTION AND HUSBANDRY","de_requirements":"","utme_requirements":"","subjects":"","institutions_list":"HENSARD"},{"id":"29816","title":"BIOCHEMISTRY AND MOLECULAR BIOLOGY","de_requirements":"","utme_requirements":"","subjects":"","institutions_list":"HENSARD"},{"id":"29807","title":"BROADCASTING","de_requirements":"","utme_requirements":"","subjects":"","institutions_list":"HENSARD"},{"id":"29824","title":"BUSINESS ADMINISTRATION","de_requirements":"","utme_requirements":"","subjects":"","institutions_list":"HENSARD"},{"id":"29812","title":"COMPUTER SCIENCE","de_requirements":"","utme_requirements":"","subjects":"","institutions_list":"HENSARD"},{"id":"29814","title":"CYBER SECURITY","de_requirements":"","utme_requirements":"","subjects":"","institutions_list":"HENSARD"},{"id":"29813","title":"DATA SCIENCE","de_requirements":"","utme_requirements":"","subjects":"","institutions_list":"HENSARD"},{"id":"29823","title":"ECONOMICS","de_requirements":"","utme_requirements":"","subjects":"","institutions_list":"HENSARD"},{"id":"29830","title":"ENVIRONMENTAL MANAGEMENT","de_requirements":"","utme_requirements":"","subjects":"","institutions_list":"HENSARD"},{"id":"29808","title":"FILM AND MULTIMEDIA STUDIES","de_requirements":"","utme_requirements":"","subjects":"","institutions_list":"HENSARD"},{"id":"29803","title":"FISHERIES AND AQUACULTURE","de_requirements":"","utme_requirements":"","subjects":"","institutions_list":"HENSARD"},{"id":"29804","title":"FORESTRY AND WILDLIFE MANAGEMENT","de_requirements":"","utme_requirements":"","subjects":"","institutions_list":"HENSARD"},{"id":"29828","title":"GEOLOGY AND APPLIED GEOPHYSICS","de_requirements":"","utme_requirements":"","subjects":"","institutions_list":"HENSARD"},{"id":"29818","title":"HISTORY AND DIPLOMATIC STUDIES","de_requirements":"","utme_requirements":"","subjects":"","institutions_list":"HENSARD"},{"id":"29809","title":"JOURNALISM","de_requirements":"","utme_requirements":"","subjects":"","institutions_list":"HENSARD"},{"id":"29821","title":"LANGUAGES AND LINGUISTICS","de_requirements":"","utme_requirements":"","subjects":"","institutions_list":"HENSARD"},{"id":"29829","title":"METEOROLOGY AND CLIMATE SCIENCE","de_requirements":"","utme_requirements":"","subjects":"","institutions_list":"HENSARD"},{"id":"29810","title":"MICROBIOLOGY","de_requirements":"","utme_requirements":"","subjects":"","institutions_list":"HENSARD"},{"id":"29819","title":"PERFORMING AND CREATIVE ARTS","de_requirements":"","utme_requirements":"","subjects":"","institutions_list":"HENSARD"},{"id":"29820","title":"PHILOSOPHY AND RELIGIOUS STUDIES","de_requirements":"","utme_requirements":"","subjects":"","institutions_list":"HENSARD"},{"id":"29815","title":"PHYSICS WITH ELECTRONICS","de_requirements":"","utme_requirements":"","subjects":"","institutions_list":"HENSARD"},{"id":"29827","title":"POLITICAL SCIENCE AND INTERNATIONAL RELATIONS","de_requirements":"","utme_requirements":"","subjects":"","institutions_list":"HENSARD"},{"id":"29826","title":"PROCUREMENT","de_requirements":"","utme_requirements":"","subjects":"","institutions_list":"HENSARD"},{"id":"29825","title":"PROJECT MANAGEMENT","de_requirements":"","utme_requirements":"","subjects":"","institutions_list":"HENSARD"},{"id":"29811","title":"SCIENCE LABORATORY TECHNOLOGY","de_requirements":"","utme_requirements":"","subjects":"","institutions_list":"HENSARD"},{"id":"29817","title":"SOFTWARE ENGINEERING","de_requirements":"","utme_requirements":"","subjects":"","institutions_list":"HENSARD"},{"id":"29831","title":"SURVEYING AND GEO-INFORMATICS","de_requirements":"","utme_requirements":"","subjects":"","institutions_list":"HENSARD"}]