[{"id":"29832","title":"ACCOUNTING","de_requirements":"","utme_requirements":"","subjects":"","institutions_list":"JEWEL"},{"id":"29841","title":"ARCHITECTURE","de_requirements":"","utme_requirements":"","subjects":"","institutions_list":"JEWEL"},{"id":"29833","title":"BANKING & FINANCE","de_requirements":"","utme_requirements":"","subjects":"","institutions_list":"JEWEL"},{"id":"29842","title":"BUILDING","de_requirements":"","utme_requirements":"","subjects":"","institutions_list":"JEWEL"},{"id":"29834","title":"BUSINESS ADMINISTRATION","de_requirements":"","utme_requirements":"","subjects":"","institutions_list":"JEWEL"},{"id":"29844","title":"COMPUTER SCIENCE","de_requirements":"","utme_requirements":"","subjects":"","institutions_list":"JEWEL"},{"id":"29840","title":"CRIMINOLOGY AND SECURITY STUDIES","de_requirements":"","utme_requirements":"","subjects":"","institutions_list":"JEWEL"},{"id":"29845","title":"CYBER SECURITY","de_requirements":"","utme_requirements":"","subjects":"","institutions_list":"JEWEL"},{"id":"29846","title":"DATA SCIENCE","de_requirements":"","utme_requirements":"","subjects":"","institutions_list":"JEWEL"},{"id":"29836","title":"ECONOMICS","de_requirements":"","utme_requirements":"","subjects":"","institutions_list":"JEWEL"},{"id":"29847","title":"INFORMATION AND COMMUNICATION TECHNOLOGY","de_requirements":"","utme_requirements":"","subjects":"","institutions_list":"JEWEL"},{"id":"29838","title":"PROJECT MANAGEMENT","de_requirements":"","utme_requirements":"","subjects":"","institutions_list":"JEWEL"},{"id":"29835","title":"PUBLIC ADMINISTRATION","de_requirements":"","utme_requirements":"","subjects":"","institutions_list":"JEWEL"},{"id":"29843","title":"QUANTITY SURVEYING","de_requirements":"","utme_requirements":"","subjects":"","institutions_list":"JEWEL"},{"id":"29848","title":"SOFTWARE ENGINEERING","de_requirements":"","utme_requirements":"","subjects":"","institutions_list":"JEWEL"},{"id":"29837","title":"TAXATION","de_requirements":"","utme_requirements":"","subjects":"","institutions_list":"JEWEL"},{"id":"29839","title":"TRANSPORT MANAGEMENT","de_requirements":"","utme_requirements":"","subjects":"","institutions_list":"JEWEL"}]