[{"id":"29869","title":"BUSINESS EDUCATION","de_requirements":"","utme_requirements":"","subjects":"","institutions_list":"COE-WARRI-DEG"},{"id":"29867","title":"EDUCATIONAL MANAGEMENT","de_requirements":"","utme_requirements":"","subjects":"","institutions_list":"COE-WARRI-DEG"},{"id":"29866","title":"HEALTH EDUCATION","de_requirements":"","utme_requirements":"","subjects":"","institutions_list":"COE-WARRI-DEG"},{"id":"29868","title":"PRIMARY EDUCATION","de_requirements":"","utme_requirements":"","subjects":"","institutions_list":"COE-WARRI-DEG"}]