[{"id":"29870","title":"CHEMISTRY","de_requirements":"","utme_requirements":"","subjects":"","institutions_list":"COVENANT-DEG"},{"id":"29874","title":"COMPUTER SCIENCE","de_requirements":"","utme_requirements":"","subjects":"","institutions_list":"COVENANT-DEG"},{"id":"29872","title":"MICROBIOLOGY","de_requirements":"","utme_requirements":"","subjects":"","institutions_list":"COVENANT-DEG"},{"id":"29871","title":"PHYSICS","de_requirements":"","utme_requirements":"","subjects":"","institutions_list":"COVENANT-DEG"},{"id":"29873","title":"SCIENCE LABORATORY TECHNOLOGY","de_requirements":"","utme_requirements":"","subjects":"","institutions_list":"COVENANT-DEG"}]