[{"id":"4400","title":"ACCOUNTING","de_requirements":"<p>\r\n\r\n<\/p><div>\r\n\r\n<table>\r\n <tbody><tr>\r\n  <td>\r\n  <p><span>Two\r\n  (2)'A' Level passes including Economics.<\/span><\/p>\r\n  <\/td>\r\n <\/tr>\r\n<\/tbody><\/table>\r\n\r\n<\/div>\r\n\r\n","utme_requirements":"<p>\r\n\r\n<\/p><div>\r\n\r\n<table>\r\n <tbody><tr>\r\n  <td>\r\n  <p><span>Five\r\n  (5) SSC credit passes including English Language, Mathematics, Economics and\r\n  two (2) other relevant subjects.<\/span><\/p>\r\n  <\/td>\r\n <\/tr>\r\n<\/tbody><\/table>\r\n\r\n<\/div>\r\n\r\n","subjects":"Mathematics, Economics and any other Social Science subject","institutions_list":"CALABAR"},{"id":"4482","title":"ADULT EDUCATION","de_requirements":"<div>\r\n\r\n<table>\r\n <tbody><tr>\r\n  <td>\r\n  <p><span>(i) &nbsp;&nbsp; Two (2) 'A' Level &nbsp;&nbsp;passes.<\/span><\/p>\r\n  <\/td>\r\n <\/tr>\r\n<\/tbody><\/table>\r\n\r\n<\/div><p>\r\n\r\n<span>(ii)&nbsp;&nbsp;&nbsp;&nbsp;&nbsp;&nbsp;&nbsp;&nbsp;&nbsp;&nbsp; NCE merit in two (2) subjects.<\/span><br><\/p>","utme_requirements":"<p><span>Five (5) 'O' Level credit passes including English\r\nLanguage, Mathematics and three (3) of Literature in English, History, French,\r\nYoruba, Igbo, Hausa, Christian Religious Studies, Islamic Studies,\r\nGeography\/Physic, Economics and Government or TC II with pass in English Language\r\nand four (4) other subjects.<\/span><br><\/p>","subjects":"Government\/History, one (1) Social Science subject and any other subject.","institutions_list":"CALABAR"},{"id":"4422","title":"AGRIC-ECONOMICS & EXTENSION","de_requirements":"<p><span>Two\r\n(2) \u2018A\u2019 Level passes in Chemistry and one of Zoology\/Botany\/Agricultural\r\nScience\/Biology, Geography, Mathematics, Physics, Geology, Economics and Health\r\nScience.<\/span><\/p>","utme_requirements":"<p><span>Five (5) SSC credit passes in English\r\nLanguage, Mathematics, Chemistry, Biology\/Agricultural Science and one of\r\nGeography, Physics and Economics.<\/span><\/p><p><span>&nbsp;<\/span><\/p><p>\r\n\r\n\r\n\r\n<\/p><p><span>&nbsp;<\/span><\/p>","subjects":"Chemistry, Biology\/ Agricultural Science plus Mathematics or Physics.\r\n\r\n\r\n\r\n","institutions_list":"CALABAR"},{"id":"23664","title":"AGRICULTURAL ENGINEERING","de_requirements":"<p>\r\n\r\n<\/p><p><span>'A' Level passes or equivalent\r\nin Physics and Mathematics.<\/span><\/p>\r\n\r\n","utme_requirements":"<p>\r\n\r\n<\/p><p><span>Five (5) SSC credit passes in English\r\nLanguage, Mathematics, Physics, Chemistry and any from Introduction to Agricultural\r\nScience, Materials and Workshop Process and Machining, Tractor Layout Power\r\nUnit Under Carriage and Auto Electricity; Transmission System; Implement and\r\nMachine; Principles of Crop Husbandry and Land Use, Materials and Workshop\r\nProcesses; Construction and Maintenance of Agricultural Machines; general Metal\r\nWork; General Wood Work and Building\/Engineering Drawing. <\/span><\/p>\r\n\r\n","subjects":"<p>\r\n\r\n<\/p><p><span>Mathematics, Chemistry and Physics.<\/span><\/p>\r\n\r\n","institutions_list":"CALABAR"},{"id":"4481","title":"AGRICULTURAL SCIENCE & EDUCATION","de_requirements":"<div>\r\n\r\n<table>\r\n <tbody><tr>\r\n  <td>\r\n  <p><span>(i) Two (2) passes at 'A' Level in Biology \/Zoology\r\n  \/Botany and any other Science subject.<\/span><\/p>\r\n  <p><span>(ii) NCE merit\r\n  in Biology and any other Science subject.<\/span><\/p>\r\n  <\/td>\r\n <\/tr>\r\n<\/tbody><\/table>\r\n\r\n<\/div><p>\r\n\r\n<span>(iii)\r\nNCE merit in Agriculture (Double Major).<\/span><br><\/p>","utme_requirements":"<div>\r\n\r\n<table>\r\n <tbody><tr>\r\n  <td>\r\n  <p><span>Five (5) 'O'\r\n  Level credit passes or equivalents in English Language, Chemistry, Biology\/Agricultural\r\n  Science., Mathematics and another relevant subject.<\/span><\/p>\r\n  <\/td>\r\n <\/tr>\r\n<\/tbody><\/table>\r\n\r\n<\/div>","subjects":"Any three (3) subjects from Chemistry, Biology, Agriculture, Physics, Economics, Geography and Mathematics.","institutions_list":"CALABAR"},{"id":"23667","title":"AGRICULTURE (CROP SCIENCE OPTION)","de_requirements":"<p>\r\n\r\n<\/p><p><span>Two (2) \u2018A\u2019 Level passes in Chemistry and\r\none from Biology\/Botany\/Zoology\/Agricultural Science, Economics, Physics,\r\nGeography and Geology\/Mathematics (Pure &amp; Applied).<\/span><\/p>\r\n\r\n","utme_requirements":"<p>\r\n\r\n<\/p><p><span>Five (5) SSC credit passes to include\r\nEnglish Language, Biology\/Agricultural Science, Chemistry and<span>&nbsp; <\/span>any one of Mathematics, Physics, Geography\r\nand<span>&nbsp; <\/span>Economics.<\/span><\/p>\r\n\r\n","subjects":"<p>\r\n\r\n<\/p><p><span>Chemistry, Biology\/Agriculture and any one\r\nof Physics or Mathematics.<\/span><\/p>\r\n\r\n","institutions_list":"CALABAR"},{"id":"4438","title":"ANIMAL SCIENCE","de_requirements":"<p><span>Two (2) \u2018A\u2019 level passes or its equivalent\r\nin Chemistry and one of Biology\/Botany\/Zoology\/Agriculture Science\/Geography\/Geology\/Mathematics\/Economics.<\/span><\/p>","utme_requirements":"<p><span>Five (5) SSC credit passes in English\r\nLanguage, Chemistry, Mathematics, Biology\/Agric Science and one of Physics,\r\nGeography or Economics.<\/span><\/p>","subjects":"Chemistry, Biology\/Agriculture and Mathematics \/Physics.","institutions_list":"CALABAR"},{"id":"4439","title":"APPLIED CHEMISTRY","de_requirements":"<p><span>(i)&nbsp; Two (2) 'A' Level passes in Chemistry and any\r\none (1) of Physics, Mathematics or Biology.<\/span><\/p><p><span><o>&nbsp;<\/o:p><\/span><\/p><p>\r\n\r\n\r\n\r\n<\/p><p><span>(ii)&nbsp;&nbsp; ND\/NCE\r\nwith good grades in relevant 'O' Level subjects.<\/span><\/p>","utme_requirements":"<p><span>Five (5) SSC credit passes in English Language, Mathematics, Physics,\r\nChemistry and Biology.<\/span><\/p>","subjects":"Chemistry and two (2) of Physics, Biology and Mathematics.","institutions_list":"CALABAR"},{"id":"4454","title":"APPLIED GEOPHYSICS","de_requirements":"<p><span>'A' Level passes in Chemistry and Physics or Mathematics.<\/span><\/p>","utme_requirements":"<p><span>Five (5) SSC credit passes including English Language, Mathematics,\r\nPhysics and Chemistry\/Biology.<\/span><\/p>","subjects":"Any three (3) of Physics, Chemistry, Biology and Mathematics. ","institutions_list":"CALABAR"},{"id":"24233","title":"ARCHITECTURE","de_requirements":"<p>\r\n\r\n<\/p><p><span><span>(i)<span>&nbsp;&nbsp;&nbsp;&nbsp;&nbsp;&nbsp;\r\n<\/span><\/span><\/span><span>Two (2) 'A' Level\r\npasses chosen from Mathematics or Physics and Chemistry, Geography or Fine\r\nArts.<\/span><\/p>\r\n\r\n<span>(ii)&nbsp;&nbsp; ND\/HND\r\nupper credits in relevant field.<\/span><p><\/p>","utme_requirements":"<p>\r\n\r\n<\/p><p><span>Five (5) SSC credit passes in English Language, Mathematics,\r\nPhysics, Chemistry and any of Fine Art, Geography or Wood Work, Biology, Economics,\r\nTechnical Drawing, Further. Mathematics., Introduction to Building\r\nConstruction, Bricklaying\/Block laying, Concreting, Wall, Floors and Ceiling\r\nFinishing, Joinery, Carpentary, Decorative Painting, Lining, Sign and Design,\r\nWall Hanging, Colour Mixing\/Matching and Glazing, Ceramics, Graphics Design,\r\nGraphic Printing, Basic Electricity.<\/span><\/p>\r\n\r\n<p><\/p>","subjects":"<p>\r\n\r\n<\/p><p><span>Physics, Mathematics, and any of Chemistry, Geography, Art,\r\nBiology and Economics.<\/span><\/p>\r\n\r\n<p><\/p>","institutions_list":"CALABAR"},{"id":"4409","title":"BANKING & FINANCE","de_requirements":"<p>\r\n\r\n<\/p><div>\r\n\r\n<table>\r\n <tbody><tr>\r\n  <td>\r\n  <p><span>(i)\r\n  Two (2)'A' Level passes in Accounting or Economics and one other subject.<\/span><\/p>\r\n  <p><span>(ii)\r\n  NCE merit in relevant subjects.<\/span><\/p>\r\n  <p><span>(iii)\r\n  ND credit.<\/span><\/p>\r\n  <\/td>\r\n <\/tr>\r\n<\/tbody><\/table>\r\n\r\n<\/div>\r\n\r\n<span>(iv)\r\nFoundation International exam such as ICAN, ACCA, ICMA, GPFA.<\/span>","utme_requirements":"<p>\r\n\r\n<\/p><div>\r\n\r\n<table>\r\n <tbody><tr>\r\n  <td>\r\n  <p><span>Five\r\n  (5)SSC credit passes including<\/span><\/p>\r\n  <\/td>\r\n <\/tr>\r\n<\/tbody><\/table>\r\n\r\n<\/div>\r\n\r\n<span>English\r\nLanguage, Mathematics, Economics and two (2) other relevant subjects.<\/span>","subjects":"Mathematics, one Social Science subject and any other subject","institutions_list":"CALABAR"},{"id":"4405","title":"BIOCHEMISTRY","de_requirements":"<p><span>Two\r\n(2) 'A' Level passes in Chemistry and any one of Physics, Biology\/ Zoology\/Botany\r\nand Mathematics.<\/span><\/p>","utme_requirements":"<p><span>Five\r\n(5) SSC credit passes in English Language, Mathematics, Physics, Chemistry and\r\nBiology.<\/span><\/p>","subjects":"Physics, Chemistry and Biology.","institutions_list":"CALABAR"},{"id":"4443","title":"BOTANY","de_requirements":"<p><span>Two\r\n(2) 'A' Level passes in Biology\/Botany\/Zoology and Chemistry or Physics.<\/span><\/p>","utme_requirements":"<p><span>Five\r\n(5) SSC Credit passes in English Language, Mathematics, Biology, Chemistry and\r\nPhysics.<\/span><\/p>","subjects":"Biology, Chemistry and any other Science subject.","institutions_list":"CALABAR"},{"id":"4487","title":"BUSINESS EDUCATION","de_requirements":"<p>(i)<span>\t<\/span>Two (2) 'A' Level passes or NCE merit in two (2) relevant subjects.<\/p><p>(ii)<span>\t<\/span>NCE merit in Business Education Double Major.&nbsp;<\/p><div><br><\/div>","utme_requirements":"<p>Five (5) TC II merit, 'O' Level or NTC\/NBC credit passes including English Language, Mathematics, Economics and two (2) other subjects in the Social Sciences or Arts. For NBC, the other subjects could be from any of the following: Commerce, Office Practice, Principles of Accounts, Secretarial Duties, Typewriting and Shorthand.<\/p><p><br><\/p>","subjects":"Mathematics, Economics plus one (1) of Literature in English, History, Government, Geography, Chemistry and Physics.\r\n\r\n","institutions_list":"CALABAR"},{"id":"4401","title":"BUSINESS MANAGEMENT\/ MANAGEMENT SCIENCE","de_requirements":"<p>\r\n\r\n<\/p><div>\r\n\r\n<table>\r\n <tbody><tr>\r\n  <td>\r\n  <p><span>Two\r\n  (2)'A' Level passes including Economics.<\/span><\/p>\r\n  <\/td>\r\n <\/tr>\r\n<\/tbody><\/table>\r\n\r\n<\/div>\r\n\r\n","utme_requirements":"<p>\r\n\r\n<\/p><div>\r\n\r\n<table>\r\n <tbody><tr>\r\n  <td>\r\n  <p><span>Five\r\n  (5) SSC credit passes including English Language, Mathematics, Economics and\r\n  two (2) other relevant subjects.<\/span><\/p>\r\n  <\/td>\r\n <\/tr>\r\n<\/tbody><\/table>\r\n\r\n<\/div>\r\n\r\n","subjects":"Mathematics, Economics and any other Social Science subject","institutions_list":"CALABAR"},{"id":"4436","title":"CHEMISTRY","de_requirements":"<p><span>i)&nbsp; Two (2) 'A' Level passes in Chemistry and any\r\none (1) of Physics, Mathematics or Biology.<\/span><\/p><p><span><o>&nbsp;<\/o:p><\/span><\/p><p>\r\n\r\n\r\n\r\n<\/p><p><span>(ii)&nbsp;&nbsp; ND\/NCE\r\nwith good grades in relevant 'O' Level subjects.<\/span><\/p>","utme_requirements":"<p><span>Five (5) SSC credit passes in English Language, Mathematics, Physics,\r\nChemistry and Biology.<\/span><\/p>","subjects":"Chemistry and two (2) of Physics, Biology and Mathematics.\r\n\r\n","institutions_list":"CALABAR"},{"id":"4423","title":"CHRISTIAN RELIGIOUS STUDIES","de_requirements":"<p><span>Two (2) \u2018A\u2019 Level passes\/NCE to include CRS\/Religious\r\nStudies.<\/span><\/p>","utme_requirements":"<p><span>Five (5) SSC credit passes in English Language, CRS and three\r\n(3) other relevant subjects.<\/span><\/p>","subjects":"Two (2) Arts subjects including CRS and any other subject.","institutions_list":"CALABAR"},{"id":"28072","title":"COMPUTER ENGINEERING","de_requirements":"","utme_requirements":"","subjects":"","institutions_list":"CALABAR"},{"id":"4465","title":"COMPUTER SCIENCE","de_requirements":"<p><span>)&nbsp;&nbsp;&nbsp;&nbsp;&nbsp;&nbsp; Two (2) 'A' Level passes in\r\nscience subjects including Mathematics<\/span><\/p><p><span><o>&nbsp;<\/o:p><\/span><\/p><p>\r\n\r\n\r\n\r\n<\/p><p><span>(ii)&nbsp;&nbsp; NCE merit in Mathematics and\r\none (1) other Science or Social Science subject.<\/span><\/p>","utme_requirements":"<p><span>Five (5) SSC credit passes to include English Language, Mathematics,\r\nPhysics plus two (2) other Science subjects.<\/span><\/p>","subjects":"Mathematics, Physics and one (1) of Biology, Chemistry, Agric Science, Economics and Geography.","institutions_list":"CALABAR"},{"id":"28074","title":"CRIMINOLOGY AND SECURITY STUDIES","de_requirements":"","utme_requirements":"","subjects":"","institutions_list":"CALABAR"},{"id":"4408","title":"DENTISTRY & DENTAL SURGERY","de_requirements":"<p><span>Three (3) 'A' Level passes to include Chemistry,\r\nBiology\/Zoology and Physics.<\/span><\/p>","utme_requirements":"<p><span>Five (5) SSC credit passes in English Language, Physics,\r\nChemistry, Biology and Mathematics.<\/span><\/p>","subjects":"Chemistry, Biology and one (1) other Science subject.","institutions_list":"CALABAR"},{"id":"24237","title":"DOCTOR OF PHARMACY","de_requirements":"<p>\r\n\r\n<\/p><p><span>Three (3) 'A' Level passes in Chemistry,\r\nBiology\/Zoology and Physics or Mathematics plus UTME requirements.<\/span><\/p>\r\n\r\n<p><\/p>","utme_requirements":"<p>\r\n\r\n<\/p><p><span>Five (5) SSC credit passes in English\r\nLanguage, Mathematics, Physics, Chemistry and Biology.<\/span><\/p>\r\n\r\n<p><\/p>","subjects":"<p>\r\n\r\n<\/p><p><span>Physics, Chemistry and Biology.<\/span><\/p>\r\n\r\n<p><\/p>","institutions_list":"CALABAR"},{"id":"4412","title":"ECONOMICS","de_requirements":"<p>\r\n\r\n<\/p><div>\r\n\r\n<table>\r\n <tbody><tr>\r\n  <td>\r\n  <p><span>Two (2)'A' Level passes in Economics and any one of\r\n  Mathematics, Statistics, Geography, Physics, Chemistry, Agricultural Science,\r\n  Accounting, Business Management, History and Government.<\/span><\/p>\r\n  <\/td>\r\n <\/tr>\r\n<\/tbody><\/table>\r\n\r\n<\/div>\r\n\r\n","utme_requirements":"<p>\r\n\r\n<\/p><div>\r\n\r\n<table>\r\n <tbody><tr>\r\n  <td>\r\n  <p><span>Five\r\n  (5)SSC credit passes in English Language, Mathematics, Economics and any two\r\n  (2) of Arts or Social Science subjects.<\/span><\/p>\r\n  <\/td>\r\n <\/tr>\r\n<\/tbody><\/table>\r\n\r\n<\/div>\r\n\r\n","subjects":"Economics, Mathematics and any of Government, History, Geography, Literature in English, French and Christian Religious Studies\/Islamic Studies.\t","institutions_list":"CALABAR"},{"id":"4424","title":"EDUCATION & BIOLOGY","de_requirements":"\r\n\r\n<table>\r\n <tbody><tr>\r\n  <td>\r\n  <p><br><\/p>\r\n  <\/td>\r\n <\/tr>\r\n<\/tbody><\/table><div>\r\n\r\n<table>\r\n <tbody><tr>\r\n  <td>\r\n  <p><span>NCE\/'A' Level\r\n  passes in Biology and one (1) other Science subject.<\/span><\/p>\r\n  <\/td>\r\n <\/tr>\r\n<\/tbody><\/table>\r\n\r\n<\/div>\r\n\r\n","utme_requirements":"\r\n\r\n<table>\r\n <tbody><tr>\r\n  <td>\r\n  <p><br><\/p>\r\n  <\/td>\r\n <\/tr>\r\n<\/tbody><\/table><div>\r\n\r\n<table>\r\n <tbody><tr>\r\n  <td>\r\n  <p><span>Five (5) SSC credit\r\n  passes in English Language, Biology, Chemistry, Mathematics and one (1) other\r\n  subject.<\/span><\/p>\r\n  <\/td>\r\n <\/tr>\r\n<\/tbody><\/table>\r\n\r\n<\/div>\r\n\r\n","subjects":"Biology and two (2) other subjects from Chemistry, Mathematics and Physics.","institutions_list":"CALABAR"},{"id":"4418","title":"EDUCATION & CHEMISTRY","de_requirements":"<div>\r\n\r\n<table>\r\n <tbody><tr>\r\n  <td>\r\n  <p><span>Two (2) \u2018A\u2019 Level\/NCE\r\n  passes including Chemistry and one (1) other Science subject.<\/span><\/p>\r\n  <\/td>\r\n <\/tr>\r\n<\/tbody><\/table>\r\n\r\n<\/div>","utme_requirements":"<div>\r\n\r\n<table>\r\n <tbody><tr>\r\n  <td>\r\n  <p><span>Five (5) SSC\r\n  credits in Mathematics, Chemistry, English Language and two (2) of Physics,\r\n  Biology and Agricultural Science.<\/span><\/p>\r\n  <\/td>\r\n <\/tr>\r\n<\/tbody><\/table>\r\n\r\n<\/div>","subjects":"Chemistry and two (2) other subjects chosen from Physics, Biology and Mathematics.","institutions_list":"CALABAR"},{"id":"4486","title":"EDUCATION & ECONOMICS","de_requirements":"<p>(i)<span>\t<\/span>Two (2) 'A' Level passes in Economics and one (1) other relevant subject.<\/p><p>(ii) <span>\t<\/span>NCE merit\/credit in Economics and one (1) other subject.<\/p><p><br><\/p>","utme_requirements":"<p>Five (5) 'O' Level credit passes to include English Language, Economics and Mathematics.<\/p><p><br><\/p>","subjects":"Economics, Mathematics and one (1) other subject from Geography\/Physics, History, Government and Literature in English.\r\n\r\n","institutions_list":"CALABAR"},{"id":"4467","title":"EDUCATION & ENGLISH LANGUAGE","de_requirements":"<div>\r\n\r\n<table>\r\n <tbody><tr>\r\n  <td>\r\n  <p><span>(i)&nbsp; Two (2) 'A' Level passes in relevant\r\n  teaching subjects including Literature in English.<\/span><\/p>\r\n  <p><span>(ii)&nbsp; NCE\r\n  credit or merit in two(2)relevant subjects.<\/span><\/p>\r\n  <\/td>\r\n <\/tr>\r\n<\/tbody><\/table>\r\n\r\n<\/div>","utme_requirements":"<div>\r\n\r\n<table>\r\n <tbody><tr>\r\n  <td>\r\n  <p><span>Five (5) 'O'\r\n  Level credit passes to include English Language and Literature in English plus\r\n  three (3) other Arts or Social Science subjects.<\/span><\/p>\r\n  <\/td>\r\n <\/tr>\r\n<\/tbody><\/table>\r\n\r\n<\/div>","subjects":"Literature in English and one (1) Art and any other subject.","institutions_list":"CALABAR"},{"id":"4428","title":"EDUCATION & FRENCH","de_requirements":"<div>\r\n\r\n<table>\r\n <tbody><tr>\r\n  <td>\r\n  <p><span>Two (2) 'A' Level\r\n  passes\/NCE merit in French and one(1) other Arts subject.<\/span><\/p>\r\n  <\/td>\r\n <\/tr>\r\n<\/tbody><\/table>\r\n\r\n<\/div>","utme_requirements":"<div>\r\n\r\n<table>\r\n <tbody><tr>\r\n  <td>\r\n  <p><span>Five (5) SSC credit\r\n  passes to include English Language and French.<\/span><\/p>\r\n  <\/td>\r\n <\/tr>\r\n<\/tbody><\/table>\r\n\r\n<\/div>","subjects":"French plus two (2) other Arts subjects.","institutions_list":"CALABAR"},{"id":"4432","title":"EDUCATION & HISTORY","de_requirements":"<div>\r\n\r\n<table>\r\n <tbody><tr>\r\n  <td>\r\n  <p><span>Two (2) NCE merit\/'A'\r\n  Level passes in History and one (1) other relevant Arts subject.<\/span><\/p>\r\n  <\/td>\r\n <\/tr>\r\n<\/tbody><\/table>\r\n\r\n<\/div>","utme_requirements":"<div>\r\n\r\n<table>\r\n <tbody><tr>\r\n  <td>\r\n  <p><span>Five (5) SSC credit\r\n  passes in English Language, History and three (3) relevant Arts subjects.<\/span><\/p>\r\n  <\/td>\r\n <\/tr>\r\n<\/tbody><\/table>\r\n\r\n<\/div>","subjects":"History and any other two (2) subjects chosen from Christian Religious Studies \/ Islamic Studies, Literature in English, French, Yoruba, Geography\/Physics, Economics, Government and Hausa.","institutions_list":"CALABAR"},{"id":"4425","title":"EDUCATION & MATHEMATICS","de_requirements":"<div>\r\n\r\n<table>\r\n <tbody><tr>\r\n  <td>\r\n  <p><span>Two (2)'A' Level passes\/NCE in\r\n  Mathematics and one (1) Science subject.<\/span><\/p>\r\n  <\/td>\r\n <\/tr>\r\n<\/tbody><\/table>\r\n\r\n<\/div>","utme_requirements":"<div>\r\n\r\n<table>\r\n <tbody><tr>\r\n  <td>\r\n  <p><span>Five (5) SSC credit\r\n  passes to include English Language, Mathematics plus one (1) other Science\r\n  subject.<\/span><\/p>\r\n  <\/td>\r\n <\/tr>\r\n<\/tbody><\/table>\r\n\r\n<\/div>","subjects":"Mathematics and any two (2) of the following Science subjects: Physics, Chemistry and Biology.","institutions_list":"CALABAR"},{"id":"4433","title":"EDUCATION & PHYSICS","de_requirements":"<div>\r\n\r\n<table>\r\n <tbody><tr>\r\n  <td>\r\n  <p><span>(i)&nbsp; Two (2) 'A'\r\n  Level passes in Physics and Mathematics.<\/span><\/p>\r\n  <p><span>(ii) NCE credit\/merit in relevant subjects.<\/span><\/p>\r\n  <\/td>\r\n <\/tr>\r\n<\/tbody><\/table>\r\n\r\n<\/div>","utme_requirements":"<p><span>Five (5) 'O' Level credits passes to include English\r\nLanguage, Physics, Mathematics and two (2) other Science subjects or NTC\/NBC.<\/span><br><\/p>","subjects":"Physics, Mathematics or Chemistry plus one (1) other subjects.","institutions_list":"CALABAR"},{"id":"4485","title":"EDUCATION & POLITICAL SCIENCE","de_requirements":"<p>(i)<span>\t<\/span>Two (2) 'A' Level passes in relevant subjects chosen from Government or History, Economics and Geography\/Physics.<\/p><p>(ii)<span>\t<\/span>NCE merit in Government\/History, Economics and Geography\/Physics.<\/p><p><br><\/p>","utme_requirements":"<p>Five (5) 'O' Level credit passes or equivalent to include English Language, Government\/History and three (3) other subjects.<\/p><p><br><\/p>","subjects":"Government or History plus two (2) other Arts or Social Sciences subjects.\r\n\r\n","institutions_list":"CALABAR"},{"id":"4469","title":"EDUCATION & RELIGIOUS STUDIES","de_requirements":"<div>\r\n\r\n<table>\r\n <tbody><tr>\r\n  <td>\r\n  <p><span>Two (2) 'A'\r\n  Level passes\/NCE merit in Religious Studies and one (1) other Arts subject.<\/span><\/p>\r\n  <\/td>\r\n <\/tr>\r\n<\/tbody><\/table>\r\n\r\n<\/div>","utme_requirements":"<div>\r\n\r\n<table>\r\n <tbody><tr>\r\n  <td>\r\n  <p><span>Five (5) 'O'\r\n  Level credit passes or TC II merit in five (5) subjects including English\r\n  Language, Religious Studies and three (3) other Arts subjects.<\/span><\/p>\r\n  <\/td>\r\n <\/tr>\r\n<\/tbody><\/table>\r\n\r\n<\/div>","subjects":"Two (2) Arts subject including Religious studies and one (1) other subject.","institutions_list":"CALABAR"},{"id":"4484","title":"EDUCATION & SOCIAL SCIENCE","de_requirements":"<div>\r\n\r\n<table>\r\n <tbody><tr>\r\n  <td>\r\n  <p><span>(i)&nbsp; NCE in two\r\n  (2) relevant subjects.<\/span><\/p>\r\n  <\/td>\r\n <\/tr>\r\n<\/tbody><\/table>\r\n\r\n<\/div><p>\r\n\r\n<span>(ii)Two\r\n(2) 'A' Level passes in relevant subjects.<\/span><br><\/p>","utme_requirements":"<div>\r\n\r\n<table>\r\n <tbody><tr>\r\n  <td>\r\n  <p><span>Five (5) 'O'\r\n  Level credit passes or equivalent to include English Language and\r\n  Mathematics.<\/span><\/p>\r\n  <\/td>\r\n <\/tr>\r\n<\/tbody><\/table>\r\n\r\n<\/div>","subjects":"Any three (3) Social Science subjects.","institutions_list":"CALABAR"},{"id":"4483","title":"EDUCATION & SOCIAL STUDIES","de_requirements":"<div>\r\n\r\n<table>\r\n <tbody><tr>\r\n  <td>\r\n  <p><span>(i) NCE Social\r\n  Studies from recognized Colleges.<\/span><\/p>\r\n  <\/td>\r\n <\/tr>\r\n<\/tbody><\/table>\r\n\r\n<\/div><p>\r\n\r\n<span>(ii)&nbsp;&nbsp;&nbsp;&nbsp;&nbsp;&nbsp;&nbsp;&nbsp;&nbsp;&nbsp; Two (2) 'A' Level passes in relevant subjects.<\/span><br><\/p>","utme_requirements":"<p>Five (5) 'O' Level credit passes to include English Language plus two (2) Arts \/Social Science subjects.<\/p><p><br><\/p>","subjects":"Any three (3) of Christian Religious Studies, Economics, Geography\/Physics, Government, History and Islamic Studies.\r\n\r\n","institutions_list":"CALABAR"},{"id":"4431","title":"EDUCATION AND GEOGRAPHY","de_requirements":"<div>\r\n\r\n<table>\r\n <tbody><tr>\r\n  <td>\r\n  <p><span>Two (2) 'A' Level passes\/NCE merit which should\r\n  include Geography<\/span><\/p>\r\n  <p><span>\/Physics.<\/span><\/p>\r\n  <\/td>\r\n <\/tr>\r\n<\/tbody><\/table>\r\n\r\n<\/div>","utme_requirements":"<div>\r\n\r\n<table>\r\n <tbody><tr>\r\n  <td>\r\n  <p><span>Five (5) SSC credit\r\n  passes to include Geography, English Language and Mathematics.<\/span><\/p>\r\n  <\/td>\r\n <\/tr>\r\n<\/tbody><\/table>\r\n\r\n<\/div>","subjects":"Geography plus two (2) other Social Sciences\/Arts subjects.","institutions_list":"CALABAR"},{"id":"4475","title":"EDUCATION ARTS","de_requirements":"<p><span>Two (2) 'A' Level passes in relevant subject\/NCE merit<\/span><br><\/p>","utme_requirements":"<div>\r\n\r\n<table>\r\n <tbody><tr>\r\n  <td>\r\n  <p><span>Five (5) 'O'\r\n  Level credit passes in relevant subjects including English Language, Mathematics\r\n  and subject of specialization.<\/span><\/p>\r\n  <\/td>\r\n <\/tr>\r\n<\/tbody><\/table>\r\n\r\n<\/div>","subjects":"Subject of specialization and any two (2) Arts subjects.","institutions_list":"CALABAR"},{"id":"4458","title":"EDUCATION TECHNOLOGY","de_requirements":"<div>\r\n\r\n<table>\r\n <tbody><tr>\r\n  <td>\r\n  <p><span>(i)&nbsp;&nbsp;&nbsp; Two (2) 'A' Level passes in Physics and\r\n  Mathematics.<\/span><\/p>\r\n  <p><span>(ii)&nbsp;&nbsp; ND lower credit in Civil Engineering,\r\n  Production\/Electrical Engineering.<\/span><\/p>\r\n  <p><span>(iii)&nbsp;&nbsp;&nbsp; Final City and Guilds or its equivalent\r\n  plus National Technical Certificate.<\/span><\/p>\r\n  <\/td>\r\n <\/tr>\r\n<\/tbody><\/table>\r\n\r\n<\/div><p>\r\n\r\n<b><span>(iv)\r\nNCE credit&nbsp; in Technical Education plus<\/span><span> <\/span><\/b><b><span>'O' Level credit\r\n<\/span><span>passes in Physics or Mathematics<\/span><\/b><br><\/p>","utme_requirements":"<div>\r\n\r\n<table>\r\n <tbody><tr>\r\n  <td>\r\n  <p><span>Five (5) 'O'\r\n  Level credit passes to include Physics or Mathematics.<\/span><\/p>\r\n  <\/td>\r\n <\/tr>\r\n<\/tbody><\/table>\r\n\r\n<\/div>","subjects":"Mathematics, Physics and one (1) other Science subject.","institutions_list":"CALABAR"},{"id":"4477","title":"EDUCATIONAL \/ PSYCHOLOGY GUIDANCE AND COUNSELLING","de_requirements":"<div>\r\n\r\n<table>\r\n <tbody><tr>\r\n  <td>\r\n  <p><span>Two (2) 'A'\r\n  Level passes\/NCE merit\/credit in relevant subjects.<\/span><\/p>\r\n  <\/td>\r\n <\/tr>\r\n<\/tbody><\/table>\r\n\r\n<\/div>","utme_requirements":"<p><span>Five (5) SSC credit passes in five (5) subjects\r\nincluding English Language and Mathematics<\/span><br><\/p>","subjects":"The subject of specialisation and one (1) each from Arts and Social Sciences or Arts and Sciences or Social Sciences and Sciences.","institutions_list":"CALABAR"},{"id":"4407","title":"EDUCATIONAL ADMINISTRATION & PLANNING","de_requirements":"<div>\r\n\r\n<table>\r\n <tbody><tr>\r\n  <td>\r\n  <p><span>(i) Two (2)'A' Level passes from\r\n  Literature in English, History, Christian Religious Studies\/Islamic Studies,\r\n  Hausa, Yoruba and Igbo with 'O' Level pass in Mathematics.<\/span><\/p>\r\n  <\/td>\r\n <\/tr>\r\n<\/tbody><\/table>\r\n\r\n<\/div><p>\r\n\r\n<span>(ii)&nbsp; NCE merit in the subjects listed above.<\/span><br><\/p>","utme_requirements":"<div>\r\n\r\n<table>\r\n <tbody><tr>\r\n  <td>\r\n  <p><span>(i) Five (5)'O' Level credit passes\r\n  to include English Language, Mathematics and Economics.<\/span><\/p>\r\n  <p><span>(ii)&nbsp; Five (5)\r\n  TC II merit including English Language and Mathematics<\/span>.<\/p>\r\n  <\/td>\r\n <\/tr>\r\n<\/tbody><\/table>\r\n\r\n<\/div>","subjects":"Any three (3) of Literature In English, History, French, Geography\/Physics, Economics and Mathematics.","institutions_list":"CALABAR"},{"id":"4476","title":"EDUCATIONAL FOUNDATIONS","de_requirements":"<div>\r\n\r\n<table>\r\n <tbody><tr>\r\n  <td>\r\n  <p><span>Two (2) 'A'\r\n  Level passes to include the subjects to be offered.<\/span><\/p>\r\n  <\/td>\r\n <\/tr>\r\n<\/tbody><\/table>\r\n\r\n<\/div>","utme_requirements":"<div>\r\n\r\n<table>\r\n <tbody><tr>\r\n  <td>\r\n  <p><span>Five (5) SSC\r\n  credit passes in English Language, the subject of study and three (3)\r\n  relevant subjects.<\/span><\/p>\r\n  <\/td>\r\n <\/tr>\r\n<\/tbody><\/table>\r\n\r\n<\/div>","subjects":"The subject of study and two (2) other relevant subjects.","institutions_list":"CALABAR"},{"id":"24234","title":"EDUCATIONAL PSYCHOLOGY","de_requirements":"<p>\r\n\r\n<\/p><div>\r\n\r\n<table>\r\n <tbody><tr>\r\n  <td>\r\n  <p><span>Two (2) 'A' Level passes\/NCE merit\/credit in relevant\r\n  subjects.<\/span><\/p>\r\n  <\/td>\r\n <\/tr>\r\n<\/tbody><\/table>\r\n\r\n<\/div>\r\n\r\n<p><\/p>","utme_requirements":"<p>\r\n\r\n<\/p><div>\r\n\r\n<table>\r\n <tbody><tr>\r\n  <td>\r\n  <p><span>Five (5) SSC credit passes in five (5) subjects\r\n  including English Language and Mathematics.<\/span><\/p>\r\n  <\/td>\r\n <\/tr>\r\n<\/tbody><\/table>\r\n\r\n<\/div>\r\n\r\n<p><\/p>","subjects":"<p>\r\n\r\n<\/p><div>\r\n\r\n<table>\r\n <tbody><tr>\r\n  <td>\r\n  <p><span>The subject of specialisation and one (1) each from\r\n  Arts and Social Sciences or Arts and Sciences or Social Sciences and\r\n  Sciences.<\/span><\/p>\r\n  <\/td>\r\n <\/tr>\r\n<\/tbody><\/table>\r\n\r\n<\/div>\r\n\r\n<p><\/p>","institutions_list":"CALABAR"},{"id":"4455","title":"EDUCATIONAL TECHNOLOGY","de_requirements":"<div>\r\n\r\n<table>\r\n <tbody><tr>\r\n  <td>\r\n  <p><span>(i)&nbsp;&nbsp;&nbsp; Two (2) 'A' Level passes in Physics and\r\n  Mathematics.<\/span><\/p>\r\n  <p><span>(ii)&nbsp;&nbsp; ND lower credit in Civil Engineering,\r\n  Production\/Electrical Engineering.<\/span><\/p>\r\n  <p><span>(iii)&nbsp;&nbsp;&nbsp; Final City and Guilds or its equivalent\r\n  plus National Technical Certificate.<\/span><\/p>\r\n  <\/td>\r\n <\/tr>\r\n<\/tbody><\/table>\r\n\r\n<\/div><p>\r\n\r\n<b><span>(iv)\r\nNCE credit&nbsp; in Technical Education plus<\/span><span> <\/span><\/b><b><span>'O' Level credit\r\n<\/span><span>passes in Physics or Mathematics.<\/span><\/b><br><\/p>","utme_requirements":"<div>\r\n\r\n<table>\r\n <tbody><tr>\r\n  <td>\r\n  <p><span>Five (5) 'O'\r\n  Level credit passes to include Physics or Mathematics.<\/span><\/p>\r\n  <\/td>\r\n <\/tr>\r\n<\/tbody><\/table>\r\n\r\n<\/div>","subjects":"Mathematics, Physics and one (1) other Science subject.","institutions_list":"CALABAR"},{"id":"28073","title":"ELECTRICAL AND ELECTRONICS ENGINEERING","de_requirements":"","utme_requirements":"","subjects":"","institutions_list":"CALABAR"},{"id":"4473","title":"ELECTRONICS & COMPUTER TECHNOLOGY","de_requirements":"<p><span>Two (2) 'A' Level passes in Mathematics and Physics<\/span><\/p>","utme_requirements":"<p><span>Five (5) SSC credit passes in English Language , Mathematics and any\r\nthree (3) of Biology, Chemistry, Physics, Further Maths,&nbsp; and Technical&nbsp;\r\nDrawing.<\/span><\/p>","subjects":"Mathematics, Physics and any one (1) of Chemistry, Economics and Biology.","institutions_list":"CALABAR"},{"id":"4410","title":"ELEMENTARY EDUCATION","de_requirements":"<div>\r\n\r\n<table>\r\n <tbody><tr>\r\n  <td>\r\n  <p><span>(i) \u2018A\u2019 Level\r\n  passes in relevant subjects.<\/span><\/p>\r\n  <\/td>\r\n <\/tr>\r\n<\/tbody><\/table>\r\n\r\n<\/div><p>\r\n\r\n<span>(ii)&nbsp; NCE\/ND in two (2) &nbsp;relevant teaching subjects at merit level.<\/span><br><\/p>","utme_requirements":"<div>\r\n\r\n<table>\r\n <tbody><tr>\r\n  <td>\r\n  <p><span>(i) Five (5) SSC credit\r\n  passes including English Language and 'O' Level pass in Mathematics.<\/span><\/p>\r\n  <p><span>(ii)&nbsp; Five (5) TC II merit passes to include\r\n  English and 'O' Level pass in Mathematics.<\/span><\/p>\r\n  <\/td>\r\n <\/tr>\r\n<\/tbody><\/table>\r\n\r\n<\/div>","subjects":"Any three (3) subjects.","institutions_list":"CALABAR"},{"id":"4429","title":"ENGLISH & LITERARY STUDIES","de_requirements":"<p><span>Two\r\n(2) \u2018A\u2019 Level passes to include Literature in English and one other Arts\r\nsubject.<\/span><\/p>","utme_requirements":"<p><span>Five\r\n(5) SSC credit passes to include Literature in English and English Language.<\/span><\/p>","subjects":"Literature in English, one other Arts subject and another Arts or Social Science subject.","institutions_list":"CALABAR"},{"id":"4413","title":"ENVIRONMENTAL EDUCATION","de_requirements":"<div>\r\n\r\n<table>\r\n <tbody><tr>\r\n  <td>\r\n  <p><span>(i)&nbsp; NCE or<\/span><\/p>\r\n  <\/td>\r\n <\/tr>\r\n<\/tbody><\/table>\r\n\r\n<\/div>\r\n\r\n<b><span>(<\/span><\/b><span>ii)&nbsp; ND with\r\nthree (3) 'O' Level credit passes including English Language and 'O' Level pass\r\nin Mathematics is mandatory<b>.<\/b><\/span><br>","utme_requirements":"<div>\r\n\r\n<table>\r\n <tbody><tr>\r\n  <td>\r\n  <p><span>Five (5) SSC credit passes to include Mathematics,\r\n  English Language and any of Biology, Chemistry, Physics, Health Science and Agricultural\r\n  Science.<\/span><\/p>\r\n  <\/td>\r\n <\/tr>\r\n<\/tbody><\/table>\r\n\r\n<\/div>","subjects":"Mathematics and two (2) others from Biology, Chemistry and Physics.","institutions_list":"CALABAR"},{"id":"4462","title":"ENVIRONMENTAL PROTECTION RESOURCES MANAGEMENT","de_requirements":"<p><span>'A' Level passes, ND or NCE merit in Science or Social Science subjects or Programmes.<\/span><span><\/span><\/p>","utme_requirements":"<p><span>Five (5) SSC credit passes to include English Language, Mathematics, Geography and any two (2) subjects from Science or Social Science.<\/span>&nbsp;&nbsp;&nbsp;&nbsp;<span><\/span><\/p>","subjects":"Geography and any two (2) subjects from the Sciences or Social Sciences.","institutions_list":"CALABAR"},{"id":"24235","title":"ESTATE MANAGEMENT","de_requirements":"<p>\r\n\r\n<\/p><p><span>Two (2) \u2018A\u2019 Level\r\npasses in Mathematics, Economics, Geography, Biology and Physics.<\/span><\/p>\r\n\r\n<p><\/p>","utme_requirements":"<p>\r\n\r\n<\/p><p><span>Five (5) SSCE credit\r\npasses including Chemistry, Mathematics and English Language.<\/span><\/p>\r\n\r\n<p><\/p>","subjects":"<p>\r\n\r\n<\/p><p><span>Mathematics, Economics\r\nand one other subject<\/span><\/p>\r\n\r\n<p><\/p>","institutions_list":"CALABAR"},{"id":"4406","title":"FISHERIES","de_requirements":"<p><span>(i)\r\nTwo (2) 'A' Level passes in any of Chemistry, Biology, Botany, Zoology, Agricultural\r\nScience Geography, Mathematics (pure &amp; applied), Physics, Geology and\r\nEconomics.<\/span><\/p><p><span><o>&nbsp;<\/o:p><\/span><\/p><p>\r\n\r\n\r\n\r\n<span>(ii)NCE\r\nAgriculture<\/span><br><\/p>","utme_requirements":"<p><span>Five (5) SSC credit passes in Biology\/Agricultural\r\nScience, Chemistry, Mathematics and English Language plus any other Science\r\nsubject.<\/span><\/p><p>\r\n\r\n<\/p><p><span>&nbsp;<\/span><\/p>","subjects":"Chemistry, Biology\/Agricultural Science and any other Science subject.\r\n\r\n","institutions_list":"CALABAR"},{"id":"4415","title":"FISHERIES & AQUACULTURE","de_requirements":"<p><span>(i)\r\nTwo (2) 'A' Level passes in any of Chemistry, Biology, Botany, Zoology, Agricultural\r\nScience Geography, Mathematics (pure &amp; applied), Physics, Geology and\r\nEconomics.<\/span><\/p><p><span><o>&nbsp;<\/o:p><\/span><\/p><p>\r\n\r\n\r\n\r\n<span>(ii)NCE\r\nAgriculture<\/span><br><\/p>","utme_requirements":"<p><span>Five (5) SSC credit passes in Biology\/Agricultural\r\nScience, Chemistry, Mathematics and English Language plus any other Science\r\nsubject.<\/span><\/p><p><span>&nbsp;<\/span><\/p><p>\r\n\r\n\r\n\r\n<\/p><p><span>&nbsp;<\/span><\/p>","subjects":"Chemistry, Biology\/Agricultural Science and any other Science subject.\r\n\r\n","institutions_list":"CALABAR"},{"id":"4440","title":"FOOD SCIENCE & TECHNOLOGY","de_requirements":"<p><span>Two (2) 'A' Level passes in Chemistry and\r\nBiology\/Physics\/Agricultural Science\/Botany\/Zoology.<\/span><br><\/p>","utme_requirements":"<p><span>Five (5) SSC credit passes in English Language,\r\nMathematics, Chemistry, Biology\/Agricultural Science and Physics<\/span><br><\/p>","subjects":"Chemistry, Mathematics\/ Physics and Agricultural Science","institutions_list":"CALABAR"},{"id":"4456","title":"FOOD SCIENCE AND TECHNOLOGY","de_requirements":"<p><span>Two (2) \u2018A\u2019 Level passes in Chemistry and\r\nBiology\/Physics\/Agric Science\/Botany\/Zoology.<\/span><\/p>","utme_requirements":"<p><span>Five (5) SSC credit passes in English\r\nLanguage, Mathematics, Chemistry, Biology\/Agricultural Science, Physics, Basic\r\nCatering and Food Services, Bakery and&nbsp;&nbsp;&nbsp;\r\nConfectionaries, Hotel &amp; Catering Crafty course (Cookery), Hotel\r\n&amp; Catering Craft Course (Food \/Drinks Services) and Basic Electricity.<\/span><\/p>","subjects":"Chemistry, Mathematics\/ Physics and Biology\/ Agricultural Science","institutions_list":"CALABAR"},{"id":"4460","title":"FORESTRY & WILDLIFE MANAGEMENT","de_requirements":"<p><span>Two (2) \u2019A\u2019 Level passes in Chemistry and Biology or Agric\r\nScience or Zoology or Botany<\/span><br><\/p>","utme_requirements":"<p><span>Five (5) SSC credit\r\npasses in English, Chemistry, Mathematics, Biology and one of Physics,\r\nEconomics, Further Mathematics and Statistics.<\/span><\/p>","subjects":"Chemistry, Biology\/Agriculture and Physics or Mathematics.","institutions_list":"CALABAR"},{"id":"4430","title":"FRENCH","de_requirements":"<p><span>Two\r\n(2) \u2018A\u2019 Level passes including French and one other Arts subject.<\/span><\/p>","utme_requirements":"<p><span>Five\r\n(5) SSC credit passes including French and English Language plus one other Arts\r\nsubject.<\/span><\/p>","subjects":"French and any other two (2) subjects from Arts and Social Sciences.","institutions_list":"CALABAR"},{"id":"4445","title":"GENETICS & BIOTECHNOLOGY","de_requirements":"<p><span>Two\r\n(2) 'A' Level passes in Biology\/Botany\/Zoology and Chemistry or Physics.<\/span><\/p>","utme_requirements":"<p><span>Five\r\n(5) SSC Credit passes in English Language, Mathematics, Biology, Chemistry and\r\nPhysics.<\/span><\/p>","subjects":"Biology, Chemistry and any other Science subject.","institutions_list":"CALABAR"},{"id":"4474","title":"GEOGRAPHY & ENVIRONMENTAL SCIENCE","de_requirements":"<p><span>Two (2) 'A' Level passes including&nbsp; Geography<\/span><br><\/p>","utme_requirements":"<p><span>Five\r\n(5) SSC credit passes to include English Language, Mathematics and Geography.<\/span><\/p>","subjects":"Geography and any two (2) Arts subjects.","institutions_list":"CALABAR"},{"id":"4441","title":"GEOLOGY","de_requirements":"<p><span>(i) Two (2) 'A' Level passes from Geology, Chemistry, Mathematics,\r\nPhysics, Biology and Geography.<\/span><\/p>","utme_requirements":"<p><span>Five (5) SSC credit passes in English Language, Biology, Chemistry,\r\nMathematics and any other subject.<\/span><\/p>","subjects":"Any three (3) of Chemistry, Physics, Mathematics, Biology and Geography. ","institutions_list":"CALABAR"},{"id":"4479","title":"GUIDANCE & COUNSELLING","de_requirements":"<div>\r\n\r\n<table>\r\n <tbody><tr>\r\n  <td>\r\n  <p><span>'A' Level\r\n  passes or NCE in two (2) subjects plus the UTME requirements.<\/span><\/p>\r\n  <\/td>\r\n <\/tr>\r\n<\/tbody><\/table>\r\n\r\n<\/div>","utme_requirements":"<div>\r\n\r\n<table>\r\n <tbody><tr>\r\n  <td>\r\n  <p><span>Five (5) 'O'\r\n  Level NTC\/NBC credit passes or TC II merit including English Language with 'O'\r\n  Level pass in Mathematics.<\/span><\/p>\r\n  <\/td>\r\n <\/tr>\r\n<\/tbody><\/table>\r\n\r\n<\/div>","subjects":"Any three (3) subjects.\r\n\r\n","institutions_list":"CALABAR"},{"id":"4435","title":"HISTORY & INTERNATIONAL STUDIES","de_requirements":"<p><span>credit) in History\/ Government and any other related\r\nsubject.<\/span><br><\/p>","utme_requirements":"<p><span>Language, Geography, Government\/History.<\/span><br><\/p>","subjects":"subjects from the Arts and Social Sciences.","institutions_list":"CALABAR"},{"id":"4463","title":"HOME ECONOMICS","de_requirements":"<div>\r\n\r\n<table>\r\n <tbody><tr>\r\n  <td>\r\n  <p><span>(i)&nbsp;&nbsp;&nbsp; NCE merit in Home Economics <\/span><\/p>\r\n  <p><span>(ii) 'A' Level\r\n  passes in two (2) of Chemistry or any Biology, Botany and Agricultural\r\n  Science.<\/span><\/p>\r\n  <\/td>\r\n <\/tr>\r\n<\/tbody><\/table>\r\n\r\n<\/div><p>\r\n\r\n<span>(iii)\r\nND\/HND credit in Home Economics or Food Science or Hotel and Catering\r\nManagement or any other related programme<\/span><br><\/p>","utme_requirements":"<div>\r\n\r\n<table>\r\n <tbody><tr>\r\n  <td>\r\n  <p><span>Five (5) 'O' Level NTC\/NBC credit passes or TC II merit\r\n  including English Language, Mathematics, Home Economics, Biology and\r\n  Chemistry.<\/span><\/p>\r\n  <\/td>\r\n <\/tr>\r\n<\/tbody><\/table>\r\n\r\n<\/div>","subjects":"Chemistry, Biology or Agricultural Science and one (1) other subject.","institutions_list":"CALABAR"},{"id":"4404","title":"HUMAN ANATOMY","de_requirements":"<p><span>Two\r\n(2) 'A' Level passes chosen from Biology, Chemistry and Physics in addition to the\r\nUTME requirements.<\/span><\/p>","utme_requirements":"<p><span>Five\r\n(5) SSC credit passes in English Language, Mathematics, Biology, Chemistry and\r\nPhysics.<\/span><\/p>","subjects":"Biology, Chemistry and Physics.","institutions_list":"CALABAR"},{"id":"4446","title":"HUMAN KINETICS & HEALTH EDUCATION","de_requirements":"<div>\r\n\r\n<table>\r\n <tbody><tr>\r\n  <td>\r\n  <p><span>No Direct Entry<\/span><\/p>\r\n  <\/td>\r\n <\/tr>\r\n<\/tbody><\/table>\r\n\r\n<\/div>","utme_requirements":"<div>\r\n\r\n<table>\r\n <tbody><tr>\r\n  <td>\r\n  <p><span>As in Physical and Health Education<\/span><\/p>\r\n  <\/td>\r\n <\/tr>\r\n<\/tbody><\/table>\r\n\r\n<\/div>","subjects":"As in Physical and Health Education","institutions_list":"CALABAR"},{"id":"4411","title":"HUMAN NUTRITION & DIETETICS","de_requirements":"<p><span>Two\r\n(2) 'A' Level passes in Chemistry, Biology and Physics plus the UTME\r\nrequirement.<\/span><\/p>","utme_requirements":"<p><span>Five (5) SSC credit passes in English Language, Physics,\r\nChemistry, Biology and Mathematics.<\/span><\/p>","subjects":"Chemistry, Biology and Physics.","institutions_list":"CALABAR"},{"id":"4420","title":"HUMAN PHYSIOLOGY","de_requirements":"<p><span>Two\r\n(2) 'A' Level passes chosen from Chemistry, Physics and Biology\/Zoology.<\/span><\/p>","utme_requirements":"<p><span>Five (5) SSC credit\r\npasses in English Language, Maths, Physics, Chemistry and Biology.<\/span><\/p>","subjects":"Physics, Chemistry and Biology","institutions_list":"CALABAR"},{"id":"4399","title":"LAW","de_requirements":"<p><span>&nbsp; &nbsp; Two (2)'A' Level passes in Arts or Social\r\nScience subjects.<\/span><\/p><p>\r\n\r\n<span>(ii)&nbsp;&nbsp; NCE\/ND\/First Degree (Second Class Lower).<\/span><br><\/p>","utme_requirements":"<p><span>Five (5)'O' Level credit passes to include English Language,\r\nLiterature in English and\r\nMathematics.<\/span><\/p>","subjects":"Any three (3) Arts or Social Science subjects.","institutions_list":"CALABAR"},{"id":"4478","title":"LIBRARY & INFORMATION SCIENCE","de_requirements":"<div>\r\n\r\n<table>\r\n <tbody><tr>\r\n  <td>\r\n  <p><span>(i) Two (2) 'A'\r\n  Level passes in relevant subject plus the UTME requirements. <\/span><\/p>\r\n  <p><span>(ii) NCE merit\r\n  in relevant subjects.<\/span><\/p>\r\n  <\/td>\r\n <\/tr>\r\n<\/tbody><\/table>\r\n\r\n<\/div>","utme_requirements":"<div>\r\n\r\n<table>\r\n <tbody><tr>\r\n  <td>\r\n  <p><span>Five (5) SSC\r\n  credit passes in English Language, Mathematics and three (3) other relevant\r\n  Arts\/Sciences\/Social Sciences subjects.<\/span><\/p>\r\n  <\/td>\r\n <\/tr>\r\n<\/tbody><\/table>\r\n\r\n<\/div>","subjects":"Any three (3) subjects.","institutions_list":"CALABAR"},{"id":"4444","title":"LINGUISTICS","de_requirements":"<p><span>Two\r\n(2) \u2018A\u2019 Level passes or NCE to include any Language, preferably an African\r\nLanguage.<\/span><\/p>","utme_requirements":"<p><span>Five\r\n(5) SSC credit passes including English Language.<\/span><\/p>","subjects":"Any Language and two (2) other subjects.","institutions_list":"CALABAR"},{"id":"4447","title":"LINGUISTICS COMMUNICATION STUDIES","de_requirements":"<p><span>Two\r\n(2) \u2018A\u2019 Level passes or NCE to include any Language, preferably an African\r\nLanguage.<\/span><\/p>","utme_requirements":"<p><span>Five\r\n(5) SSC credit passes including English Language.<\/span><\/p>","subjects":"Any Language and two (2) other subjects.","institutions_list":"CALABAR"},{"id":"4403","title":"MARKETING","de_requirements":"<p>\r\n\r\n<\/p><div>\r\n\r\n<table>\r\n <tbody><tr>\r\n  <td>\r\n  <p><span>Two\r\n  (2)'A' Level passes including Economics.<\/span><\/p>\r\n  <\/td>\r\n <\/tr>\r\n<\/tbody><\/table>\r\n\r\n<\/div>\r\n\r\n","utme_requirements":"<p>\r\n\r\n<\/p><div>\r\n\r\n<table>\r\n <tbody><tr>\r\n  <td>\r\n  <p><span>Five\r\n  (5) SSC credit passes including English Language, Mathematics, Economics and\r\n  two (2) other relevant subjects.<\/span><\/p>\r\n  <\/td>\r\n <\/tr>\r\n<\/tbody><\/table>\r\n\r\n<\/div>\r\n\r\n","subjects":"Mathematics, Economics and any other Social Science subject","institutions_list":"CALABAR"},{"id":"23668","title":"MASS COMMUNICATION","de_requirements":"<p>\r\n\r\n<\/p><div>\r\n\r\n<table>\r\n <tbody><tr>\r\n  <td>\r\n  <p><span>Two (2) 'A' Level passes in Arts or\r\n  Social Science subjects.<\/span><\/p>\r\n  <\/td>\r\n <\/tr>\r\n<\/tbody><\/table>\r\n\r\n<\/div>\r\n\r\n","utme_requirements":"<p>\r\n\r\n<\/p><div>\r\n\r\n<table>\r\n <tbody><tr>\r\n  <td>\r\n  <p><span>Five (5) SSC credit passes in English\r\n  Language and four (4) other subjects in Arts or Social Sciences.<\/span><\/p>\r\n  <\/td>\r\n <\/tr>\r\n<\/tbody><\/table>\r\n\r\n<\/div>\r\n\r\n","subjects":"<p>\r\n\r\n<\/p><div>\r\n\r\n<table>\r\n <tbody><tr>\r\n  <td>\r\n  <p><span>Any three (3) from Arts or Social Science\r\n  subjects.<\/span><\/p>\r\n  <\/td>\r\n <\/tr>\r\n<\/tbody><\/table>\r\n\r\n<\/div>\r\n\r\n","institutions_list":"CALABAR"},{"id":"4453","title":"MATHEMATICS","de_requirements":"<p><span>) Two\r\n(2) 'A' Level passes in Mathematics and any other science subject.<\/span><\/p><p>\r\n\r\n<span>(ii)&nbsp;&nbsp;&nbsp;&nbsp;&nbsp;&nbsp;&nbsp;&nbsp;&nbsp;&nbsp; NCE merit in Mathematics and one (1)\r\nof Physics, Chemistry or Economics<\/span><br><\/p>","utme_requirements":"<p><span>Five (5) SSC credit passes including English Language, Mathematics and\r\nPhysics or Chemistry.<\/span><\/p>","subjects":"Mathematics and any two (2) of Physics, Chemistry and Economics or Geography.","institutions_list":"CALABAR"},{"id":"4464","title":"MATHEMATICS\/STATISTICS","de_requirements":"<p><span>i)&nbsp;&nbsp;&nbsp;&nbsp;&nbsp; Two\r\n(2) 'A' Level passes in Mathematics and either Physics or Chemistry<\/span><\/p><p>\r\n\r\n<span>(ii)&nbsp;&nbsp;&nbsp;&nbsp;&nbsp;&nbsp;&nbsp;&nbsp;&nbsp;&nbsp; NCE merit in Mathematics and either\r\nPhysics or Chemistry<\/span><br><\/p>","utme_requirements":"<p><span>Five (5) SSC credit passes to include English Language, Mathematics and\r\nat least three(3) of Physics, Chemistry, Biology and Additional\/Further\r\nMathematics.<\/span><\/p>","subjects":"Maths, Physics and Chemistry or Biology","institutions_list":"CALABAR"},{"id":"4414","title":"MEDICAL LABORATORY SCIENCE","de_requirements":"<p><span>'A' Level passes&nbsp;&nbsp; to include Physics, Chemistry and Biology or\r\nZoology<\/span><br><\/p>","utme_requirements":"<p><span>Five (5) SSC credit passes in English Language,\r\nMathematics, Physics, Chemistry and Biology<\/span><br><\/p>","subjects":"Physics, Chemistry and Biology","institutions_list":"CALABAR"},{"id":"4419","title":"MEDICINE & SURGERY","de_requirements":"<p><span>(i)\r\n'A' Level passes in Physics, Chemistry and Biology or Zoology in addition to the\r\nUTME requirements.<\/span><\/p><p>\r\n\r\n<\/p><p><span>(ii) BSC, BOS, etc in relevant programme.<\/span><\/p>","utme_requirements":"<p><span>Five\r\n(5) SSC credit passes in English Language, Mathematics, Physics, Chemistry and\r\nBiology.<\/span><\/p>","subjects":"Physics, Chemistry and Biology.","institutions_list":"CALABAR"},{"id":"4457","title":"MICROBIOLOGY","de_requirements":"<p><span>Two (2) 'A' Level passes in Chemistry and any one (1) from Biology,\r\nZoology or Botany.<\/span><\/p>","utme_requirements":"<p><span>Five (5) SSC credit passes in English Language, Mathematics, Chemistry,\r\nBiology and Physics.<\/span><\/p>","subjects":"Biology, Chemistry and either Physics or Mathematics.","institutions_list":"CALABAR"},{"id":"23665","title":"MUSIC","de_requirements":"<p>\r\n\r\n<\/p><p><span>Two\r\n(2) \u2018A\u2019 Level passes to include Music.<\/span><\/p>\r\n\r\n","utme_requirements":"<p>\r\n\r\n<\/p><p><span>Five (5) SSC credit passes including Music\r\nand English Language.<\/span><\/p>\r\n\r\n","subjects":"<p>\r\n\r\n<\/p><p><span>Music, one other Arts subject plus any\r\nother subject.<\/span><\/p>\r\n\r\n","institutions_list":"CALABAR"},{"id":"4416","title":"NURSING\/NURSING SCIENCE","de_requirements":"<table>\r\n <tbody><tr>\r\n  <td>\r\n  <p><span>(i)<span>&nbsp;&nbsp;&nbsp;&nbsp;&nbsp;&nbsp;&nbsp;&nbsp;&nbsp;&nbsp;&nbsp;&nbsp;&nbsp;\r\n  <\/span><\/span><span>'A' Level passes in any two (2) of Physics, Chemistry,\r\n  Biology and Mathematics<\/span><\/p>\r\n  <p><span>(ii)<span>&nbsp;&nbsp;&nbsp;&nbsp;&nbsp;&nbsp;&nbsp;&nbsp;&nbsp;&nbsp;&nbsp;\r\n  <\/span><\/span><span>ND Upper Credit in Prosthesis and Orthopaedic\r\n  Technology. <\/span><\/p>\r\n  <\/td>\r\n <\/tr>\r\n <tr>\r\n  <td>\r\n  <p><span>(i)<span>&nbsp;&nbsp;&nbsp;&nbsp;&nbsp;&nbsp;&nbsp;&nbsp;&nbsp;&nbsp;&nbsp;&nbsp;&nbsp;\r\n  <\/span><\/span><span>Two\r\n  (2) 'A' Level passes in Biology\/ Zoology, Chemistry and Physics plus &nbsp;three (3) other 'O' Level credit passes in\r\n  Mathematics, Physics and English Language.<\/span><span><\/span><\/p>\r\n  <p><span>(ii)<span>&nbsp;&nbsp;&nbsp;&nbsp;&nbsp;&nbsp;&nbsp;&nbsp;&nbsp;&nbsp;&nbsp;\r\n  <\/span><\/span><span>NRN\r\n  or its approved equivalent plus five (5) 'O' Level credit passes&nbsp; in English Language and four (4) Science\r\n  subjects chosen from Mathematics, Physics, Chemistry, Biology, Human Anatomy,\r\n  Physiology and Hygiene, Health Science, Further Mathematics and General\r\n  Science.<\/span><span><\/span><\/p>\r\n  <p><span><o>&nbsp;<\/o:p><\/span><\/p>\r\n  <\/td>\r\n <\/tr>\r\n<\/tbody><\/table>","utme_requirements":"<p><span>Five (5) SSC credit passes\r\nincluding English Language, Physics, Mathematics, Chemistry and Biology.<\/span><\/p>","subjects":"Chemistry, Biology and Physics.","institutions_list":"CALABAR"},{"id":"24236","title":"PEACE & CONFLICT STUDIES","de_requirements":"<p>\r\n\r\n<\/p><div>\r\n\r\n<table>\r\n <tbody><tr>\r\n  <td>\r\n  <p><span>Two (2) 'A' Level passes in Government\r\n  and one other Social Science subject<\/span><\/p>\r\n  <\/td>\r\n <\/tr>\r\n<\/tbody><\/table>\r\n\r\n<\/div>\r\n\r\n<p><\/p>","utme_requirements":"<p>\r\n\r\n<\/p><div>\r\n\r\n<table>\r\n <tbody><tr>\r\n  <td>\r\n  <p><span>Five (5) SSC credit passes<span>&nbsp; <\/span>including English Language Government or\r\n  History and at least a pass in Mathematics<\/span><\/p>\r\n  <\/td>\r\n <\/tr>\r\n<\/tbody><\/table>\r\n\r\n<\/div>\r\n\r\n<p><\/p>","subjects":"<p>\r\n\r\n<\/p><div>\r\n\r\n<table>\r\n <tbody><tr>\r\n  <td>\r\n  <p><span>Three (3) Arts or Social Science subjects<\/span><\/p>\r\n  <\/td>\r\n <\/tr>\r\n<\/tbody><\/table>\r\n\r\n<\/div>\r\n\r\n<p><\/p>","institutions_list":"CALABAR"},{"id":"23666","title":"PHARMACOLOGY","de_requirements":"<p>\r\n\r\n<\/p><p><span>Two (2) 'A' Level passes in any of Physics, Chemistry and Biology\r\nplus UTME entry requirements.<\/span><\/p>\r\n\r\n","utme_requirements":"<p>\r\n\r\n<\/p><p><span>Five (5) SSC credit passes in English Language, Maths, Physics,\r\nChemistry. &amp; Biology.<\/span><\/p>\r\n\r\n","subjects":"<p>\r\n\r\n<\/p><p><span>Physics, Chemistry and Biology.<\/span><\/p>\r\n\r\n","institutions_list":"CALABAR"},{"id":"4451","title":"PHILOSOPHY","de_requirements":"<p><span>Any\r\ntwo (2) \u2018A\u2019 Level passes.<\/span><\/p>","utme_requirements":"<p><span>Five\r\n(5) SSC credit passes to include English Language and four (4) other relevant\r\nsubjects.<\/span><\/p>","subjects":"Any three (3) subjects.","institutions_list":"CALABAR"},{"id":"4434","title":"PHYSICAL & HEALTH EDUCATION","de_requirements":"<div>\r\n\r\n<table>\r\n <tbody><tr>\r\n  <td>\r\n  <p><span>(i)&nbsp; Two (2) 'A' Level passes in any of Biology,\r\n  Chemistry, Physics and Mathematics.<\/span><\/p>\r\n  <p><span>&nbsp;<\/span><\/p>\r\n  <p><span>(ii)&nbsp; NCE merit in Physical Education and credit\r\n  in Arithmetical process or Mathematics.<\/span><\/p>\r\n  <p><span>&nbsp;<\/span><\/p>\r\n  <p><span>(iii)&nbsp; Diploma in Health Education, Environmental Sanitation,\r\n  Physical Education, Social work, Health Administration with overall grades of\r\n  merit plus three (3) 'O' Level credit passes\/TC II merit which should include\r\n  English Language.<\/span><\/p>\r\n  <p><span><o>&nbsp;<\/o:p><\/span><\/p>\r\n  <p><span>(iv) NCE in\r\n  Biology, Health Education, and Integrated Science with a pass grade plus two\r\n  (2) 'O' Level credit passes\/TC II merit passes.<\/span><\/p>\r\n  <p><span><o>&nbsp;<\/o:p><\/span><\/p>\r\n  <p><span>(v)&nbsp;&nbsp;&nbsp; Registered Nurse plus five (5) 'O' Level credit\r\n  passes to include English Language.<\/span><\/p>\r\n  <\/td>\r\n <\/tr>\r\n<\/tbody><\/table>\r\n\r\n<\/div>","utme_requirements":"<div>\r\n\r\n<table>\r\n <tbody><tr>\r\n  <td>\r\n  <p><span>i) Five (5) SSC\r\n  credit passes\/TC II merit passes including&nbsp;&nbsp;&nbsp;&nbsp;\r\n  English Language, Biology or its equivalent.<\/span><\/p>\r\n  <p><span>&nbsp;<\/span><\/p>\r\n  <p><span>ii) Five (5) SSC\r\n  credit passes\/TC II merit passes to include English Language and Mathematics.<\/span><\/p>\r\n  <\/td>\r\n <\/tr>\r\n<\/tbody><\/table>\r\n\r\n<\/div>","subjects":"Biology and any two (2) relevant subjects.","institutions_list":"CALABAR"},{"id":"4426","title":"PHYSICS","de_requirements":"<p><span>NCE\/Two (2) 'A' Level passes in Physics and Mathematics or Chemistry.<\/span><\/p>","utme_requirements":"<p><span>Five (5) SSC credit passes in English Language, Physics, Chemistry,\r\nMathematics and any other Science subject from Further Mathematics and Biology\r\nor Agricultural Science.<\/span><\/p>","subjects":"Physics, Mathematics and Chemistry or Biology.","institutions_list":"CALABAR"},{"id":"4461","title":"POLICY & ADMINISTRATIVE STUDIES","de_requirements":"<p><span>Two 2 'A' Level passes in Social Sciences including Geography and Economics.<\/span><\/p>","utme_requirements":"<p><span>Five (5) SSC credits passes including English Language Government and a pass in Mathematics 'O' Level<\/span><span><\/span><\/p>","subjects":"Government and any other two (2) from the following Economics, Geography, History Accounting, Commerce","institutions_list":"CALABAR"},{"id":"4468","title":"POLITICAL SCIENCE","de_requirements":"<p><span>Two (2) 'A' Level passes including Government or History.<\/span><span><\/span><\/p>","utme_requirements":"<p><span>Five (5) SSC credit passes in Government or History, English Language and three (3) other subjects. &nbsp;A pass in Mathematics is required.<\/span><span><\/span><\/p>","subjects":"Government or History plus two (2) other Social Science\/Arts subjects.","institutions_list":"CALABAR"},{"id":"4402","title":"PUBLIC ADMINISTRATION","de_requirements":"<p>\r\n\r\n<\/p><div>\r\n\r\n<table>\r\n <tbody><tr>\r\n  <td>\r\n  <p><span>Two\r\n  (2)'A' Level passes including Economics.<\/span><\/p>\r\n  <\/td>\r\n <\/tr>\r\n<\/tbody><\/table>\r\n\r\n<\/div>\r\n\r\n","utme_requirements":"<p>\r\n\r\n<\/p><div>\r\n\r\n<table>\r\n <tbody><tr>\r\n  <td>\r\n  <p><span>Five\r\n  (5) SSC credit passes including English Language, Mathematics, Economics and\r\n  two (2) other relevant subjects.<\/span><\/p>\r\n  <\/td>\r\n <\/tr>\r\n<\/tbody><\/table>\r\n\r\n<\/div>\r\n\r\n","subjects":"Mathematics, Economics and any other Social Science subject","institutions_list":"CALABAR"},{"id":"4417","title":"PUBLIC HEALTH TECHNOLOGY","de_requirements":"<table>\r\n <tbody><tr>\r\n  <td>\r\n  <p><span>(i)<span>&nbsp;&nbsp;&nbsp;&nbsp;&nbsp;&nbsp;&nbsp;&nbsp;&nbsp;&nbsp;&nbsp;&nbsp;&nbsp;\r\n  <\/span><\/span><span>'A' Level passes in any two (2) of Physics, Chemistry,\r\n  Biology and Mathematics<\/span><\/p>\r\n  <p><span>(ii)<span>&nbsp;&nbsp;&nbsp;&nbsp;&nbsp;&nbsp;&nbsp;&nbsp;&nbsp;&nbsp;&nbsp;\r\n  <\/span><\/span><span>ND Upper Credit in Prosthesis and Orthopaedic\r\n  Technology. <\/span><\/p>\r\n  <\/td>\r\n <\/tr>\r\n <tr>\r\n  <td>\r\n  <p><span>(i)<span>&nbsp;&nbsp;&nbsp;&nbsp;&nbsp;&nbsp;&nbsp;&nbsp;&nbsp;&nbsp;&nbsp;&nbsp;&nbsp;\r\n  <\/span><\/span><span>Two\r\n  (2) 'A' Level passes in Biology\/ Zoology, Chemistry and Physics plus &nbsp;three (3) other 'O' Level credit passes in\r\n  Mathematics, Physics and English Language.<\/span><span><\/span><\/p>\r\n  <p><span>(ii)<span>&nbsp;&nbsp;&nbsp;&nbsp;&nbsp;&nbsp;&nbsp;&nbsp;&nbsp;&nbsp;&nbsp;\r\n  <\/span><\/span><span>NRN\r\n  or its approved equivalent plus five (5) 'O' Level credit passes&nbsp; in English Language and four (4) Science\r\n  subjects chosen from Mathematics, Physics, Chemistry, Biology, Human Anatomy,\r\n  Physiology and Hygiene, Health Science, Further Mathematics and General\r\n  Science.<\/span><span><\/span><\/p>\r\n  <p><span><o>&nbsp;<\/o:p><\/span><\/p>\r\n  <\/td>\r\n <\/tr>\r\n<\/tbody><\/table>","utme_requirements":"<p><span>Five (5) SSC credit passes\r\nincluding English Language, Physics, Mathematics, Chemistry and Biology.<\/span><\/p>","subjects":"Chemistry, Biology and Physics.","institutions_list":"CALABAR"},{"id":"4437","title":"PURE CHEMISTRY","de_requirements":"<p><span>(i)&nbsp; Two (2) 'A' Level passes in Chemistry and any\r\none (1) of Physics, Mathematics or Biology.<\/span><\/p><p><span><o>&nbsp;<\/o:p><\/span><\/p><p>\r\n\r\n\r\n\r\n<\/p><p><span>(ii)&nbsp;&nbsp; ND\/NCE\r\nwith good grades in relevant 'O' Level subjects.<\/span><\/p>","utme_requirements":"<p><span>Five (5) SSC credit passes in English Language, Mathematics, Physics,\r\nChemistry and Biology.<\/span><\/p>","subjects":"Chemistry and two (2) of Physics, Biology and Mathematics.","institutions_list":"CALABAR"},{"id":"4421","title":"RADIOGRAPHY","de_requirements":"<p><span>(i)&nbsp;&nbsp;&nbsp;&nbsp; Two (2) 'A' Level passes chosen from Physics, Chemistry and\r\nBiology.<\/span><\/p>","utme_requirements":"<p><span>Five (5) SSC credit passes in English Language, Mathematics,\r\nBiology, Physics and Chemistry.<\/span><\/p>","subjects":"Physics, Chemistry and Biology.","institutions_list":"CALABAR"},{"id":"4452","title":"RELIGIOUS STUDIES","de_requirements":"<p><span>Two (2) \u2018A\u2019 Level subjects to include Religious Studies\r\n(CRS\/IRS).<\/span><\/p>","utme_requirements":"<p><span>Five (5) SSC credit passes to include English Language and\r\nCRS\/IRS.<\/span><\/p>","subjects":"CRS\/IRS and any other two (2) subjects.","institutions_list":"CALABAR"},{"id":"4459","title":"SCIENCE LABORATORY TECHNOLOGY","de_requirements":"<p><span>Two (2) 'A' Level passes in Chemistry and any one (1) from Biology,\r\nZoology or Botany.<\/span><\/p>","utme_requirements":"<p><span>Five (5) SSC credit passes in English Language, Mathematics, Chemistry,\r\nBiology and Physics.<\/span><\/p>","subjects":"Biology, Chemistry and either Physics or Mathematics.","institutions_list":"CALABAR"},{"id":"4471","title":"SOCIAL WORK","de_requirements":"<p><span>Two (2) 'A' Level passes in any subjects<\/span><\/p>","utme_requirements":"<p><span>Five (5) SSC credits including English Language and Mathematics.<\/span><span><\/span><\/p>","subjects":"Mathematics, Economics\/Geography and any other subject","institutions_list":"CALABAR"},{"id":"4472","title":"SOCIOLOGY","de_requirements":"<p><span>Two (2) 'A' Level passes including Government or History.<\/span>&nbsp;&nbsp;&nbsp;&nbsp;<span><\/span><\/p>","utme_requirements":"<p><span>Five (5) SSC credit passes in Government or History, English Language and three (3) other subjects. &nbsp;A pass in Mathematics is required.<\/span><span><\/span><\/p>","subjects":"Three (3) Social Science or Arts subjects.","institutions_list":"CALABAR"},{"id":"4449","title":"SOIL SCIENCE","de_requirements":"<p><span>Two (2) \u2018A\u2019 Level passes in Chemistry and\r\none of Zoology\/Botany\/Agric Science\/Biology, Geography, Mathematics, Physics,\r\nGeology, Economics and Health Science.<\/span><\/p><p>\r\n\r\n<\/p><p><span>&nbsp;<\/span><\/p>","utme_requirements":"<p><span>Five (5) SSC credit passes in English Language\r\nMathematics, Chemistry, Biology\/Agricultural Science and any other Science\r\nsubject.<\/span><\/p><p><span>&nbsp;<\/span><\/p><p>\r\n\r\n\r\n\r\n<\/p><p><span>&nbsp;<\/span><\/p>","subjects":"Chemistry, Biology or Agricultural Science plus Mathematics or Physics.","institutions_list":"CALABAR"},{"id":"4480","title":"SPECIAL EDUCATION","de_requirements":"<div>\r\n\r\n<table>\r\n <tbody><tr>\r\n  <td>\r\n  <p><span>(i) Two (2) 'A'\r\n  Level passes in Arts or Social Science subjects.<b><\/b><\/span><\/p>\r\n  <p><span>(ii) NCE merit\r\n  in Arts or Social Science subjects.<b><\/b><\/span><\/p>\r\n  <\/td>\r\n <\/tr>\r\n<\/tbody><\/table>\r\n\r\n<\/div>","utme_requirements":"<div>\r\n\r\n<table>\r\n <tbody><tr>\r\n  <td>\r\n  <p><span>Five (5) 'O'\r\n  Level credit passes including English Language.<b><\/b><\/span><\/p>\r\n  <\/td>\r\n <\/tr>\r\n<\/tbody><\/table>\r\n\r\n<\/div>","subjects":"Any three (3) Subjects","institutions_list":"CALABAR"},{"id":"4442","title":"STATISTICS","de_requirements":"<p><span>Two (2) 'A' Level passes to include Mathematics or Statistics.<\/span><\/p><p>\r\n\r\n<\/p><p><span>NCE credit in relevant subjects.<\/span><\/p>","utme_requirements":"<p><span>Five (5) SSC credit passes to include English Language, Mathematics and\r\nat least three (3) subjects from Physics, Statistics, Chemistry, Further Mathematics,\r\nEconomics and Geography.<\/span><\/p>","subjects":"Mathematics and any two (2) of Physics, Chemistry and Economics.","institutions_list":"CALABAR"},{"id":"24238","title":"SURVEYING & GEOINFORMATICS","de_requirements":"<p>\r\n\r\n<\/p><p><span>(i) Two (2) 'A' Level\r\npasses chosen from Mathematics or Physics and Chemistry, Geography or Fine\r\nArts.<\/span><\/p>\r\n\r\n<span>(ii)\r\nND\/HND upper credits in relevant field.<\/span><p><\/p>","utme_requirements":"<p>\r\n\r\n<\/p><p><span>Five (5) SSC credit\r\npasses in English Language, Mathematics, Physics, Chemistry and any of Fine\r\nArt, Geography or Wood Work, Biology, Economics, Technical Drawing, Further.\r\nMathematics., Introduction to Building Construction, Bricklaying\/Block laying,\r\nConcreting, Wall, Floors and Ceiling Finishing, Joinery, Carpentary, Decorative\r\nPainting, Lining, Sign and Design, Wall Hanging, Colour Mixing\/Matching and\r\nGlazing, Ceramics, Graphics Design, Graphic Printing, Basic Electricity.<\/span><\/p>\r\n\r\n<p><\/p>","subjects":"<p>\r\n\r\n<\/p><p><span>Physics, Mathematics,\r\nand any of Chemistry, Geography, Art, Biology and Economics.<\/span><\/p>\r\n\r\n<p><\/p>","institutions_list":"CALABAR"},{"id":"4466","title":"TEACHER EDUCATION SCIENCE:","de_requirements":"<div>\r\n\r\n<table>\r\n <tbody><tr>\r\n  <td>\r\n  <p><span>(i)&nbsp; Two (2) 'A' Level passes in relevant\r\n  teaching subjects including Literature in English.<\/span><\/p>\r\n  <p><span>(ii)&nbsp; NCE\r\n  credit or merit in two(2)relevant subjects.<\/span><\/p>\r\n  <\/td>\r\n <\/tr>\r\n<\/tbody><\/table>\r\n\r\n<\/div>","utme_requirements":"<div>\r\n\r\n<table>\r\n <tbody><tr>\r\n  <td>\r\n  <p><span>Five (5) 'O'\r\n  Level credit passes to include English Language and Literature in English plus\r\n  three (3) other Arts or Social Science subjects.<\/span><\/p>\r\n  <\/td>\r\n <\/tr>\r\n<\/tbody><\/table>\r\n\r\n<\/div>","subjects":"Literature in English and one (1) Art and any other subject.","institutions_list":"CALABAR"},{"id":"4450","title":"TECHNOLOGY AND VOCATIONAL EDUCATION","de_requirements":"<div>\r\n\r\n<table>\r\n <tbody><tr>\r\n  <td>\r\n  <p><span>(i)&nbsp;&nbsp;&nbsp;&nbsp; NCE merit in two (2) relevant Science\r\n  subjects plus the UTME requirements.<\/span><\/p>\r\n  <p><span><o>&nbsp;<\/o:p><\/span><\/p>\r\n  <p><span>(ii)&nbsp;&nbsp;&nbsp; Two 'A' Level passes in Physics,\r\n  Mathematics and Chemistry.<\/span><\/p>\r\n  <\/td>\r\n <\/tr>\r\n<\/tbody><\/table>\r\n\r\n<\/div>","utme_requirements":"<div>\r\n\r\n<table>\r\n <tbody><tr>\r\n  <td>\r\n  <p><span>Five (5) 'O'\r\n  Level credit passes in relevant subjects which must include English Language\r\n  and Mathematics or NTC\/NBC.<\/span><\/p>\r\n  <\/td>\r\n <\/tr>\r\n<\/tbody><\/table>\r\n\r\n<\/div>","subjects":" Physics, Mathematics, Chemistry.","institutions_list":"CALABAR"},{"id":"4427","title":"THEATRE ARTS","de_requirements":"<p><span>Two\r\n(2) \u2018A\u2019 Level passes in Arts, Social Sciences or Science subjects.<\/span><\/p>","utme_requirements":"<p><span>Five\r\n(5) SSC credit passes to include English Language and Arts subjects.<\/span><\/p>","subjects":"Literature in English and two (2) other relevant subjects.","institutions_list":"CALABAR"},{"id":"4470","title":"TOURISM STUDIES","de_requirements":"<p>.<br><\/p>","utme_requirements":"<p><span>Five (5) SSC credit passes in English Language, Geography and any three (3) from Arts or Social Science subjects with 'O' Level pass in Mathematics.<\/span><\/p>","subjects":"Geography and any two (2) other Arts or Social Science subjects.","institutions_list":"CALABAR"},{"id":"24239","title":"URBAN & REGIONAL PLANNING","de_requirements":"<p>\r\n\r\n<\/p><p><span><span>(i)<span>&nbsp;&nbsp;&nbsp;&nbsp;&nbsp;\r\n<\/span><\/span><\/span><span>Two (2) A\u2019 LEVEL passes in Geography and Mathematics<\/span><\/p>\r\n\r\n<p><span><span>(ii)<span>&nbsp;&nbsp;&nbsp;&nbsp; <\/span><\/span><\/span><span>ND\/HND upper credit in Town Planning or\r\nrelated programmes plus UTME requirements are accepted.<\/span><\/p>\r\n\r\n<p><\/p>","utme_requirements":"<p>\r\n\r\n<\/p><p><span>Five (5) SSC credit passes in English\r\nLanguage, Mathematics, Geography, and any two (2) of Physics, Chemistry, Economics,\r\nGovernment, Biology, Art, History, IRK\/CRK, Social Studies and Tech Drawing.<\/span><\/p>\r\n\r\n<p><\/p>","subjects":"<p>\r\n\r\n<\/p><p><span>Mathematics, Geography and one of\r\nEconomics, Physics, Chemistry.<\/span><\/p>\r\n\r\n<p><\/p>","institutions_list":"CALABAR"},{"id":"4448","title":"ZOOLOGY","de_requirements":"<p><span>Two (2) 'A' Level passes or NCE in Biology, Zoology or Botany and one\r\nother Science subject<\/span><\/p>","utme_requirements":"<p><span>Five (5) SSC credit passes in English Language, Mathematics, Biology and\r\ntwo (2) other Science subject.<\/span><\/p>","subjects":"Biology and any two (2) of Physics, Chemistry and Mathematics.","institutions_list":"CALABAR"}]