[{"id":"4615","title":"ACCOUNTING","de_requirements":"<p><span>Two (2) \u2018A\u2019 Level passes chosen from Economics, Accounting,\r\nBusiness Management, Government and Geography.<\/span><\/p>","utme_requirements":"<p><span>Five (5) SSC credit passes including\r\nEnglish Language, Mathematics, Economics and any other two (2) other subjects.<\/span><\/p><p>\r\n\r\n<\/p><p><span>For\r\nNBC holders, the other two (2) relevant subjects could be from any of Principles\r\nof Accounts, Commerce, Office Practice and Secretarial Duties.?<\/span><\/p>","subjects":"Mathematics, Economics plus any Social Science subject.","institutions_list":"CARITAS"},{"id":"4632","title":"ARCHITECTURE","de_requirements":"<p><span>(i)<span>&nbsp;&nbsp;&nbsp;&nbsp;&nbsp;&nbsp;\r\n<\/span><\/span><span>Two (2) 'A' Level\r\npasses chosen from Mathematics or Physics and Chemistry, Geography or Fine\r\nArts.<\/span><\/p><p>\r\n\r\n<span>ND\/HND\r\nupper credits in relevant field.<\/span><br><\/p>","utme_requirements":"<table>\r\n <tbody><tr>\r\n  <td>\r\n  <p><span>Five (5) SSC credit passes in English\r\n  Language, Mathematics, Physics, Chemistry and any of Fine Art, Geography or\r\n  Wood Work, Biology, Economics, Technical Drawing, Further. Mathematics.,\r\n  Introduction to Building Construction, Bricklaying\/Block laying, Concreting,\r\n  Wall, Floors and Ceiling Finishing, Joinery, Carpentary, Decorative Painting,\r\n  Lining, Sign and Design, Wall Hanging, Colour Mixing\/Matching and Glazing,\r\n  Ceramics, Graphics Design, Graphic Printing, Basic Electricity.<\/span><\/p>\r\n  <p><span>&nbsp;<\/span><\/p>\r\n  <\/td>\r\n <\/tr>\r\n<\/tbody><\/table>","subjects":"Physics, Mathematics, and any of Chemistry, Geography, Art, Biology and Economics.","institutions_list":"CARITAS"},{"id":"4616","title":"BANKING & FINANCE","de_requirements":"<p><span>Two (2) 'A' Level passes\r\nchosen from Accounting, Economics, Management, Mathematics, Geography and\r\nStatistics.<\/span><\/p>","utme_requirements":"<p><span>Five (5) SSC credit\r\npasses to include: English Language, Mathematics and any other subjects. For\r\nNBC, the other two (2) relevant subjects could be from any of the following;\r\nAccounting, Principles of Accounts, Commerce, Office Practice and Economics.&nbsp;<\/span><\/p>","subjects":"Mathematics, Economics, plus any one (1) of Government and Geography.","institutions_list":"CARITAS"},{"id":"4620","title":"BIOCHEMISTRY","de_requirements":"<p><span>Two (2) 'A' Level passes chosen from Chemistry, Mathematics, Physics and\r\nBiology.<\/span><\/p><p><span><o>&nbsp;<\/o:p><\/span><\/p><p>\r\n\r\n\r\n\r\n<\/p><p><span>NCE\/ND\/HND in related programmes plus the UTME requirements.<\/span><\/p>","utme_requirements":"<p><span>Five (5) SSC credit passes in English Language, Chemistry, Mathematics,\r\nPhysics and Biology.<\/span><\/p>","subjects":"Biology, Chemistry and Physics or Mathematics.","institutions_list":"CARITAS"},{"id":"4617","title":"BUSINESS ADMINISTRATION","de_requirements":"<p><span>Two (2) \u2018A\u2019 Level passes chosen from Economics, Accounts,\r\nBusiness Management, Government, Geography or Statistics.<\/span><\/p>","utme_requirements":"<p><span>Five (5) SSC credit passes including English Language,\r\nMathematics, Economics, plus any two (2) of Accounting, Business Methods,\r\nCommerce, Government, Geography, and Statistics.<\/span><br><\/p>","subjects":"Mathematics, Economics and one (1) other subject.","institutions_list":"CARITAS"},{"id":"4618","title":"CHEMICAL ENGINEERING","de_requirements":"'A' Level passes in Physics, Chemistry and Mathematics.","utme_requirements":"Five (5) SSC credit passes to include Physics, Chemistry, Mathematics and English Language and any other Science subject.","subjects":"Mathematics, Physics and Chemistry.","institutions_list":"CARITAS"},{"id":"4634","title":"COMPUTER ENGINEERING","de_requirements":"<p><span>Three (3) 'A' Level passes in Pure Mathematics or Pure and Applied Mathematics, Chemistry and Physics.<\/span><br><\/p>","utme_requirements":"<p>Five (5) SSC credit passes to include Mathematics, Further Mathematics, Chemistry, Physics and&nbsp;<\/p><p>English Language.<\/p>","subjects":"\r\nMathematics, Physics and Chemistry.","institutions_list":"CARITAS"},{"id":"4625","title":"COMPUTER SCIENCE","de_requirements":"<p><span>)&nbsp;&nbsp;&nbsp;&nbsp;&nbsp;&nbsp; Two (2) 'A' Level passes in\r\nscience subjects including Mathematics<\/span><\/p><p><span><o>&nbsp;<\/o:p><\/span><\/p><p>\r\n\r\n\r\n\r\n<\/p><p><span>(ii)&nbsp;&nbsp; NCE merit in Mathematics and\r\none (1) other Science or Social Science subject.<\/span><\/p>","utme_requirements":"<p><span>Five (5) SSC credit passes to include English Language, Mathematics,\r\nPhysics plus two (2) other Science subjects.<\/span><\/p>","subjects":"Mathematics, Physics and one (1) of Biology, Chemistry, Agric Science, Economics and Geography.","institutions_list":"CARITAS"},{"id":"4619","title":"ECONOMICS","de_requirements":"<p>\r\n\r\n<\/p><div>\r\n\r\n<table>\r\n <tbody><tr>\r\n  <td>\r\n  <p><span>Two (2)'A' Level passes in Economics and any one of\r\n  Mathematics, Statistics, Geography, Physics, Chemistry, Agricultural Science,\r\n  Accounting, Business Management, History and Government.<\/span><\/p>\r\n  <\/td>\r\n <\/tr>\r\n<\/tbody><\/table>\r\n\r\n<\/div>\r\n\r\n","utme_requirements":"<p>\r\n\r\n<\/p><div>\r\n\r\n<table>\r\n <tbody><tr>\r\n  <td>\r\n  <p><span>Five\r\n  (5)SSC credit passes in English Language, Mathematics, Economics and any two\r\n  (2) of Arts or Social Science subjects.<\/span><\/p>\r\n  <\/td>\r\n <\/tr>\r\n<\/tbody><\/table>\r\n\r\n<\/div>\r\n\r\n","subjects":"Economics, Mathematics and any of Government, History, Geography, Literature in English, French and Christian Religious Studies\/Islamic Studies.\t","institutions_list":"CARITAS"},{"id":"4636","title":"ELECTRICAL \/ELECTRONICS ENGINEERING","de_requirements":"<p><span>Two (2) 'A' Level passes in Mathematics, Physics or Chemistry<\/span><\/p>","utme_requirements":"<p><span>Five (5) SSC credit passes to include Mathematics, Physics,\r\nChemistry, English Language and any other Science subject.<\/span><\/p>","subjects":"Mathematics, Physics and Chemistry","institutions_list":"CARITAS"},{"id":"4621","title":"ENGLISH LANGUAGE","de_requirements":"<p><span>Two\r\n(2) \u2018A\u2019 Level passes to include Literature in English and one other Arts\r\nsubject.<\/span><\/p>","utme_requirements":"<p><span>Five\r\n(5) SSC credit passes to include Literature in English, English Language and\r\nthree other Arts or Social Science subjects.<\/span><\/p>","subjects":"Literature in English, one other Arts subject and another Arts or Social Science subject.","institutions_list":"CARITAS"},{"id":"4637","title":"ESTATE MANAGEMENT","de_requirements":"<p><span>Two (2) \u2018A\u2019 Level\r\npasses in Mathematics, Economics, Geography, Biology and Physics.<\/span><\/p><p>\r\n\r\n<\/p><p><span><o>&nbsp;<\/o:p><\/span><\/p>","utme_requirements":"<p><span>Five (5) SSCE credit\r\npasses including Chemistry, Mathematics and English Language.<\/span><\/p><p>\r\n\r\n<\/p><p><span><o>&nbsp;<\/o:p><\/span><\/p>","subjects":"Mathematics, Economics and one other subject\r\n\r\n","institutions_list":"CARITAS"},{"id":"4622","title":"INDUSTRIAL CHEMISTRY","de_requirements":"<p><span>(i)&nbsp;&nbsp;&nbsp; Two\r\n(2) 'A' Level passes in Chemistry and Mathematics<\/span><\/p><p>\r\n\r\n<\/p><p><span>(ii)&nbsp;&nbsp; ND\r\nin Science Technology or ND in relevant programmes with the UTME requirements.<\/span><\/p>","utme_requirements":"<p><span>Five (5) SSC credit passes in English Language, Mathematics, Chemistry,\r\nPhysics and Biology\/Agricultural Science.<\/span><\/p>","subjects":"Chemistry, Mathematics and any of Physics\/Biology\/ Agricultural Science.","institutions_list":"CARITAS"},{"id":"4629","title":"INDUSTRIAL RELATIONS & PERSONNEL MANAGEMENT","de_requirements":"<p><span>Two (2) 'A' Level passes chosen from Economics, Accounting, Business\r\nManagement, Government, Geography and Statistics.<\/span><\/p>","utme_requirements":"<p><span>Five (5) SSC\r\ncredit passes including English Language, Mathematics, Economics plus any two\r\n(2) subjects listed under the Direct Entry column.<\/span><\/p>","subjects":"Mathematics, Economics plus one (1) other subject.","institutions_list":"CARITAS"},{"id":"4631","title":"MARKETING","de_requirements":"<p><span>Two (2) \u2018A\u2019 Level passes chosen from Accounting, Management,\r\nGovernment and Geography.<\/span><\/p>","utme_requirements":"<p><span>Five (5) SSC credit passes including English Language, Mathematics\r\nand any three (3) relevant subjects.<\/span><\/p>","subjects":"Mathematics, Economics plus one (1) other subject.","institutions_list":"CARITAS"},{"id":"4630","title":"MASS COMMUNICATION","de_requirements":"<p><span>Two (2) \u2018A\u2019 Level passes in Literature in English,\r\nEconomics or Government.<\/span><br><\/p>","utme_requirements":"<p><span>Five (5) SSC credit passes to include\r\nEnglish Language, Literature in English and Government plus a pass in\r\nMathematics.<\/span><\/p>","subjects":"Literature in English, Economics and Government.","institutions_list":"CARITAS"},{"id":"4624","title":"MATHEMATICS WITH STATISTICS","de_requirements":"<p><span>)&nbsp;&nbsp;&nbsp;&nbsp;&nbsp;&nbsp; Two\r\n(2) 'A' Level passes in Mathematics and either Physics or Chemistry<\/span><\/p><p>\r\n\r\n<span>(ii)&nbsp;&nbsp;&nbsp;&nbsp;&nbsp;&nbsp;&nbsp;&nbsp;&nbsp;&nbsp; NCE merit in Mathematics and either\r\nPhysics or Chemistry<\/span><br><\/p>","utme_requirements":"<p><span>Five (5) SSC credit passes to include English Language, Mathematics and\r\nat least three(3) of Physics, Chemistry, Biology and Additional\/Further\r\nMathematics.<\/span><\/p>","subjects":"Maths, Physics and Chemistry or Biology","institutions_list":"CARITAS"},{"id":"4638","title":"MECHANICAL ENGINEERING","de_requirements":"<p><span>(i)<span>&nbsp;&nbsp;&nbsp;&nbsp;&nbsp;&nbsp;&nbsp;\r\n<\/span><\/span><span>Two\r\n(2) 'A' Level passes from Chemistry, Physics and Mathematics.<\/span><\/p><p>\r\n\r\n<\/p><p><span>(ii)<span>&nbsp;&nbsp;&nbsp;&nbsp;&nbsp;&nbsp;\r\n<\/span><\/span><span>ND\r\nupper credit, NCE technical and HND in Mech. Engineering.<\/span><\/p>","utme_requirements":"<p><span>Five (5) SSC\r\ncredit passes to include Physics, Chemistry, Mathematics, English Language and\r\nany other Science subject.<\/span><\/p>","subjects":"Mathematics, Physics and Chemistry.","institutions_list":"CARITAS"},{"id":"29658","title":"MEDICAL LABORATORY SCIENCE","de_requirements":"","utme_requirements":"","subjects":"","institutions_list":"CARITAS"},{"id":"4623","title":"MICROBIOLOGY","de_requirements":"<p><span>Two (2) 'A' Level passes in Chemistry and any one (1) from Biology,\r\nZoology or Botany.<\/span><\/p>","utme_requirements":"<p><span>Five (5) SSC credit passes in English Language, Mathematics, Chemistry,\r\nBiology and Physics.<\/span><\/p>","subjects":"Biology, Chemistry and either Physics or Mathematics.","institutions_list":"CARITAS"},{"id":"29657","title":"NURSING SCIENCE","de_requirements":"","utme_requirements":"","subjects":"","institutions_list":"CARITAS"},{"id":"4626","title":"POLITICAL SCIENCE","de_requirements":"<p><span>Two (2) 'A' Level passes including Government or History.<\/span><span><\/span><\/p>","utme_requirements":"<p><span>Five (5) SSC credit passes in Government or History, English Language and three (3) other subjects. &nbsp;A pass in Mathematics is required.<\/span><span><\/span><\/p>","subjects":"Government or History plus two (2) other Social Science\/Arts subjects.","institutions_list":"CARITAS"},{"id":"4627","title":"PSYCHOLOGY","de_requirements":"<p><span>Two (2) 'A' Level passes including Government or History.<\/span><\/p>","utme_requirements":"<p><span>Five (5) SSC credit passes in Government or History, English Language and three (3) other subjects. &nbsp;A pass in Mathematics is required.<\/span><\/p>","subjects":"Any three (3) subjects from Arts or Social Science","institutions_list":"CARITAS"},{"id":"4633","title":"PUBLIC ADMINISTRATION","de_requirements":"<p><span>Two (2) \u2018A\u2019 Level passes chosen from\r\nEconomics, Accounting, Business Management, Government, Geography and\r\nStatistics.<\/span><\/p>","utme_requirements":"<p><span>Five\r\n(5) SSC credit passes to include English Language,&nbsp;&nbsp;&nbsp;&nbsp;&nbsp;&nbsp;&nbsp;&nbsp;&nbsp;&nbsp;&nbsp;&nbsp;&nbsp;&nbsp; <\/span><\/p><p>\r\n\r\n<span>Economics and Government.\r\nFor NBC holders, the&nbsp;&nbsp;&nbsp;&nbsp;&nbsp;&nbsp;&nbsp;&nbsp;&nbsp;&nbsp;&nbsp;&nbsp;&nbsp;&nbsp;&nbsp;&nbsp;&nbsp;&nbsp;&nbsp;&nbsp;&nbsp;&nbsp;&nbsp;&nbsp;&nbsp;&nbsp;&nbsp;&nbsp;\r\nother relevant&nbsp;&nbsp;&nbsp;&nbsp;&nbsp;&nbsp;&nbsp;&nbsp;&nbsp;&nbsp;&nbsp;&nbsp;&nbsp;&nbsp;&nbsp;&nbsp;&nbsp;&nbsp;&nbsp;&nbsp;&nbsp;&nbsp;&nbsp;&nbsp;&nbsp;&nbsp;&nbsp;&nbsp; subjects could\r\nbe&nbsp;&nbsp;&nbsp;&nbsp;&nbsp;&nbsp;&nbsp;&nbsp;&nbsp;&nbsp;&nbsp;&nbsp;&nbsp;&nbsp;&nbsp;&nbsp;&nbsp;&nbsp;&nbsp;&nbsp;&nbsp;&nbsp;&nbsp;&nbsp;&nbsp;&nbsp;&nbsp;&nbsp; from any\r\nof the&nbsp;&nbsp;&nbsp;&nbsp;&nbsp;&nbsp;&nbsp;&nbsp;&nbsp;&nbsp;&nbsp;&nbsp;&nbsp;&nbsp;&nbsp;&nbsp;&nbsp;&nbsp;&nbsp;&nbsp;&nbsp;&nbsp;&nbsp;&nbsp;&nbsp;&nbsp;&nbsp;&nbsp;\r\nfollowing:&nbsp; Accounting, Principles\r\nof Accounts,&nbsp;&nbsp;&nbsp;&nbsp;&nbsp;&nbsp;&nbsp;&nbsp;&nbsp;&nbsp;&nbsp;&nbsp;&nbsp; &nbsp;&nbsp;&nbsp;&nbsp;&nbsp;&nbsp;&nbsp;&nbsp;&nbsp;&nbsp;&nbsp;&nbsp;&nbsp;&nbsp;&nbsp;Commerce, Office&nbsp;&nbsp;&nbsp;&nbsp;&nbsp;&nbsp;&nbsp;&nbsp;&nbsp;&nbsp; Practice and Secretarial&nbsp;&nbsp; Duties.<\/span><br><\/p>","subjects":"Government, \r\nEconomics and any other subject.\r\n","institutions_list":"CARITAS"},{"id":"29659","title":"RADIOGRAPHY AND RADIATION SCIENCE","de_requirements":"","utme_requirements":"","subjects":"","institutions_list":"CARITAS"},{"id":"4628","title":"SOCIOLOGY","de_requirements":"<p><span>Two (2) 'A' Level passes including Government or History.<\/span>&nbsp;&nbsp;&nbsp;&nbsp;<span><\/span><\/p>","utme_requirements":"<p><span>Five (5) SSC credit passes in Government or History, English Language and three (3) other subjects. &nbsp;A pass in Mathematics is required.<\/span><span><\/span><\/p>","subjects":"Three (3) Social Science or Arts subjects.","institutions_list":"CARITAS"},{"id":"4635","title":"URBAN & REGIONAL PLANNING","de_requirements":"<p><span>(i)<span>&nbsp;&nbsp;&nbsp;&nbsp;&nbsp;\r\n<\/span><\/span><span>Two (2) A\u2019 LEVEL passes in Geography and Mathematics<\/span><\/p><p>\r\n\r\n<span>ND\/HND\r\nupper credit in Town Planning or related programmes plus UTME requirements are\r\naccepted<\/span><br><\/p>","utme_requirements":"<p><span>Five (5) SSC credit passes in English\r\nLanguage, Mathematics, Geography, and any two (2) of Physics, Chemistry,\r\nEconomics, Government, Biology, Art, History, IRK\/CRK, Social Studies and Tech\r\nDrawing.<\/span><\/p>","subjects":"Mathematics, Geography and one of Economics, Physics, Chemistry.","institutions_list":"CARITAS"}]