[{"id":"4671","title":"ACCOUNTING","de_requirements":"<p>\r\n\r\n<\/p><div>\r\n\r\n<table>\r\n <tbody><tr>\r\n  <td>\r\n  <p><span>Two\r\n  (2)'A' Level passes including Economics.<\/span><\/p>\r\n  <\/td>\r\n <\/tr>\r\n<\/tbody><\/table>\r\n\r\n<\/div>\r\n\r\n","utme_requirements":"<p>\r\n\r\n<\/p><div>\r\n\r\n<table>\r\n <tbody><tr>\r\n  <td>\r\n  <p><span>Five\r\n  (5) SSC credit passes including English Language, Mathematics, Economics and\r\n  two (2) other relevant subjects.<\/span><\/p>\r\n  <\/td>\r\n <\/tr>\r\n<\/tbody><\/table>\r\n\r\n<\/div>\r\n\r\n","subjects":"Mathematics, Economics and any other Social Science subject","institutions_list":"CHRISLAND"},{"id":"23615","title":"ANATOMY","de_requirements":"<p>\r\n\r\n<\/p><p><span>Two (2) 'A' Level passes chosen from\r\nBiology, Chemistry and Physics in addition to the UTME requirements.<\/span><\/p>\r\n\r\n","utme_requirements":"<p>\r\n\r\n<\/p><p><span>Five (5) SSC credit passes in English\r\nLanguage, Mathematics, Biology, Chemistry and Physics.<\/span><\/p>\r\n\r\n","subjects":"<p>\r\n\r\n<\/p><p><span>Biology, Chemistry and Physics.<\/span><\/p>\r\n\r\n","institutions_list":"CHRISLAND"},{"id":"4673","title":"BANKING & FINANCE","de_requirements":"<p>\r\n\r\n<\/p><div>\r\n\r\n<table>\r\n <tbody><tr>\r\n  <td>\r\n  <p><span>(i)\r\n  Two (2)'A' Level passes in Accounting or Economics and one other subject.<\/span><\/p>\r\n  <p><span>(ii)\r\n  NCE merit in relevant subjects.<\/span><\/p>\r\n  <p><span>(iii)\r\n  ND credit.<\/span><\/p>\r\n  <\/td>\r\n <\/tr>\r\n<\/tbody><\/table>\r\n\r\n<\/div>\r\n\r\n<span>(iv)\r\nFoundation International exam such as ICAN, ACCA, ICMA, GPFA.<\/span>","utme_requirements":"<p>\r\n\r\n<\/p><div>\r\n\r\n<table>\r\n <tbody><tr>\r\n  <td>\r\n  <p><span>Five\r\n  (5)SSC credit passes including<\/span><\/p>\r\n  <\/td>\r\n <\/tr>\r\n<\/tbody><\/table>\r\n\r\n<\/div>\r\n\r\n<span>English\r\nLanguage, Mathematics, Economics and two (2) other relevant subjects.<\/span>","subjects":"Mathematics, one Social Science subject and any other subject","institutions_list":"CHRISLAND"},{"id":"4676","title":"BIOCHEMISTRY","de_requirements":"<p><span>Two (2) 'A' Level passes chosen from Chemistry, Mathematics, Physics and\r\nBiology.<\/span><\/p><p><span><o>&nbsp;<\/o:p><\/span><\/p><p>\r\n\r\n\r\n\r\n<\/p><p><span>NCE\/ND\/HND in related programmes plus the UTME requirements.<\/span><\/p>","utme_requirements":"<p><span>Five (5) SSC credit passes in English Language, Chemistry, Mathematics,\r\nPhysics and Biology.<\/span><\/p>","subjects":"Biology, Chemistry and Physics or Mathematics.","institutions_list":"CHRISLAND"},{"id":"4689","title":"BIOLOGY","de_requirements":"<p><span>i)\r\nTwo (2) 'A' Level passes from Chemistry, Biology, Botany\/Zoology.<\/span><\/p><p>\r\n\r\n<\/p><p><span>(ii)\r\nNCE merit accepted.<\/span><\/p>","utme_requirements":"<p><span>Five (5) SSC credit passes to include English\r\nLanguage, Biology, Chemistry and Mathematics\/Physics.<\/span><\/p>","subjects":"Biology, Chemistry and Physics or Mathematics.","institutions_list":"CHRISLAND"},{"id":"23609","title":"BIOTECHNOLOGY","de_requirements":"<p>\r\n\r\n<\/p><p><span>Two (2) 'A' Level passes in Biology\/Botany\/Zoology\r\nand Chemistry or Physics.<\/span><\/p>\r\n\r\n","utme_requirements":"<p>\r\n\r\n<\/p><p><span>Five (5) SSC Credit passes in English Language,\r\nMathematics, Biology, Chemistry and Physics.<\/span><\/p>\r\n\r\n","subjects":"<p>\r\n\r\n<\/p><p><span>Biology, Chemistry and any other Science\r\nsubject.<\/span><\/p>\r\n\r\n","institutions_list":"CHRISLAND"},{"id":"4672","title":"BUSINESS ADMINISTRATION","de_requirements":"<p>\r\n\r\n<\/p><div>\r\n\r\n<table>\r\n <tbody><tr>\r\n  <td>\r\n  <p><span>Two\r\n  (2)'A' Level passes including Economics.<\/span><\/p>\r\n  <\/td>\r\n <\/tr>\r\n<\/tbody><\/table>\r\n\r\n<\/div>\r\n\r\n","utme_requirements":"<p>\r\n\r\n<\/p><div>\r\n\r\n<table>\r\n <tbody><tr>\r\n  <td>\r\n  <p><span>Five\r\n  (5) SSC credit passes including English Language, Mathematics, Economics and\r\n  two (2) other relevant subjects.<\/span><\/p>\r\n  <\/td>\r\n <\/tr>\r\n<\/tbody><\/table>\r\n\r\n<\/div>\r\n\r\n","subjects":"Mathematics, Economics and any other Social Science subject","institutions_list":"CHRISLAND"},{"id":"4681","title":"CHEMISTRY","de_requirements":"<p><span>i)&nbsp; Two (2) 'A' Level passes in Chemistry and any\r\none (1) of Physics, Mathematics or Biology.<\/span><\/p><p><span><o>&nbsp;<\/o:p><\/span><\/p><p>\r\n\r\n\r\n\r\n<\/p><p><span>(ii)&nbsp;&nbsp; ND\/NCE\r\nwith good grades in relevant 'O' Level subjects.<\/span><\/p>","utme_requirements":"<p><span>Five (5) SSC credit passes in English Language, Mathematics, Physics,\r\nChemistry and Biology.<\/span><\/p>","subjects":"Chemistry and two (2) of Physics, Biology and Mathematics.\r\n\r\n","institutions_list":"CHRISLAND"},{"id":"4686","title":"COMPUTER SCIENCE","de_requirements":"<p><span>)&nbsp;&nbsp;&nbsp;&nbsp;&nbsp;&nbsp; Two (2) 'A' Level passes in\r\nscience subjects including Mathematics<\/span><\/p><p><span><o>&nbsp;<\/o:p><\/span><\/p><p>\r\n\r\n\r\n\r\n<\/p><p><span>(ii)&nbsp;&nbsp; NCE merit in Mathematics and\r\none (1) other Science or Social Science subject.<\/span><\/p>","utme_requirements":"<p><span>Five (5) SSC credit passes to include English Language, Mathematics,\r\nPhysics plus two (2) other Science subjects.<\/span><\/p>","subjects":"Mathematics, Physics and one (1) of Biology, Chemistry, Agric Science, Economics and Geography.","institutions_list":"CHRISLAND"},{"id":"4675","title":"CRIMINOLOGY & SECURITY STUDIES","de_requirements":"<p>\r\n\r\n<\/p><div>\r\n\r\n<table>\r\n <tbody><tr>\r\n  <td>\r\n  <p><span>Two (2)'A' Level passes in Economics and any one of\r\n  Mathematics, Statistics, Geography, Physics, Chemistry, Agricultural Science,\r\n  Accounting, Business Management, History and Government.<\/span><\/p>\r\n  <\/td>\r\n <\/tr>\r\n<\/tbody><\/table>\r\n\r\n<\/div>\r\n\r\n","utme_requirements":"<p>\r\n\r\n<\/p><div>\r\n\r\n<table>\r\n <tbody><tr>\r\n  <td>\r\n  <p><span>Five\r\n  (5)SSC credit passes in English Language, Mathematics, Economics and any two\r\n  (2) of Arts or Social Science subjects.<\/span><\/p>\r\n  <\/td>\r\n <\/tr>\r\n<\/tbody><\/table>\r\n\r\n<\/div>\r\n\r\n","subjects":"Economics, Mathematics and any of Government, History, Geography, Literature in English, French and Christian Religious Studies\/Islamic Studies.\t","institutions_list":"CHRISLAND"},{"id":"23610","title":"CYBER SECURITY","de_requirements":"<p>\r\n\r\n<\/p><p><span>(i)<span>&nbsp;&nbsp;&nbsp; <\/span>Two (2) 'A' Level passes in science subjects\r\nincluding Mathematics<\/span><\/p>\r\n\r\n<p><span>&nbsp;<\/span><\/p>\r\n\r\n<p><span>(ii)<span>&nbsp;&nbsp; <\/span>NCE merit in Mathematics and one (1) other\r\nScience or Social Science subject.<\/span><\/p>\r\n\r\n","utme_requirements":"<p>\r\n\r\n<\/p><p><span>Five\r\n(5) SSC credit passes to include English Language, Mathematics, Physics plus\r\ntwo (2) other Science subjects.<\/span><\/p>\r\n\r\n","subjects":"<p>\r\n\r\n<\/p><p><span>Mathematics,\r\nPhysics and one (1) of Biology, Chemistry, Agric Science, Economics and Geography.<\/span><\/p>\r\n\r\n","institutions_list":"CHRISLAND"},{"id":"4674","title":"ECONOMICS","de_requirements":"<p>\r\n\r\n<\/p><div>\r\n\r\n<table>\r\n <tbody><tr>\r\n  <td>\r\n  <p><span>Two (2)'A' Level passes in Economics and any one of\r\n  Mathematics, Statistics, Geography, Physics, Chemistry, Agricultural Science,\r\n  Accounting, Business Management, History and Government.<\/span><\/p>\r\n  <\/td>\r\n <\/tr>\r\n<\/tbody><\/table>\r\n\r\n<\/div>\r\n\r\n","utme_requirements":"<p>\r\n\r\n<\/p><div>\r\n\r\n<table>\r\n <tbody><tr>\r\n  <td>\r\n  <p><span>Five\r\n  (5)SSC credit passes in English Language, Mathematics, Economics and any two\r\n  (2) of Arts or Social Science subjects.<\/span><\/p>\r\n  <\/td>\r\n <\/tr>\r\n<\/tbody><\/table>\r\n\r\n<\/div>\r\n\r\n","subjects":"Economics, Mathematics and any of Government, History, Geography, Literature in English, French and Christian Religious Studies\/Islamic Studies.\t","institutions_list":"CHRISLAND"},{"id":"4678","title":"ENGLISH LANGUAGE","de_requirements":"<p><span>Two\r\n(2) \u2018A\u2019 Level passes to include Literature in English and one other Arts\r\nsubject.<\/span><\/p>","utme_requirements":"<p><span>Five\r\n(5) SSC credit passes to include Literature in English, English Language and\r\nthree other Arts or Social Science subjects.<\/span><\/p>","subjects":"Literature in English, one other Arts subject and another Arts or Social Science subject.","institutions_list":"CHRISLAND"},{"id":"4680","title":"HISTORY & INTERNATIONAL STUDIES","de_requirements":"<p><span>credit) in History\/ Government and any other related\r\nsubject.<\/span><br><\/p>","utme_requirements":"<p><span>Language, Geography, Government\/History.<\/span><br><\/p>","subjects":"subjects from the Arts and Social Sciences.","institutions_list":"CHRISLAND"},{"id":"4682","title":"INDUSTRIAL CHEMISTRY","de_requirements":"<p><span>(i)&nbsp;&nbsp;&nbsp; Two\r\n(2) 'A' Level passes in Chemistry and Mathematics<\/span><\/p><p>\r\n\r\n<\/p><p><span>(ii)&nbsp;&nbsp; ND\r\nin Science Technology or ND in relevant programmes with the UTME requirements.<\/span><\/p>","utme_requirements":"<p><span>Five (5) SSC credit passes in English Language, Mathematics, Chemistry,\r\nPhysics and Biology\/Agricultural Science.<\/span><\/p>","subjects":"Chemistry, Mathematics and any of Physics\/Biology\/ Agricultural Science.","institutions_list":"CHRISLAND"},{"id":"23608","title":"INDUSTRIAL MATHEMATICS","de_requirements":"<p>\r\n\r\n<\/p><p><span>(i)<span>&nbsp;&nbsp;&nbsp; <\/span>Two (2) 'A' Level passes from\r\nMathematics, Physics, Economics or Chemistry.<\/span><\/p>\r\n\r\n<span>(ii)\r\nNCE merit in relevant subjects.<\/span>","utme_requirements":"<p>\r\n\r\n<\/p><p><span>Five\r\n(5) SSC credit passes in English Language, Mathematics, Physics and two (2) other\r\nScience subjects.<\/span><\/p>\r\n\r\n","subjects":"<p>\r\n\r\n<\/p><p><span>Mathematics\r\nand any two (2) of Physics, Chemistry, Economics, Biology and Agricultural\r\nScience.<\/span><\/p>\r\n\r\n","institutions_list":"CHRISLAND"},{"id":"4690","title":"INTERNATIONAL RELATIONS","de_requirements":"<p><span>Two (2) 'A' Level passes in Social Science subject from Government\/History, Economics, Sociology and Business Management.<\/span><br><\/p>","utme_requirements":"<p><span>Five (5) SSC credit passes to include English Language, Government or History and three (3) relevant subjects.&nbsp;<\/span><span><\/span><\/p>","subjects":"Economics, Literature in English and Geography\/Government\/History.","institutions_list":"CHRISLAND"},{"id":"27932","title":"LAW","de_requirements":"","utme_requirements":"","subjects":"","institutions_list":"CHRISLAND"},{"id":"4679","title":"LITERATURE IN ENGLISH","de_requirements":"<p><span>Two\r\n(2) \u2018A\u2019 Level passes to include Literature in English and one other Arts\r\nsubject.<\/span><\/p>","utme_requirements":"<p><span>Five\r\n(5) SSC credit passes to include Literature in English and English Language.<\/span><\/p>","subjects":"Literature in English, one other Arts subject and another Arts or Social Science subject.","institutions_list":"CHRISLAND"},{"id":"4685","title":"MASS COMMUNICATION","de_requirements":"<p><span>Two (2) 'A' Level passes in Arts or Social Science subjects.<\/span><span><\/span><\/p>","utme_requirements":"<p><span>Five (5) SSC credit passes in English Language and four (4) other subjects in Arts or Social Sciences.<\/span>&nbsp;&nbsp;&nbsp;&nbsp;<span><\/span><\/p>","subjects":"Any three (3) from Arts or Social Science subjects.","institutions_list":"CHRISLAND"},{"id":"4683","title":"MATHEMATICS","de_requirements":"<p><span>) Two\r\n(2) 'A' Level passes in Mathematics and any other science subject.<\/span><\/p><p>\r\n\r\n<span>(ii)&nbsp;&nbsp;&nbsp;&nbsp;&nbsp;&nbsp;&nbsp;&nbsp;&nbsp;&nbsp; NCE merit in Mathematics and one (1)\r\nof Physics, Chemistry or Economics<\/span><br><\/p>","utme_requirements":"<p><span>Five (5) SSC credit passes including English Language, Mathematics and\r\nPhysics or Chemistry.<\/span><\/p>","subjects":"Mathematics and any two (2) of Physics, Chemistry and Economics or Geography.","institutions_list":"CHRISLAND"},{"id":"23613","title":"MEDICAL LABORATORY SCIENCE","de_requirements":"<p><span>'A' Level passes<span>&nbsp;&nbsp; <\/span>to include Physics, Chemistry and Biology or\r\nZoology<\/span><\/p>","utme_requirements":"<p><span>Five (5) SSC credit passes in English Language, Mathematics,\r\nPhysics, Chemistry and Biology<\/span><\/p>","subjects":"<p><span>Physics, Chemistry and Biology<\/span><\/p>","institutions_list":"CHRISLAND"},{"id":"4684","title":"MICROBIOLOGY","de_requirements":"<p><span>Two (2) 'A' Level passes in Chemistry and any one (1) from Biology,\r\nZoology or Botany.<\/span><\/p>","utme_requirements":"<p><span>Five (5) SSC credit passes in English Language, Mathematics, Chemistry,\r\nBiology and Physics.<\/span><\/p>","subjects":"Biology, Chemistry and either Physics or Mathematics.","institutions_list":"CHRISLAND"},{"id":"23606","title":"NURSING","de_requirements":"<p>\r\n\r\n<\/p><p><span><span>(i)<span>\u00a0\u00a0\u00a0\u00a0\u00a0\u00a0\u00a0\u00a0\u00a0\u00a0\u00a0\u00a0\u00a0\r\n<\/span><\/span><\/span><span>Two (2)\r\n'A' Level passes in Biology\/ Zoology, Chemistry and Physics plus <span>\u00a0<\/span>three (3) other 'O' Level credit passes in Mathematics,\r\nPhysics and English Language.<\/span><span><\/span><\/p>\r\n\r\n<p><span><span>(ii)<span>\u00a0\u00a0\u00a0\u00a0\u00a0\u00a0\u00a0\u00a0\u00a0\u00a0\u00a0\r\n<\/span><\/span><\/span><span>NRN or\r\nits approved equivalent plus five (5) 'O' Level credit passes<span>\u00a0 <\/span>in English Language and four (4) Science subjects\r\nchosen from Mathematics, Physics, Chemistry, Biology, Human Anatomy, Physiology\r\nand Hygiene, Health Science, Further Mathematics and General Science.<\/span><span><\/span><\/p>\r\n\r\n","utme_requirements":"<p>\r\n\r\n<\/p><p><span>Five (5) SSC credit passes in Mathematics,\r\nChemistry, Biology, Physics and English Language.<\/span><\/p>\r\n\r\n","subjects":"<p>\r\n\r\n<\/p><p><span>Physics, Chemistry and Biology.<\/span><\/p>\r\n\r\n","institutions_list":"CHRISLAND"},{"id":"4677","title":"PHYSICS","de_requirements":"<p><span>NCE\/Two (2) 'A' Level passes in Physics and Mathematics or Chemistry.<\/span><\/p>","utme_requirements":"<p><span>Five (5) SSC credit passes in English Language, Physics, Chemistry,\r\nMathematics and any other Science subject from Further Mathematics and Biology\r\nor Agricultural Science.<\/span><\/p>","subjects":"Physics, Mathematics and Chemistry or Biology.","institutions_list":"CHRISLAND"},{"id":"23616","title":"PHYSIOLOGY","de_requirements":"<p>\r\n\r\n<\/p><p><span>Two (2) 'A' Level passes chosen from\r\nChemistry, Physics and Biology\/Zoology.<\/span><\/p>\r\n\r\n","utme_requirements":"<p>\r\n\r\n<\/p><p><span>Five (5) SSC credit passes in English Language, Maths, Physics,\r\nChemistry and Biology.<\/span><\/p>\r\n\r\n","subjects":"<p>\r\n\r\n<\/p><p><span>Physics, Chemistry and Biology<\/span><\/p>\r\n\r\n","institutions_list":"CHRISLAND"},{"id":"23614","title":"PHYSIOTHERAPY","de_requirements":"<p>\r\n\r\n<\/p><p><span>Two (2) \u2018A\u2019 Level passes chosen from Physics, Chemistry and\r\nBiology.<\/span><\/p>\r\n\r\n","utme_requirements":"<p>\r\n\r\n<\/p><p><span>Five (5) SSC credit passes in English Language, Maths,\r\nBiology, Physics and Chemistry.<\/span><\/p>\r\n\r\n","subjects":"<p>\r\n\r\n<\/p><p><span>Physics, Chemistry and Biology.<\/span><\/p>\r\n\r\n","institutions_list":"CHRISLAND"},{"id":"4687","title":"POLITICAL SCIENCE","de_requirements":"<p><span>Two (2) 'A' Level passes including Government or History.<\/span><span><\/span><\/p>","utme_requirements":"<p><span>Five (5) SSC credit passes in Government or History, English Language and three (3) other subjects. &nbsp;A pass in Mathematics is required.<\/span><span><\/span><\/p>","subjects":"Government or History plus two (2) other Social Science\/Arts subjects.","institutions_list":"CHRISLAND"},{"id":"4688","title":"PSYCHOLOGY","de_requirements":"<p><span>Two (2) 'A' Level passes including Government or History.<\/span><\/p>","utme_requirements":"<p><span>Five (5) SSC credit passes in English Language, Mathematics, and a minimum of three other Ordinary Level Subjects obtained from Social Sciences, Sciences and related courses.; obtained at one sitting, or at least Six Credit passes obtained at Two sittings.<\/span><\/p>","subjects":"Any three (3) subjects from Arts or Social Science","institutions_list":"CHRISLAND"},{"id":"23607","title":"PUBLIC HEALTH","de_requirements":"<p>\r\n\r\n<\/p><p><span><span>(i)<span>&nbsp;&nbsp;&nbsp;&nbsp;&nbsp;&nbsp;&nbsp;&nbsp;&nbsp;&nbsp;&nbsp;&nbsp;&nbsp;\r\n<\/span><\/span><\/span><span>Two (2)\r\n'A' Level passes in Biology\/ Zoology, Chemistry and Physics plus <span>&nbsp;<\/span>three (3) other 'O' Level credit passes in Mathematics,\r\nPhysics and English Language.<\/span><span><\/span><\/p>\r\n\r\n<p><span><span>(ii)<span>&nbsp;&nbsp;&nbsp;&nbsp;&nbsp;&nbsp;&nbsp;&nbsp;&nbsp;&nbsp;&nbsp;\r\n<\/span><\/span><\/span><span>NRN or\r\nits approved equivalent plus five (5) 'O' Level credit passes<span>&nbsp; <\/span>in English Language and four (4) Science subjects\r\nchosen from Mathematics, Physics, Chemistry, Biology, Human Anatomy, Physiology\r\nand Hygiene, Health Science, Further Mathematics and General Science.<\/span><span><\/span><\/p>\r\n\r\n","utme_requirements":"<p>\r\n\r\n<\/p><p><span>Five (5) SSC credit passes in Mathematics,\r\nChemistry, Biology, Physics and English Language.<\/span><\/p>\r\n\r\n","subjects":"<p>\r\n\r\n<\/p><p><span>Physics, Chemistry and Biology.<\/span><\/p>\r\n\r\n","institutions_list":"CHRISLAND"},{"id":"23611","title":"SOFTWARE ENGINEERING","de_requirements":"<p>\r\n\r\n<\/p><p><span>'A' Level passes ND\/NCE at Credit\/merit\r\nlevels and HND lower credit in relevant programmes into 200 and 300 levels.<\/span><\/p>\r\n\r\n","utme_requirements":"<p>\r\n\r\n<\/p><p><span>Five (5) SSC credit passes in Mathematics, English\r\nLanguage and three (3) other Science subjects.<\/span><\/p>\r\n\r\n","subjects":"<p>\r\n\r\n<\/p><p><span>Maths, Economics and any one of Chemistry, Physics,\r\nBiology or Geography.<\/span><\/p>\r\n\r\n","institutions_list":"CHRISLAND"},{"id":"23612","title":"STATISTICS","de_requirements":"<p>\r\n\r\n<\/p><p><span>Two\r\n(2) 'A' Level passes to include Mathematics or Statistics.<\/span><\/p>\r\n\r\n<p><span>NCE credit\r\nin relevant subjects.<\/span><\/p>\r\n\r\n","utme_requirements":"<p>\r\n\r\n<\/p><p><span>Five\r\n(5) SSC credit passes to include English Language, Mathematics and at least three\r\n(3) subjects from Physics, Statistics, Chemistry, Further Mathematics, Economics\r\nand Geography.<\/span><\/p>\r\n\r\n","subjects":"<p>\r\n\r\n<\/p><p><span>Mathematics\r\nand any two (2) of Physics, Chemistry and Economics.<\/span><\/p>\r\n\r\n","institutions_list":"CHRISLAND"}]