[{"id":"4702","title":"ACCOUNTING","de_requirements":"<p>\r\n\r\n<\/p><div>\r\n\r\n<table>\r\n <tbody><tr>\r\n  <td>\r\n  <p><span>Two\r\n  (2)'A' Level passes including Economics.<\/span><\/p>\r\n  <\/td>\r\n <\/tr>\r\n<\/tbody><\/table>\r\n\r\n<\/div>\r\n\r\n","utme_requirements":"<p>\r\n\r\n<\/p><div>\r\n\r\n<table>\r\n <tbody><tr>\r\n  <td>\r\n  <p><span>Five\r\n  (5) SSC credit passes including English Language, Mathematics, Economics and\r\n  two (2) other relevant subjects.<\/span><\/p>\r\n  <\/td>\r\n <\/tr>\r\n<\/tbody><\/table>\r\n\r\n<\/div>\r\n\r\n","subjects":"Mathematics, Economics and any other Social Science subject","institutions_list":"CHRISTOPHER"},{"id":"4705","title":"BANKING & FINANCE","de_requirements":"<p>\r\n\r\n<\/p><div>\r\n\r\n<table>\r\n <tbody><tr>\r\n  <td>\r\n  <p><span>(i)\r\n  Two (2)'A' Level passes in Accounting or Economics and one other subject.<\/span><\/p>\r\n  <p><span>(ii)\r\n  NCE merit in relevant subjects.<\/span><\/p>\r\n  <p><span>(iii)\r\n  ND credit.<\/span><\/p>\r\n  <\/td>\r\n <\/tr>\r\n<\/tbody><\/table>\r\n\r\n<\/div>\r\n\r\n<span>(iv)\r\nFoundation International exam such as ICAN, ACCA, ICMA, GPFA.<\/span>","utme_requirements":"<p>\r\n\r\n<\/p><div>\r\n\r\n<table>\r\n <tbody><tr>\r\n  <td>\r\n  <p><span>Five\r\n  (5)SSC credit passes including<\/span><\/p>\r\n  <\/td>\r\n <\/tr>\r\n<\/tbody><\/table>\r\n\r\n<\/div>\r\n\r\n<span>English\r\nLanguage, Mathematics, Economics and two (2) other relevant subjects.<\/span>","subjects":"Mathematics, one Social Science subject and any other subject","institutions_list":"CHRISTOPHER"},{"id":"4703","title":"BUSINESS ADMINISTRATION","de_requirements":"<p>\r\n\r\n<\/p><div>\r\n\r\n<table>\r\n <tbody><tr>\r\n  <td>\r\n  <p><span>Two\r\n  (2)'A' Level passes including Economics.<\/span><\/p>\r\n  <\/td>\r\n <\/tr>\r\n<\/tbody><\/table>\r\n\r\n<\/div>\r\n\r\n","utme_requirements":"<p>\r\n\r\n<\/p><div>\r\n\r\n<table>\r\n <tbody><tr>\r\n  <td>\r\n  <p><span>Five\r\n  (5) SSC credit passes including English Language, Mathematics, Economics and\r\n  two (2) other relevant subjects.<\/span><\/p>\r\n  <\/td>\r\n <\/tr>\r\n<\/tbody><\/table>\r\n\r\n<\/div>\r\n\r\n","subjects":"Mathematics, Economics and any other Social Science subject","institutions_list":"CHRISTOPHER"},{"id":"24372","title":"COMPUTER SCIENCE","de_requirements":"<p>\r\n\r\n<\/p><p><span>(i)<span>&nbsp;&nbsp;&nbsp; <\/span>Two (2) 'A' Level passes in\r\nscience subjects including Mathematics<\/span><\/p>\r\n\r\n<p><span>&nbsp;<\/span><\/p>\r\n\r\n<span>(ii)<span>&nbsp;&nbsp;&nbsp;&nbsp;&nbsp;&nbsp;&nbsp;&nbsp;&nbsp;&nbsp; <\/span>NCE merit in Mathematics and one (1)\r\nother Science or Social Science subject<\/span>","utme_requirements":"<p><span>Five (5) SSC credit passes to include English Language,\r\nMathematics, Physics plus two (2) other Science subjects<\/span><\/p>","subjects":"<p><span>Mathematics, Physics and one (1) of Biology,\r\nChemistry, Agric Science, Economics and Geography<\/span><\/p>","institutions_list":"CHRISTOPHER"},{"id":"4706","title":"ECONOMICS","de_requirements":"<p>\r\n\r\n<\/p><div>\r\n\r\n<table>\r\n <tbody><tr>\r\n  <td>\r\n  <p><span>Two (2)'A' Level passes in Economics and any one of\r\n  Mathematics, Statistics, Geography, Physics, Chemistry, Agricultural Science,\r\n  Accounting, Business Management, History and Government.<\/span><\/p>\r\n  <\/td>\r\n <\/tr>\r\n<\/tbody><\/table>\r\n\r\n<\/div>\r\n\r\n","utme_requirements":"<p>\r\n\r\n<\/p><div>\r\n\r\n<table>\r\n <tbody><tr>\r\n  <td>\r\n  <p><span>Five\r\n  (5)SSC credit passes in English Language, Mathematics, Economics and any two\r\n  (2) of Arts or Social Science subjects.<\/span><\/p>\r\n  <\/td>\r\n <\/tr>\r\n<\/tbody><\/table>\r\n\r\n<\/div>\r\n\r\n","subjects":"Economics, Mathematics and any of Government, History, Geography, Literature in English, French and Christian Religious Studies\/Islamic Studies.\t","institutions_list":"CHRISTOPHER"},{"id":"4707","title":"ENGLISH LANGUAGE","de_requirements":"<p><span>Two\r\n(2) \u2018A\u2019 Level passes to include Literature in English and one other Arts\r\nsubject.<\/span><\/p>","utme_requirements":"<p><span>Five\r\n(5) SSC credit passes to include Literature in English, English Language and\r\nthree other Arts or Social Science subjects.<\/span><\/p>","subjects":"Literature in English, one other Arts subject and another Arts or Social Science subject.","institutions_list":"CHRISTOPHER"},{"id":"4709","title":"HISTORY & DIPLOMATIC STUDIES","de_requirements":"<p><span>Two (2) 'A' Level passes\/NCE (upper credit) in History\/\r\nGovernment and any other related subject.<\/span><br><\/p>","utme_requirements":"<p><span>Five (5) SSC credit passes to include\r\nEnglish Language, Geography, Government\/History.<\/span><\/p>","subjects":"History\/Government and any other two (2) subjects from the Arts and Social Sciences.","institutions_list":"CHRISTOPHER"},{"id":"24373","title":"INFORMATION SCIENCE & MEDIA STUDIES","de_requirements":"<p>\r\n\r\n<\/p><p><span>(i)<span>&nbsp;&nbsp;&nbsp; <\/span>Two (2) 'A' Level passes in\r\nscience subjects including Mathematics<\/span><\/p>\r\n\r\n<p><span>&nbsp;<\/span><\/p>\r\n\r\n<span>(ii)<span>&nbsp;&nbsp;&nbsp;&nbsp;&nbsp;&nbsp;&nbsp;&nbsp;&nbsp;&nbsp; <\/span>NCE merit in Mathematics and one (1)\r\nother Science or Social Science subject<\/span>","utme_requirements":"<p><span>Five (5) SSC credit passes to include English Language,\r\nMathematics, Physics plus two (2) other Science subjects<\/span><\/p>","subjects":"<p><span>Mathematics, Physics and one (1) of Biology,\r\nChemistry, Agric Science, Economics and Geography<\/span><\/p>","institutions_list":"CHRISTOPHER"},{"id":"4713","title":"INTERNATIONAL RELATIONS","de_requirements":"<p><span>Two (2) 'A' Level passes in Social Science subject from Government\/History, Economics, Sociology and Business Management.<\/span><br><\/p>","utme_requirements":"<p><span>Five (5) SSC credit passes to include English Language, Government or History and three (3) relevant subjects.&nbsp;<\/span><span><\/span><\/p>","subjects":"Economics, Literature in English and Geography\/Government\/History.","institutions_list":"CHRISTOPHER"},{"id":"4708","title":"LITERATURE IN ENGLISH","de_requirements":"<p><span>Two\r\n(2) \u2018A\u2019 Level passes to include Literature in English and one other Arts\r\nsubject.<\/span><\/p>","utme_requirements":"<p><span>Five\r\n(5) SSC credit passes to include Literature in English and English Language.<\/span><\/p>","subjects":"Literature in English, one other Arts subject and another Arts or Social Science subject.","institutions_list":"CHRISTOPHER"},{"id":"4704","title":"MARKETING","de_requirements":"<p>\r\n\r\n<\/p><div>\r\n\r\n<table>\r\n <tbody><tr>\r\n  <td>\r\n  <p><span>Two\r\n  (2)'A' Level passes including Economics.<\/span><\/p>\r\n  <\/td>\r\n <\/tr>\r\n<\/tbody><\/table>\r\n\r\n<\/div>\r\n\r\n","utme_requirements":"<p>\r\n\r\n<\/p><div>\r\n\r\n<table>\r\n <tbody><tr>\r\n  <td>\r\n  <p><span>Five\r\n  (5) SSC credit passes including English Language, Mathematics, Economics and\r\n  two (2) other relevant subjects.<\/span><\/p>\r\n  <\/td>\r\n <\/tr>\r\n<\/tbody><\/table>\r\n\r\n<\/div>\r\n\r\n","subjects":"Mathematics, Economics and any other Social Science subject","institutions_list":"CHRISTOPHER"},{"id":"4710","title":"MASS COMMUNICATION","de_requirements":"<p><span>Two (2) 'A' Level passes in Arts or Social Science subjects.<\/span><span><\/span><\/p>","utme_requirements":"<p><span>Five (5) SSC credit passes in English Language and four (4) other subjects in Arts or Social Sciences.<\/span>&nbsp;&nbsp;&nbsp;&nbsp;<span><\/span><\/p>","subjects":"Any three (3) from Arts or Social Science subjects.","institutions_list":"CHRISTOPHER"},{"id":"4711","title":"POLITICAL SCIENCE","de_requirements":"<p><span>Two (2) 'A' Level passes including Government or History.<\/span><span><\/span><\/p>","utme_requirements":"<p><span>Five (5) SSC credit passes in Government or History, English Language and three (3) other subjects. &nbsp;A pass in Mathematics is required.<\/span><span><\/span><\/p>","subjects":"Government or History plus two (2) other Social Science\/Arts subjects.","institutions_list":"CHRISTOPHER"},{"id":"4712","title":"PSYCHOLOGY","de_requirements":"<p><span>Two (2) 'A' Level passes including Government or History.<\/span><\/p>","utme_requirements":"<p><span>Five (5) SSC credit passes in Government or History, English Language and three (3) other subjects. &nbsp;A pass in Mathematics is required.<\/span><\/p>","subjects":"Any three (3) subjects from Arts or Social Science","institutions_list":"CHRISTOPHER"},{"id":"24375","title":"SOCIOLOGY","de_requirements":"<p><span>Two (2) 'A' Level passes including Government or\r\nHistory<\/span><\/p>","utme_requirements":"<p><span>Five (5) SSC credit passes in Government or History,\r\nEnglish Language and three (3) other subjects.<span>&nbsp;\r\n<\/span>A pass in Mathematics is required<\/span><\/p>","subjects":"<p><span>Three (3) Social Science or Arts subjects<\/span>&nbsp;&nbsp;&nbsp;&nbsp;&nbsp;&nbsp;&nbsp;&nbsp;<\/p>","institutions_list":"CHRISTOPHER"}]