[{"id":"4718","title":"COMMUNITY HEALTH","de_requirements":"","utme_requirements":"<p><span>Five (5) SSC credit passes in Mathematics, Biology\/Health Science and any three (3) from the following: Nutrition, Chemistry, Physics, Religious Studies, Geography, Economics, Nigerian Language Plus at least a pass in English Language, Food and Nutrition\/Home Management.<\/span><span><\/span><\/p><p><span><o>&nbsp;<\/o:p><\/span>&nbsp;&nbsp;&nbsp;&nbsp;<\/p>","subjects":"Mathematics, Physics and Chemistry","institutions_list":"CHST-IJERO"},{"id":"4721","title":"COMPUTER SCIENCE","de_requirements":"","utme_requirements":"<p><span>Five (5)\r\nSSC credit passes in Mathematics, a basic science and three (3) other subjects\r\nchosen from the following:<\/span><\/p><p><span>Economics,<\/span><\/p><p><span>Geography,<\/span><\/p><p><span>Government\/History,<\/span><\/p><p><span>Further\r\nMathematics,<\/span><\/p><p><span>Physics,<\/span><\/p><p><span>Chemistry,<\/span><\/p><p><span>Biology\/Agricultural\r\nScience.<\/span><\/p><p><span>English\r\nLanguage,<\/span><\/p><p><span>Typewriting,<\/span><\/p><p>\r\n\r\n\r\n\r\n\r\n\r\n\r\n\r\n\r\n\r\n\r\n\r\n\r\n\r\n\r\n\r\n\r\n\r\n\r\n\r\n<\/p><p><span>'O'\r\nLevel credit passes in English Language and Physics is compulsory.<\/span><\/p>","subjects":"Mathematics and any two (2) of Geography, Physics, Economics or Chemistry.","institutions_list":"CHST-IJERO"},{"id":"4720","title":"ENVIRONMENTAL HEALTH TECHNOLOGY","de_requirements":"","utme_requirements":"<p><span>Five (5) SSC credit passes in Mathematics, Biology\/Health Science and any three (3) from the following: Nutrition, Chemistry, Physics, Religious Studies, Geography, Economics, Nigerian Language Plus at least a pass in English Language, Food and Nutrition\/Home Management.<\/span><span><\/span><\/p><p><span><o>&nbsp;<\/o:p><\/span><\/p>","subjects":"Mathematics, Physics and Chemistry","institutions_list":"CHST-IJERO"},{"id":"4719","title":"HEALTH INFORMATION MANAGEMENT","de_requirements":"","utme_requirements":"<p><span>Five (5) SSC credit passes in Mathematics, English Language, Biology\/Health Science and any two (2) from Chemistry, Physics, Geography, Economics, Religious Knowledge, Nigerian Language.<\/span>&nbsp;&nbsp;&nbsp;&nbsp;<span><\/span><\/p>","subjects":"Mathematics, Chemistry, and  Physics \/Biology","institutions_list":"CHST-IJERO"},{"id":"4717","title":"NUTRITION & DIETETICS","de_requirements":"","utme_requirements":"<p><span>Five (5) SSC credit passes in Chemistry, Biology\/Agricultural Science\/Health Science and any three (3) of the following:<\/span><span><\/span><\/p><p><span>Food and Nutrition,<\/span><span><\/span><\/p><p><span>Mathematics,<\/span><span><\/span><\/p><p><span>Economics\/Commerce,<\/span><span><\/span><\/p><p><span>Physics,<\/span><span><\/span><\/p><p><span>English Language,<\/span><span><\/span><\/p><p><span>Home Management.<\/span><span><\/span><\/p><p><span>'O' Level credit passes in English Language and Mathematics are required.<\/span>&nbsp;&nbsp;&nbsp;&nbsp;&nbsp;&nbsp;&nbsp;&nbsp;<span><\/span><\/p>","subjects":"Chemistry, Biology and Agricultural Science","institutions_list":"CHST-IJERO"}]