[{"id":"4724","title":"ENVIRONMENTAL HEALTH TECHNOLOGY","de_requirements":"","utme_requirements":"<p><span>Five (5) SSC credit passes in Mathematics, Biology\/Health Science and any three (3) from the following: Nutrition, Chemistry, Physics, Religious Studies, Geography, Economics, Nigerian Language Plus at least a pass in English Language, Food and Nutrition\/Home Management.<\/span><span><\/span><\/p><p><span><o>&nbsp;<\/o:p><\/span><\/p>","subjects":"Mathematics, Physics and Chemistry","institutions_list":"CHT-ILESA"}]