[{"id":"738","title":"PARALEGAL STUDIES","de_requirements":"","utme_requirements":"<p><span>Five (5) credit passes at SSC or its\r\nequivalent in Mathematics, English Language and any other three (3) from Arts\r\nand Social Science subjects<\/span><\/p>","subjects":"Any three (3) subjects from Arts\/Social Science\/Physical Science.","institutions_list":"ACOMAT"},{"id":"739","title":"SECRETARIAL STUDIES","de_requirements":"","utme_requirements":"<p><span>Five\r\n(5) credit passes at SSC or its equivalent in Mathematics, English Language and\r\nany other three (3) relevant subjects.<\/span><\/p>","subjects":"Any three (3) of: \r\n1. Mathematics\r\n2. Economics\r\n3. Commerce\r\n4. History\/Govt.\r\n5. Geography\r\n6. CRS\/IS\r\n7. Principles   of \r\n     Accounts.\r\n","institutions_list":"ACOMAT"}]