[{"id":"4725","title":"COMPUTER SOFTWARE ENGINEERING TECHNOLOGY","de_requirements":"","utme_requirements":"<p><span>Five (5) credit passes at SSC or its equivalent\r\nin Mathematics, English Language and any other three (3) relevant subjects<\/span><br><\/p>","subjects":"Mathematics, Physics, Chemistry.","institutions_list":"CIBTECH"},{"id":"4727","title":"DIGITAL MULTIMEDIA TECHNOLOGY","de_requirements":"<p><br><\/p>","utme_requirements":"<p><span>Five\r\n(5) credit passes at SSC or its equivalent in Mathematics, English Language and\r\nany other three (3)\u00a0 relevant subjects<\/span><\/p>","subjects":"Any four (4) subjects from Arts\/Social Science","institutions_list":"CIBTECH"},{"id":"4729","title":"FASHION DESIGN","de_requirements":"","utme_requirements":"<p><span>Five (5) credit passes at SSC or its equivalent\r\nin Mathematics, English Language and any other three (3)&nbsp; relevant subjects<\/span><br><\/p>","subjects":"Any four (4) subjects from Arts\/Social Science.","institutions_list":"CIBTECH"},{"id":"4728","title":"MULTIMEDIA TECHNOLOGY","de_requirements":"","utme_requirements":"<p><span>Five (5)\r\ncredit passes at SSC or equivalent in Mathematics, English Language and any other\r\nthree (3)&nbsp; relevant subjects<\/span><\/p>","subjects":"Any four (4) subjects from Arts\/Social Science","institutions_list":"CIBTECH"},{"id":"4726","title":"NETWORKING & SYSTEM SECURITY","de_requirements":"","utme_requirements":"<p><span>Five\r\n(5) credit passes at SSC or its equivalent, in Mathematics, English Language and\r\nany other three (3)&nbsp; relevant subjects.<\/span><\/p>","subjects":"Mathematics, Physics, Chemistry.","institutions_list":"CIBTECH"}]