[{"id":"4749","title":"BANKING OPERATIONS","de_requirements":"","utme_requirements":"<p><span>Five (5)\r\ncredit passes at SSC or its equivalent in <\/span><span>English Language (not Literature\r\nin English) and Mathematics and any three (3) subjects from the following:<\/span><span><\/span><\/p><p><span>Economics\/Commerce, Business\r\nMethods, Principles of Accounts, Literature in English, Geography, Office\r\nPractice, Government, Biology\/ Agricultural Science, Chemistry, Physics,\r\nHistory\/Government, Typewriting, Shorthand.<\/span><\/p><p>\r\n\r\n\r\n\r\n<\/p><p><span><o>&nbsp;<\/o:p><\/span><\/p>","subjects":"Mathematics and any two (2) of Economics, Geography, History, Government, Commerce or Principles of Accounts.","institutions_list":"CIMT-IDOGBO"},{"id":"4746","title":"COMPUTER SOFTWARE ENGINEERING","de_requirements":"","utme_requirements":"<p><span>Five (5) credit passes at SSC or its equivalent\r\nin Mathematics, English Language and any other three (3) relevant subjects<\/span><br><\/p>","subjects":"Mathematics, Physics, Chemistry.","institutions_list":"CIMT-IDOGBO"},{"id":"4748","title":"FILM & TELEVISION PRODUCTION","de_requirements":"","utme_requirements":"<p><span>Five (5) credit passes at\r\nSSC or its equivalent in Mathematics, English Language and any other three (3)&nbsp; from Arts, Science and Social Science\r\nsubjects<\/span><br><\/p>","subjects":"Any three (3) subjects from Arts\/Social Science\/Physical Science.","institutions_list":"CIMT-IDOGBO"},{"id":"4747","title":"PERFORMING & MEDIA ARTS","de_requirements":"","utme_requirements":"<p><span>Five (5) credit passes at\r\nSSC&nbsp; or its equivalent in Mathematics,\r\nEnglish Language and any other three (3) from Arts and Social Science subjects<\/span><br><\/p>","subjects":"Any three (3) subjects from Arts\/Social Science\/Physical Science","institutions_list":"CIMT-IDOGBO"},{"id":"4750","title":"SECURITY MANAGEMENT & TECHNOLOGY","de_requirements":"","utme_requirements":"<p><span>Five\r\n(5) credit passes at SSC or its equivalent in Mathematics, English Language and\r\nany other three (3)&nbsp; relevant subjects.<\/span><\/p>","subjects":"Any four (4) subjects from Arts\/Social Science.","institutions_list":"CIMT-IDOGBO"}]