[{"id":"4755","title":"MARINE ENGINEERING TECHNOLOGY","de_requirements":"","utme_requirements":"<p><span>Five (5) credit passes at SSC or its equivalent\r\nin Mathematics, English Language and any other three (3)&nbsp; relevant subjects<\/span><br><\/p>","subjects":"Mathematics, Physics, Chemistry.","institutions_list":"CISN"},{"id":"4754","title":"SECURITY TECHNOLOGY &  MANAGEMENT","de_requirements":"","utme_requirements":"<p><span>Five\r\n(5) credit passes at SSC or its equivalent in Mathematics, English Language and\r\nany other three (3)&nbsp; relevant subjects.<\/span><\/p>","subjects":"Any four (4) subjects from Arts\/Social Science.","institutions_list":"CISN"},{"id":"4753","title":"SHIPPING MANAGEMENT","de_requirements":"","utme_requirements":"<p><span>Five\r\n(5) credit passes at SSC or its equivalent in Mathematics, English Language and\r\nany other three (3)&nbsp; relevant subjects.<\/span><\/p>","subjects":"Any four (4) subjects from Arts\/Social Science.","institutions_list":"CISN"}]