[{"id":"4798","title":"COMMUNICATION STUDIES","de_requirements":"<p><span>Two\r\n\u2018A\u2019 Level passes or equivalent in Arts or Social Science subjects.<\/span><\/p>","utme_requirements":"<p><span>Five (5) SSC credit passes or equivalent including\r\nEnglish&nbsp; Language, Literature in English,\r\nArts\/ Music depending on the combination.<\/span><\/p>","subjects":"Any three (3) Arts or   Social Science subjects","institutions_list":"CIWA"},{"id":"28346","title":"PHILOSOPHY","de_requirements":"","utme_requirements":"","subjects":"","institutions_list":"CIWA"},{"id":"4797","title":"RELIGIOUS STUDIES","de_requirements":"<p><span>Two (2) \u2018A\u2019 Level subjects to include Religious Studies\r\n(CRS\/IRS).<\/span><\/p>","utme_requirements":"<p><span>Five (5) SSC credit passes to include English Language and\r\nCRS\/IRS.<\/span><\/p>","subjects":"CRS\/IRS and any other two (2) subjects.","institutions_list":"CIWA"}]