[{"id":"741","title":"EARLY CHILDCARE EDUCATION  & MANAGEMENT (ECEM)","de_requirements":"","utme_requirements":"<p><span>Five (5) credit passes at\r\nSSC&nbsp; or its equivalent (TC Grade II) in Mathematics,\r\nEnglish Language and any other three (3) from Arts and Social Science subjects<\/span><br><\/p>","subjects":"Any three (3) subjects from Arts\/Social Science\/Physical Science.","institutions_list":"ACOTECH"},{"id":"742","title":"PARALEGAL STUDIES","de_requirements":"","utme_requirements":"<p><span>Five (5) credit passes at SSC or its\r\nequivalent in Mathematics, English Language and any other three (3) from Arts\r\nand Social Science subjects<\/span><\/p>","subjects":"Any three (3) subjects from Arts\/Social Science\/Physical Science.","institutions_list":"ACOTECH"}]