[{"id":"4986","title":"ARABIC\/CREATIVE AND CULTURAL ARTS","de_requirements":"","utme_requirements":"<p><span>Five (5)SSC credit passes in English Language,\r\nMathematics, Arabic and any other two (2) subjects.<\/span><\/p>","subjects":"Arabic and any Arts\/Social Science subjects.","institutions_list":"COE-GOMBE"},{"id":"4987","title":"ARABIC\/HISTORY","de_requirements":"","utme_requirements":"<p><span>Five (5) SSC credit passes in English Language,\r\nMathematics, Arabic, History and any other subject.<\/span><\/p>","subjects":"Arabic, History and any other Arts subject.","institutions_list":"COE-GOMBE"},{"id":"4988","title":"ARABIC\/ISLAMIC STUDIES","de_requirements":"","utme_requirements":"<p><span>Five (5) SSC credit passes in English Language,\r\nMathematics, Arabic, Islamic Studies and any other subject.<\/span><\/p>","subjects":"Arabic, Islamic Studies and any other Arts subject.","institutions_list":"COE-GOMBE"},{"id":"4960","title":"CHRISTIAN RELIGIOUS STUDIES\/ECONOMICS","de_requirements":"","utme_requirements":"<p><span>Five (5) SSC credit passes in English Language, Mathematics, Christian Religious Studies, Economics and any other subject.<\/span>&nbsp;&nbsp;&nbsp;&nbsp;<span><\/span><\/p>","subjects":"Christian Religious Studies, Economics and any other Social Science\/Arts subjects.","institutions_list":"COE-GOMBE"},{"id":"4957","title":"CHRISTIAN RELIGIOUS STUDIES\/ENGLISH","de_requirements":"","utme_requirements":"<p><span>Five (5) SSC credit passes in English Language, Mathematics, Christian Religious Studies, Literature in English and any other Arts subject.<\/span><span><\/span><\/p>","subjects":"Christian Religious Studies, Literature in English Language and Arts subject.","institutions_list":"COE-GOMBE"},{"id":"4963","title":"CHRISTIAN RELIGIOUS STUDIES\/FINE ARTS","de_requirements":"","utme_requirements":"<p><span>Five (5)SSC credit passes in English Language, Mathematics, Christian Religious Studies and any other two (2) subjects.<\/span>&nbsp;&nbsp;&nbsp;&nbsp;<span><\/span><\/p>","subjects":"Christian Religious Studies any other two (2) other Arts subjects.","institutions_list":"COE-GOMBE"},{"id":"4958","title":"CHRISTIAN RELIGIOUS STUDIES\/FRENCH","de_requirements":"","utme_requirements":"<p><span>Five (5) SSC credit passes in English Language, Mathematics, Christian Religious Studies, French and one (1) other subject.<\/span><span><\/span><\/p>","subjects":"Christian Religious Studies, French and any other subject.","institutions_list":"COE-GOMBE"},{"id":"4959","title":"CHRISTIAN RELIGIOUS STUDIES\/GEOGRAPHY","de_requirements":"","utme_requirements":"<p><span>Five (5) SSC credit passes in English Language, Mathematics, Christian Religious Studies, Geography and one (1) other subject.<\/span><span><\/span><\/p>","subjects":"Christian Religious Studies, Geography and any other subject.","institutions_list":"COE-GOMBE"},{"id":"4962","title":"CHRISTIAN RELIGIOUS STUDIES\/HAUSA","de_requirements":"","utme_requirements":"<p><span>Five (5)SSC credit passes in English Language, Mathematics, Government, Christian Religious Studies, Hausa and any other &nbsp;Arts subject.<\/span><span><\/span><\/p>","subjects":"Hausa, Christian Religious Studies and any other Arts subject.","institutions_list":"COE-GOMBE"},{"id":"4964","title":"CHRISTIAN RELIGIOUS STUDIES\/HISTORY","de_requirements":"","utme_requirements":"<p><span>Five (5) SSC credit passes in English Language, Mathematics, Christian Religious Studies and any other &nbsp;Arts subjects.<\/span><span><\/span><\/p>","subjects":"History, Christian Religious Studies and any other Arts subjects.","institutions_list":"COE-GOMBE"},{"id":"4965","title":"CHRISTIAN RELIGIOUS STUDIES\/SOCIAL STUDIES","de_requirements":"","utme_requirements":"<p><span>Five (5) SSC credit passes in English Language, Mathematics, Christian Religious Studies and any other two (2) of Economics\/Commerce, Government\/History, Government\/Social Studies.<\/span><span><\/span><\/p>","subjects":"Christian Religious Studies and any other of History\/Government, Geography, Social Studies, Economics\/Commerce.","institutions_list":"COE-GOMBE"},{"id":"4967","title":"CHRISTIAN RELIGIOUS STUDIES\/THEATRE ARTS","de_requirements":"","utme_requirements":"<p><span>Five (5) SSC credit passes in English Language, Mathematics, Christian Religious Studies, Literature in English and any other Arts subject.<\/span><span><\/span><\/p>","subjects":"Christian Religious Studies, Literature in English and any other Arts\/Social Science subject.","institutions_list":"COE-GOMBE"},{"id":"4970","title":"COMPUTER SCIENCE EDUCATION\/BIOLOGY","de_requirements":"","utme_requirements":"<p><span>Five (5) SSC credit passes in English Language, Mathematics, Chemistry, Physics and any other Science subject.<\/span><span><\/span><\/p>","subjects":"Mathematics, Chemistry\/Physics and any other Science subject","institutions_list":"COE-GOMBE"},{"id":"4969","title":"COMPUTER SCIENCE EDUCATION\/CHEMISTRY","de_requirements":"","utme_requirements":"<p><span>Five (5) SSC credit passes in English Language, Mathematics, Chemistry, Physics and any other Science subject.<\/span><span><\/span><\/p>","subjects":"Mathematics, Chemistry\/Physics and any other Science subject","institutions_list":"COE-GOMBE"},{"id":"4972","title":"COMPUTER SCIENCE EDUCATION\/ECONOMICS","de_requirements":"","utme_requirements":"<p><span>Five (5) SSC credit passes in English Language, Mathematics, Economics, Physics and any other Science\/Social Science subject.<\/span><span><\/span><\/p>","subjects":"Any three (3) of Economics, Mathematics\/Physics and Chemistry.","institutions_list":"COE-GOMBE"},{"id":"4973","title":"COMPUTER SCIENCE EDUCATION\/ECONOMICS","de_requirements":"","utme_requirements":"<p><span>Five (5) SSC credit passes in English Language, Mathematics, Economics, Physics and any other Science\/Social Science subject.<\/span><span><\/span><\/p>","subjects":"Any three (3) of Economics, Mathematics\/Physics and Chemistry.","institutions_list":"COE-GOMBE"},{"id":"4971","title":"COMPUTER SCIENCE EDUCATION\/PHYSICS","de_requirements":"","utme_requirements":"<p><span>Five (5) SSC credit passes in English Language, Mathematics, Chemistry, Physics and any other Science subject.<\/span><span><\/span><\/p>","subjects":"Mathematics, Chemistry\/Physics and any other Science subject","institutions_list":"COE-GOMBE"},{"id":"4989","title":"CREATIVE ARTS\/SOCIAL STUDIES","de_requirements":"","utme_requirements":"<p><span>Five (5) SSC credit passes in English Language,\r\nMathematics, Fine Arts, Government\/History, one (1) &nbsp;&nbsp;Social Science\/Arts subject<\/span><br><\/p>","subjects":"Fine Art, Government\/History, one (1)Arts\/Social Science subject.","institutions_list":"COE-GOMBE"},{"id":"4994","title":"CULTURAL & CREATIVE ART (DM)","de_requirements":"","utme_requirements":"<table>\r\n <tbody><tr>\r\n  <td>\r\n  <p><span>Five (5) SSC credit\r\n  passes in English Language, Mathematics and any other three Arts subjects.<\/span><\/p>\r\n  <\/td>\r\n <\/tr>\r\n<\/tbody><\/table>","subjects":"Any three (3) subjects from Arts or Social Science.","institutions_list":"COE-GOMBE"},{"id":"4995","title":"CULTURAL & CREATIVE ART \/ ENGLISH","de_requirements":"","utme_requirements":"<p><span>Five (5) SSC credit\r\npasses in English Language, Mathematics, Fine Arts and two (2) Arts subjects.&nbsp;<\/span><\/p>","subjects":"Literature in English and any three (3) Arts subjects.","institutions_list":"COE-GOMBE"},{"id":"4996","title":"CULTURAL & CREATIVE ARTS\/HISTORY","de_requirements":"","utme_requirements":"<p><span>Five (5) SSC credit\r\npasses in English Language, Mathematics, Government\/History, Fine Arts\/Music\r\nand one (1) &nbsp;&nbsp;Social Science\/Arts\r\nsubject.<\/span><\/p>","subjects":"Government\/History and one (1) Arts, one (1) Social Science subject.","institutions_list":"COE-GOMBE"},{"id":"4954","title":"EARLY CHILDHOOD CARE EDUCATION","de_requirements":"","utme_requirements":"<p><span>Five (5) SSC credits including English Language.<\/span>&nbsp;&nbsp;&nbsp;&nbsp;<span><\/span><\/p>","subjects":"English Language and any other three (3) subjects.","institutions_list":"COE-GOMBE"},{"id":"4991","title":"ECONOMICS\/ARABIC","de_requirements":"","utme_requirements":"<p><span>Five (5) SSC credit passes in English Language,\r\nMathematics, Arabic and two (2) of Economics, Government, Geography and Social\r\nstudies.<\/span><\/p>","subjects":"Arabic, Economics and any other Social Science subject.","institutions_list":"COE-GOMBE"},{"id":"4976","title":"ECONOMICS\/ENGLISH","de_requirements":"","utme_requirements":"<p><span>Five (5) SSC credit passes\r\nincluding Arabic and English Language, Mathematics, Literature in English, any\r\nother subject.<\/span><\/p>","subjects":"Arabic and two (2) subjects from Arts\/Social Science ","institutions_list":"COE-GOMBE"},{"id":"4983","title":"ECONOMICS\/ENGLISH","de_requirements":"","utme_requirements":"<p><span>Five (5) SSC credit passes in English Language, Mathematics, Economics, Literature in English and any other Arts\/Social Science subject.<\/span>&nbsp;&nbsp;&nbsp;&nbsp;<span><\/span><\/p>","subjects":"Economics, Literature in English and any other subject.","institutions_list":"COE-GOMBE"},{"id":"4927","title":"ECONOMICS\/FRENCH","de_requirements":"","utme_requirements":"<p><i><span>AKSCOE<\/span><\/i><\/p><p><i><span>ASSCOED&nbsp;&nbsp;&nbsp;&nbsp;&nbsp;&nbsp;&nbsp;&nbsp;&nbsp;&nbsp;&nbsp; <\/span><\/i><\/p><p><i><span>COE-BILLIRI<\/span><\/i><\/p><p><i><span>CORNER&nbsp;&nbsp;&nbsp;&nbsp;&nbsp;&nbsp;&nbsp;&nbsp;&nbsp;&nbsp;&nbsp;&nbsp;&nbsp; <\/span><\/i><\/p><p><i><span>EKIADOLOR&nbsp;&nbsp;&nbsp;&nbsp;&nbsp;&nbsp;&nbsp;&nbsp; <\/span><\/i><\/p><p><i><span>FC-ZARIA<\/span><\/i><\/p><p><i><span>ILORIN_COL&nbsp;&nbsp;&nbsp;&nbsp;&nbsp;&nbsp;&nbsp;&nbsp;&nbsp;&nbsp;&nbsp;&nbsp;&nbsp;&nbsp;&nbsp;&nbsp;&nbsp;&nbsp;&nbsp;&nbsp;&nbsp;&nbsp;&nbsp; <\/span><\/i><\/p><p><i><span>KAT-ALA&nbsp;&nbsp;&nbsp;&nbsp;&nbsp;&nbsp;&nbsp;&nbsp;&nbsp;&nbsp;&nbsp;&nbsp;&nbsp;&nbsp; <\/span><\/i><\/p><p><i><span>MOCPED<\/span><\/i><\/p><p><i><span>MOJE-COE<\/span><\/i><\/p><p><i><span>OTTO\/IJANIKIN<\/span><\/i><\/p><p>\r\n\r\n\r\n\r\n\r\n\r\n\r\n\r\n\r\n\r\n\r\n\r\n\r\n\r\n\r\n\r\n\r\n\r\n\r\n\r\n\r\n\r\n<\/p><p><i><span>PIAGET<\/span><span><\/span><\/i><\/p>","subjects":"Economics, French and any other Arts\/Social Science.","institutions_list":"COE-GOMBE"},{"id":"4928","title":"ECONOMICS\/MATHEMATICS","de_requirements":"","utme_requirements":"<p><span>Five (5) SSC credit passes in\r\nEnglish Language, Mathematics, Economics and any other two (2) Social Science\r\nsubject.<\/span><\/p>","subjects":"Economics, Mathematics and any other Social Science\/Science subject.","institutions_list":"COE-GOMBE"},{"id":"4930","title":"ENGLISH\/FRENCH","de_requirements":"","utme_requirements":"<p><span>Five (5) SSC credit passes in\r\nEnglish Language, Mathematics, French, Literature in English and any other Arts\r\nsubjects.<\/span><\/p>","subjects":"French, Literature in English and any other Arts subject.","institutions_list":"COE-GOMBE"},{"id":"4933","title":"ENGLISH\/HAUSA","de_requirements":"","utme_requirements":"<p><span>Five (5) SSC credit passes in\r\nEnglish Language, Mathematics,&nbsp; Hausa,\r\nLiterature in English and any other Arts&nbsp;\r\nsubject.<\/span><\/p>","subjects":"Literature in English and any other Arts subject\r\n\r\n","institutions_list":"COE-GOMBE"},{"id":"4934","title":"ENGLISH\/HISTORY","de_requirements":"","utme_requirements":"<p><span>Five (5) SSC credit passes in\r\nEnglish Language, Mathematics, Literature in English, History\/Government and\r\nany other Arts subject.<\/span><\/p>","subjects":"Literature in English, History\/Government and any other Arts subject","institutions_list":"COE-GOMBE"},{"id":"4935","title":"ENGLISH\/ISLAMIC STUDIES","de_requirements":"","utme_requirements":"<p><span>Five (5) SSC credit\r\npasses in English Language, Mathematics, Islamic Studies, Literature in English\r\nand any other Arts subject.<\/span><\/p>","subjects":"Islamic Studies, Literature in English and one (1) Arts subject. ","institutions_list":"COE-GOMBE"},{"id":"4936","title":"ENGLISH\/SOCIAL STUDIES","de_requirements":"","utme_requirements":"<p><span>Five (5) SSC credit\r\npasses in English Language, Mathematics, Literature in English and any two (2)\r\nof Economics, Government\/History, Geography\/Social Studies.<\/span><\/p>","subjects":"Literature in English and any of Arts\/Social Science subjects.","institutions_list":"COE-GOMBE"},{"id":"4937","title":"FRENCH\/HISTORY","de_requirements":"","utme_requirements":"<p><span>Five (5) SSC credit\r\npasses in English Language, Mathematics, French, History\/Government and any\r\nother Arts&nbsp;&nbsp; subject.<\/span><\/p>","subjects":"French, History\/Government and any other Arts subject.","institutions_list":"COE-GOMBE"},{"id":"4940","title":"FRENCH\/SOCIAL STUDIES","de_requirements":"","utme_requirements":"<table>\r\n <tbody><tr>\r\n  <td>\r\n  <p><span>Five (5) SSC credit\r\n  passesin English Language, Mathematics, French and any two (2) of the\r\n  following<\/span><\/p>\r\n  <p><span>1. Geography<\/span><\/p>\r\n  <p><span>2. Economics<\/span><\/p>\r\n  <p><span>3. Government<\/span><\/p>\r\n  <p><span>4. History<\/span><\/p>\r\n  <p><span>&nbsp;<\/span><\/p>\r\n  <\/td>\r\n <\/tr>\r\n<\/tbody><\/table>","subjects":"French and any two (2) of Geography, History, Economics and Government.","institutions_list":"COE-GOMBE"},{"id":"4985","title":"GEOGRAPHY\/ARABIC","de_requirements":"","utme_requirements":"<p><span>Five (5)SSC credit passes in English Language,\r\nMathematics, Arabic, Geography and any other subject<\/span><\/p>","subjects":"Arabic, Geography and any other Social Science subject.","institutions_list":"COE-GOMBE"},{"id":"4931","title":"GEOGRAPHY\/ENGLISH","de_requirements":"","utme_requirements":"<p><span>Five (5) SSC credit passes in\r\nEnglish Language, Mathematics, Geography, Literature in English and any other\r\nArts\/Social Science subject.<\/span><\/p>","subjects":"Geography, Literature in English and one (1) other Arts\/Social Science subject.","institutions_list":"COE-GOMBE"},{"id":"4944","title":"GEOGRAPHY\/FRENCH","de_requirements":"","utme_requirements":"<p><span>Five (5) SSC credit\r\npasses in English Language, Mathematics, Geography, French and one (1) Arts\/Social\r\nScience subject.<\/span><\/p>","subjects":"French, Geography and any one (1) ofArts\/Social Science subject.","institutions_list":"COE-GOMBE"},{"id":"4941","title":"GEOGRAPHY\/INTEGRATED SCIENCE","de_requirements":"","utme_requirements":"<p><span>Five (5) SSC credit\r\npasses in English Language, Mathematics, Geography and two (2) of <\/span><\/p><p><span>1. Integrated\r\nScience\/General Science<\/span><\/p><p><span>2. Physics<\/span><\/p><p><span>3. Chemistry<\/span><\/p><p>\r\n\r\n\r\n\r\n\r\n\r\n\r\n\r\n<\/p><p><span>4. Biology\/Health\r\nScience<\/span><\/p>","subjects":"Geography and two (2) of Biology, Physics and Chemistry.","institutions_list":"COE-GOMBE"},{"id":"4942","title":"GEOGRAPHY\/MATHEMATICS","de_requirements":"","utme_requirements":"<p><span>Five (5) SSC credit\r\npasses in English Language, Mathematics, Geography and any two (2) of\r\nScience\/Social Sciences.<\/span><\/p>","subjects":"Mathematics, Geography and any other Science\/Social Science subject.","institutions_list":"COE-GOMBE"},{"id":"4948","title":"HAUSA\/HISTORY","de_requirements":"","utme_requirements":"<p><span>Five (5) SSC credit\r\npasses in English Language, Mathematics, Hausa, History and one (1) Arts\r\nsubject.<\/span><\/p>","subjects":"Hausa, History and any Arts subject.\r\n\r\n","institutions_list":"COE-GOMBE"},{"id":"4950","title":"HAUSA\/ISLAMIC STUDIES","de_requirements":"","utme_requirements":"<p><span>Five\r\n(5) SSC credit passes in English Language, Mathematics, Hausa, Islamic Studies&nbsp; and any Arts subject.<\/span><\/p>","subjects":"Hausa, Islamic Studies and any other Arts subject.","institutions_list":"COE-GOMBE"},{"id":"4949","title":"HAUSA\/SOCIAL STUDIES","de_requirements":"","utme_requirements":"<p><span>Five (5) SSC credit passes in\r\nEnglish Language, Mathematics, Hausa and any two (2) of<\/span><\/p><p><span>1.\r\nGeography<\/span><\/p><p><span>2.\r\nHistory\/Government<\/span><\/p><p><span>3.\r\nIslamic Studies\/Christian Religious Studies<\/span><\/p><p><span>4.\r\nEconomics<\/span><\/p><p>\r\n\r\n\r\n\r\n\r\n\r\n\r\n\r\n\r\n\r\n<\/p><p><span>&nbsp;<\/span><\/p>","subjects":"Hausa and any other two (2) Arts\/Social Science subjects.","institutions_list":"COE-GOMBE"},{"id":"4951","title":"HISTORY\/ISLAMIC STUDIES","de_requirements":"","utme_requirements":"<p><span>Five (5) SSC credit passes in\r\nEnglish Language, Mathematics, History, Islamic Studies and any Arts subject.<\/span><\/p>","subjects":"History, Islamic Studies and any other Arts subject.","institutions_list":"COE-GOMBE"},{"id":"4952","title":"HISTORY\/SOCIAL STUDIES","de_requirements":"","utme_requirements":"<table>\r\n <tbody><tr>\r\n  <td>\r\n  <p><span>Five (5) SSC\r\n  credit passes in English Language, Mathematics, History and any two (2) of\r\n  Geography, Government, Economics and Christian Religious Studies\/Islamic\r\n  Studies.<\/span><\/p>\r\n  <\/td>\r\n <\/tr>\r\n<\/tbody><\/table>","subjects":"History and any one (1)  Arts and one (1)  Social Science subject.","institutions_list":"COE-GOMBE"},{"id":"4974","title":"INTEGRATED SCIENCE (DOUBLE MAJOR)","de_requirements":"","utme_requirements":"<p><span>Five (5) SSC credit passes in English Language, Mathematics, Physics, Biology\/Chemistry and any other Science subject.<\/span>&nbsp;&nbsp;&nbsp;&nbsp;<span><\/span><\/p>","subjects":"Any three (3) of Mathematics, Biology, Physics, Chemistry. ","institutions_list":"COE-GOMBE"},{"id":"4992","title":"INTEGRATED SCIENCE\/BIOLOGY","de_requirements":"","utme_requirements":"<p><span>Five (5) SSC credit\r\npasses in English Language, Mathematics, Biology, Chemistry\/Physics and any\r\nother Science subject.<\/span><\/p>","subjects":"Biology, Chemistry\/Physics and any other Science subject.","institutions_list":"COE-GOMBE"},{"id":"4955","title":"INTEGRATED SCIENCE\/CHEMISTRY","de_requirements":"","utme_requirements":"<p><span>Five (5) SSC credit passes in English Language, Mathematics, Chemistry, Biology and any other Science subject.<\/span>&nbsp;&nbsp;&nbsp;&nbsp;<span><\/span><\/p>","subjects":"Any three (3) of Chemistry, Biology, Physics, General Science\/Mathematics.","institutions_list":"COE-GOMBE"},{"id":"4975","title":"INTEGRATED SCIENCE\/COMPUTER EDUCATION","de_requirements":"","utme_requirements":"<p><span>Five (5) SSC credit passes in English Language, Mathematics, Physics, Biology\/Agricultural Science and Chemistry.<\/span>&nbsp; &nbsp;<\/p>","subjects":"Biology\/Agricultural Science, Physics and Chemistry. ","institutions_list":"COE-GOMBE"},{"id":"4966","title":"INTEGRATED SCIENCE\/MATHEMATICS EDUCATION","de_requirements":"","utme_requirements":"<p><span>Five (5) SSC credit\r\npasses in English Language, Mathematics and any three (3) of the following<\/span><\/p><p><span>1. Biology\/Agricultural\r\nScience<\/span><\/p><p><span>2. Chemistry<\/span><\/p><p><span>3. Physics and<\/span><\/p><p>\r\n\r\n\r\n\r\n\r\n\r\n\r\n\r\n<\/p><p><span>4. General Science<\/span><\/p>","subjects":"Mathematics and any two (2) of: Biology, Physics and Chemistry.","institutions_list":"COE-GOMBE"},{"id":"4968","title":"INTEGRATED SCIENCE\/PHYSICS","de_requirements":"","utme_requirements":"<p><span>Five (5) SSC credit\r\npasses in English Language, Mathematics Physics and any two (2) Science\r\nsubjects<\/span><\/p>","subjects":"Physics and any other  two (2) Science subjects.","institutions_list":"COE-GOMBE"},{"id":"4980","title":"ISLAMIC STUDIES\/ECONOMICS","de_requirements":"","utme_requirements":"<p><span>Five (5) SSC credit\r\npasses in English Language, Mathematics, Economics and any one (1) Arts\/Social\r\nScience subject.<\/span><\/p>","subjects":"Islamic Studies, Economics and any Arts\/Social Science subject.","institutions_list":"COE-GOMBE"},{"id":"4938","title":"ISLAMIC STUDIES\/FRENCH","de_requirements":"","utme_requirements":"<p><span>Five (5) SSC credit\r\npasses&nbsp; in English Language, Mathematics,\r\nFrench, Islamic Studies and any Arts&nbsp;\r\nsubject.<\/span><\/p>","subjects":"French, Islamic Studies and any other Arts subject.\r\n\r\n","institutions_list":"COE-GOMBE"},{"id":"4981","title":"ISLAMIC STUDIES\/GEOGRAPHY","de_requirements":"","utme_requirements":"<p><span>Five (5) SSC credit\r\npasses in English Language, Mathematics, Islamic Studies, Geography, one (1) &nbsp;Arts\/Social Science subject.<\/span><\/p>","subjects":"Islamic Studies, Geography and one (1)  Arts\/Social Science subject.","institutions_list":"COE-GOMBE"},{"id":"4979","title":"ISLAMIC STUDIES\/SOCIAL STUDIES","de_requirements":"","utme_requirements":"<p><span>Five (5) SSC credit\r\npasses in English Language, Mathematics, Islamic Studies and any two (2) of<\/span><\/p><p><span>1. Economics<\/span><\/p><p><span>2. Government\/History<\/span><\/p><p>\r\n\r\n\r\n\r\n\r\n\r\n<\/p><p><span>3. Geography<\/span><\/p>","subjects":"Islamic Studies, Government\/History and any one (1)  Social\/Arts Subject.","institutions_list":"COE-GOMBE"},{"id":"4993","title":"MATHEMATICS\/BIOLOGY","de_requirements":"","utme_requirements":"<p><span>Five (5) SSC credit\r\npasses, in English Language, Mathematics, Biology, and any other two (2)\r\nScience subjects.<\/span><\/p>","subjects":"Mathematics, Biology and any other Science subject.","institutions_list":"COE-GOMBE"},{"id":"4956","title":"MATHEMATICS\/CHEMISTRY","de_requirements":"","utme_requirements":"<p>&nbsp; &nbsp;&nbsp;<span>Five (5) SSC credit passes in English Language, Mathematics, Chemistry and any other two (2) Science subjects.<\/span><br><\/p><p><span><\/span><\/p>","subjects":"Mathematics, Chemistry and Biology\/Physics.","institutions_list":"COE-GOMBE"},{"id":"4977","title":"MATHEMATICS\/COMPUTER EDUCATION","de_requirements":"","utme_requirements":"<p><span>Five (5) SSC credit passes in English Language, Mathematics, Physics and any other two (2) Science subjects.<\/span>&nbsp;&nbsp;&nbsp;&nbsp;<span><\/span><\/p>","subjects":"Mathematics, Physics and any other Science subject.","institutions_list":"COE-GOMBE"},{"id":"4984","title":"MATHEMATICS\/PHYSICS","de_requirements":"","utme_requirements":"<p><span>Five (5) SSC credit\r\npasses in English Language, Mathematics, Physics and two (2) other Science\r\nsubjects.<\/span><\/p>","subjects":"Mathematics, Physics and any other Science subject.","institutions_list":"COE-GOMBE"},{"id":"4982","title":"POLITICAL SCIENCE\/ARABIC","de_requirements":"","utme_requirements":"<p><span>Five (5) SSC credit\r\npasses in English Language, Mathematics, Arabic, Government\/History and any\r\nother subject.<\/span><\/p>","subjects":"Arabic, History\/Government and any other Arts subject.","institutions_list":"COE-GOMBE"},{"id":"4961","title":"POLITICAL SCIENCE\/CHRISTIAN RELIGIOUS STUDIES","de_requirements":"","utme_requirements":"<p><span>Five (5) SSC credit passes in English Language, Mathematics, Government, Christian Religious Studies and any other Social Science subject.<\/span><span><\/span><\/p>","subjects":"Christian Religious Studies, Government and any other subject.","institutions_list":"COE-GOMBE"},{"id":"4932","title":"POLITICAL SCIENCE\/ENGLISH","de_requirements":"","utme_requirements":"<p><span>Five (5) SSC credit passes in\r\nEnglish Language, Mathematics, Literature in English, Government\/History and\r\nany other Arts\/Social Science subject.<\/span><\/p>","subjects":"Literature in English, Government\/History and any other Arts\/Social Science subject. \r\n\r\n","institutions_list":"COE-GOMBE"},{"id":"4939","title":"POLITICAL SCIENCE\/FRENCH","de_requirements":"","utme_requirements":"<p><span>Five (5) SSC credit\r\npasses in English Language, Mathematics, French, Government\/History and any\r\nother Arts\/Social Science subject.<\/span><\/p>","subjects":"French, Government\/History and any other Arts\/Social Science subject.","institutions_list":"COE-GOMBE"},{"id":"4945","title":"POLITICAL SCIENCE\/ISLAMIC STUDIES","de_requirements":"","utme_requirements":"<p><span>Five (5) SSC credit\r\npasses in English Language, Mathematics, Government\/History, Islamic Studies\r\nand any one (1) &nbsp;Arts\/Social Science\r\nsubject.<\/span><\/p>","subjects":"Government\/History, Islamic Studies and one (1)  Arts\/Social Science subject.","institutions_list":"COE-GOMBE"},{"id":"4978","title":"PRIMARY EDUCATION STUDIES","de_requirements":"","utme_requirements":"<p><span>Five (5)SSC credits including English\r\nLanguage.<\/span><\/p>","subjects":"English Language and any other three (3) subjects.","institutions_list":"COE-GOMBE"},{"id":"4947","title":"SOCIAL STUDIES(DOUBLE MAJOR)","de_requirements":"","utme_requirements":"<p><span>Five (5) SSC credit\r\npasses in English Language, Mathematics, Government\/History and two (2) Social Science\r\nsubjects.<\/span><\/p>","subjects":"Government\/History and two (2) of Social Science subjects.","institutions_list":"COE-GOMBE"},{"id":"4990","title":"SOCIAL STUDIES\/ARABIC","de_requirements":"","utme_requirements":"<p><span>Five (5) SSC credit passes in English Language,\r\nMathematics, Arabic and two (2) of Economics, Government, Geography and Social\r\nstudies<\/span><br><\/p>","subjects":"Arabic and any two (2) of Geography, History\/ Government and Economics.","institutions_list":"COE-GOMBE"},{"id":"4929","title":"SOCIAL STUDIES\/ECONOMICS","de_requirements":"","utme_requirements":"<p><span>Five (5) SSC credit passes in\r\nEnglish Language, Mathematics, Economics, Government\/History and any other\r\nSocial Science subject.<\/span><\/p>","subjects":"Economics, History\/Government and any other Social Science subject.","institutions_list":"COE-GOMBE"},{"id":"4943","title":"SOCIAL STUDIES\/GEOGRAPHY","de_requirements":"","utme_requirements":"<p><span>Five (5) SSC credit\r\npasses in English Language, Mathematics, Geography and two (2) of\r\nGovernment\/History, Christian Religious Studies\/Christian Religious Studies,\r\nEconomics.<\/span><\/p>","subjects":"Geography and two (2) of Economics, Government\/History, Christian Religious Studies\/Islamic Studies.","institutions_list":"COE-GOMBE"},{"id":"4946","title":"SOCIAL STUDIES\/POLITICAL SCIENCE","de_requirements":"","utme_requirements":"<p><span>Five (5) SSC credit\r\npasses in English Language, Mathematics, Government\/History and two (2) Science\r\nsubjects.<\/span><\/p>","subjects":"Government\/History and two (2) of Social Science subjects.","institutions_list":"COE-GOMBE"},{"id":"4953","title":"THEATRE ARTS\/HISTORY","de_requirements":"","utme_requirements":"<p><span>Five (5) SSC credit passes in\r\nEnglish Language, Mathematics, History, Literature in English and any one (1) &nbsp;Arts subject.<\/span><\/p>","subjects":"Literature in English, History and one (1)  Arts subject.","institutions_list":"COE-GOMBE"}]