[{"id":"5064","title":"COMPUTER SCIENCE\/ECONOMICS","de_requirements":"","utme_requirements":"<p><span>Five (5) SSC credit passes in English Language, Mathematics, Economics, Physics and any other Science\/Social Science subject.<\/span><span><\/span><\/p>","subjects":"Any three (3) of Economics, Mathematics\/Physics and Chemistry.","institutions_list":"COE-DARAZO"},{"id":"5065","title":"ENGLISH\/ARABIC","de_requirements":"","utme_requirements":"<p><span>Five (5) SSC credit passes\r\nincluding Arabic and English Language, Mathematics, Literature in English, any\r\nother subject.<\/span><\/p>","subjects":"Arabic and two (2) subjects from Arts\/Social Science ","institutions_list":"COE-DARAZO"},{"id":"5070","title":"ENGLISH\/ECONOMICS","de_requirements":"","utme_requirements":"<p><span>Five (5) SSC credit passes in English Language, Mathematics, Economics, Literature in English and any other Arts\/Social Science subject.<\/span>&nbsp;&nbsp;&nbsp;&nbsp;<span><\/span><\/p>","subjects":"Economics, Literature in English and any other subject.","institutions_list":"COE-DARAZO"},{"id":"5057","title":"ENGLISH\/HISTORY","de_requirements":"","utme_requirements":"<p><span>Five (5) SSC credit passes in\r\nEnglish Language, Mathematics, Literature in English, History\/Government and\r\nany other Arts subject.<\/span><\/p>","subjects":"Literature in English, History\/Government and any other Arts subject","institutions_list":"COE-DARAZO"},{"id":"5058","title":"ENGLISH\/ISLAMIC STUDIES","de_requirements":"","utme_requirements":"<p><span>Five (5) SSC credit\r\npasses in English Language, Mathematics, Islamic Studies, Literature in English\r\nand any other Arts subject.<\/span><\/p>","subjects":"Islamic Studies, Literature in English and one (1) Arts subject. ","institutions_list":"COE-DARAZO"},{"id":"5055","title":"ENGLISH\/POLITICAL SCIENCE","de_requirements":"","utme_requirements":"<p><span>Five (5) SSC credit passes in\r\nEnglish Language, Mathematics, Literature in English, Government\/History and\r\nany other Arts\/Social Science subject.<\/span><\/p>","subjects":"Literature in English, Government\/History and any other Arts\/Social Science subject. \r\n\r\n","institutions_list":"COE-DARAZO"},{"id":"5059","title":"ENGLISH\/SOCIAL STUDIES","de_requirements":"","utme_requirements":"<p><span>Five (5) SSC credit\r\npasses in English Language, Mathematics, Literature in English and any two (2)\r\nof Economics, Government\/History, Geography\/Social Studies.<\/span><\/p>","subjects":"Literature in English and any of Arts\/Social Science subjects.","institutions_list":"COE-DARAZO"},{"id":"5056","title":"HAUSA\/ENGLISH","de_requirements":"","utme_requirements":"<p><span>Five (5) SSC credit passes in\r\nEnglish Language, Mathematics,&nbsp; Hausa,\r\nLiterature in English and any other Arts&nbsp;\r\nsubject.<\/span><\/p>","subjects":"Literature in English and any other Arts subject\r\n\r\n","institutions_list":"COE-DARAZO"},{"id":"5063","title":"HAUSA\/ISLAMIC STUDIES","de_requirements":"","utme_requirements":"<p><span>Five\r\n(5) SSC credit passes in English Language, Mathematics, Hausa, Islamic Studies&nbsp; and any Arts subject.<\/span><\/p>","subjects":"Hausa, Islamic Studies and any other Arts subject.","institutions_list":"COE-DARAZO"},{"id":"5062","title":"HAUSA\/SOCIAL STUDIES","de_requirements":"","utme_requirements":"<p><span>Five (5) SSC credit passes in\r\nEnglish Language, Mathematics, Hausa and any two (2) of<\/span><\/p><p><span>1.\r\nGeography<\/span><\/p><p><span>2.\r\nHistory\/Government<\/span><\/p><p><span>3.\r\nIslamic Studies\/Christian Religious Studies<\/span><\/p><p><span>4.\r\nEconomics<\/span><\/p><p>\r\n\r\n\r\n\r\n\r\n\r\n\r\n\r\n\r\n\r\n<\/p><p><span>&nbsp;<\/span><\/p>","subjects":"Hausa and any other two (2) Arts\/Social Science subjects.","institutions_list":"COE-DARAZO"},{"id":"5069","title":"ISLAMIC STUDIES\/ECONOMICS","de_requirements":"","utme_requirements":"<p><span>Five (5) SSC credit\r\npasses in English Language, Mathematics, Economics and any one (1) Arts\/Social\r\nScience subject.<\/span><\/p>","subjects":"Islamic Studies, Economics and any Arts\/Social Science subject.","institutions_list":"COE-DARAZO"},{"id":"5067","title":"ISLAMIC STUDIES\/POLITICAL SCIENCE","de_requirements":"","utme_requirements":"<p><span>Five (5) SSC credit\r\npasses in English Language, Mathematics, Islamic Studies, Government\/History\r\nand one (1) &nbsp;Arts\/Social Science subject.<\/span><\/p>","subjects":"Islamic Studies, Government\/History and any one (1)  Arts\/Social Science subject..","institutions_list":"COE-DARAZO"},{"id":"5066","title":"MATHEMATICS\/COMPUTER EDUCATION","de_requirements":"","utme_requirements":"<p><span>Five (5) SSC credit passes in English Language, Mathematics, Physics and any other two (2) Science subjects.<\/span>&nbsp;&nbsp;&nbsp;&nbsp;<span><\/span><\/p>","subjects":"Mathematics, Physics and any other Science subject.","institutions_list":"COE-DARAZO"},{"id":"5061","title":"SOCIAL STUDIES (DOUBLE MAJOR)","de_requirements":"","utme_requirements":"<p><span>Five (5) SSC credit\r\npasses in English Language, Mathematics, Government\/History and two (2) Social Science\r\nsubjects.<\/span><\/p>","subjects":"Government\/History and two (2) of Social Science subjects.","institutions_list":"COE-DARAZO"},{"id":"5054","title":"SOCIAL STUDIES\/ECONOMICS","de_requirements":"","utme_requirements":"<p><span>Five (5) SSC credit passes in\r\nEnglish Language, Mathematics, Economics, Government\/History and any other\r\nSocial Science subject.<\/span><\/p>","subjects":"Economics, History\/Government and any other Social Science subject.","institutions_list":"COE-DARAZO"},{"id":"5068","title":"SOCIAL STUDIES\/ISLAMIC STUDIES","de_requirements":"","utme_requirements":"<p><span>Five (5) SSC credit\r\npasses in English Language, Mathematics, Islamic Studies and any two (2) of<\/span><\/p><p><span>1. Economics<\/span><\/p><p><span>2. Government\/History<\/span><\/p><p>\r\n\r\n\r\n\r\n\r\n\r\n<\/p><p><span>3. Geography<\/span><\/p>","subjects":"Islamic Studies, Government\/History and any one (1)  Social\/Arts Subject.","institutions_list":"COE-DARAZO"},{"id":"5060","title":"SOCIAL STUDIES\/POLITICAL SCIENCE","de_requirements":"","utme_requirements":"<p><span>Five (5) SSC credit\r\npasses in English Language, Mathematics, Government\/History and two (2) Science\r\nsubjects.<\/span><\/p>","subjects":"Government\/History and two (2) of Social Science subjects.","institutions_list":"COE-DARAZO"}]