[{"id":"5117","title":"ARABIC MEDIUM","de_requirements":"","utme_requirements":"<p><span>SSC credit passes to include\r\nEnglish Language, Mathematics, Arabic, Christian Religious Studies\/Islamic\r\nStudies and any other subjects.<\/span><\/p>","subjects":"Arabic and two (2) subjects from Arts\/Social Science ","institutions_list":"COE-KURA"},{"id":"5116","title":"ENGLISH(DOUBLE MAJOR)","de_requirements":"","utme_requirements":"<p><span>Five (5) SSC credit passes in\r\nEnglish Language, Mathematics, Literature in English and any other two (2) Arts\r\nsubjects.<\/span><\/p>","subjects":"Literature in English and any two (2) Arts subjects.","institutions_list":"COE-KURA"}]