[{"id":"5157","title":"BIOLOGY\/CHEMISTRY","de_requirements":"","utme_requirements":"<p><span>Five (5) SSC credit\r\npasses, in English Language, Mathematics, Biology, Chemistry and other Science\r\nsubject.<\/span><\/p>","subjects":"Biology, Chemistry any other Science subject.","institutions_list":"COE-OFFA"},{"id":"5158","title":"BIOLOGY\/GEOGRAPHY","de_requirements":"","utme_requirements":"<p><span>Five (5)SSC credit\r\npasses, in English Language, Mathematics, Biology, Geography and any other\r\nScience\/Social Science subject.<\/span><\/p>","subjects":"Biology, Geography and any other from Science\/Social Science subject.","institutions_list":"COE-OFFA"},{"id":"5159","title":"BIOLOGY\/INTEGRATED SCIENCE","de_requirements":"","utme_requirements":"<p><span>Five (5) SSC credit\r\npasses in English Language, Mathematics, Biology, Chemistry\/Physics and any\r\nother Science subject.<\/span><\/p>","subjects":"Biology, Chemistry\/Physics and any other Science subject.","institutions_list":"COE-OFFA"},{"id":"5142","title":"BUSINESS EDUCATION","de_requirements":"","utme_requirements":"<p><span>SSC credit passes or TC II merits in English\r\nLanguage and any three (3) of:<\/span><\/p><p><span>1. Economics<\/span><\/p><p><span>2. Accounts<\/span><\/p><p><span>3. Government<\/span><\/p><p><span>4. Geography<\/span><\/p><p><span>5. History<\/span><\/p><p><span>6. Business Method<\/span><\/p><p><span>7. Statistics<\/span><\/p><p><span>8. Commerce<\/span><\/p><p><span>9. Any Science subjects <\/span><\/p><p><span>&nbsp;<\/span><\/p><p><b><span>NB: GROUP A:<\/span><\/b><span><\/span><\/p><p><span>Commercial Arithmetic\r\nCosting, Principles of Accounts, Book Keeping Mathematics, Statistics.<\/span><\/p><p><span>&nbsp;<\/span><\/p><p><b><span>GROUP B:<\/span><\/b><span><\/span><\/p><p>\r\n\r\n\r\n\r\n\r\n\r\n\r\n\r\n\r\n\r\n\r\n\r\n\r\n\r\n\r\n\r\n\r\n\r\n\r\n\r\n\r\n\r\n\r\n\r\n\r\n\r\n\r\n\r\n\r\n\r\n<\/p><p><span>Office Practice, Business\r\nMethod, Commerce, Economics.<\/span><\/p>","subjects":"Mathematics, Economics and any of Geography, Commerce and Principles of Accounts.","institutions_list":"COE-OFFA"},{"id":"5135","title":"CHEMISTRY\/INTEGRATED SCIENCE","de_requirements":"","utme_requirements":"<p><span>Five (5) SSC credit passes in English Language, Mathematics, Chemistry, Biology and any other Science subject.<\/span>&nbsp;&nbsp;&nbsp;&nbsp;<span><\/span><\/p>","subjects":"Any three (3) of Chemistry, Biology, Physics, General Science\/Mathematics.","institutions_list":"COE-OFFA"},{"id":"5136","title":"CHEMISTRY\/MATHEMATICS","de_requirements":"","utme_requirements":"<p>&nbsp; &nbsp;&nbsp;<span>Five (5) SSC credit passes in English Language, Mathematics, Chemistry and any other two (2) Science subjects.<\/span><br><\/p><p><span><\/span><\/p>","subjects":"Mathematics, Chemistry and Biology\/Physics.","institutions_list":"COE-OFFA"},{"id":"5137","title":"CHEMISTRY\/PHYSICS","de_requirements":"","utme_requirements":"<p><span>Five (5)SSC credit passes in English Language, Mathematics, Physics and any other Science subject.<\/span>&nbsp;&nbsp;&nbsp;&nbsp;<span>&nbsp;<\/span><span><\/span><\/p>","subjects":"Chemistry, Physics and Mathematics.","institutions_list":"COE-OFFA"},{"id":"5140","title":"CHRISTIAN  RELIGIOUS STUDIES\/POLITICAL SCIENCE","de_requirements":"","utme_requirements":"<p><span>Five (5) SSC credit passes in English Language, Mathematics, Christian Religious Studies, Economics and any other subject.<\/span>&nbsp;&nbsp;&nbsp;&nbsp;<span><\/span><\/p>","subjects":"Christian Religious Studies, Economics and any other Social Science\/Arts subjects.","institutions_list":"COE-OFFA"},{"id":"5138","title":"CHRISTIAN RELIGIOUS STUDIES\/ECONOMICS","de_requirements":"","utme_requirements":"<p><span>Five (5) SSC credit passes in English Language, Mathematics, Christian Religious Studies, Literature in English and any other Arts subject.<\/span><span><\/span><\/p>","subjects":"Christian Religious Studies, Literature in English Language and Arts subject.","institutions_list":"COE-OFFA"},{"id":"5139","title":"CHRISTIAN RELIGIOUS STUDIES\/ENGLISH","de_requirements":"","utme_requirements":"<p><span>Five (5) SSC credit passes in English Language, Mathematics, Christian Religious Studies, Geography and one (1) other subject.<\/span><span><\/span><\/p>","subjects":"Christian Religious Studies, Geography and any other subject.","institutions_list":"COE-OFFA"},{"id":"5143","title":"CHRISTIAN RELIGIOUS STUDIES\/GEOGRAPHY","de_requirements":"","utme_requirements":"<p><span>Five (5) SSC credit passes in English Language, Mathematics, Christian Religious Studies and any other &nbsp;Arts subjects.<\/span><span><\/span><\/p>","subjects":"History, Christian Religious Studies and any other Arts subjects.","institutions_list":"COE-OFFA"},{"id":"5141","title":"CHRISTIAN RELIGIOUS STUDIES\/HISTORY","de_requirements":"","utme_requirements":"<p><span>Five (5) SSC credit passes in English Language, Mathematics, Government, Christian Religious Studies and any other Social Science subject.<\/span><span><\/span><\/p>","subjects":"Christian Religious Studies, Government and any other subject.","institutions_list":"COE-OFFA"},{"id":"5144","title":"CHRISTIAN RELIGIOUS STUDIES\/YORUBA","de_requirements":"","utme_requirements":"<p><span>Five (5) SSC credit passes in English Language, Mathematics, Christian Religious Studies, Yoruba, and any other subject.<\/span><span><\/span><\/p>","subjects":"Yoruba, Christian Religious Studies and any other Arts subject.","institutions_list":"COE-OFFA"},{"id":"5146","title":"COMPUTER EDUCATION\/ENGLISH","de_requirements":"","utme_requirements":"<p><span>Five (5)SSC credit passes in English Language, Mathematics, Physics, Literature in English and Arts\/Science subjects.<\/span><span><\/span><\/p>","subjects":"Mathematics\/Physics, Literature in English and any other Arts\/Science subject.","institutions_list":"COE-OFFA"},{"id":"5147","title":"COMPUTER EDUCATION\/PHYSICS","de_requirements":"","utme_requirements":"<p><span>Five (5) SSC credit passes in English Language, Mathematics, Physics and any other two (2) Science subjects.<\/span><span><\/span><\/p>","subjects":"Mathematics, Physics and any other Science subject.","institutions_list":"COE-OFFA"},{"id":"5145","title":"COMPUTER SCIENCE EDUCATION\/MATHEMATICS","de_requirements":"","utme_requirements":"<p><span>Five (5) SSC credit passes in English Language, Mathematics, Physics and any two (2) Science subjects.&nbsp;<\/span><span><\/span><\/p>","subjects":"Mathematics and any other two (2) Science subjects.","institutions_list":"COE-OFFA"},{"id":"5155","title":"ECONOMICS\/GEOGRAPHY","de_requirements":"","utme_requirements":"<p><span>Five (5) SSC credit passes in English Language, Mathematics, Economics, Geography and any other Social Science subject.<\/span>&nbsp;&nbsp;&nbsp;&nbsp;<span><\/span><\/p>","subjects":"Economics, Geography and any other Social Science subject.","institutions_list":"COE-OFFA"},{"id":"5119","title":"ECONOMICS\/HISTORY","de_requirements":"","utme_requirements":"<p><span>Five (5) SSC credit passes in\r\nEnglish Language, Mathematics, Economics, History and any other Arts\/Social\r\nScience subjects.<\/span><\/p>","subjects":"History, Economics and any other Arts\/Social Science subject.","institutions_list":"COE-OFFA"},{"id":"5120","title":"ECONOMICS\/MATHEMATICS","de_requirements":"","utme_requirements":"<p><span>Five (5) SSC credit passes in\r\nEnglish Language, Mathematics, Economics and any other two (2) Social Science\r\nsubject.<\/span><\/p>","subjects":"Economics, Mathematics and any other Social Science\/Science subject.","institutions_list":"COE-OFFA"},{"id":"5156","title":"ECONOMICS\/POLITICAL SCIENCE","de_requirements":"","utme_requirements":"<p><span>Five (5)SSC credit passes in English Language, Mathematics, Economics and any other Social Science subjects.<\/span>&nbsp;&nbsp;&nbsp;&nbsp;<span><\/span><\/p>","subjects":"Economics, Government\/History and any other Social Science subject.","institutions_list":"COE-OFFA"},{"id":"5121","title":"ECONOMICS\/SOCIAL STUDIES","de_requirements":"","utme_requirements":"<p><span>Five (5) SSC credit passes in\r\nEnglish Language, Mathematics, Economics, Government\/History and any other\r\nSocial Science subject.<\/span><\/p>","subjects":"Economics, History\/Government and any other Social Science subject.","institutions_list":"COE-OFFA"},{"id":"5122","title":"ENGLISH\/FRENCH","de_requirements":"","utme_requirements":"<p><span>Five (5) SSC credit passes in\r\nEnglish Language, Mathematics, French, Literature in English and any other Arts\r\nsubjects.<\/span><\/p>","subjects":"French, Literature in English and any other Arts subject.","institutions_list":"COE-OFFA"},{"id":"5123","title":"ENGLISH\/GEOGRAPHY","de_requirements":"","utme_requirements":"<p><span>Five (5) SSC credit passes in\r\nEnglish Language, Mathematics, Geography, Literature in English and any other\r\nArts\/Social Science subject.<\/span><\/p>","subjects":"Geography, Literature in English and one (1) other Arts\/Social Science subject.","institutions_list":"COE-OFFA"},{"id":"5125","title":"ENGLISH\/HISTORY","de_requirements":"","utme_requirements":"<p><span>Five (5) SSC credit passes in\r\nEnglish Language, Mathematics, Literature in English, History\/Government and\r\nany other Arts subject.<\/span><\/p>","subjects":"Literature in English, History\/Government and any other Arts subject","institutions_list":"COE-OFFA"},{"id":"5126","title":"ENGLISH\/ISLAMIC STUDIES","de_requirements":"","utme_requirements":"<p><span>Five (5) SSC credit\r\npasses in English Language, Mathematics, Islamic Studies, Literature in English\r\nand any other Arts subject.<\/span><\/p>","subjects":"Islamic Studies, Literature in English and one (1) Arts subject. ","institutions_list":"COE-OFFA"},{"id":"5124","title":"ENGLISH\/POLITICAL SCIENCE","de_requirements":"","utme_requirements":"<p><span>Five (5) SSC credit passes in\r\nEnglish Language, Mathematics, Literature in English, Government\/History and\r\nany other Arts\/Social Science subject.<\/span><\/p>","subjects":"Literature in English, Government\/History and any other Arts\/Social Science subject. \r\n\r\n","institutions_list":"COE-OFFA"},{"id":"5127","title":"ENGLISH\/SOCIAL STUDIES","de_requirements":"","utme_requirements":"<p><span>Five (5) SSC credit\r\npasses in English Language, Mathematics, Literature in English and any two (2)\r\nof Economics, Government\/History, Geography\/Social Studies.<\/span><\/p>","subjects":"Literature in English and any of Arts\/Social Science subjects.","institutions_list":"COE-OFFA"},{"id":"5128","title":"ENGLISH\/YORUBA","de_requirements":"","utme_requirements":"<p><span>Five (5) SSC credit\r\npasses in English Language, Mathematics, Literature in English, Yoruba and any\r\nArts subject.<\/span><\/p>","subjects":"Literature in English, Yoruba and any Arts subjects\r\n\r\n","institutions_list":"COE-OFFA"},{"id":"5129","title":"FINE & APPLIED ART (DOUBLE MAJOR)","de_requirements":"","utme_requirements":"<table>\r\n <tbody><tr>\r\n  <td>\r\n  <p><span>Five (5) SSC\r\n  credit passes in English Language, Mathematics, Fine Arts and any other two\r\n  (2) subjects from:<\/span><\/p>\r\n  <p><span>1. Craft<\/span><\/p>\r\n  <p><span>2. Textile Clothing<\/span><\/p>\r\n  <p><span>3. Technical\r\n  Drawing<\/span><\/p>\r\n  <p><span>4. A Science\r\n  subject<\/span><\/p>\r\n  <p><span>5. An Arts\r\n  subject<\/span><\/p>\r\n  <p><span>6. Decorative\r\n  Painting<\/span><\/p>\r\n  <p><span>7. Spray\r\n  Painting, <\/span><span>Lining, Sign <\/span><span>and Design<\/span><\/p>\r\n  <p><span>8. Wall\r\n  Hanging, Colour Mixing\/Matching and Glazing<\/span><\/p>\r\n  <p><span>9. Graphic\r\n  Design<\/span><\/p>\r\n  <p><span>10. Graphic\r\n  Printing<\/span><\/p>\r\n  <p><span>11. Ceramics<\/span><\/p>\r\n  <p><span>12. Basic Electricity.<\/span><\/p>\r\n  <p><span>13. General\r\n  Wood work<\/span><\/p>\r\n  <p><span>14.\r\n  General Metal Work<\/span><\/p>\r\n  <p><span>15.\r\n  Men\/Ladies Garment Construction &amp; Finishing<\/span><\/p>\r\n  <p><span>16.\r\n  Spinning 16. Weaving<\/span><\/p>\r\n  <p><span>17.\r\n  Men\/Ladies Textile Design<\/span><\/p>\r\n  <p><span>18.SurfaceDesign\r\n  &amp; Printing<\/span><\/p>\r\n  <p><span>19.&nbsp; Bleaching, Dyeing and Finishing.<\/span><\/p>\r\n  <p><span>20.\r\n  Spraying, Painting, Lining, Sign and Design<\/span><\/p>\r\n  <p><span>&nbsp;<\/span><\/p>\r\n  <\/td>\r\n <\/tr>\r\n<\/tbody><\/table>","subjects":"Fine Arts and any other two (2) subjects","institutions_list":"COE-OFFA"},{"id":"5130","title":"GEOGRAPHY\/POLITICAL SCIENCE","de_requirements":"","utme_requirements":"<p><span>Five (5) SSC credit\r\npasses in English Language, Mathematics, Geography, History\/Government&nbsp; and any other Social Science subject.<\/span><\/p>","subjects":"Geography, Government\/History and any other Social Science subject.","institutions_list":"COE-OFFA"},{"id":"5132","title":"HISTORY\/POLITICAL SCIENCE","de_requirements":"","utme_requirements":"<p><span>Five (5) SSC credit passes in\r\nEnglish Language, Mathematics, History and any two (2) Social Science subjects.<\/span><\/p>","subjects":"History and any two (2) Social Science subjects.\r\n\r\n","institutions_list":"COE-OFFA"},{"id":"5133","title":"HISTORY\/SOCIAL STUDIES","de_requirements":"","utme_requirements":"<table>\r\n <tbody><tr>\r\n  <td>\r\n  <p><span>Five (5) SSC\r\n  credit passes in English Language, Mathematics, History and any two (2) of\r\n  Geography, Government, Economics and Christian Religious Studies\/Islamic\r\n  Studies.<\/span><\/p>\r\n  <\/td>\r\n <\/tr>\r\n<\/tbody><\/table>","subjects":"History and any one (1)  Arts and one (1)  Social Science subject.","institutions_list":"COE-OFFA"},{"id":"5134","title":"HOME ECONOMICS (DOUBLE MAJOR)","de_requirements":"","utme_requirements":"<table>\r\n <tbody><tr>\r\n  <td>\r\n  <p><span>Five (5) SSC\r\n  credit passes in English Language, Mathematics and any three (3) of the\r\n  followings:<\/span><\/p>\r\n  <p><span>1.&nbsp; Agricultural Science<\/span><\/p>\r\n  <p><span>2.&nbsp; Biology<\/span><\/p>\r\n  <p><span>3.&nbsp; Chemistry<\/span><\/p>\r\n  <p><span>4.&nbsp; General Science<\/span><\/p>\r\n  <p><span>5.&nbsp; Health Science<\/span><\/p>\r\n  <p><span>6.&nbsp; Home Management\/ <\/span><\/p>\r\n  <p><span>7.&nbsp; Hotel and Catering<\/span><\/p>\r\n  <p><span>8.&nbsp; Food and Nutrition<\/span><\/p>\r\n  <p><span>9.&nbsp; Integrated Science<\/span><\/p>\r\n  <p><span>10. Physical and\r\n  Health Education\/Physical Education<\/span><\/p>\r\n  <p><span>11. Physics<\/span><\/p>\r\n  <p><span>12. Economics<\/span><\/p>\r\n  <p><span>13. General Metal\r\n  Work<\/span><\/p>\r\n  <p><span>14. Building\/Engineering\r\n  Drawing<\/span><\/p>\r\n  <p><span>15. Men\/Ladies\r\n  Garment&nbsp;&nbsp;&nbsp;&nbsp; <\/span><\/p>\r\n  <p><span>&nbsp;&nbsp;&nbsp;&nbsp; Construction and Finishing<\/span><\/p>\r\n  <p><span>16. Men\/Ladies\r\n  Textile&nbsp;&nbsp; Design<\/span><\/p>\r\n  <p><span>17. Spinning&nbsp; <\/span><\/p>\r\n  <p><span>18. Weaving<\/span><\/p>\r\n  <p><span>19. Surface Design and\r\n  <\/span><\/p>\r\n  <p><span>&nbsp;&nbsp;&nbsp;&nbsp; Printing<\/span><\/p>\r\n  <p><span>20. Bleaching, Dyeing\r\n  and <\/span><\/p>\r\n  <p><span>&nbsp;&nbsp;&nbsp;&nbsp; Finishing<\/span><\/p>\r\n  <p><span>21. Basic Electricity<\/span><\/p>\r\n  <p><span>&nbsp;<\/span><\/p>\r\n  <p><b><span>GROUP A:<\/span><\/b><span><\/span><\/p>\r\n  <p><span>Home Economics,\r\n  Home Management, Cookery, Needle Work and Dress Making, Clothing and Textile,\r\n  Food and Nutrition, Hotel Management and Catering.<\/span><\/p>\r\n  <p><span>&nbsp;<\/span><\/p>\r\n  <p><b><span>GROUP B:<\/span><\/b><span><\/span><\/p>\r\n  <p><span>Biology, Chemistry, Physics, Integrated\r\n  Science, Health Science, Agricultural Science, Mathematics\/Arithmetic\r\n  Process\/Basic Mathematics, Economics, Physical and Health Education.<\/span><span><\/span><\/p>\r\n  <\/td>\r\n <\/tr>\r\n<\/tbody><\/table>","subjects":"Any three (3) of Chemistry, Agricultural Science, Home Economics, Economics and Mathematics.","institutions_list":"COE-OFFA"},{"id":"5151","title":"ISLAMIC STUDIES\/ECONOMICS","de_requirements":"","utme_requirements":"<p><span>Five (5) SSC credit\r\npasses in English Language, Mathematics, Economics and any one (1) Arts\/Social\r\nScience subject.<\/span><\/p>","subjects":"Islamic Studies, Economics and any Arts\/Social Science subject.","institutions_list":"COE-OFFA"},{"id":"5152","title":"ISLAMIC STUDIES\/GEOGRAPHY","de_requirements":"","utme_requirements":"<p><span>Five (5) SSC credit\r\npasses in English Language, Mathematics, Islamic Studies, Geography, one (1) &nbsp;Arts\/Social Science subject.<\/span><\/p>","subjects":"Islamic Studies, Geography and one (1)  Arts\/Social Science subject.","institutions_list":"COE-OFFA"},{"id":"5149","title":"ISLAMIC STUDIES\/POLITICAL SCIENCE","de_requirements":"","utme_requirements":"<p><span>Five (5) SSC credit\r\npasses in English Language, Mathematics, Islamic Studies, Government\/History\r\nand one (1) &nbsp;Arts\/Social Science subject.<\/span><\/p>","subjects":"Islamic Studies, Government\/History and any one (1)  Arts\/Social Science subject..","institutions_list":"COE-OFFA"},{"id":"5150","title":"ISLAMIC STUDIES\/SOCIAL STUDIES","de_requirements":"","utme_requirements":"<p><span>Five (5) SSC credit\r\npasses in English Language, Mathematics, Islamic Studies and any two (2) of<\/span><\/p><p><span>1. Economics<\/span><\/p><p><span>2. Government\/History<\/span><\/p><p>\r\n\r\n\r\n\r\n\r\n\r\n<\/p><p><span>3. Geography<\/span><\/p>","subjects":"Islamic Studies, Government\/History and any one (1)  Social\/Arts Subject.","institutions_list":"COE-OFFA"},{"id":"5153","title":"ISLAMIC STUDIES\/YORUBA","de_requirements":"","utme_requirements":"<p><span>Five (5) SSC credit\r\npasses in English Language, Mathematics, Islamic Studies, Yoruba and one (1) &nbsp;Arts subject.<\/span><\/p>","subjects":"Yoruba, Islamic Studies and one (1)  Arts subject.\r\n\r\n","institutions_list":"COE-OFFA"},{"id":"5154","title":"MATHEMATICS\/PHYSICS","de_requirements":"","utme_requirements":"<p><span>Five (5) SSC credit\r\npasses in English Language, Mathematics, Physics and two (2) other Science\r\nsubjects.<\/span><\/p>","subjects":"Mathematics, Physics and any other Science subject.","institutions_list":"COE-OFFA"},{"id":"5131","title":"POLITICAL SCIENCE\/SOCIAL STUDIES","de_requirements":"","utme_requirements":"<p><span>Five (5) SSC credit\r\npasses in English Language, Mathematics, Government\/History and two (2) Science\r\nsubjects.<\/span><\/p>","subjects":"Government\/History and two (2) of Social Science subjects.","institutions_list":"COE-OFFA"},{"id":"5148","title":"PRIMARY EDUCATION STUDIES","de_requirements":"","utme_requirements":"<p><span>Five (5)SSC credits including English\r\nLanguage.<\/span><\/p>","subjects":"English Language and any other three (3) subjects.","institutions_list":"COE-OFFA"},{"id":"5160","title":"YORUBA\/SOCIAL STUDIES","de_requirements":"","utme_requirements":"<p><span>Five (5) SSC credit\r\npasses in English Language, Mathematics, Government\/History, Yoruba and one (1)\r\n&nbsp;&nbsp;Arts\/subject.<\/span><\/p>","subjects":"Yoruba, Government\/History and one (1)Arts\/Social Science.","institutions_list":"COE-OFFA"}]