[{"id":"5229","title":"AGRICULTURAL SCIENCE (DOUBLE MAJOR)","de_requirements":"","utme_requirements":"<p><span>SSC credit passes in English Language and\r\nany three (3) of <\/span><\/p><p><span>&nbsp;<\/span><\/p><p><span>1. Agricultural Science<\/span><\/p><p><span>2. Mathematics <\/span><\/p><p><span>3. Chemistry<\/span><\/p><p><span>4. Biology<\/span><\/p><p><span>5. Health Science<\/span><\/p><p><span>6. Integrated\/Rural Science<\/span><\/p><p><span>7. Physics<\/span><\/p><p><span>8. Nature Study and<\/span><\/p><p><span>9. General Science.<\/span><\/p><p><span>&nbsp;<\/span><\/p><p><b><span>NB<\/span><\/b><\/p><p><b><span>GROUP A:<\/span><\/b><span><\/span><\/p><p><span>1. Agricultural Science<\/span><\/p><p><span>2. Biology<\/span><\/p><p><span>3. Nutrition<\/span><\/p><p><span>4. Health Science.<\/span><\/p><p><span>5. Applied Biology<\/span><\/p><p><span>&nbsp;<\/span><\/p><p><b><span>GROUP B:<\/span><\/b><span><\/span><\/p><p><span>1. Physics<\/span><\/p><p><span>2. Chemistry<\/span><\/p><p><span>3. Mathematics<\/span><\/p><p><span>4.Basic Mathematics\/Arithmetic Process<\/span><\/p><p><span>5. Economics<\/span><\/p><p><span>6. Geography<\/span><\/p><p><span>7. Social Studies<\/span><\/p><p><span>8. Integrated Science<\/span><\/p><p>\r\n\r\n\r\n\r\n\r\n\r\n\r\n\r\n\r\n\r\n\r\n\r\n\r\n\r\n\r\n\r\n\r\n\r\n\r\n\r\n\r\n\r\n\r\n\r\n\r\n\r\n\r\n\r\n\r\n\r\n\r\n\r\n\r\n\r\n\r\n\r\n\r\n\r\n\r\n\r\n\r\n\r\n\r\n\r\n\r\n\r\n\r\n\r\n\r\n\r\n\r\n\r\n\r\n\r\n\r\n\r\n\r\n\r\n<\/p><p><span>9. General Science<\/span><\/p>","subjects":"Agricultural Science, Chemistry, Biology\/General Science or Mathematics.","institutions_list":"COEN"},{"id":"5228","title":"CHRISTIAN  RELIGIOUS STUDIES\/POLITICAL SCIENCE","de_requirements":"","utme_requirements":"<p><span>Five (5) SSC credit passes in English Language, Mathematics, Government, Christian Religious Studies and any other Social Science subject.<\/span><span><\/span><\/p>","subjects":"Christian Religious Studies, Government and any other subject.","institutions_list":"COEN"},{"id":"5231","title":"CHRISTIAN RELIGIOUS STUDIES \/ SOCIAL STUDIES","de_requirements":"","utme_requirements":"<p><span>Five (5) SSC credit passes in English Language, Mathematics, Christian Religious Studies and any other two (2) of Economics\/Commerce, Government\/History, Government\/Social Studies.<\/span><span><\/span><\/p>","subjects":"Christian Religious Studies and any other of History\/Government, Geography, Social Studies, Economics\/Commerce.","institutions_list":"COEN"},{"id":"5222","title":"CHRISTIAN RELIGIOUS STUDIES\/COMPUTER EDUCATION","de_requirements":"","utme_requirements":"<p><span>Five (5)SSC credit passes in English Language, Mathematics, Christian Religious Studies, Physics and any other subject.<\/span><span><\/span><\/p>","subjects":"Christian Religious Studies, Mathematics and any other Arts\/Science\/Social Science.","institutions_list":"COEN"},{"id":"5225","title":"CHRISTIAN RELIGIOUS STUDIES\/ECONOMICS","de_requirements":"","utme_requirements":"<p><span>Five (5) SSC credit passes in English Language, Mathematics, Christian Religious Studies, Economics and any other subject.<\/span>&nbsp;&nbsp;&nbsp;&nbsp;<span><\/span><\/p>","subjects":"Christian Religious Studies, Economics and any other Social Science\/Arts subjects.","institutions_list":"COEN"},{"id":"5223","title":"CHRISTIAN RELIGIOUS STUDIES\/ENGLISH","de_requirements":"","utme_requirements":"<p><span>Five (5) SSC credit passes in English Language, Mathematics, Christian Religious Studies, Literature in English and any other Arts subject.<\/span><span><\/span><\/p>","subjects":"Christian Religious Studies, Literature in English Language and Arts subject.","institutions_list":"COEN"},{"id":"5230","title":"CHRISTIAN RELIGIOUS STUDIES\/IGBO","de_requirements":"","utme_requirements":"<p><span>Five (5) SSC credit passes in English Language, Mathematics, Christian Religious Studies, Igbo and any other subjects.<\/span><span><\/span><\/p>","subjects":"Igbo, Christian Religious Studies and any other Arts subject.","institutions_list":"COEN"},{"id":"5227","title":"CHRISTIAN RELIGIOUS STUDIES\/MATHS","de_requirements":"","utme_requirements":"<p><span>Five (5)SSC credit passes in English Language, Mathematics, Christian Religious Studies and any two (2) other subjects.<\/span><span><\/span><\/p>","subjects":"Christian Religious Studies, Mathematics and any other subject.","institutions_list":"COEN"},{"id":"5235","title":"COMPUTER EDUCATION\/ECONOMICS","de_requirements":"","utme_requirements":"<p><span>Five (5) SSC credit passes in English Language, Mathematics, Economics, Physics and any other Science\/Social Science subject.<\/span><span><\/span><\/p>","subjects":"Any three (3) of Economics, Mathematics\/Physics and Chemistry.","institutions_list":"COEN"},{"id":"5238","title":"COMPUTER EDUCATION\/ENGLISH","de_requirements":"","utme_requirements":"<p><span>Five (5)SSC credit passes in English Language, Mathematics, Physics, Literature in English and Arts\/Science subjects.<\/span><span><\/span><\/p>","subjects":"Mathematics\/Physics, Literature in English and any other Arts\/Science subject.","institutions_list":"COEN"},{"id":"5236","title":"COMPUTER SCIENCE EDUCATION\/INTEGRATED SCIENCE","de_requirements":"","utme_requirements":"<p><span>Five (5) SSC credit passes in English Language, Mathematics, Physics, Biology\/Agricultural Science and Chemistry.<\/span>&nbsp; &nbsp;<\/p>","subjects":"Biology\/Agricultural Science, Physics and Chemistry. ","institutions_list":"COEN"},{"id":"5237","title":"COMPUTER SCIENCE EDUCATION\/MATHEMATICS","de_requirements":"","utme_requirements":"<p><span>Five (5) SSC credit passes in English Language, Mathematics, Physics and any two (2) Science subjects.&nbsp;<\/span><span><\/span><\/p>","subjects":"Mathematics and any other two (2) Science subjects.","institutions_list":"COEN"},{"id":"5240","title":"COMPUTER SCIENCE\/POLITICAL SCIENCE","de_requirements":"","utme_requirements":"<p>Five (5)SSC credit passes in English Language, Mathematics, Physics, Government and any other Science\/Social Science subject.<br><\/p>","subjects":"Mathematics\/Physics, Government and any other Science\/Social Science subject.","institutions_list":"COEN"},{"id":"5241","title":"ECONOMICS\/ENGLISH","de_requirements":"","utme_requirements":"<p><span>Five (5) SSC credit passes in English Language, Mathematics, Economics, Literature in English and any other Arts\/Social Science subject.<\/span>&nbsp;&nbsp;&nbsp;&nbsp;<span><\/span><\/p>","subjects":"Economics, Literature in English and any other subject.","institutions_list":"COEN"},{"id":"5212","title":"ECONOMICS\/IGBO","de_requirements":"","utme_requirements":"<p><span>Five (5)SSC credit passes in\r\nEnglish Language, Mathematics, Economics, Igbo and any other Arts\/Social\r\nScience subject.<\/span><\/p>","subjects":"Economics, Igbo and any other Arts\/Social Science subject.","institutions_list":"COEN"},{"id":"5213","title":"ECONOMICS\/MATHEMATICS","de_requirements":"","utme_requirements":"<p><span>Five (5) SSC credit passes in\r\nEnglish Language, Mathematics, Economics and any other two (2) Social Science\r\nsubject.<\/span><\/p>","subjects":"Economics, Mathematics and any other Social Science\/Science subject.","institutions_list":"COEN"},{"id":"5242","title":"ECONOMICS\/POLITICAL SCIENCE","de_requirements":"","utme_requirements":"<p><span>Five (5)SSC credit passes in English Language, Mathematics, Economics and any other Social Science subjects.<\/span>&nbsp;&nbsp;&nbsp;&nbsp;<span><\/span><\/p>","subjects":"Economics, Government\/History and any other Social Science subject.","institutions_list":"COEN"},{"id":"5214","title":"ECONOMICS\/SOCIAL STUDIES","de_requirements":"","utme_requirements":"<p><span>Five (5) SSC credit passes in\r\nEnglish Language, Mathematics, Economics, Government\/History and any other\r\nSocial Science subject.<\/span><\/p>","subjects":"Economics, History\/Government and any other Social Science subject.","institutions_list":"COEN"},{"id":"5215","title":"ENGLISH (DOUBLE MAJOR)","de_requirements":"","utme_requirements":"<p><span>Five (5) SSC credit passes in\r\nEnglish Language, Mathematics, Literature in English and any other two (2) Arts\r\nsubjects.<\/span><\/p>","subjects":"Literature in English and any two (2) Arts subjects.","institutions_list":"COEN"},{"id":"5217","title":"ENGLISH\/IGBO","de_requirements":"","utme_requirements":"<p><span>Five (5) SSC credit passes in\r\nEnglish Language, Mathematics, Literature in English, Igbo Language and any\r\nother Arts&nbsp; subject<\/span><\/p>","subjects":"Igbo, Literature in English,  and any Arts subject","institutions_list":"COEN"},{"id":"5216","title":"ENGLISH\/POLITICAL SCIENCE","de_requirements":"","utme_requirements":"<p><span>Five (5) SSC credit passes in\r\nEnglish Language, Mathematics, Literature in English, Government\/History and\r\nany other Arts\/Social Science subject.<\/span><\/p>","subjects":"Literature in English, Government\/History and any other Arts\/Social Science subject. \r\n\r\n","institutions_list":"COEN"},{"id":"5218","title":"ENGLISH\/SOCIAL STUDIES","de_requirements":"","utme_requirements":"<p><span>Five (5) SSC credit\r\npasses in English Language, Mathematics, Literature in English and any two (2)\r\nof Economics, Government\/History, Geography\/Social Studies.<\/span><\/p>","subjects":"Literature in English and any of Arts\/Social Science subjects.","institutions_list":"COEN"},{"id":"5221","title":"IGBO\/COMPUTER SCIENCE","de_requirements":"","utme_requirements":"<p><span>Five (5) SSC credit passes in\r\nEnglish Language, Mathematics, Igbo and any one (1) Arts and one (1) &nbsp;Science subject.<\/span><\/p>","subjects":"Mathematics\/Physics, Igbo and any one (1) Science\/Arts subject.","institutions_list":"COEN"},{"id":"5226","title":"IGBO\/POLITICAL SCIENCE","de_requirements":"","utme_requirements":"<p><span>Five (5) SSC credit\r\npasses in English Language, Mathematics, Igbo, Government\/History and&nbsp; any one (1) &nbsp;Arts and one (1) &nbsp;Social&nbsp;\r\nScience subject.<\/span><\/p>","subjects":"Government\/History and any one (1) Arts, one (1)  Social Science subject.","institutions_list":"COEN"},{"id":"5224","title":"IGBO\/SOCIAL STUDIES","de_requirements":"","utme_requirements":"<p><span>Five (5) SSC credit\r\npasses in English Language, Mathematics, Igbo, Government\/History and any one\r\n(1) &nbsp;((1) Arts\/Social&nbsp; Science subject.&nbsp;<\/span><\/p>","subjects":"Igbo, History\/Government and any one (1) Arts\/Social Science subject.","institutions_list":"COEN"},{"id":"5232","title":"INTEGRATED SCIENCE \/ MATHEMATICS EDUCATION","de_requirements":"","utme_requirements":"<p><span>Five (5) SSC credit\r\npasses in English Language, Mathematics and any three (3) of the following<\/span><\/p><p><span>1. Biology\/Agricultural\r\nScience<\/span><\/p><p><span>2. Chemistry<\/span><\/p><p><span>3. Physics and<\/span><\/p><p>\r\n\r\n\r\n\r\n\r\n\r\n\r\n\r\n<\/p><p><span>4. General Science<\/span><\/p>","subjects":"Mathematics and any two (2) of: Biology, Physics and Chemistry.","institutions_list":"COEN"},{"id":"5233","title":"INTEGRATED SCIENCE\/ECONOMICS","de_requirements":"","utme_requirements":"<p><span>Five (5) SSC credit\r\npasses in English Language, Mathematics, Economics and any two (2) of Biology,\r\nChemistry, Physics, Geography, Government.<\/span><\/p>","subjects":"Economics, one (1) Science and one (1)  Social Science subject.","institutions_list":"COEN"},{"id":"5234","title":"INTEGRATED SCIENCE\/SOCIAL STUDIES","de_requirements":"","utme_requirements":"<table>\r\n <tbody><tr>\r\n  <td>\r\n  <p><span>Five (5) SSC credit\r\n  passes in English Language, Mathematics, Government\/History, one (1) &nbsp;Science and one (1) &nbsp;Arts subject.<\/span><\/p>\r\n  <\/td>\r\n <\/tr>\r\n<\/tbody><\/table>","subjects":"Government\/History, one (1) Science and one (1) Arts subjects.","institutions_list":"COEN"},{"id":"5243","title":"MATHEMATICS\/SOCIAL STUDIES","de_requirements":"","utme_requirements":"<p><span>Five (5) SSC credit\r\npasses in English Language, Mathematics, Government\/History, one (1) &nbsp;&nbsp;&nbsp;Science and one (1) &nbsp;&nbsp;&nbsp;Social Science subject.<\/span><\/p>","subjects":"Mathematics, one (1)  Science and one (1)  Social Science subject.","institutions_list":"COEN"},{"id":"5244","title":"PHYSICAL & HEALTH EDUCATION (DOUBLE MAJOR)","de_requirements":"","utme_requirements":"<p><span>Five\r\n(5) SSC credits\/TC II merit passes in Five (5) subjects including English\r\nLanguage, Biology or its equivalent.<\/span><\/p>","subjects":"Biology and any two (2relevant subjects.","institutions_list":"COEN"},{"id":"5219","title":"POLITICAL SCIENCE\/MATHEMATICS","de_requirements":"","utme_requirements":"<p><span>Five (5) SSC credit\r\npasses in English Language, Mathematics, Government\/History and one (1) Science\r\nand one (1) Social Science subject.<\/span><\/p>","subjects":"Government\/History, Mathematics and any one (1) Science\/Social Science subject.","institutions_list":"COEN"},{"id":"5220","title":"POLITICAL SCIENCE\/SOCIAL STUDIES","de_requirements":"","utme_requirements":"<p><span>Five (5) SSC credit\r\npasses in English Language, Mathematics, Government\/History and two (2) Science\r\nsubjects.<\/span><\/p>","subjects":"Government\/History and two (2) of Social Science subjects.","institutions_list":"COEN"},{"id":"5239","title":"PRIMARY EDUCATION STUDIES","de_requirements":"","utme_requirements":"<p><span>Five (5)SSC credits including English\r\nLanguage.<\/span><\/p>","subjects":"English Language and any other three (3) subjects.","institutions_list":"COEN"}]