[{"id":"5277","title":"ENVIRONMENTAL HEALTH TECHNOLOGY","de_requirements":"","utme_requirements":"<p><span>Five (5) SSC credit passes in Mathematics, Biology\/Health Science and any three (3) from the following: Nutrition, Chemistry, Physics, Religious Studies, Geography, Economics, Nigerian Language Plus at least a pass in English Language, Food and Nutrition\/Home Management.<\/span><span><\/span><\/p><p><span><o>&nbsp;<\/o:p><\/span><\/p>","subjects":"Mathematics, Physics and Chemistry","institutions_list":"DELTACHEAL"},{"id":"5276","title":"HEALTH INFORMATION MANAGEMENT","de_requirements":"","utme_requirements":"<p><span>Five (5) SSC credit passes in Mathematics, English Language, Biology\/Health Science and any two (2) from Chemistry, Physics, Geography, Economics, Religious Knowledge, Nigerian Language.<\/span>&nbsp;&nbsp;&nbsp;&nbsp;<span><\/span><\/p>","subjects":"Mathematics, Chemistry, and  Physics \/Biology","institutions_list":"DELTACHEAL"},{"id":"5275","title":"NUTRITION & DIETETICS","de_requirements":"","utme_requirements":"<p><span>Five (5) SSC credit passes in Chemistry, Biology\/Agricultural Science\/Health Science and any three (3) of the following:<\/span><span><\/span><\/p><p><span>Food and Nutrition,<\/span><span><\/span><\/p><p><span>Mathematics,<\/span><span><\/span><\/p><p><span>Economics\/Commerce,<\/span><span><\/span><\/p><p><span>Physics,<\/span><span><\/span><\/p><p><span>English Language,<\/span><span><\/span><\/p><p><span>Home Management.<\/span><span><\/span><\/p><p><span>'O' Level credit passes in English Language and Mathematics are required.<\/span>&nbsp;&nbsp;&nbsp;&nbsp;&nbsp;&nbsp;&nbsp;&nbsp;<span><\/span><\/p>","subjects":"Chemistry, Biology and Agricultural Science","institutions_list":"DELTACHEAL"}]