[{"id":"5313","title":"AGRICULTURAL TECHNOLOGY","de_requirements":"","utme_requirements":"<p><span>Five (5) SSC credit passes in Biology\/Agricultural\r\nScience,<\/span><span><\/span><\/p><p><span>Mathematics and any three (3) of the following:<\/span><\/p><p><span>Geography,<\/span><\/p><p><span>Food and Nutrition,<\/span><\/p><p><span>Economics,<\/span><\/p><p><span>Technical Drawing,<\/span><\/p><p><span>English Language,<\/span><\/p><p><span>Physics,<\/span><\/p><p><span>Chemistry,<\/span><\/p><p><span>Nigerian Language,<\/span><\/p><p><span>Home Economics.<\/span><\/p><p>\r\n\r\n\r\n\r\n\r\n\r\n\r\n\r\n\r\n\r\n\r\n\r\n\r\n\r\n\r\n\r\n\r\n\r\n\r\n\r\n\r\n\r\n<\/p><p><span>At least 'O' Level credit passes in English\r\nLanguage and Chemistry are compulsory.<\/span><\/p>","subjects":"Biology\/Agricultural Science, Chemistry and any other Science subject","institutions_list":"COLAGRIKAB"},{"id":"23569","title":"COMPUTER SCIENCE","de_requirements":"<p>NIL<br><\/p>","utme_requirements":"<p>\r\n\r\n<\/p><p><span>Five (5)\r\nSSC credit passes in Mathematics, a basic science and three (3) other subjects\r\nchosen from the following:<\/span><\/p>\r\n\r\n<p><span>Economics,<\/span><\/p>\r\n\r\n<p><span>Geography,<\/span><\/p>\r\n\r\n<p><span>Government\/History,<\/span><\/p>\r\n\r\n<p><span>Further\r\nMathematics,<\/span><\/p>\r\n\r\n<p><span>Physics,<\/span><\/p>\r\n\r\n<p><span>Chemistry,<\/span><\/p>\r\n\r\n<p><span>Biology\/Agricultural\r\nScience.<\/span><\/p>\r\n\r\n<p><span>English\r\nLanguage,<\/span><\/p>\r\n\r\n<p><span>Typewriting,<\/span><\/p>\r\n\r\n<p><span>'O'\r\nLevel credit passes in English Language and Physics is compulsory.<\/span><\/p>\r\n\r\n","subjects":"<p>\r\n\r\n<\/p><p><span>Mathematics\r\nand any two (2) of Geography, Physics, Economics or Chemistry.<\/span><\/p>\r\n\r\n","institutions_list":"COLAGRIKAB"},{"id":"5312","title":"HORTICULTURAL TECHNOLOGY","de_requirements":"","utme_requirements":"<p><span>Five (5) SSC credit passes in Mathematics, Physics and Chemistry and any two (2) subjects from:<\/span><span><\/span><\/p><p><span>Biology\/Agricultural Science <\/span><span><\/span><\/p><p><span>Technical Drawing,<\/span><span><\/span><\/p><p><span>Basic Electronics\/Basic Electricity,<\/span><span><\/span><\/p><p><span>Auto Mechanics,<\/span><span><\/span><\/p><p><span>Metal Work, Woodwork for Civil Engineering Technology,<\/span><span><\/span><\/p><p><span>Further Mathematics<\/span><span><\/span><\/p><p><span>English Language, Geography,<\/span><span><\/span><\/p><p><span>Economics\/Commerce.<\/span><span><\/span><\/p><p><span>For Marine Engineering and Industrial Safety &amp; Environmental Engineering. 'O' Level pass in Biology is required.<\/span><span><\/span><\/p><p><span>'O' Level credit pass in English Language is required.<\/span><\/p>","subjects":"Mathematics and any two (2) of Chemistry, Physics or Technical Drawing.","institutions_list":"COLAGRIKAB"},{"id":"23570","title":"STATISTICS","de_requirements":"<p>NIL<br><\/p>","utme_requirements":"<p>\r\n\r\n<\/p><p><span>Five (5) SSC credit passes in Mathematics,\r\nBasic Science and any three (3) of the following:<\/span><\/p>\r\n\r\n<p><span>Economics,<\/span><\/p>\r\n\r\n<p><span>Geography,<\/span><\/p>\r\n\r\n<p><span>Government\/History,<\/span><\/p>\r\n\r\n<p><span>Further Mathematics,<\/span><\/p>\r\n\r\n<p><span>Physics,<\/span><\/p>\r\n\r\n<p><span>Chemistry,<\/span><\/p>\r\n\r\n<p><span>Biology\/Agricultural Science.<\/span><\/p>\r\n\r\n<p><span>English Language,<\/span><\/p>\r\n\r\n<p><span>Typewriting,\r\n<\/span><\/p>\r\n\r\n<span>'O'\r\nLevel credit passes in English Language and Physics are compulsory.<\/span>","subjects":"<p>\r\n\r\n<\/p><p><span>Any of the three (3): <\/span><\/p>\r\n\r\n<p><span>1. Economics\/<span>&nbsp; <\/span><\/span><\/p>\r\n\r\n<p><span><span>&nbsp; <\/span><span>&nbsp;&nbsp;&nbsp;<\/span>Commerce<\/span><\/p>\r\n\r\n<p><span>2. History\/Government<\/span><\/p>\r\n\r\n<p><span>3. CRS\/IS<\/span><\/p>\r\n\r\n<p><span>4. Mathematics<\/span><\/p>\r\n\r\n","institutions_list":"COLAGRIKAB"}]