[{"id":"5321","title":"AGRICULTURAL ENGINEERING\/TECHNOLOGY","de_requirements":"","utme_requirements":"<p><span>Five (5) SSC credit passes in Mathematics,\r\n<\/span><span>English Language, Physics\r\nand any two (2) of the following:<\/span><\/p><p><span>Biology\/Agricultural Science<\/span><\/p><p><span>Chemistry<\/span><\/p><p><span>Technical Drawing<\/span><\/p><p><span>Basic Electronics\/Basic Electricity<\/span><\/p><p><span>Auto Mechanics<\/span><\/p><p><span>Metal Work<\/span><\/p><p><span>Further Mathematics<\/span><\/p><p><span>Food and Nutrition<\/span><\/p><p>\r\n\r\n\r\n\r\n\r\n\r\n\r\n\r\n\r\n\r\n\r\n\r\n\r\n\r\n\r\n\r\n\r\n\r\n<\/p><p><span>Geography<\/span><\/p>","subjects":"Mathematics and Physics\/Technical Drawing, Chemistry or any two (2) Science subjects.","institutions_list":"COLAGRILAF"},{"id":"5320","title":"AGRICULTURAL TECHNOLOGY","de_requirements":"","utme_requirements":"<p><span>Five (5) SSC credit passes in Biology\/Agricultural\r\nScience,<\/span><span><\/span><\/p><p><span>Mathematics and any three (3) of the following:<\/span><\/p><p><span>Geography,<\/span><\/p><p><span>Food and Nutrition,<\/span><\/p><p><span>Economics,<\/span><\/p><p><span>Technical Drawing,<\/span><\/p><p><span>English Language,<\/span><\/p><p><span>Physics,<\/span><\/p><p><span>Chemistry,<\/span><\/p><p><span>Nigerian Language,<\/span><\/p><p><span>Home Economics.<\/span><\/p><p>\r\n\r\n\r\n\r\n\r\n\r\n\r\n\r\n\r\n\r\n\r\n\r\n\r\n\r\n\r\n\r\n\r\n\r\n\r\n\r\n\r\n\r\n<\/p><p><span>At least 'O' Level credit passes in English\r\nLanguage and Chemistry are compulsory.<\/span><\/p>","subjects":"Biology\/Agricultural Science, Chemistry and any other Science subject","institutions_list":"COLAGRILAF"},{"id":"5322","title":"ANIMAL HEALTH & PRODUCTION TECHNOLOGY","de_requirements":"","utme_requirements":"<p><span>Five (5) SSC credit passes in Biology\/Agricultural\r\nScience,<\/span><span><\/span><\/p><p><span>Mathematics and any three (3) of the following:<\/span><\/p><p><span>Geography,<\/span><\/p><p><span>Food and Nutrition,<\/span><\/p><p><span>Economics,<\/span><\/p><p><span>Technical Drawing,<\/span><\/p><p><span>English Language,<\/span><\/p><p><span>Physics,<\/span><\/p><p><span>Chemistry,<\/span><\/p><p><span>Nigerian Language,<\/span><\/p><p>\r\n\r\n\r\n\r\n\r\n\r\n\r\n\r\n\r\n\r\n\r\n\r\n\r\n\r\n\r\n\r\n\r\n\r\n\r\n\r\n<\/p><p><span>Home Economics.<\/span><\/p>","subjects":"Biology\/Agricultural Science, Chemistry and any other Science subject","institutions_list":"COLAGRILAF"},{"id":"26526","title":"CIVIL ENGINEERING TECHNOLOGY","de_requirements":"","utme_requirements":"","subjects":"","institutions_list":"COLAGRILAF"},{"id":"26524","title":"COMPUTER ENGINEERING TECHNOLOGY","de_requirements":"","utme_requirements":"","subjects":"","institutions_list":"COLAGRILAF"},{"id":"26522","title":"COMPUTER SCIENCE","de_requirements":"","utme_requirements":"","subjects":"","institutions_list":"COLAGRILAF"},{"id":"26525","title":"ELECTRICAL\/ELECTRONIC ENGINEERING TECHNOLOGY","de_requirements":"","utme_requirements":"","subjects":"","institutions_list":"COLAGRILAF"},{"id":"5319","title":"FISHERIES TECHNOLOGY","de_requirements":"","utme_requirements":"<p><span>Five (5) 'O' Level credit passes in Biology\/Agricultural Science,<\/span><span><\/span><\/p><p><span>Mathematics and any three (3) of the following:<\/span><span><\/span><\/p><p><span>Geography,<\/span><span><\/span><\/p><p><span>Food and Nutrition,<\/span><span><\/span><\/p><p><span>Economics,<\/span><span><\/span><\/p><p><span>Technical Drawing,<\/span><span><\/span><\/p><p><span>English Language,<\/span><span><\/span><\/p><p><span>Physics,<\/span><span><\/span><\/p><p><span>Chemistry,<\/span><span><\/span><\/p><p><span>Nigerian Language,<\/span><span><\/span><\/p><p><span>Home Economics.<\/span><span><\/span><\/p><p><span>'O' Level credit passes in English Language and Chemistry are compulsory.<\/span><\/p>","subjects":"Biology\/Agricultural Science and two (2) of Physics, Chemistry, Mathematics and Economics","institutions_list":"COLAGRILAF"},{"id":"5324","title":"HOME & RURAL ECONOMICS","de_requirements":"","utme_requirements":"<p><span>Five (5) SSC credit passes in a<\/span><span>ny three (3) of the following:<\/span><span><\/span><\/p><p><span>Government,<\/span><span><\/span><\/p><p><span>Business Methods,<\/span><span><\/span><\/p><p><span>Economics\/Commerce,<\/span><span><\/span><\/p><p><span>Religious Knowledge,<\/span><span><\/span><\/p><p><span>Any Nigerian Language,<\/span><span><\/span><\/p><p><span>Geography,<\/span><span><\/span><\/p><p><span>Bookkeeping and Principles of Accounts<\/span><span><\/span><\/p><p><span>History,<\/span><span><\/span><\/p><p><span>Clothing and Textile,<\/span><span><\/span><\/p><p><span>plus 'O' Level credit passes in English Language and Mathematics.<\/span><span><\/span><\/p><p><span><o>&nbsp;<\/o:p><\/span>&nbsp;&nbsp;&nbsp;&nbsp;<\/p>","subjects":"Biology, Agricultural Science and any other subject.","institutions_list":"COLAGRILAF"},{"id":"5318","title":"HORTICULTURAL TECHNOLOGY","de_requirements":"","utme_requirements":"<p><span>Five (5) SSC credit passes in Mathematics, Physics and Chemistry and any two (2) subjects from:<\/span><span><\/span><\/p><p><span>Biology\/Agricultural Science <\/span><span><\/span><\/p><p><span>Technical Drawing,<\/span><span><\/span><\/p><p><span>Basic Electronics\/Basic Electricity,<\/span><span><\/span><\/p><p><span>Auto Mechanics,<\/span><span><\/span><\/p><p><span>Metal Work, Woodwork for Civil Engineering Technology,<\/span><span><\/span><\/p><p><span>Further Mathematics<\/span><span><\/span><\/p><p><span>English Language, Geography,<\/span><span><\/span><\/p><p><span>Economics\/Commerce.<\/span><span><\/span><\/p><p><span>For Marine Engineering and Industrial Safety &amp; Environmental Engineering. 'O' Level pass in Biology is required.<\/span><span><\/span><\/p><p><span>'O' Level credit pass in English Language is required.<\/span><\/p>","subjects":"Mathematics and any two (2) of Chemistry, Physics or Technical Drawing.","institutions_list":"COLAGRILAF"},{"id":"26527","title":"MECHANICAL ENGINEERING TECHNOLOGY","de_requirements":"","utme_requirements":"","subjects":"","institutions_list":"COLAGRILAF"},{"id":"26521","title":"NUTRITION AND DIETETICS","de_requirements":"","utme_requirements":"","subjects":"","institutions_list":"COLAGRILAF"},{"id":"5323","title":"PRODUCTION TECH.","de_requirements":"","utme_requirements":"<table>\r\n <tbody><tr>\r\n  <td>\r\n  <p><span>Five (5) SSC credit passes in Biology\/Agricultural\r\n  Science,<\/span><span><\/span><\/p>\r\n  <p><span>Mathematics and any three (3) of the following:<\/span><\/p>\r\n  <p><span>Geography,<\/span><\/p>\r\n  <p><span>Food and Nutrition,<\/span><\/p>\r\n  <p><span>Economics,<\/span><\/p>\r\n  <p><span>Technical Drawing,<\/span><\/p>\r\n  <p><span>English Language,<\/span><\/p>\r\n  <p><span>Physics,<\/span><\/p>\r\n  <p><span>Chemistry,<\/span><\/p>\r\n  <p><span>Nigerian Language,<\/span><\/p>\r\n  <p><span>Home Economics.<\/span><\/p>\r\n  <p><span>At least 'O' Level credit passes in English\r\n  Language and Chemistry are compulsory.<\/span><\/p>\r\n  <p><span><o>&nbsp;<\/o:p><\/span><\/p>\r\n  <\/td>\r\n <\/tr>\r\n<\/tbody><\/table>","subjects":"Biology\/Agricultural Science, Chemistry and any other Science subject","institutions_list":"COLAGRILAF"},{"id":"26523","title":"STATISTICS","de_requirements":"","utme_requirements":"","subjects":"","institutions_list":"COLAGRILAF"},{"id":"26528","title":"WELDING AND FABRICATION ENGINEERING TECHNOLOGY","de_requirements":"","utme_requirements":"","subjects":"","institutions_list":"COLAGRILAF"}]