[{"id":"5325","title":"AGRICULTURAL TECHNOLOGY","de_requirements":"","utme_requirements":"<p><span>Five (5) SSC credit passes in Biology\/Agricultural\r\nScience,<\/span><span><\/span><\/p><p><span>Mathematics and any three (3) of the following:<\/span><\/p><p><span>Geography,<\/span><\/p><p><span>Food and Nutrition,<\/span><\/p><p><span>Economics,<\/span><\/p><p><span>Technical Drawing,<\/span><\/p><p><span>English Language,<\/span><\/p><p><span>Physics,<\/span><\/p><p><span>Chemistry,<\/span><\/p><p><span>Nigerian Language,<\/span><\/p><p><span>Home Economics.<\/span><\/p><p>\r\n\r\n\r\n\r\n\r\n\r\n\r\n\r\n\r\n\r\n\r\n\r\n\r\n\r\n\r\n\r\n\r\n\r\n\r\n\r\n\r\n\r\n<\/p><p><span>At least 'O' Level credit passes in English\r\nLanguage and Chemistry are compulsory.<\/span><\/p>","subjects":"Biology\/Agricultural Science, Chemistry and any other Science subject","institutions_list":"COLAGRIMOK"},{"id":"5326","title":"ANIMAL HEALTH & PRODUCTION TECHNOLOGY","de_requirements":"","utme_requirements":"<p><span>Five (5) SSC credit passes in Biology\/Agricultural\r\nScience,<\/span><span><\/span><\/p><p><span>Mathematics and any three (3) of the following:<\/span><\/p><p><span>Geography,<\/span><\/p><p><span>Food and Nutrition,<\/span><\/p><p><span>Economics,<\/span><\/p><p><span>Technical Drawing,<\/span><\/p><p><span>English Language,<\/span><\/p><p><span>Physics,<\/span><\/p><p><span>Chemistry,<\/span><\/p><p><span>Nigerian Language,<\/span><\/p><p>\r\n\r\n\r\n\r\n\r\n\r\n\r\n\r\n\r\n\r\n\r\n\r\n\r\n\r\n\r\n\r\n\r\n\r\n\r\n\r\n<\/p><p><span>Home Economics.<\/span><\/p>","subjects":"Biology\/Agricultural Science, Chemistry and any other Science subject","institutions_list":"COLAGRIMOK"},{"id":"5328","title":"HOME & RURAL ECONOMICS","de_requirements":"","utme_requirements":"<p><span>Five (5) SSC credit passes in a<\/span><span>ny three (3) of the following:<\/span><span><\/span><\/p><p><span>Government,<\/span><span><\/span><\/p><p><span>Business Methods,<\/span><span><\/span><\/p><p><span>Economics\/Commerce,<\/span><span><\/span><\/p><p><span>Religious Knowledge,<\/span><span><\/span><\/p><p><span>Any Nigerian Language,<\/span><span><\/span><\/p><p><span>Geography,<\/span><span><\/span><\/p><p><span>Bookkeeping and Principles of Accounts<\/span><span><\/span><\/p><p><span>History,<\/span><span><\/span><\/p><p><span>Clothing and Textile,<\/span><span><\/span><\/p><p><span>plus 'O' Level credit passes in English Language and Mathematics.<\/span><span><\/span><\/p><p><span><o>&nbsp;<\/o:p><\/span>&nbsp;&nbsp;&nbsp;&nbsp;<\/p>","subjects":"Biology, Agricultural Science and any other subject.","institutions_list":"COLAGRIMOK"},{"id":"5327","title":"PRODUCTION TECH.","de_requirements":"","utme_requirements":"<table>\r\n <tbody><tr>\r\n  <td>\r\n  <p><span>Five (5) SSC credit passes in Biology\/Agricultural\r\n  Science,<\/span><span><\/span><\/p>\r\n  <p><span>Mathematics and any three (3) of the following:<\/span><\/p>\r\n  <p><span>Geography,<\/span><\/p>\r\n  <p><span>Food and Nutrition,<\/span><\/p>\r\n  <p><span>Economics,<\/span><\/p>\r\n  <p><span>Technical Drawing,<\/span><\/p>\r\n  <p><span>English Language,<\/span><\/p>\r\n  <p><span>Physics,<\/span><\/p>\r\n  <p><span>Chemistry,<\/span><\/p>\r\n  <p><span>Nigerian Language,<\/span><\/p>\r\n  <p><span>Home Economics.<\/span><\/p>\r\n  <p><span>At least 'O' Level credit passes in English\r\n  Language and Chemistry are compulsory.<\/span><\/p>\r\n  <p><span><o>&nbsp;<\/o:p><\/span><\/p>\r\n  <\/td>\r\n <\/tr>\r\n<\/tbody><\/table>","subjects":"Biology\/Agricultural Science, Chemistry and any other Science subject","institutions_list":"COLAGRIMOK"}]