[{"id":"5350","title":"SECURITY MANAGEMENT & TECHNOLOGY","de_requirements":"","utme_requirements":"<p><span>Five\r\n(5) credit passes at SSC or its equivalent in Mathematics, English Language and\r\nany other three (3)&nbsp; relevant subjects.<\/span><\/p>","subjects":"Any four (4) subjects from Arts\/Social Science.","institutions_list":"CONARINA"},{"id":"5349","title":"SHIPPING MANAGEMENT","de_requirements":"","utme_requirements":"<p><span>Five\r\n(5) credit passes at SSC or its equivalent in Mathematics, English Language and\r\nany other three (3)&nbsp; relevant subjects.<\/span><\/p>","subjects":"Any four (4) subjects from Arts\/Social Science.","institutions_list":"CONARINA"}]