[{"id":"5542","title":"BANKING OPERATIONS","de_requirements":"","utme_requirements":"<p><span>Five (5)\r\ncredit passes at SSC or its equivalent in <\/span><span>English Language (not Literature\r\nin English) and Mathematics and any three (3) subjects from the following:<\/span><span><\/span><\/p><p><span>Economics\/Commerce, Business\r\nMethods, Principles of Accounts, Literature in English, Geography, Office\r\nPractice, Government, Biology\/ Agricultural Science, Chemistry, Physics,\r\nHistory\/Government, Typewriting, Shorthand.<\/span><\/p><p>\r\n\r\n\r\n\r\n<\/p><p><span><o>&nbsp;<\/o:p><\/span><\/p>","subjects":"Mathematics and any two (2) of Economics, Geography, History, Government, Commerce or Principles of Accounts.","institutions_list":"IMT-CORN"}]