[{"id":"849","title":"ADULT & NON FORMAL EDUCATION","de_requirements":"","utme_requirements":"<p><span>Five (5) SSC credit\r\npasses in English Language, Mathematics and three (3) subjects.<\/span><\/p>","subjects":"English Language and any three (3) subjects.\r\n\r\n","institutions_list":"ADEYEMI"},{"id":"26570","title":"ADULT AND NON-FORMAL EDUCATION (DOUBLE MAJOR)","de_requirements":"","utme_requirements":"","subjects":"","institutions_list":"ADEYEMI"},{"id":"26571","title":"ADULT AND NON-FORMAL EDUCATION (SINGLE MAJOR)","de_requirements":"","utme_requirements":"","subjects":"","institutions_list":"ADEYEMI"},{"id":"26579","title":"ADULT AND NON-FORMAL EDUCATION\/BIOLOGY","de_requirements":"","utme_requirements":"","subjects":"","institutions_list":"ADEYEMI"},{"id":"26580","title":"ADULT AND NON-FORMAL EDUCATION\/CHEMISTRY","de_requirements":"","utme_requirements":"","subjects":"","institutions_list":"ADEYEMI"},{"id":"26576","title":"ADULT AND NON-FORMAL EDUCATION\/ECONOMICS","de_requirements":"","utme_requirements":"","subjects":"","institutions_list":"ADEYEMI"},{"id":"26573","title":"ADULT AND NON-FORMAL EDUCATION\/ENGLISH","de_requirements":"","utme_requirements":"","subjects":"","institutions_list":"ADEYEMI"},{"id":"26574","title":"ADULT AND NON-FORMAL EDUCATION\/FRENCH","de_requirements":"","utme_requirements":"","subjects":"","institutions_list":"ADEYEMI"},{"id":"26577","title":"ADULT AND NON-FORMAL EDUCATION\/GEOGRAPHY","de_requirements":"","utme_requirements":"","subjects":"","institutions_list":"ADEYEMI"},{"id":"26572","title":"ADULT AND NON-FORMAL EDUCATION\/HISTORY","de_requirements":"","utme_requirements":"","subjects":"","institutions_list":"ADEYEMI"},{"id":"26575","title":"ADULT AND NON-FORMAL EDUCATION\/ISLAMIC STUDIES","de_requirements":"","utme_requirements":"","subjects":"","institutions_list":"ADEYEMI"},{"id":"26582","title":"ADULT AND NON-FORMAL EDUCATION\/MATHEMATICS","de_requirements":"","utme_requirements":"","subjects":"","institutions_list":"ADEYEMI"},{"id":"26581","title":"ADULT AND NON-FORMAL EDUCATION\/PHYSICS","de_requirements":"","utme_requirements":"","subjects":"","institutions_list":"ADEYEMI"},{"id":"26578","title":"ADULT AND NON-FORMAL EDUCATION\/YORUBA","de_requirements":"","utme_requirements":"","subjects":"","institutions_list":"ADEYEMI"},{"id":"822","title":"AGRICULTURAL SCIENCE (DOUBLE MAJOR)","de_requirements":"","utme_requirements":"<p><span>SSC credit passes in English Language and\r\nany three (3) of <\/span><\/p><p><span>&nbsp;<\/span><\/p><p><span>1. Agricultural Science<\/span><\/p><p><span>2. Mathematics <\/span><\/p><p><span>3. Chemistry<\/span><\/p><p><span>4. Biology<\/span><\/p><p><span>5. Health Science<\/span><\/p><p><span>6. Integrated\/Rural Science<\/span><\/p><p><span>7. Physics<\/span><\/p><p><span>8. Nature Study and<\/span><\/p><p><span>9. General Science.<\/span><\/p><p><span>&nbsp;<\/span><\/p><p><b><span>NB<\/span><\/b><\/p><p><b><span>GROUP A:<\/span><\/b><span><\/span><\/p><p><span>1. Agricultural Science<\/span><\/p><p><span>2. Biology<\/span><\/p><p><span>3. Nutrition<\/span><\/p><p><span>4. Health Science.<\/span><\/p><p><span>5. Applied Biology<\/span><\/p><p><span>&nbsp;<\/span><\/p><p><b><span>GROUP B:<\/span><\/b><span><\/span><\/p><p><span>1. Physics<\/span><\/p><p><span>2. Chemistry<\/span><\/p><p><span>3. Mathematics<\/span><\/p><p><span>4.Basic Mathematics\/Arithmetic Process<\/span><\/p><p><span>5. Economics<\/span><\/p><p><span>6. Geography<\/span><\/p><p><span>7. Social Studies<\/span><\/p><p><span>8. Integrated Science<\/span><\/p><p>\r\n\r\n\r\n\r\n\r\n\r\n\r\n\r\n\r\n\r\n\r\n\r\n\r\n\r\n\r\n\r\n\r\n\r\n\r\n\r\n\r\n\r\n\r\n\r\n\r\n\r\n\r\n\r\n\r\n\r\n\r\n\r\n\r\n\r\n\r\n\r\n\r\n\r\n\r\n\r\n\r\n\r\n\r\n\r\n\r\n\r\n\r\n\r\n\r\n\r\n\r\n\r\n\r\n\r\n\r\n\r\n\r\n\r\n<\/p><p><span>9. General Science<\/span><\/p>","subjects":"Agricultural Science, Chemistry, Biology\/General Science or Mathematics.","institutions_list":"ADEYEMI"},{"id":"839","title":"ARABIC\/FRENCH","de_requirements":"","utme_requirements":"<p><span>Five (5) SSC credit passes in English Language,\r\nMathematics, Arabic, French and any other subject.<\/span><\/p>","subjects":"Arabic, French and any other Arts subject.","institutions_list":"ADEYEMI"},{"id":"845","title":"BIOLOGY\/CHEMISTRY","de_requirements":"","utme_requirements":"<p><span>Five (5) SSC credit\r\npasses, in English Language, Mathematics, Biology, Chemistry and other Science\r\nsubject.<\/span><\/p>","subjects":"Biology, Chemistry any other Science subject.","institutions_list":"ADEYEMI"},{"id":"846","title":"BIOLOGY\/GEOGRAPHY","de_requirements":"","utme_requirements":"<p><span>Five (5)SSC credit\r\npasses, in English Language, Mathematics, Biology, Geography and any other\r\nScience\/Social Science subject.<\/span><\/p>","subjects":"Biology, Geography and any other from Science\/Social Science subject.","institutions_list":"ADEYEMI"},{"id":"847","title":"BIOLOGY\/INTEGRATED SCIENCE","de_requirements":"","utme_requirements":"<p><span>Five (5) SSC credit\r\npasses in English Language, Mathematics, Biology, Chemistry\/Physics and any\r\nother Science subject.<\/span><\/p>","subjects":"Biology, Chemistry\/Physics and any other Science subject.","institutions_list":"ADEYEMI"},{"id":"848","title":"BIOLOGY\/PHYSICS","de_requirements":"","utme_requirements":"<p><span>Five (5)SSC credit\r\npasses, in English Language, Mathematics, Biology, Physics and any other\r\nScience subject.<\/span><\/p>","subjects":"Physics, Biology and any other Science subject.","institutions_list":"ADEYEMI"},{"id":"820","title":"BUSINESS EDUCATION","de_requirements":"","utme_requirements":"<p><span>SSC credit passes or TC II merits in English\r\nLanguage and any three (3) of:<\/span><\/p><p><span>1. Economics<\/span><\/p><p><span>2. Accounts<\/span><\/p><p><span>3. Government<\/span><\/p><p><span>4. Geography<\/span><\/p><p><span>5. History<\/span><\/p><p><span>6. Business Method<\/span><\/p><p><span>7. Statistics<\/span><\/p><p><span>8. Commerce<\/span><\/p><p><span>9. Any Science subjects <\/span><\/p><p><span>&nbsp;<\/span><\/p><p><b><span>NB: GROUP A:<\/span><\/b><span><\/span><\/p><p><span>Commercial Arithmetic\r\nCosting, Principles of Accounts, Book Keeping Mathematics, Statistics.<\/span><\/p><p><span>&nbsp;<\/span><\/p><p><b><span>GROUP B:<\/span><\/b><span><\/span><\/p><p>\r\n\r\n\r\n\r\n\r\n\r\n\r\n\r\n\r\n\r\n\r\n\r\n\r\n\r\n\r\n\r\n\r\n\r\n\r\n\r\n\r\n\r\n\r\n\r\n\r\n\r\n\r\n\r\n\r\n\r\n<\/p><p><span>Office Practice, Business\r\nMethod, Commerce, Economics.<\/span><\/p>","subjects":"Mathematics, Economics and any of Geography, Commerce and Principles of Accounts.","institutions_list":"ADEYEMI"},{"id":"810","title":"CHEMISTRY\/INTEGRATED SCIENCE","de_requirements":"","utme_requirements":"<p><span>Five (5) SSC credit passes in English Language, Mathematics, Chemistry, Biology and any other Science subject.<\/span>&nbsp;&nbsp;&nbsp;&nbsp;<span><\/span><\/p>","subjects":"Any three (3) of Chemistry, Biology, Physics, General Science\/Mathematics.","institutions_list":"ADEYEMI"},{"id":"811","title":"CHEMISTRY\/MATHEMATICS","de_requirements":"","utme_requirements":"<p>&nbsp; &nbsp;&nbsp;<span>Five (5) SSC credit passes in English Language, Mathematics, Chemistry and any other two (2) Science subjects.<\/span><br><\/p><p><span><\/span><\/p>","subjects":"Mathematics, Chemistry and Biology\/Physics.","institutions_list":"ADEYEMI"},{"id":"812","title":"CHEMISTRY\/PHYSICS","de_requirements":"","utme_requirements":"<p><span>Five (5)SSC credit passes in English Language, Mathematics, Physics and any other Science subject.<\/span>&nbsp;&nbsp;&nbsp;&nbsp;<span>&nbsp;<\/span><span><\/span><\/p>","subjects":"Chemistry, Physics and Mathematics.","institutions_list":"ADEYEMI"},{"id":"824","title":"CHRISTIAN RELIGIOUS STUDIES \/ SOCIAL STUDIES","de_requirements":"","utme_requirements":"<p><span>Five (5) SSC credit passes in English Language, Mathematics, Christian Religious Studies and any other two (2) of Economics\/Commerce, Government\/History, Government\/Social Studies.<\/span><span><\/span><\/p>","subjects":"Christian Religious Studies and any other of History\/Government, Geography, Social Studies, Economics\/Commerce.","institutions_list":"ADEYEMI"},{"id":"817","title":"CHRISTIAN RELIGIOUS STUDIES\/ECONOMICS","de_requirements":"","utme_requirements":"<p><span>Five (5) SSC credit passes in English Language, Mathematics, Christian Religious Studies, Economics and any other subject.<\/span>&nbsp;&nbsp;&nbsp;&nbsp;<span><\/span><\/p>","subjects":"Christian Religious Studies, Economics and any other Social Science\/Arts subjects.","institutions_list":"ADEYEMI"},{"id":"813","title":"CHRISTIAN RELIGIOUS STUDIES\/ENGLISH","de_requirements":"","utme_requirements":"<p><span>Five (5) SSC credit passes in English Language, Mathematics, Christian Religious Studies, Literature in English and any other Arts subject.<\/span><span><\/span><\/p>","subjects":"Christian Religious Studies, Literature in English Language and Arts subject.","institutions_list":"ADEYEMI"},{"id":"815","title":"CHRISTIAN RELIGIOUS STUDIES\/FRENCH","de_requirements":"","utme_requirements":"<p><span>Five (5) SSC credit passes in English Language, Mathematics, Christian Religious Studies, French and one (1) other subject.<\/span><span><\/span><\/p>","subjects":"Christian Religious Studies, French and any other subject.","institutions_list":"ADEYEMI"},{"id":"816","title":"CHRISTIAN RELIGIOUS STUDIES\/GEOGRAPHY","de_requirements":"","utme_requirements":"<p><span>Five (5) SSC credit passes in English Language, Mathematics, Christian Religious Studies, Geography and one (1) other subject.<\/span><span><\/span><\/p>","subjects":"Christian Religious Studies, Geography and any other subject.","institutions_list":"ADEYEMI"},{"id":"819","title":"CHRISTIAN RELIGIOUS STUDIES\/HAUSA","de_requirements":"","utme_requirements":"<p><span>Five (5)SSC credit passes in English Language, Mathematics, Government, Christian Religious Studies, Hausa and any other &nbsp;Arts subject.<\/span><span><\/span><\/p>","subjects":"Hausa, Christian Religious Studies and any other Arts subject.","institutions_list":"ADEYEMI"},{"id":"821","title":"CHRISTIAN RELIGIOUS STUDIES\/HISTORY","de_requirements":"","utme_requirements":"<p><span>Five (5) SSC credit passes in English Language, Mathematics, Christian Religious Studies and any other &nbsp;Arts subjects.<\/span><span><\/span><\/p>","subjects":"History, Christian Religious Studies and any other Arts subjects.","institutions_list":"ADEYEMI"},{"id":"823","title":"CHRISTIAN RELIGIOUS STUDIES\/IGBO","de_requirements":"","utme_requirements":"<p><span>Five (5) SSC credit passes in English Language, Mathematics, Christian Religious Studies, Igbo and any other subjects.<\/span><span><\/span><\/p>","subjects":"Igbo, Christian Religious Studies and any other Arts subject.","institutions_list":"ADEYEMI"},{"id":"26388","title":"CHRISTIAN RELIGIOUS STUDIES\/POLITICAL SCIENCE","de_requirements":"","utme_requirements":"","subjects":"","institutions_list":"ADEYEMI"},{"id":"26389","title":"CHRISTIAN RELIGIOUS STUDIES\/THEATRE ARTS","de_requirements":"","utme_requirements":"","subjects":"","institutions_list":"ADEYEMI"},{"id":"826","title":"CHRISTIAN RELIGIOUS STUDIES\/YORUBA","de_requirements":"","utme_requirements":"<p><span>Five (5) SSC credit passes in English Language, Mathematics, Christian Religious Studies, Yoruba, and any other subject.<\/span><span><\/span><\/p>","subjects":"Yoruba, Christian Religious Studies and any other Arts subject.","institutions_list":"ADEYEMI"},{"id":"828","title":"COMPUTER EDUCATION\/CHEMISTRY","de_requirements":"","utme_requirements":"<p><span>Five (5) SSC credit passes in English Language, Mathematics, Chemistry, Physics and any other Science subject.<\/span><span><\/span><\/p>","subjects":"Mathematics, Chemistry\/Physics and any other Science subject","institutions_list":"ADEYEMI"},{"id":"829","title":"COMPUTER EDUCATION\/ECONOMICS","de_requirements":"","utme_requirements":"<p><span>Five (5) SSC credit passes in English Language, Mathematics, Economics, Physics and any other Science\/Social Science subject.<\/span><span><\/span><\/p>","subjects":"Any three (3) of Economics, Mathematics\/Physics and Chemistry.","institutions_list":"ADEYEMI"},{"id":"832","title":"COMPUTER EDUCATION\/PHYSICS","de_requirements":"","utme_requirements":"<p><span>Five (5) SSC credit passes in English Language, Mathematics, Physics and any other two (2) Science subjects.<\/span><span><\/span><\/p>","subjects":"Mathematics, Physics and any other Science subject.","institutions_list":"ADEYEMI"},{"id":"830","title":"COMPUTER SCIENCE EDUCATION\/INTEGRATED SCIENCE","de_requirements":"","utme_requirements":"<p><span>Five (5) SSC credit passes in English Language, Mathematics, Physics, Biology\/Agricultural Science and Chemistry.<\/span>&nbsp; &nbsp;<\/p>","subjects":"Biology\/Agricultural Science, Physics and Chemistry. ","institutions_list":"ADEYEMI"},{"id":"831","title":"COMPUTER SCIENCE EDUCATION\/MATHEMATICS","de_requirements":"","utme_requirements":"<p><span>Five (5) SSC credit passes in English Language, Mathematics, Physics and any two (2) Science subjects.&nbsp;<\/span><span><\/span><\/p>","subjects":"Mathematics and any other two (2) Science subjects.","institutions_list":"ADEYEMI"},{"id":"809","title":"EARLY CHILDHOOD CARE EDUCATION","de_requirements":"","utme_requirements":"<p><span>Five (5) SSC credits including English Language.<\/span>&nbsp;&nbsp;&nbsp;&nbsp;<span><\/span><\/p>","subjects":"English Language and any other three (3) subjects.","institutions_list":"ADEYEMI"},{"id":"841","title":"ECONOMICS\/GEOGRAPHY","de_requirements":"","utme_requirements":"<p><span>Five (5) SSC credit passes in English Language, Mathematics, Economics, Geography and any other Social Science subject.<\/span>&nbsp;&nbsp;&nbsp;&nbsp;<span><\/span><\/p>","subjects":"Economics, Geography and any other Social Science subject.","institutions_list":"ADEYEMI"},{"id":"778","title":"ECONOMICS\/HISTORY","de_requirements":"","utme_requirements":"<p><span>Five (5) SSC credit passes in\r\nEnglish Language, Mathematics, Economics, History and any other Arts\/Social\r\nScience subjects.<\/span><\/p>","subjects":"History, Economics and any other Arts\/Social Science subject.","institutions_list":"ADEYEMI"},{"id":"779","title":"ECONOMICS\/IGBO","de_requirements":"","utme_requirements":"<p><span>Five (5)SSC credit passes in\r\nEnglish Language, Mathematics, Economics, Igbo and any other Arts\/Social\r\nScience subject.<\/span><\/p>","subjects":"Economics, Igbo and any other Arts\/Social Science subject.","institutions_list":"ADEYEMI"},{"id":"780","title":"ECONOMICS\/MATHEMATICS","de_requirements":"","utme_requirements":"<p><span>Five (5) SSC credit passes in\r\nEnglish Language, Mathematics, Economics and any other two (2) Social Science\r\nsubject.<\/span><\/p>","subjects":"Economics, Mathematics and any other Social Science\/Science subject.","institutions_list":"ADEYEMI"},{"id":"781","title":"ECONOMICS\/SOCIAL STUDIES","de_requirements":"","utme_requirements":"<p><span>Five (5) SSC credit passes in\r\nEnglish Language, Mathematics, Economics, Government\/History and any other\r\nSocial Science subject.<\/span><\/p>","subjects":"Economics, History\/Government and any other Social Science subject.","institutions_list":"ADEYEMI"},{"id":"782","title":"ENGLISH\/FRENCH","de_requirements":"","utme_requirements":"<p><span>Five (5) SSC credit passes in\r\nEnglish Language, Mathematics, French, Literature in English and any other Arts\r\nsubjects.<\/span><\/p>","subjects":"French, Literature in English and any other Arts subject.","institutions_list":"ADEYEMI"},{"id":"783","title":"ENGLISH\/GEOGRAPHY","de_requirements":"","utme_requirements":"<p><span>Five (5) SSC credit passes in\r\nEnglish Language, Mathematics, Geography, Literature in English and any other\r\nArts\/Social Science subject.<\/span><\/p>","subjects":"Geography, Literature in English and one (1) other Arts\/Social Science subject.","institutions_list":"ADEYEMI"},{"id":"784","title":"ENGLISH\/HAUSA","de_requirements":"","utme_requirements":"<p><span>Five (5) SSC credit passes in\r\nEnglish Language, Mathematics,&nbsp; Hausa,\r\nLiterature in English and any other Arts&nbsp;\r\nsubject.<\/span><\/p>","subjects":"Literature in English and any other Arts subject\r\n\r\n","institutions_list":"ADEYEMI"},{"id":"785","title":"ENGLISH\/HISTORY","de_requirements":"","utme_requirements":"<p><span>Five (5) SSC credit passes in\r\nEnglish Language, Mathematics, Literature in English, History\/Government and\r\nany other Arts subject.<\/span><\/p>","subjects":"Literature in English, History\/Government and any other Arts subject","institutions_list":"ADEYEMI"},{"id":"786","title":"ENGLISH\/ISLAMIC STUDIES","de_requirements":"","utme_requirements":"<p><span>Five (5) SSC credit\r\npasses in English Language, Mathematics, Islamic Studies, Literature in English\r\nand any other Arts subject.<\/span><\/p>","subjects":"Islamic Studies, Literature in English and one (1) Arts subject. ","institutions_list":"ADEYEMI"},{"id":"26394","title":"ENGLISH\/POLITICAL SCIENCE","de_requirements":"","utme_requirements":"","subjects":"","institutions_list":"ADEYEMI"},{"id":"787","title":"ENGLISH\/SOCIAL STUDIES","de_requirements":"","utme_requirements":"<p><span>Five (5) SSC credit\r\npasses in English Language, Mathematics, Literature in English and any two (2)\r\nof Economics, Government\/History, Geography\/Social Studies.<\/span><\/p>","subjects":"Literature in English and any of Arts\/Social Science subjects.","institutions_list":"ADEYEMI"},{"id":"26395","title":"ENGLISH\/THEATRE ARTS","de_requirements":"","utme_requirements":"","subjects":"","institutions_list":"ADEYEMI"},{"id":"788","title":"ENGLISH\/YORUBA","de_requirements":"","utme_requirements":"<p><span>Five (5) SSC credit\r\npasses in English Language, Mathematics, Literature in English, Yoruba and any\r\nArts subject.<\/span><\/p>","subjects":"Literature in English, Yoruba and any Arts subjects\r\n\r\n","institutions_list":"ADEYEMI"},{"id":"789","title":"FINE & APPLIED ART (DOUBLE MAJOR)","de_requirements":"","utme_requirements":"<table>\r\n <tbody><tr>\r\n  <td>\r\n  <p><span>Five (5) SSC\r\n  credit passes in English Language, Mathematics, Fine Arts and any other two\r\n  (2) subjects from:<\/span><\/p>\r\n  <p><span>1. Craft<\/span><\/p>\r\n  <p><span>2. Textile Clothing<\/span><\/p>\r\n  <p><span>3. Technical\r\n  Drawing<\/span><\/p>\r\n  <p><span>4. A Science\r\n  subject<\/span><\/p>\r\n  <p><span>5. An Arts\r\n  subject<\/span><\/p>\r\n  <p><span>6. Decorative\r\n  Painting<\/span><\/p>\r\n  <p><span>7. Spray\r\n  Painting, <\/span><span>Lining, Sign <\/span><span>and Design<\/span><\/p>\r\n  <p><span>8. Wall\r\n  Hanging, Colour Mixing\/Matching and Glazing<\/span><\/p>\r\n  <p><span>9. Graphic\r\n  Design<\/span><\/p>\r\n  <p><span>10. Graphic\r\n  Printing<\/span><\/p>\r\n  <p><span>11. Ceramics<\/span><\/p>\r\n  <p><span>12. Basic Electricity.<\/span><\/p>\r\n  <p><span>13. General\r\n  Wood work<\/span><\/p>\r\n  <p><span>14.\r\n  General Metal Work<\/span><\/p>\r\n  <p><span>15.\r\n  Men\/Ladies Garment Construction &amp; Finishing<\/span><\/p>\r\n  <p><span>16.\r\n  Spinning 16. Weaving<\/span><\/p>\r\n  <p><span>17.\r\n  Men\/Ladies Textile Design<\/span><\/p>\r\n  <p><span>18.SurfaceDesign\r\n  &amp; Printing<\/span><\/p>\r\n  <p><span>19.&nbsp; Bleaching, Dyeing and Finishing.<\/span><\/p>\r\n  <p><span>20.\r\n  Spraying, Painting, Lining, Sign and Design<\/span><\/p>\r\n  <p><span>&nbsp;<\/span><\/p>\r\n  <\/td>\r\n <\/tr>\r\n<\/tbody><\/table>","subjects":"Fine Arts and any other two (2) subjects","institutions_list":"ADEYEMI"},{"id":"790","title":"FRENCH\/HAUSA","de_requirements":"","utme_requirements":"<p><span>Five (5) SSC credit\r\npasses in English Language, Mathematics, French, Hausa, and any other Arts\r\nsubject.<\/span><\/p>","subjects":"French, Hausa   and any other Arts subject.\r\n\r\n","institutions_list":"ADEYEMI"},{"id":"791","title":"FRENCH\/HISTORY","de_requirements":"","utme_requirements":"<p><span>Five (5) SSC credit\r\npasses in English Language, Mathematics, French, History\/Government and any\r\nother Arts&nbsp;&nbsp; subject.<\/span><\/p>","subjects":"French, History\/Government and any other Arts subject.","institutions_list":"ADEYEMI"},{"id":"792","title":"FRENCH\/IGBO","de_requirements":"","utme_requirements":"<p><span>Five (5) SSC credit\r\npasses in English Language, Mathematics, French, Igbo and any other Arts&nbsp; subject.<\/span><\/p>","subjects":"French, Igbo and any Arts subject.","institutions_list":"ADEYEMI"},{"id":"793","title":"FRENCH\/IGBO L2","de_requirements":"","utme_requirements":"<p><span>Five (5) SSC credit\r\npasses in English Language, Mathematics, French and any two (2) Arts&nbsp; subjects.<\/span><\/p>","subjects":"French and any two (2) Arts subjects.","institutions_list":"ADEYEMI"},{"id":"794","title":"FRENCH\/ISLAMIC STUDIES","de_requirements":"","utme_requirements":"<p><span>Five (5) SSC credit\r\npasses&nbsp; in English Language, Mathematics,\r\nFrench, Islamic Studies and any Arts&nbsp;\r\nsubject.<\/span><\/p>","subjects":"French, Islamic Studies and any other Arts subject.\r\n\r\n","institutions_list":"ADEYEMI"},{"id":"26397","title":"FRENCH\/POLITICAL SCIENCE","de_requirements":"","utme_requirements":"","subjects":"","institutions_list":"ADEYEMI"},{"id":"795","title":"FRENCH\/SOCIAL STUDIES","de_requirements":"","utme_requirements":"<table>\r\n <tbody><tr>\r\n  <td>\r\n  <p><span>Five (5) SSC credit\r\n  passesin English Language, Mathematics, French and any two (2) of the\r\n  following<\/span><\/p>\r\n  <p><span>1. Geography<\/span><\/p>\r\n  <p><span>2. Economics<\/span><\/p>\r\n  <p><span>3. Government<\/span><\/p>\r\n  <p><span>4. History<\/span><\/p>\r\n  <p><span>&nbsp;<\/span><\/p>\r\n  <\/td>\r\n <\/tr>\r\n<\/tbody><\/table>","subjects":"French and any two (2) of Geography, History, Economics and Government.","institutions_list":"ADEYEMI"},{"id":"26396","title":"FRENCH\/THEATRE ARTS","de_requirements":"","utme_requirements":"","subjects":"","institutions_list":"ADEYEMI"},{"id":"796","title":"FRENCH\/YORUBA","de_requirements":"","utme_requirements":"<p><span>Five (5) SSC credit\r\npasses&nbsp;&nbsp; in English Language,\r\nMathematics, French, Yoruba and any other Arts subjects.<\/span><\/p>","subjects":"French, Yoruba and any other Arts subjects.\r\n\r\n","institutions_list":"ADEYEMI"},{"id":"797","title":"GEOGRAPHY\/HISTORY","de_requirements":"","utme_requirements":"<p><span>Five (5) SSC credit\r\npasses in English Language, Mathematics, Geography, History\/Government and any\r\nother Arts\/Social Science subject.<\/span><\/p>","subjects":"Geography, History\/Government and any other Arts\/Social Science subject.","institutions_list":"ADEYEMI"},{"id":"798","title":"GEOGRAPHY\/INTEGRATED SCIENCE","de_requirements":"","utme_requirements":"<p><span>Five (5) SSC credit\r\npasses in English Language, Mathematics, Geography and two (2) of <\/span><\/p><p><span>1. Integrated\r\nScience\/General Science<\/span><\/p><p><span>2. Physics<\/span><\/p><p><span>3. Chemistry<\/span><\/p><p>\r\n\r\n\r\n\r\n\r\n\r\n\r\n\r\n<\/p><p><span>4. Biology\/Health\r\nScience<\/span><\/p>","subjects":"Geography and two (2) of Biology, Physics and Chemistry.","institutions_list":"ADEYEMI"},{"id":"799","title":"GEOGRAPHY\/MATHEMATICS","de_requirements":"","utme_requirements":"<p><span>Five (5) SSC credit\r\npasses in English Language, Mathematics, Geography and any two (2) of\r\nScience\/Social Sciences.<\/span><\/p>","subjects":"Mathematics, Geography and any other Science\/Social Science subject.","institutions_list":"ADEYEMI"},{"id":"803","title":"HAUSA\/ECONOMICS","de_requirements":"","utme_requirements":"<p><span>Five\r\n(5) SSC credit passes in English Language, Mathematics, Economics, Hausa, and\r\nany one (1) &nbsp;Arts\/Social Science subject.<\/span><\/p>","subjects":"Hausa, Economics and any one (1) Arts\/Social Science subject.","institutions_list":"ADEYEMI"},{"id":"800","title":"HAUSA\/HISTORY","de_requirements":"","utme_requirements":"<p><span>Five (5) SSC credit\r\npasses in English Language, Mathematics, Hausa, History and one (1) Arts\r\nsubject.<\/span><\/p>","subjects":"Hausa, History and any Arts subject.\r\n\r\n","institutions_list":"ADEYEMI"},{"id":"802","title":"HAUSA\/ISLAMIC STUDIES","de_requirements":"","utme_requirements":"<p><span>Five\r\n(5) SSC credit passes in English Language, Mathematics, Hausa, Islamic Studies&nbsp; and any Arts subject.<\/span><\/p>","subjects":"Hausa, Islamic Studies and any other Arts subject.","institutions_list":"ADEYEMI"},{"id":"801","title":"HAUSA\/SOCIAL STUDIES","de_requirements":"","utme_requirements":"<p><span>Five (5) SSC credit passes in\r\nEnglish Language, Mathematics, Hausa and any two (2) of<\/span><\/p><p><span>1.\r\nGeography<\/span><\/p><p><span>2.\r\nHistory\/Government<\/span><\/p><p><span>3.\r\nIslamic Studies\/Christian Religious Studies<\/span><\/p><p><span>4.\r\nEconomics<\/span><\/p><p>\r\n\r\n\r\n\r\n\r\n\r\n\r\n\r\n\r\n\r\n<\/p><p><span>&nbsp;<\/span><\/p>","subjects":"Hausa and any other two (2) Arts\/Social Science subjects.","institutions_list":"ADEYEMI"},{"id":"804","title":"HAUSA\/YORUBA","de_requirements":"","utme_requirements":"<p><span>Five\r\n(5) SSC credit passes in English Language, Mathematics, Yoruba\/Hausa and any two\r\n(2) Arts subjects.<\/span><\/p>","subjects":"Hausa\/Yoruba and any other Arts subject.\r\n\r\n","institutions_list":"ADEYEMI"},{"id":"805","title":"HISTORY\/ISLAMIC STUDIES","de_requirements":"","utme_requirements":"<p><span>Five (5) SSC credit passes in\r\nEnglish Language, Mathematics, History, Islamic Studies and any Arts subject.<\/span><\/p>","subjects":"History, Islamic Studies and any other Arts subject.","institutions_list":"ADEYEMI"},{"id":"806","title":"HISTORY\/YORUBA","de_requirements":"","utme_requirements":"<p><span>Five (5) SSC credit passes in\r\nEnglish Language, Mathematics, History, Yoruba and any one (1)Arts subject.<\/span><\/p>","subjects":"History, Yoruba and any one (1) Arts subject.\r\n\r\n","institutions_list":"ADEYEMI"},{"id":"807","title":"HOME ECONOMICS (DOUBLE MAJOR)","de_requirements":"","utme_requirements":"<table>\r\n <tbody><tr>\r\n  <td>\r\n  <p><span>Five (5) SSC\r\n  credit passes in English Language, Mathematics and any three (3) of the\r\n  followings:<\/span><\/p>\r\n  <p><span>1.&nbsp; Agricultural Science<\/span><\/p>\r\n  <p><span>2.&nbsp; Biology<\/span><\/p>\r\n  <p><span>3.&nbsp; Chemistry<\/span><\/p>\r\n  <p><span>4.&nbsp; General Science<\/span><\/p>\r\n  <p><span>5.&nbsp; Health Science<\/span><\/p>\r\n  <p><span>6.&nbsp; Home Management\/ <\/span><\/p>\r\n  <p><span>7.&nbsp; Hotel and Catering<\/span><\/p>\r\n  <p><span>8.&nbsp; Food and Nutrition<\/span><\/p>\r\n  <p><span>9.&nbsp; Integrated Science<\/span><\/p>\r\n  <p><span>10. Physical and\r\n  Health Education\/Physical Education<\/span><\/p>\r\n  <p><span>11. Physics<\/span><\/p>\r\n  <p><span>12. Economics<\/span><\/p>\r\n  <p><span>13. General Metal\r\n  Work<\/span><\/p>\r\n  <p><span>14. Building\/Engineering\r\n  Drawing<\/span><\/p>\r\n  <p><span>15. Men\/Ladies\r\n  Garment&nbsp;&nbsp;&nbsp;&nbsp; <\/span><\/p>\r\n  <p><span>&nbsp;&nbsp;&nbsp;&nbsp; Construction and Finishing<\/span><\/p>\r\n  <p><span>16. Men\/Ladies\r\n  Textile&nbsp;&nbsp; Design<\/span><\/p>\r\n  <p><span>17. Spinning&nbsp; <\/span><\/p>\r\n  <p><span>18. Weaving<\/span><\/p>\r\n  <p><span>19. Surface Design and\r\n  <\/span><\/p>\r\n  <p><span>&nbsp;&nbsp;&nbsp;&nbsp; Printing<\/span><\/p>\r\n  <p><span>20. Bleaching, Dyeing\r\n  and <\/span><\/p>\r\n  <p><span>&nbsp;&nbsp;&nbsp;&nbsp; Finishing<\/span><\/p>\r\n  <p><span>21. Basic Electricity<\/span><\/p>\r\n  <p><span>&nbsp;<\/span><\/p>\r\n  <p><b><span>GROUP A:<\/span><\/b><span><\/span><\/p>\r\n  <p><span>Home Economics,\r\n  Home Management, Cookery, Needle Work and Dress Making, Clothing and Textile,\r\n  Food and Nutrition, Hotel Management and Catering.<\/span><\/p>\r\n  <p><span>&nbsp;<\/span><\/p>\r\n  <p><b><span>GROUP B:<\/span><\/b><span><\/span><\/p>\r\n  <p><span>Biology, Chemistry, Physics, Integrated\r\n  Science, Health Science, Agricultural Science, Mathematics\/Arithmetic\r\n  Process\/Basic Mathematics, Economics, Physical and Health Education.<\/span><span><\/span><\/p>\r\n  <\/td>\r\n <\/tr>\r\n<\/tbody><\/table>","subjects":"Any three (3) of Chemistry, Agricultural Science, Home Economics, Economics and Mathematics.","institutions_list":"ADEYEMI"},{"id":"808","title":"IGBO\/ISLAMIC STUDIES","de_requirements":"","utme_requirements":"<p><span>Five (5) SSC credit\r\npasses in English Language, Mathematics, Islamic Studies, Igbo and any Arts\r\nsubject.<\/span><\/p>","subjects":"Igbo, Islamic Studies and any other Arts subject.\r\n\r\n","institutions_list":"ADEYEMI"},{"id":"814","title":"IGBO\/SOCIAL STUDIES","de_requirements":"","utme_requirements":"<p><span>Five (5) SSC credit\r\npasses in English Language, Mathematics, Igbo, Government\/History and any one\r\n(1) &nbsp;((1) Arts\/Social&nbsp; Science subject.&nbsp;<\/span><\/p>","subjects":"Igbo, History\/Government and any one (1) Arts\/Social Science subject.","institutions_list":"ADEYEMI"},{"id":"818","title":"IGBO\/YORUBA","de_requirements":"","utme_requirements":"<p><span>Five (5) SSC credit\r\npasses in English Language, Mathematics, Igbo\/Yoruba and two (2) Arts subjects.&nbsp;<\/span><\/p>","subjects":"Igbo\/Yoruba and any two (2) Arts subjects.","institutions_list":"ADEYEMI"},{"id":"825","title":"INTEGRATED SCIENCE \/ MATHEMATICS EDUCATION","de_requirements":"","utme_requirements":"<p><span>Five (5) SSC credit\r\npasses in English Language, Mathematics and any three (3) of the following<\/span><\/p><p><span>1. Biology\/Agricultural\r\nScience<\/span><\/p><p><span>2. Chemistry<\/span><\/p><p><span>3. Physics and<\/span><\/p><p>\r\n\r\n\r\n\r\n\r\n\r\n\r\n\r\n<\/p><p><span>4. General Science<\/span><\/p>","subjects":"Mathematics and any two (2) of: Biology, Physics and Chemistry.","institutions_list":"ADEYEMI"},{"id":"827","title":"INTEGRATED SCIENCE\/PHYSICS","de_requirements":"","utme_requirements":"<p><span>Five (5) SSC credit\r\npasses in English Language, Mathematics Physics and any two (2) Science\r\nsubjects<\/span><\/p>","subjects":"Physics and any other  two (2) Science subjects.","institutions_list":"ADEYEMI"},{"id":"833","title":"ISLAMIC STUDIES\/CHRISTIAN RELIGIOUS  STUDIES","de_requirements":"","utme_requirements":"<p><span>Five (5) SSC credit\r\npasses in English Language, Mathematics, Islamic Studies\/Christian Religious\r\nStudies and any two (2) Arts subjects.<\/span><\/p>","subjects":"Islamic Studies\/Christian Religious Studies and any two (2) Arts subjects\r\n\r\n","institutions_list":"ADEYEMI"},{"id":"836","title":"ISLAMIC STUDIES\/ECONOMICS","de_requirements":"","utme_requirements":"<p><span>Five (5) SSC credit\r\npasses in English Language, Mathematics, Economics and any one (1) Arts\/Social\r\nScience subject.<\/span><\/p>","subjects":"Islamic Studies, Economics and any Arts\/Social Science subject.","institutions_list":"ADEYEMI"},{"id":"837","title":"ISLAMIC STUDIES\/GEOGRAPHY","de_requirements":"","utme_requirements":"<p><span>Five (5) SSC credit\r\npasses in English Language, Mathematics, Islamic Studies, Geography, one (1) &nbsp;Arts\/Social Science subject.<\/span><\/p>","subjects":"Islamic Studies, Geography and one (1)  Arts\/Social Science subject.","institutions_list":"ADEYEMI"},{"id":"26390","title":"ISLAMIC STUDIES\/POLITICAL SCIENCE","de_requirements":"","utme_requirements":"","subjects":"","institutions_list":"ADEYEMI"},{"id":"835","title":"ISLAMIC STUDIES\/POLITICAL SCIENCE","de_requirements":"","utme_requirements":"<p><span>Five (5) SSC credit\r\npasses in English Language, Mathematics, Islamic Studies and any two (2) of<\/span><\/p><p><span>1. Economics<\/span><\/p><p><span>2. Government\/History<\/span><\/p><p>\r\n\r\n\r\n\r\n\r\n\r\n<\/p><p><span>3. Geography<\/span><\/p>","subjects":"Islamic Studies, Government\/History and any one (1)  Social\/Arts Subject.","institutions_list":"ADEYEMI"},{"id":"26391","title":"ISLAMIC STUDIES\/THEATRE ARTS","de_requirements":"","utme_requirements":"","subjects":"","institutions_list":"ADEYEMI"},{"id":"838","title":"ISLAMIC STUDIES\/YORUBA","de_requirements":"","utme_requirements":"<p><span>Five (5) SSC credit\r\npasses in English Language, Mathematics, Islamic Studies, Yoruba and one (1) &nbsp;Arts subject.<\/span><\/p>","subjects":"Yoruba, Islamic Studies and one (1)  Arts subject.\r\n\r\n","institutions_list":"ADEYEMI"},{"id":"840","title":"MATHEMATICS\/PHYSICS","de_requirements":"","utme_requirements":"<p><span>Five (5) SSC credit\r\npasses in English Language, Mathematics, Physics and two (2) other Science\r\nsubjects.<\/span><\/p>","subjects":"Mathematics, Physics and any other Science subject.","institutions_list":"ADEYEMI"},{"id":"842","title":"MUSIC\/YORUBA","de_requirements":"","utme_requirements":"<p><span>Five (5) SSC credit\r\npasses in English Language, Mathematics, Yoruba and two (2) Arts subjects.<\/span><\/p>","subjects":"Yoruba and any other two (2) Arts subjects.","institutions_list":"ADEYEMI"},{"id":"844","title":"PHYSICAL & HEALTH EDUCATION (DOUBLE MAJOR)","de_requirements":"","utme_requirements":"<p><span>Five\r\n(5) SSC credits\/TC II merit passes in Five (5) subjects including English\r\nLanguage, Biology or its equivalent.<\/span><\/p>","subjects":"Biology and any two (2relevant subjects.","institutions_list":"ADEYEMI"},{"id":"834","title":"PRIMARY EDUCATION STUDIES","de_requirements":"","utme_requirements":"<p><span>Five (5)SSC credits including English\r\nLanguage.<\/span><\/p>","subjects":"English Language and any other three (3) subjects.","institutions_list":"ADEYEMI"},{"id":"26392","title":"SOCIAL STUDIES\/POLITICAL SCIENCE","de_requirements":"","utme_requirements":"","subjects":"","institutions_list":"ADEYEMI"},{"id":"26393","title":"SOCIAL STUDIES\/THEATRE ARTS","de_requirements":"","utme_requirements":"","subjects":"","institutions_list":"ADEYEMI"},{"id":"843","title":"SOCIAL STUDIES\/YORUBA","de_requirements":"","utme_requirements":"<p><span>Five (5) SSC credit\r\npasses in English Language, Mathematics, Government\/History, Yoruba, one (1) &nbsp;&nbsp;Arts\/Social Science subject.<\/span><\/p>","subjects":"Government\/History, Yoruba, one (1) Arts\/Social Science subject.","institutions_list":"ADEYEMI"},{"id":"26399","title":"YORUBA\/ THEATRE ARTS","de_requirements":"","utme_requirements":"","subjects":"","institutions_list":"ADEYEMI"},{"id":"26398","title":"YORUBA\/POLITICAL SCIENCE","de_requirements":"","utme_requirements":"","subjects":"","institutions_list":"ADEYEMI"}]