[{"id":"23567","title":"COMMUNITY HEALTH","de_requirements":"<p>NIL<br><\/p>","utme_requirements":"<p>\r\n\r\n<\/p><p><span>Five (5) SSC credit passes in Mathematics,\r\nBiology\/Health Science and any three (3) from the following: Nutrition, Chemistry,\r\nPhysics, Religious Studies, Geography, Economics, Nigerian Language Plus at\r\nleast a pass in English Language, Food and Nutrition\/Home Management.<\/span><\/p>\r\n\r\n","subjects":"<p>\r\n\r\n<\/p><p><span>Mathematics,\r\nPhysics and Chemistry<\/span><\/p>\r\n\r\n","institutions_list":"COTECH-LG"},{"id":"5562","title":"ENVIRONMENTAL HEALTH TECHNOLOGY","de_requirements":"","utme_requirements":"<p><span>Five (5) SSC credit passes in Mathematics, Biology\/Health Science and any three (3) from the following: Nutrition, Chemistry, Physics, Religious Studies, Geography, Economics, Nigerian Language Plus at least a pass in English Language, Food and Nutrition\/Home Management.<\/span><span><\/span><\/p><p><span><o>&nbsp;<\/o:p><\/span><\/p>","subjects":"Mathematics, Physics and Chemistry","institutions_list":"COTECH-LG"},{"id":"5561","title":"HEALTH INFORMATION MANAGEMENT","de_requirements":"","utme_requirements":"<p><span>Five (5) SSC credit passes in Mathematics, English Language, Biology\/Health Science and any two (2) from Chemistry, Physics, Geography, Economics, Religious Knowledge, Nigerian Language.<\/span>&nbsp;&nbsp;&nbsp;&nbsp;<span><\/span><\/p>","subjects":"Mathematics, Chemistry, and  Physics \/Biology","institutions_list":"COTECH-LG"}]