[{"id":"5564","title":"COMMUNITY HEALTH","de_requirements":"","utme_requirements":"<p><span>Five (5) SSC credit passes in Mathematics, Biology\/Health Science and any three (3) from the following: Nutrition, Chemistry, Physics, Religious Studies, Geography, Economics, Nigerian Language Plus at least a pass in English Language, Food and Nutrition\/Home Management.<\/span><span><\/span><\/p><p><span><o>&nbsp;<\/o:p><\/span>&nbsp;&nbsp;&nbsp;&nbsp;<\/p>","subjects":"Mathematics, Physics and Chemistry","institutions_list":"COTECH-ZAW"},{"id":"5566","title":"ENVIRONMENTAL HEALTH TECHNOLOGY","de_requirements":"","utme_requirements":"<p><span>Five (5) SSC credit passes in Mathematics, Biology\/Health Science and any three (3) from the following: Nutrition, Chemistry, Physics, Religious Studies, Geography, Economics, Nigerian Language Plus at least a pass in English Language, Food and Nutrition\/Home Management.<\/span><span><\/span><\/p><p><span><o>&nbsp;<\/o:p><\/span><\/p>","subjects":"Mathematics, Physics and Chemistry","institutions_list":"COTECH-ZAW"},{"id":"5565","title":"HEALTH INFORMATION MANAGEMENT","de_requirements":"","utme_requirements":"<p><span>Five (5) SSC credit passes in Mathematics, English Language, Biology\/Health Science and any two (2) from Chemistry, Physics, Geography, Economics, Religious Knowledge, Nigerian Language.<\/span>&nbsp;&nbsp;&nbsp;&nbsp;<span><\/span><\/p>","subjects":"Mathematics, Chemistry, and  Physics \/Biology","institutions_list":"COTECH-ZAW"},{"id":"27116","title":"NUTRITION & DIETETICS","de_requirements":"","utme_requirements":"","subjects":"","institutions_list":"COTECH-ZAW"}]