[{"id":"5568","title":"ACCOUNTING","de_requirements":"<p>\r\n\r\n<\/p><div>\r\n\r\n<table>\r\n <tbody><tr>\r\n  <td>\r\n  <p><span>Two\r\n  (2)'A' Level passes including Economics.<\/span><\/p>\r\n  <\/td>\r\n <\/tr>\r\n<\/tbody><\/table>\r\n\r\n<\/div>\r\n\r\n","utme_requirements":"<p>\r\n\r\n<\/p><div>\r\n\r\n<table>\r\n <tbody><tr>\r\n  <td>\r\n  <p><span>Five (5) O\/L credit passes to include English Language, Mathematics,&nbsp;<\/span><span>Economics,<\/span><span>&nbsp;and any other two from:&nbsp;&nbsp;<\/span><span>&nbsp;Geography, Government, <\/span><span>Account, Book keeping, Business Management, Commerce, Marketing, Business studies, Office practice, Insurance, Financial Accounting, Store Management and Type writing.<\/span><\/p>\r\n  <\/td>\r\n <\/tr>\r\n<\/tbody><\/table>\r\n\r\n<\/div>\r\n\r\n","subjects":"Mathematics, Economics and any other from:&nbsp;<span>Geography, or Government,<\/span>&nbsp;<span>&nbsp;<\/span><span>&nbsp;Account, Book keeping, Commerce or&nbsp; Financial Accounting,&nbsp; Business&nbsp;<\/span><span>Management, Commerce, Marketing, Business studies, Office practice, Insurance, Financial Accounting, Store Management and Type writing.<\/span>","institutions_list":"COVENANT"},{"id":"5598","title":"ARCHITECTURE","de_requirements":"<p><span>(i)<span>\u00a0\u00a0\u00a0\u00a0\u00a0\u00a0\r\n<\/span><\/span><span>Two (2) 'A' Level\r\npasses chosen from Mathematics or Physics and Chemistry, Geography or Fine\r\nArts.<\/span><\/p><p>\r\n\r\n<span>ND\/HND\r\nupper credits in relevant field.<\/span><br><\/p>","utme_requirements":"<table>\r\n <tbody><tr>\r\n  <td>\r\n  <p><span>Five (5) SSC credit passes in English\r\n  Language, Mathematics, Physics,&nbsp; and two other subjects from Fine Art, Geography Biology, Economics, Technical Drawing, Introduction to Building Construction, further maths and Land surveying.<\/span><\/p>\r\n  <p><span>&nbsp;<\/span><\/p>\r\n  <\/td>\r\n <\/tr>\r\n<\/tbody><\/table>","subjects":"Physics, Mathematics, and any of Chemistry, Geography, Fine Art, Biology and Economics.","institutions_list":"COVENANT"},{"id":"5572","title":"BANKING AND FINANCE","de_requirements":"<p>\r\n\r\n<\/p><div>\r\n\r\n<table>\r\n <tbody><tr>\r\n  <td>\r\n  <p><span>(i)\r\n  Two (2)'A' Level passes in Accounting or Economics and one other subject.<\/span><\/p>\r\n  <p><span>(ii)\r\n  NCE merit in relevant subjects.<\/span><\/p>\r\n  <p><span>(iii)\r\n  ND credit.<\/span><\/p>\r\n  <\/td>\r\n <\/tr>\r\n<\/tbody><\/table>\r\n\r\n<\/div>\r\n\r\n<span>(iv)\r\nFoundation International exam such as ICAN, ACCA, ICMA, GPFA.<\/span>","utme_requirements":"<p>\r\n\r\n<\/p><div>\r\n\r\n<table>\r\n <tbody><tr>\r\n  <td>\r\n  <p><span>Five (5) O\/L credit passes to include English Language, Mathematics,&nbsp;<\/span><span>Economics,<\/span><span>&nbsp;and any other two from:&nbsp;&nbsp;<\/span><span>&nbsp;Geography, Government,&nbsp;<\/span><span>Account, Book keeping, Business Management, Commerce, Marketing, Business studies, Office practice, Insurance, Financial Accounting, Store Management and Type writing.&nbsp;<\/span><br><\/p><\/td><\/tr><\/tbody><\/table><\/div>","subjects":"<span>Mathematics, Economics and one from:&nbsp;&nbsp;<\/span><span>Geography, or Government,<\/span><span>&nbsp;<\/span><span>&nbsp;<\/span><span>&nbsp;Account, Book keeping, Commerce or&nbsp; Financial Accounting,&nbsp; Business&nbsp;<\/span><span>Management, Commerce, Marketing, Business studies, Office practice, Insurance, Financial Accounting, Store Management and Type writing.&nbsp;<\/span>","institutions_list":"COVENANT"},{"id":"5575","title":"BIOCHEMISTRY","de_requirements":"<p><span>Two (2) 'A' Level passes chosen from Chemistry, Mathematics, Physics and\r\nBiology.<\/span><\/p><p><span><o>\u00a0<\/o:p><\/span><\/p><p>\r\n\r\n\r\n\r\n<\/p><p><span>NCE\/ND\/HND in related programmes plus the UTME requirements.<\/span><\/p>","utme_requirements":"<p><span>Five (5) O\/L credit passes to include English Language,&nbsp; Mathematics&nbsp;<\/span><span>and other three from :<\/span><span>&nbsp;Biology, Chemistry,&nbsp;<\/span><span>&nbsp;Food and Nutrition,&nbsp;<\/span><span>Agricultural Science,&nbsp;<\/span><span>Health\/General Science or Physics.<\/span><\/p>","subjects":"Biology, Chemistry and Physics.","institutions_list":"COVENANT"},{"id":"5593","title":"BIOLOGY","de_requirements":"<p><span>i)\r\nTwo (2) 'A' Level passes from Chemistry, Biology, Botany\/Zoology.<\/span><\/p><p>\r\n\r\n<\/p><p><span>(ii)\r\nNCE merit accepted.<\/span><\/p>","utme_requirements":"<p><span>Five (5) SSC credit passes to include English\r\nLanguage,&nbsp; Mathematics and other three from : Agricultural Science, Biology, Chemistry,&nbsp; Food and Nutrition, Health\/ General Science or Physics.<\/span><\/p>","subjects":"Biology, Chemistry and either Physics or Mathematics.","institutions_list":"COVENANT"},{"id":"5569","title":"BUILDING","de_requirements":"'A' Level passes in Mathematics, Physics and Chemistry.","utme_requirements":"Five (5) SSC credit passes in Mathematics, English Language, Physics, and two other subjects from : Chemistry, Geography, Fine Arts and Technical drawing, Building Construction, Land survey, Biology, Computer science, computer studies, data processing, integrated science, Further maths","subjects":"Mathematics, Physics and any from Chemistry, Geography, Biology, Computer science, data processing, Further mathematics Integrated science or physics.","institutions_list":"COVENANT"},{"id":"5567","title":"BUSINESS ADMINISTRATION","de_requirements":"<p><span>Two (2) \u2018A\u2019 Level passes chosen from Economics, Accounts,\r\nBusiness Management, Government, Geography or Statistics.<\/span><\/p>","utme_requirements":"<p><span>Five (5) O\/L credit passes to include English Language, Mathematics,&nbsp;<\/span><span>Economics,<\/span><span>&nbsp;and any other two from:&nbsp;&nbsp;<\/span><span>&nbsp;Geography, Government,&nbsp;<\/span><span>Account, Book keeping, Business Management, Commerce, Marketing, Business studies, Office practice, Insurance, Financial Accounting, Store Management and Type writing.&nbsp;<\/span><span>Or Biology, chemistry, Computer science, Computer studies, Data Processing, Physics.<\/span><br><\/p>","subjects":"Mathematics, Economics and one from:&nbsp;&nbsp;<span>Geography, or Government,<\/span><span>&nbsp;<\/span><span>&nbsp;<\/span><span>&nbsp;Account, Book keeping, Commerce or&nbsp; Financial Accounting,&nbsp; Business&nbsp;<\/span><span>Management, Commerce, Marketing, Business studies, Office practice, Insurance, Financial Accounting, Store Management and Type writing. Or Biology, chemistry, Computer science, Computer studies, Data Processing, Physics.<\/span>","institutions_list":"COVENANT"},{"id":"5570","title":"CHEMICAL ENGINEERING","de_requirements":"'A' Level passes in Physics, Chemistry and Mathematics.","utme_requirements":"Five (5) SSC credit passes to include Physics, Chemistry, Mathematics, English Language and Biology, Further Mathematics or Technical Drawing.","subjects":"Mathematics, Physics and Chemistry.","institutions_list":"COVENANT"},{"id":"5571","title":"CIVIL ENGINEERING","de_requirements":"(i)\t'A' Level passes in Physics and Mathematics.\r\n(ii)\tND\/HND upper credit at appropriate levels.\r\n","utme_requirements":"Five (5) SSC credit passes to include Physics, Chemistry, Mathematics, English Language and&nbsp;<span>any of Biology, Building Construction, woodwork, Further Mathematics or Technical Drawing.<\/span>","subjects":"Physics, Chemistry and Mathematics","institutions_list":"COVENANT"},{"id":"5599","title":"COMPUTER ENGINEERING","de_requirements":"<p><span>Three (3) 'A' Level passes in Pure Mathematics or Pure and Applied Mathematics, Chemistry and Physics.<\/span><br><\/p>","utme_requirements":"<p>Five (5)&nbsp;<span>O\/L credit passes to include Mathematics, Physics, Chemistry, English Language and any of Applied Electricity, Basic Electronics, Biology, Computer Studies, Information Technology, Further Mathematics or Technical Drawing.<\/span><span>.<\/span><\/p>","subjects":"Mathematics, Physics and Chemistry.","institutions_list":"COVENANT"},{"id":"5587","title":"COMPUTER SCIENCE","de_requirements":"<p><span>)\u00a0\u00a0\u00a0\u00a0\u00a0\u00a0 Two (2) 'A' Level passes in\r\nscience subjects including Mathematics<\/span><\/p><p><span><o>\u00a0<\/o:p><\/span><\/p><p>\r\n\r\n\r\n\r\n<\/p><p><span>(ii)\u00a0\u00a0 NCE merit in Mathematics and\r\none (1) other Science or Social Science subject.<\/span><\/p>","utme_requirements":"<p><span>Five (5) SSC credit passes to include English Language, Mathematics,\r\nPhysics Chemistry and any from Biology, computer science or computer studies.<\/span><\/p>","subjects":"Mathematics, Physics and Chemistry.","institutions_list":"COVENANT"},{"id":"5586","title":"CRIMINOLOGY AND SECURITY STUDIES","de_requirements":"<p><b><span>Five <\/span><span>(5) '<\/span><span>O<\/span><span>' <\/span><span>level <\/span><span>c<\/span><span>redit\r\npasses or equivalent including English Language, Mathematics, Economics, and\r\nany two<\/span><span> (2)<\/span><span> Arts or Social Sciences<\/span><span>,<\/span><span>\r\nHistory, Civics or Geography <\/span><span>at<\/span><span> not more than two <\/span><span>(2)\r\n<\/span><span>sittings.<\/span><\/b><br><\/p>","utme_requirements":"<p><b><span>Five <\/span><span>(5) '<\/span><span>O<\/span><span>' <\/span><span>level <\/span><span>c<\/span><span>redit\r\npasses or equivalent including English Language, Mathematics, Economics, and\r\nany two<\/span><span> (2)<\/span><span> Arts or Social Sciences<\/span><span>,<\/span><span>\r\nHistory, Civics or Geography <\/span><span>at<\/span><span> not more than two <\/span><span>(2)\r\n<\/span><span>sittings.<\/span><\/b><br><\/p>","subjects":"Economics, Government, and any one of the following: History, Geography, Literature in English, French, IS, Hausa.","institutions_list":"COVENANT"},{"id":"5574","title":"DEMOGRAPHY & SOCIAL STATISTICS","de_requirements":"<p>\r\n\r\n<\/p><div>\r\n\r\n<table>\r\n <tbody><tr>\r\n  <td>\r\n  <p><span>Two\r\n  (2)'A'<span>&nbsp; <\/span>level passes in Geography,\r\n  Economics, Government and Mathematics <\/span><\/p>\r\n  <\/td>\r\n <\/tr>\r\n<\/tbody><\/table>\r\n\r\n<\/div>\r\n\r\n","utme_requirements":"<p>\r\n\r\n<\/p><div>\r\n\r\n<table>\r\n <tbody><tr>\r\n  <td>\r\n  <p><span>Five\r\n  (5)SSC credit passes including English Language, Mathematics, Economics,\r\n  Government and any one of Geography or Biology<\/span><\/p>\r\n  <\/td>\r\n <\/tr>\r\n<\/tbody><\/table>\r\n\r\n<\/div>\r\n\r\n","subjects":"Mathematics, Economics\/Geography and any other subject.","institutions_list":"COVENANT"},{"id":"5573","title":"ECONOMICS","de_requirements":"<p>\r\n\r\n<\/p><div>\r\n\r\n<table>\r\n <tbody><tr>\r\n  <td>\r\n  <p><span>Two (2)'A' Level passes in Economics and any one of\r\n  Mathematics, Statistics, Geography, Physics, Chemistry, Agricultural Science,\r\n  Accounting, Business Management, History and Government.<\/span><\/p>\r\n  <\/td>\r\n <\/tr>\r\n<\/tbody><\/table>\r\n\r\n<\/div>\r\n\r\n","utme_requirements":"<p>\r\n\r\n<\/p><div>\r\n\r\n<table>\r\n <tbody><tr>\r\n  <td>\r\n  <p><span>Five (5) O\/L credit passes to include English Language, Mathematics,&nbsp;<\/span><span>Economics,<\/span><span>&nbsp;and any other two from:&nbsp;&nbsp;<\/span><span>&nbsp;Geography, Government,&nbsp;<\/span><span>Account, Book keeping, Business Management, Commerce, Marketing, Business studies, Office practice, Insurance, Financial Accounting,&nbsp;<\/span><span>Or Biology, Agricultural science, Computer science, Computer studies, Data Processing.<\/span><br><\/p>\r\n  <\/td>\r\n <\/tr>\r\n<\/tbody><\/table>\r\n\r\n<\/div>\r\n\r\n","subjects":"<span>Mathematics,&nbsp;<\/span><span>Economics,<\/span><span>&nbsp;and any one from:&nbsp;&nbsp;<\/span><span>&nbsp;Geography, Government,&nbsp;<\/span><span>Account, Book keeping, Business Management, Commerce, Marketing, Business studies, Office practice, Insurance, Financial Accounting,&nbsp;<\/span><span>Or Biology, Agricultural science, Computer science, Computer studies, Data Processing.<\/span>","institutions_list":"COVENANT"},{"id":"5603","title":"ELECTRICAL \/ELECTRONICS ENGINEERING","de_requirements":"<p><span>Two (2) 'A' Level passes in Mathematics, Physics or Chemistry<\/span><\/p>","utme_requirements":"<p><span>Five (5) O\/L credit passes to include Mathematics, Physics,\r\nChemistry, English Language and any of Applied Electricity, Basic Electronics, Biology, Computer Studies, Information Technology, Further Mathematics or Technical Drawing.<\/span><\/p>","subjects":"Mathematics, Physics and Chemistry","institutions_list":"COVENANT"},{"id":"5576","title":"ENGLISH LANGUAGE","de_requirements":"<p><span>Two\r\n(2) \u2018A\u2019 Level passes to include Literature in English and one other Arts\r\nsubject.<\/span><\/p>","utme_requirements":"<p><span>Five (5) O\/L credit passes to include English Language, Mathematics, Literature in English and any other two subjects from<\/span><span>&nbsp;Arabic, CRS, Civic Education, Geography, Government, History,&nbsp; Islamic studies, fine Art, History, Igbo, Music, Yoruba.&nbsp;<\/span><br><\/p>","subjects":"Literature in English,&nbsp;<span>&nbsp;and any other two from Arabic, CRS, Civic Education, Geography, Government, History,&nbsp; Islamic studies, fine Art, History, Igbo, Music, Yoruba.&nbsp;<\/span>","institutions_list":"COVENANT"},{"id":"5596","title":"ENTREPRENEURSHIP","de_requirements":"<p><span>Two (2) 'A' Level passes to include Economics and at least one of, Accounts, Business Management, Government, Geography or Mathematics.<\/span><\/p>","utme_requirements":"<p><span>Five (5) SSC credit passes to include English Language, Mathematics, Economics, one Science subject and one other Social Science or Commercial subject.<\/span><span><\/span><\/p>","subjects":"Economics, Mathematics and one other Social Science or Commercial subject.","institutions_list":"COVENANT"},{"id":"5604","title":"ESTATE MANAGEMENT","de_requirements":"<p><span>Two (2) \u2018A\u2019 Level\r\npasses in Mathematics, Economics, Geography, Biology and Physics.<\/span><\/p><p>\r\n\r\n<\/p><p><span><o>\u00a0<\/o:p><\/span><\/p>","utme_requirements":"<p><span>Five (5) SSCE credit\r\npasses including Mathematics, English Language, Economics and&nbsp;<\/span><span>&nbsp;<\/span><span>Biology or Health Science , Civic Education, Geography or Government,&nbsp; &nbsp;Fine Art,&nbsp;&nbsp;<\/span><span>Agric Science,&nbsp; Health Science, data processing Physical&nbsp;<o><\/o><\/span><span>Education,&nbsp;<\/span><span>Further math, Accounting, Book keeping,&nbsp; Commerce,&nbsp; Business studies, Financial Accounting,&nbsp;&nbsp;<\/span><span>Technical Drawing,&nbsp; Building Construction, and Land surveying.<\/span><\/p>","subjects":"English and any three from: Civic Education or F<span>ine Art, Accounting, Book keeping, Commerce or&nbsp; Financial Accounting, Geography, Biology, Economics, Business studies, Technical Drawing, Data processing, chemistry, computer science, computer studies, food and nutrition, Building Construction, Agric science, further maths and Land surveying, Health science, Physics or Mathematics.<\/span>","institutions_list":"COVENANT"},{"id":"5577","title":"FRENCH","de_requirements":"<p><span>Two\r\n(2) \u2018A\u2019 Level passes including French and one other Arts subject.<\/span><\/p>","utme_requirements":"<p><span>Five\r\n(5) SSC credit passes including French and English Language plus one other Arts\r\nsubject.<\/span><\/p>","subjects":"French and any other two (2) subjects from Arts and Social Sciences.","institutions_list":"COVENANT"},{"id":"5582","title":"INDUSTRIAL CHEMISTRY","de_requirements":"<p><span>(i)\u00a0\u00a0\u00a0 Two\r\n(2) 'A' Level passes in Chemistry and Mathematics<\/span><\/p><p>\r\n\r\n<\/p><p><span>(ii)\u00a0\u00a0 ND\r\nin Science Technology or ND in relevant programmes with the UTME requirements.<\/span><\/p>","utme_requirements":"<p><span>Five (5) O\/L credit passes in English Language, Mathematics, Chemistry,\r\nPhysics and other subject from: Agric science, Biology, Food and Nutrition, Health Science, Integrated science or nutrition science.<\/span><\/p>","subjects":"Chemistry, Physics and any of Biology or mathematics.","institutions_list":"COVENANT"},{"id":"5581","title":"INDUSTRIAL MATHEMATICS","de_requirements":"<p><span>(i)\u00a0\u00a0\u00a0 Two\r\n(2) 'A' Level passes from Mathematics, Physics, Economics or Chemistry.<\/span><\/p><p>\r\n\r\n<span>(ii)\r\nNCE merit in relevant subjects.<\/span><br><\/p>","utme_requirements":"<p><span>Five (5) SSC credit passes in English Language, Mathematics, Physics and\r\nany other subjects from&nbsp;<\/span><span>Chemistry, Economics, Biology, Agricultural Science, Book keeping, Computer science, data processing, Further maths, Geography<\/span><span>.<\/span><\/p>","subjects":"Mathematics and any two (2) of Physics, Chemistry, Economics, Biology, Agricultural Science, Book keeping, Computer science, data processing, Further maths, Geography.","institutions_list":"COVENANT"},{"id":"5579","title":"INDUSTRIAL PHYSICS WITH APPLIED GEOPHYSICS","de_requirements":"<p><span>Two (2) 'A' Level passes in Physics and Mathematics.<b><\/b><\/span><\/p>","utme_requirements":"<p><span>Five (5) SSC credit passes to include English Language, Physics,\r\nChemistry and Mathematics and one (1) other Science.&nbsp;<\/span><span><\/span><\/p>","subjects":"Biology","institutions_list":"COVENANT"},{"id":"5580","title":"INDUSTRIAL PHYSICS WITH ELECTRONICS & IT APPL","de_requirements":"<p><span>Two (2) 'A' Level passes in Physics and Mathematics.<b><\/b><\/span><\/p>","utme_requirements":"<p><span>Five (5) O' Level credit passes in English Language, Physics, Chemistry and Mathematics and any from Biology, Computer science, Computer studies,&nbsp; Data Processing, Geography and Further Mathematics.<\/span><br><\/p>","subjects":"<span>Use of English, Physics, Mathematics and any other from Biology, Chemistry, Computer Science, Computer studies, Data processing, Further maths or Geography.<\/span>","institutions_list":"COVENANT"},{"id":"5578","title":"INDUSTRIAL PHYSICS WITH RENEWABLE ENERGY","de_requirements":"<p><span>Two (2) 'A' Level passes in Physics and Mathematics.<b><\/b><\/span><\/p>","utme_requirements":"<p><span>Five (5) O' Level credit passes in English Language, Physics, Chemistry and Mathematics and any from: Biology, Computer science, Computer studies, Data Processing, Basic Electronics, food and Nutrition, Health science, Information Technology, Integrated science, Physical education&nbsp; and Further Mathematics.<\/span><br><\/p>","subjects":"<span>English Language, Physics,&nbsp; Mathematics and any from: Biology, Computer science, Computer studies,&nbsp; Data Processing, Basic Electronics, food and Nutrition, Health science, Information Technology, Integrated science, Physical education&nbsp; and Further Mathematics.<\/span>","institutions_list":"COVENANT"},{"id":"5591","title":"INDUSTRIAL RELATIONS","de_requirements":"<p><span>i) Two (2) 'A' Level passes chosen from Economics, Accounting, Government, Geography and Statistics. <\/span><span><\/span><\/p><p><span>ii) NCE in related programme.<\/span><\/p>","utme_requirements":"<p><span>Five (5) SSC credit passes to include English Language and Mathematics.<\/span><span><\/span><\/p>","subjects":"Mathematics, Economics plus one other relevant subject","institutions_list":"COVENANT"},{"id":"5595","title":"INDUSTRIAL RELATIONS & HUMAN RESOURCES MGT","de_requirements":"<p><span>Two (2) 'A' Level passes chosen from Economics, Accounting, Business\r\nManagement, Government, Geography and Statistics.<\/span><\/p>","utme_requirements":"<p><span>Five (5) O\/L credit passes to include English Language, Mathematics,&nbsp;<\/span><span>Economics,<\/span><span>&nbsp;and any other two from:&nbsp;&nbsp;<\/span><span>&nbsp;Geography, Government,&nbsp;<\/span><span>Account, Book keeping, Business Management, Commerce, Marketing, Business studies, Office practice, Insurance, Financial Accounting, Store Management and Type writing.&nbsp;<\/span><span>Or Biology, chemistry, Computer science, Computer studies, Data Processing, Physics.<\/span><br><\/p>","subjects":"<span>Mathematics, Economics and one from:&nbsp;&nbsp;<\/span><span>Geography, or Government,<\/span><span>&nbsp;<\/span><span>&nbsp;<\/span><span>&nbsp;Account, Book keeping, Commerce or&nbsp; Financial Accounting,&nbsp; Business&nbsp;<\/span><span>Management, Commerce, Marketing, Business studies, Office practice, Insurance, Financial Accounting, Store Management and Type writing. Or Biology, chemistry, Computer science, Computer studies, Data Processing, Physics.<\/span>","institutions_list":"COVENANT"},{"id":"5606","title":"INFORMATION & COMMUNICATION ENGINEERING","de_requirements":"<p><span>'A' Level passes\/ND and HND in relevant subjects\r\ninto 200 and 300 levels<\/span><br><\/p>","utme_requirements":"<p><span>Five (5) O\/L credit passes including English\r\nLanguage, Mathematics, Physics, Chemistry and any of Applied Electricity, Basic Electronics, Biology, Computer Studies, Further Mathematics, Information Technology or Technical Drawing.<\/span><br><\/p>","subjects":"Mathematics, Physics and Chemistry.","institutions_list":"COVENANT"},{"id":"5594","title":"INTERNATIONAL RELATIONS","de_requirements":"<p><span>Two (2) 'A' Level passes in Social Science subject from Government\/History, Economics, Sociology and Business Management.<\/span><br><\/p>","utme_requirements":"<p><span>Five (5) O\/L credit passes to include English Language, Mathematics, Biology and any of&nbsp;<\/span><span>Biology or Health Science and any of Arabic, CRS, Civic Education, Geography, Government, History,&nbsp; Islamic studies, fine Art, History, Igbo, Music, Yoruba, Economics, Chemistry, Physics, Food and Nutrition, Integrated Science,&nbsp; Health Science, Physical&nbsp;<\/span><span><font>Education,&nbsp;<\/font><\/span><span><font>Further math, Account, Book keeping, Business Management, Commerce, Marketing, Business studies, Office practice, Insurance, Financial Accounting, Short Hand, Store Management and Type writing.<\/font><\/span><br><\/p>","subjects":"<p><span>Civic Education , Government or History and any other two from:<\/span>&nbsp;CRS or Literature in English, Economics or Geography.<\/p>","institutions_list":"COVENANT"},{"id":"5589","title":"MANAGEMENT INFORMATION SYSTEM","de_requirements":"<p><span>i)\u00a0\u00a0\u00a0\u00a0\u00a0 Two (2) 'A' Level passes in\r\nscience subjects including Mathematics<\/span><\/p><p><span><o>\u00a0<\/o:p><\/span><\/p><p>\r\n\r\n\r\n\r\n<\/p><p><span>(ii)\u00a0\u00a0 NCE merit in Mathematics and\r\none (1) other Science or Social Science subject.<\/span><\/p>","utme_requirements":"<p><span>Five (5) O\/L credit passes to include English Language, Mathematics,\r\nPhysics , Economics, and any from: Biology, Chemistry, Computer Science, Computer studies.<\/span><\/p>","subjects":"Mathematics, Physics and any of Biology, Chemistry, computer Science, Economics and computer studies.","institutions_list":"COVENANT"},{"id":"5597","title":"MARKETING","de_requirements":"<p><span>Two (2) \u2018A\u2019 Level passes chosen from Accounting, Management,\r\nGovernment and Geography.<\/span><\/p>","utme_requirements":"<p><span>Five (5) O\/L credit passes to include English Language, Mathematics,&nbsp;<\/span><span>Economics,<\/span><span>&nbsp;and any other two from:&nbsp;&nbsp;<\/span><span>&nbsp;Geography, Government,&nbsp;<\/span><span>Account, Book keeping, Business Management, Commerce, Marketing, Business studies, Office practice, Insurance, Financial Accounting, Store Management and Type writing.&nbsp;<\/span><span>Or Biology, chemistry, Computer science, Computer studies, Data Processing, Physics.<\/span><br><\/p>","subjects":"<span>Mathematics, Economics and one from:&nbsp;&nbsp;<\/span><span>Geography, or Government,<\/span><span>&nbsp;<\/span><span>&nbsp;<\/span><span>&nbsp;Account, Book keeping, Commerce or&nbsp; Financial Accounting,&nbsp; Business&nbsp;<\/span><span>Management, Commerce, Marketing, Business studies, Office practice, Insurance, Financial Accounting, Store Management and Type writing. Or Biology, chemistry, Computer science, Computer studies, Data Processing, Physics.<\/span>","institutions_list":"COVENANT"},{"id":"5583","title":"MASS COMMUNICATION","de_requirements":"<p><span>Two (2) 'A' Level passes in relevant\r\nsubjects.<\/span><\/p>","utme_requirements":"<p><span>Five (5) O\/L credit passes to include English Language, Mathematics, Literature in English and any other two subjects from:&nbsp; <\/span><span>&nbsp;Arabic, CRS, Civic Education, Geography, Government, History,&nbsp; Islamic studies, fine Art, History, Igbo, Music, Yoruba.<\/span><br><\/p>","subjects":"<span>English, Literature in English and any other two subjects from:&nbsp;&nbsp;<\/span><span>&nbsp;Arabic, CRS, Civic Education, Geography, Government, History,&nbsp; Islamic studies, fine Art, History, Igbo, Music, Yoruba.<\/span>","institutions_list":"COVENANT"},{"id":"5605","title":"MECHANICAL ENGINEERING","de_requirements":"<p><span>(i)<span>\u00a0\u00a0\u00a0\u00a0\u00a0\u00a0\u00a0\r\n<\/span><\/span><span>Two\r\n(2) 'A' Level passes from Chemistry, Physics and Mathematics.<\/span><\/p><p>\r\n\r\n<\/p><p><span>(ii)<span>\u00a0\u00a0\u00a0\u00a0\u00a0\u00a0\r\n<\/span><\/span><span>ND\r\nupper credit, NCE technical and HND in Mech. Engineering.<\/span><\/p>","utme_requirements":"<p><span>Five (5) O\/L credit passes to include Physics, Chemistry, Mathematics, English Language and\r\nany of Auto Mechanics, Biology, Further Mathematics, Metal Works or Technical Drawing.<\/span><\/p>","subjects":"Mathematics, Physics and Chemistry.","institutions_list":"COVENANT"},{"id":"5584","title":"MICROBIOLOGY","de_requirements":"<p><span>Two (2) 'A' Level passes in Chemistry and any one (1) from Biology,\r\nZoology or Botany.<\/span><\/p>","utme_requirements":"<p><span>Five (5) O\/L credit passes to include English Language,&nbsp; Mathematics , Biology, Chemistry,&nbsp;<\/span><span>and other from :<\/span><span>&nbsp;Food and Nutrition,&nbsp;<\/span><span>Integrated Science,&nbsp;<\/span><span>Natural Science or Physics.<\/span><br><\/p>","subjects":"Biology, Chemistry and Physics.","institutions_list":"COVENANT"},{"id":"5602","title":"PETROLEUM ENGINEERING","de_requirements":"<p><span>'A'\r\nLevel passes to include Physics, Chemistry and Mathematics.<\/span><\/p>","utme_requirements":"<p><span>Five\r\n(5) SSC credits to include Physics, Chemistry, Mathematics, English Language\r\nand any of Biology, Further Mathematics or Technical Drawing.<\/span><\/p>","subjects":"Chemistry, Mathematics and Physics","institutions_list":"COVENANT"},{"id":"5585","title":"POLICY & STRATEGIC STUDIES","de_requirements":"<p><span>Two 2 'A' Level passes in Social Sciences including Geography and Economics.<\/span><\/p>","utme_requirements":"<p><span>Five (5) O\/L credit passes to include English Language, Mathematics,&nbsp;<\/span><font><span>Civic Education or Government or History, and any other two subjects from CRS, Economics or <\/span><\/font><font><span>Geography<\/span><\/font><font><span>,&nbsp;<\/span><\/font><span><font>Accounting or Commerce or Business studies.<\/font><\/span><br><\/p>","subjects":"Government and any other two (2) from the following Economics, Geography, History Accounting, Commerce","institutions_list":"COVENANT"},{"id":"5588","title":"POLITICAL SCIENCE","de_requirements":"<p><span>Two (2) 'A' Level passes including Government or History.<\/span><span><\/span><\/p>","utme_requirements":"<p><span>Five (5) O\/L credit passes to include English Language, Mathematics, <\/span><span>Civic Education or Government or History,&nbsp; and any other two subjects from CRS or Literature in English, Economics or Geography<\/span><span><font>.<\/font><\/span><br><\/p>","subjects":"Government or History plus two (2) other Social Science\/Arts subjects.","institutions_list":"COVENANT"},{"id":"5590","title":"PSYCHOLOGY","de_requirements":"<p><span>Two (2) 'A' Level passes including Government or History.<\/span><\/p>","utme_requirements":"<p><span>Five (5) SSC credit passes in Government or History, English Language and three (3) other subjects. &nbsp;A pass in Mathematics is required.<\/span><\/p>","subjects":"Any three (3) subjects from Arts or Social Science","institutions_list":"COVENANT"},{"id":"5600","title":"PSYCHOLOGY","de_requirements":"<p>-<\/p>","utme_requirements":"<p><span>Five (5) O\/L credit passes to include English Language, Mathematics, Biology and any of&nbsp;<\/span><span>Health Science , Arabic, CRS, Civic Education, Geography, Government, History,&nbsp; Islamic studies, fine Art, History, Igbo, Music, Yoruba, Economics, Chemistry, Physics, Food and Nutrition, Integrated Science,&nbsp; Health Science, Physical&nbsp;<\/span><span><font>Education,&nbsp;<\/font><\/span><span><font>Further math, Account, Book keeping, Business Management, Commerce, Marketing, Business studies, Office practice, Insurance, Financial Accounting, Short Hand, Store Management and Type writing.<\/font><\/span><br><\/p>","subjects":"<span>English Language and any three from:&nbsp;<\/span><span>Biology or Health Science and any of Arabic, CRS, Civic Education, Geography, Government, History,&nbsp; Islamic studies, fine Art, History, Igbo, Music, Yoruba, Economics, Chemistry, Physics, Food and Nutrition, Integrated Science,&nbsp; Health Science, Physical&nbsp;<\/span><span><font>Education,&nbsp;<\/font><\/span><span><font>Further math, Account, Book keeping, Business Management, Commerce, Marketing, Business studies, Office practice, Insurance, Financial Accounting, Short Hand, Store Management and Type writing.<\/font><\/span>","institutions_list":"COVENANT"},{"id":"5592","title":"SOCIOLOGY","de_requirements":"<p><span>Two (2) 'A' Level passes including Government or History.<\/span>&nbsp;&nbsp;&nbsp;&nbsp;<span><\/span><\/p>","utme_requirements":"<p><span>Five (5) SSC credit passes in Government or History, English Language and three (3) other subjects. &nbsp;A pass in Mathematics is required.<\/span><span><\/span><\/p>","subjects":"Three (3) Social Science or Arts subjects.","institutions_list":"COVENANT"},{"id":"5601","title":"SOCIOLOGY","de_requirements":"<p>-<\/p>","utme_requirements":"<p><span>Five (5) O\/L credit passes to include English Language, Mathematics, and any other three subjects from:&nbsp; Biology,&nbsp;&nbsp;<\/span><span>Health Science , Arabic, CRS, Civic Education, Geography, Government, History,&nbsp; Islamic studies, fine Art, History, Igbo, Music, Yoruba, Chemistry, Physics, Food and Nutrition, Integrated Science,&nbsp; Health Science, Physical&nbsp;<o><\/o><\/span><span>Education,&nbsp;<\/span><span>Further math, Information Technology<\/span><br><\/p>","subjects":"<span>English&nbsp;&nbsp;<\/span><span>and any other three subjects from:<\/span><span>&nbsp; Biology,&nbsp;&nbsp;<\/span><span>Health Science , Arabic, CRS, Civic Education, Geography, Government, History,&nbsp; Islamic studies, fine Art, History, Igbo, Music, Yoruba, Chemistry, Physics, Food and Nutrition, Integrated Science,&nbsp; Health Science, Physical&nbsp;<o><\/o><\/span><span>Education,&nbsp;<\/span><span>Further math, Information Technology.<\/span>","institutions_list":"COVENANT"}]