[{"id":"5646","title":"ACCOUNTING","de_requirements":"<p>\r\n\r\n<\/p><div>\r\n\r\n<table>\r\n <tbody><tr>\r\n  <td>\r\n  <p><span>Minimum of two\r\n  (2) A' Level passes in Social Science subjects.<\/span><\/p><p><span>Accounting Technician Scheme (ATS)<\/span><\/p><p>Minimum of Lower Credit in National Diploma<\/p><p><span>Minimum of two passes in JUPEB\/IJMB<\/span><br><\/p><p><br><\/p><p><span><br><\/span><\/p>\r\n  <\/td>\r\n <\/tr>\r\n<\/tbody><\/table>\r\n\r\n<\/div>\r\n\r\n","utme_requirements":"<p>\r\n\r\n<\/p><div>\r\n\r\n<table>\r\n <tbody><tr>\r\n  <td>\r\n  <p><span>Five\r\n  (5) O' Level credit passes at not more than two sittings.<\/span><\/p><p><span>i. English<\/span><\/p><p><span>ii. Mathematics<\/span><\/p><p><span>iii. Any two O' Level Social Science subjects<\/span><\/p><p><span><br><\/span><\/p><p><span><br><\/span><\/p>\r\n  <\/td>\r\n <\/tr>\r\n<\/tbody><\/table>\r\n\r\n<\/div>\r\n\r\n","subjects":"English, Mathematics and any other two Social Science subjects","institutions_list":"CRAWFORD"},{"id":"5645","title":"ACTUARIAL SCIENCE","de_requirements":"<p><span>Two (2) \u2018A\u2019 Level passes to include\r\nEconomics and Mathematics.<\/span><\/p>","utme_requirements":"<p><span>Five (5) SSC credit passes to include\r\nEnglish Language, Mathematics and Economics plus any other two (2) &nbsp;&nbsp;&nbsp;&nbsp;&nbsp;&nbsp;&nbsp;&nbsp;&nbsp;&nbsp;&nbsp;relevant subjects.<\/span><\/p>","subjects":"Mathematics, Economics and one (1) other subject. ","institutions_list":"CRAWFORD"},{"id":"5657","title":"AGRIC EXTENSION & RURAL DEVELOPMENT","de_requirements":"<p><span>Two (2) \u2018A\u2019 Level\r\npasses or equivalents in Chemistry and Biology\/Agricultural\r\nScience\/Botany\/Zoology\/Economics\/Mathematics\/Physics\/Geography\/Geology.<\/span><\/p>","utme_requirements":"<p><span>Five (5) SSC credit\r\npasses&nbsp; in English Language, Chemistry,\r\nMathematics, Biology\/Agricultural Science plus one of Physics, Geography and\r\nEconomics.<\/span><\/p>","subjects":"Chemistry, Biology \/Agriculture and Physics or Mathematics","institutions_list":"CRAWFORD"},{"id":"5653","title":"AGRICULTURAL ECONOMICS & FARM MANAGEMENT","de_requirements":"<p><span>Two\r\n(2) \u2018A\u2019 Level passes in Chemistry and one of Zoology\/Botany\/Agricultural\r\nScience\/Biology, Geography, Mathematics, Physics, Geology, Economics and Health\r\nScience.<\/span><\/p>","utme_requirements":"<p><span>Five (5) SSC credit passes in English\r\nLanguage, Mathematics, Chemistry, Biology\/Agricultural Science and one of\r\nGeography, Physics and Economics.<\/span><\/p><p><span>&nbsp;<\/span><\/p><p><span>&nbsp;<\/span><\/p><p>\r\n\r\n\r\n\r\n\r\n\r\n<\/p><p><span>&nbsp;<\/span><\/p>","subjects":"Chemistry, Biology\/ Agricultural Science and Mathematics or Physics.","institutions_list":"CRAWFORD"},{"id":"5649","title":"AGRICULTURE","de_requirements":"<p><span>Two (2) \u2018A\u2019 Level passes in Chemistry and\r\none from Biology\/Botany\/Zoology\/Agricultural Science, Economics, Physics,\r\nGeography and Geology\/Mathematics (Pure &amp; Applied).<\/span><\/p>","utme_requirements":"<p><span>Five (5) SSC credit passes to include\r\nEnglish Language, Biology\/Agricultural Science, Chemistry and&nbsp; any one of Mathematics, Physics, Geography\r\nand&nbsp; Economics.<\/span><\/p>","subjects":"Chemistry, Biology\/Agriculture and any one of Physics or Mathematics.","institutions_list":"CRAWFORD"},{"id":"5658","title":"ANIMAL PRODUCTION AND FISHERIES","de_requirements":"<p><span>Two \u2018A\u2019 Level passes or equivalent in Chemistry and\r\none of Biology\/Botany \/Zoology\/Agricultural Science\/ Geography\/Geology\/ Mathematics\/Economics<\/span><br><\/p>","utme_requirements":"<p><span>Five SSC credit passes in Chemistry,\r\nMathematics, Biology\/Agricultural Science, Physics and English Language.<\/span><\/p>","subjects":"Chemistry, Biology\/Agricultural Science and Physics\/Mathematics.","institutions_list":"CRAWFORD"},{"id":"5651","title":"BANKING & FINANCE","de_requirements":"<p>\r\n\r\n<\/p><div>\r\n\r\n<table>\r\n <tbody><tr>\r\n  <td>\r\n  <p><span>(i)\r\n  Two (2)'A' Level passes in Accounting or Economics and one other subject.<\/span><\/p>\r\n  <p><span>(ii)\r\n  NCE merit in relevant subjects.<\/span><\/p>\r\n  <p><span>(iii)\r\n  ND credit.<\/span><\/p>\r\n  <\/td>\r\n <\/tr>\r\n<\/tbody><\/table>\r\n\r\n<\/div>\r\n\r\n<span>(iv)\r\nFoundation International exam such as ICAN, ACCA, ICMA, GPFA.<\/span>","utme_requirements":"<p>\r\n\r\n<\/p><div>\r\n\r\n<table>\r\n <tbody><tr>\r\n  <td>\r\n  <p><span>Five\r\n  (5)SSC credit passes including<\/span><\/p>\r\n  <\/td>\r\n <\/tr>\r\n<\/tbody><\/table>\r\n\r\n<\/div>\r\n\r\n<span>English\r\nLanguage, Mathematics, Economics and two (2) other relevant subjects.<\/span>","subjects":"Mathematics, one Social Science subject and any other subject","institutions_list":"CRAWFORD"},{"id":"5655","title":"BIOCHEMISTRY","de_requirements":"<p><span>Two (2) 'A' Level passes chosen from Chemistry, Mathematics, Physics and\r\nBiology.<\/span><\/p><p><span><o>&nbsp;<\/o:p><\/span><\/p><p>\r\n\r\n\r\n\r\n<\/p><p><span>NCE\/ND\/HND in related programmes plus the UTME requirements.<\/span><\/p>","utme_requirements":"<p><span>Five (5) SSC credit passes in English Language, Chemistry, Mathematics,\r\nPhysics and Biology.<\/span><\/p>","subjects":"Biology, Chemistry and Physics or Mathematics.","institutions_list":"CRAWFORD"},{"id":"5674","title":"BIOINFORMATICS","de_requirements":"<p><span>Two (2) 'A' Level\r\npasses in Biology, Physics or Chemistry.<\/span><\/p>","utme_requirements":"<p><span>Five (5)\r\nSSC credit passes in English Language, Mathematics, Biology, Chemistry and\r\nPhysics.<\/span><\/p>","subjects":"Chemistry, Biology and Physics or Mathematics.","institutions_list":"CRAWFORD"},{"id":"5664","title":"BIOTECHNOLOGY","de_requirements":"<p><span>Two\r\n(2) 'A' Level passes in Biology\/Botany\/Zoology and Chemistry or Physics.<\/span><\/p>","utme_requirements":"<p><span>Five\r\n(5) SSC Credit passes in English Language, Mathematics, Biology, Chemistry and\r\nPhysics.<\/span><\/p>","subjects":"Biology, Chemistry and any other Science subject.","institutions_list":"CRAWFORD"},{"id":"5663","title":"BOTANY","de_requirements":"<p><span>Two\r\n(2) 'A' Level passes in Biology\/Botany\/Zoology and Chemistry or Physics.<\/span><\/p>","utme_requirements":"<p><span>Five\r\n(5) SSC Credit passes in English Language, Mathematics, Biology, Chemistry and\r\nPhysics.<\/span><\/p>","subjects":"Biology, Chemistry and any other Science subject.","institutions_list":"CRAWFORD"},{"id":"5647","title":"BUSINESS ADMINISTRATION","de_requirements":"<p>\r\n\r\n<\/p><div>\r\n\r\n<table>\r\n <tbody><tr>\r\n  <td>\r\n  <p><span>Two\r\n  (2)'A' Level passes including Economics.<\/span><\/p>\r\n  <\/td>\r\n <\/tr>\r\n<\/tbody><\/table>\r\n\r\n<\/div>\r\n\r\n","utme_requirements":"<p>\r\n\r\n<\/p><div>\r\n\r\n<table>\r\n <tbody><tr>\r\n  <td>\r\n  <p><span>Five\r\n  (5) O' Level credit passes including English Language, Mathematics, Economics and\r\n  two (2) subjects from Social Sciences or Arts.<\/span><\/p>\r\n  <\/td>\r\n <\/tr>\r\n<\/tbody><\/table>\r\n\r\n<\/div>\r\n\r\n","subjects":"Economics\/Commerce and any other two Commercial or Social Science subjects.","institutions_list":"CRAWFORD"},{"id":"5659","title":"CHEMISTRY","de_requirements":"<p><span>i)&nbsp; Two (2) 'A' Level passes in Chemistry and any\r\none (1) of Physics, Mathematics or Biology.<\/span><\/p><p><span><o>&nbsp;<\/o:p><\/span><\/p><p>\r\n\r\n\r\n\r\n<\/p><p><span>(ii)&nbsp;&nbsp; ND\/NCE\r\nwith good grades in relevant 'O' Level subjects.<\/span><\/p>","utme_requirements":"<p><span>Five (5) SSC credit passes in English Language, Mathematics, Physics,\r\nChemistry and Biology.<\/span><\/p>","subjects":"Chemistry and two (2) of Physics, Biology and Mathematics.\r\n\r\n","institutions_list":"CRAWFORD"},{"id":"5678","title":"COMPUTER SCIENCE","de_requirements":"<p><span>A\/L pass in any two of Mathematics, Physics and Chemistry.<\/span><\/p><p><span>NCE merit pass in Mathematics and one other Science or Social Science Subject.<\/span><br><\/p><p><span><br><\/span><br><\/p>","utme_requirements":"<p><span>English Language, Mathematics, Physics, any other two science or social science subjects.<\/span><\/p>","subjects":"Mathematics, Physics and any other Science or Social Science Subject","institutions_list":"CRAWFORD"},{"id":"5654","title":"CRIMINOLOGY & SECURITY STUDIES","de_requirements":"<p>\r\n\r\n<\/p><div>\r\n\r\n<table><span>\r\n <\/span><tbody><tr><span>\r\n  <\/span><td><span>\r\n  <\/span><p><span>Two (2) 'A' Level passes in any three (3) subjects: Business Management, History, Economics,&nbsp;<\/span><span>Government,&nbsp;<\/span><span>and any of the Arts and Social Sciences.&nbsp;<\/span><span>A pass in Mathematics is required<\/span><\/p><span>\r\n  <\/span><\/td><span>\r\n <\/span><\/tr><span>\r\n<\/span><\/tbody><\/table>\r\n\r\n<\/div>\r\n\r\n","utme_requirements":"<p>\r\n\r\n<\/p><div>\r\n\r\n<table>\r\n <tbody><tr>\r\n  <td>\r\n  <p>Five (5) O' credit passes in&nbsp;English Language&nbsp;and any other four (4) credit passes in Arts and Social Science subject. &nbsp;A pass in Mathematics is required.<br><\/p>\r\n  <\/td>\r\n <\/tr>\r\n<\/tbody><\/table>\r\n\r\n<\/div>\r\n\r\n","subjects":"Any three (3) Social Science or Arts subjects.","institutions_list":"CRAWFORD"},{"id":"5661","title":"CROP PRODUCTION","de_requirements":"<p><span>Two (2) \u2018A\u2019 Level passes in Chemistry and\r\nBiology\/Agricultural Science\/Botany\/Zoology or Physics\/Mathematics\/Economics.<\/span><\/p><p><span>&nbsp;<\/span><\/p><p>\r\n\r\n\r\n\r\n<\/p><p><span>&nbsp;<\/span><\/p>","utme_requirements":"<p><span>Five (5) SSC credit\r\npasses to include Chemistry, Biology\/Agricultural Science, Mathematics and one Science\/Social\r\nScience subject and at least <\/span><span>'O' Level<\/span><span>\r\npass in Physics.<\/span><\/p><p>\r\n\r\n<\/p><p><span>&nbsp;<\/span><\/p>","subjects":"Chemistry, Biology\/Agriculture and Mathematics or Physics","institutions_list":"CRAWFORD"},{"id":"5652","title":"ECONOMICS","de_requirements":"<p>\r\n\r\n<\/p><div>\r\n\r\n<table>\r\n <tbody><tr>\r\n  <td>\r\n  <p><span>Two (2) A' Level passes in Social Science or Art subjects.<\/span><\/p>\r\n  <\/td>\r\n <\/tr>\r\n<\/tbody><\/table>\r\n\r\n<\/div>\r\n\r\n","utme_requirements":"<p>\r\n\r\n<\/p><div>\r\n\r\n<table>\r\n <tbody><tr>\r\n  <td>\r\n  <p><span>Five\r\n  (5) O' Level credit passes in English Language, Mathematics, Economics and any two\r\n  (2) of Arts or Social Science subjects.<\/span><\/p>\r\n  <\/td>\r\n <\/tr>\r\n<\/tbody><\/table>\r\n\r\n<\/div>\r\n\r\n","subjects":"Economics, Mathematics and any other subjects","institutions_list":"CRAWFORD"},{"id":"23738","title":"FINANCE","de_requirements":"<p>\r\n\r\n<\/p><p>Minimum of two (2) A' Level passes in Social Science subjects.<\/p><p>Accounting Technician Scheme (ATS)<\/p><p>Minimum of Lower Credit in National Diploma<\/p><p>Minimum of two (2) passes in Social Science subjects in JUPEB\/IJMB<\/p>\r\n\r\n","utme_requirements":"<p>\r\n\r\n<\/p><p><span>Five (5) O' Level credit\r\npasses at not more than two sittings<\/span><\/p><p><span>i. English Language<\/span><\/p><p><span>ii. Mathematics<\/span><\/p><p><span>iii. Any two O' Level Social Science subjects<\/span><\/p><p><span><br><\/span><\/p><p><span><br><\/span><\/p><p><span><br><\/span><\/p>\r\n\r\n","subjects":"<p>\r\n\r\n<\/p><p><span>English Language, Mathematics and any two Social Science subjects<\/span><\/p>\r\n\r\n","institutions_list":"CRAWFORD"},{"id":"5667","title":"FOOD SCIENCE & TECHNOLOGY","de_requirements":"<p><span>Two (2) \u2018A\u2019 Level passes in Chemistry and\r\nBiology\/Physics\/Agric Science\/Botany\/Zoology.<\/span><\/p>","utme_requirements":"<p><span>Five (5) SSC credit passes in English\r\nLanguage, Mathematics, Chemistry, Biology\/Agricultural Science, Physics, Basic\r\nCatering and Food Services, Bakery and&nbsp;&nbsp;&nbsp;\r\nConfectionaries, Hotel &amp; Catering Crafty course (Cookery), Hotel\r\n&amp; Catering Craft Course (Food \/Drinks Services) and Basic Electricity.<\/span><\/p>","subjects":"Chemistry, Mathematics\/ Physics and Biology\/ Agricultural Science","institutions_list":"CRAWFORD"},{"id":"5662","title":"GEOLOGY & MINERAL SCIENCE","de_requirements":"<p><span>(i) Two (2) 'A' Level passes from Geology, Chemistry, Mathematics,\r\nPhysics, Biology and Geography.<\/span><\/p>","utme_requirements":"<p><span>Five (5) SSC credit passes in English Language, Biology, Chemistry,\r\nMathematics and any other subject.<\/span><\/p>","subjects":"Any three (3) of Chemistry, Physics, Mathematics, Biology and Geography. ","institutions_list":"CRAWFORD"},{"id":"24029","title":"HISTORY & DIPLOMATIC STUDIES","de_requirements":"<p><span>Two (2) 'A' Level passes\/NCE (upper credit) in History\/\r\nGovernment and any other related subject.<\/span><\/p>","utme_requirements":"<p>\r\n\r\n<\/p><p><span>Five (5) SSC credit passes to include English Language,\r\nGeography, Government\/History.<\/span><\/p>\r\n\r\n<p><\/p>","subjects":"<p>\r\n\r\n<\/p><p><span>History\/Government and any other two (2) subjects from\r\nthe Arts and Social Sciences.<\/span><\/p>\r\n\r\n<p><\/p>","institutions_list":"CRAWFORD"},{"id":"5660","title":"INDUSTRIAL CHEMISTRY","de_requirements":"<p><span>(i)&nbsp;&nbsp;&nbsp; Two\r\n(2) 'A' Level passes in Chemistry and Mathematics<\/span><\/p><p>\r\n\r\n<\/p><p><span>(ii)&nbsp;&nbsp; ND\r\nin Science Technology or ND in relevant programmes with the UTME requirements.<\/span><\/p>","utme_requirements":"<p><span>Five (5) SSC credit passes in English Language, Mathematics, Chemistry,\r\nPhysics and Biology\/Agricultural Science.<\/span><\/p>","subjects":"Chemistry, Mathematics and any of Physics\/Biology\/ Agricultural Science.","institutions_list":"CRAWFORD"},{"id":"5675","title":"INDUSTRIAL RELATIONS & PERSONNEL MANAGEMENT","de_requirements":"<p><span>Two (2) 'A' Level passes chosen from Economics, Business\r\nManagement, Government, Geography and Statistics.<\/span><\/p>","utme_requirements":"<p><span>Five (5) O' Level credit passes including English Language, Mathematics, Economics plus any two\r\n(2) subjects from Social Sciences or Arts.<\/span><\/p>","subjects":"Economics and&nbsp;<span>two (2) subjects from Social Sciences or Arts.<\/span>","institutions_list":"CRAWFORD"},{"id":"5671","title":"INFORMATION & COMMUNICATION TECHNOLOGY","de_requirements":"<p><span>1. A\/L pass in any two of Mathematics, Physics and Chemistry.<\/span><\/p><p><span><br><\/span><\/p><p><span>2.&nbsp;<\/span><span>NCE merit pass in Mathematics and one other Science or Social Science Subject<\/span><\/p><p><span><br><\/span><\/p><p><span><br><\/span><br><\/p>","utme_requirements":"<p><span>English Language, Mathematics, Physics, any other two science or social science subjects.<\/span><\/p>","subjects":"Mathematics, Physics and any other Science or Social Science Subject","institutions_list":"CRAWFORD"},{"id":"5650","title":"MARKETING","de_requirements":"<p>\r\n\r\n<\/p><div>\r\n\r\n<table>\r\n <tbody><tr>\r\n  <td>\r\n  <p><span>Two\r\n  (2)'A' Level passes including Economics.<\/span><\/p>\r\n  <\/td>\r\n <\/tr>\r\n<\/tbody><\/table>\r\n\r\n<\/div>\r\n\r\n","utme_requirements":"<p>\r\n\r\n<\/p><div>\r\n\r\n<table>\r\n <tbody><tr>\r\n  <td>\r\n  <p><span>Five\r\n  (5) O' Level credit passes including English Language, Mathematics, Marketing\/Economics\/Commerce and\r\n  two (2) other subjects from Commercial or Social Sciences.<\/span><\/p>\r\n  <\/td>\r\n <\/tr>\r\n<\/tbody><\/table>\r\n\r\n<\/div>\r\n\r\n","subjects":"Marketing\/Economics and any other two (2) Commercial or Social Science subjects.","institutions_list":"CRAWFORD"},{"id":"5669","title":"MASS COMMUNICATION","de_requirements":"<p><span>Two (2) 'A' Level passes in Arts or Social Science subjects.<\/span><span><\/span><\/p>","utme_requirements":"<p><span>Five (5) SSC credit passes in English Language and four (4) other subjects in Arts or Social Sciences.<\/span>&nbsp;&nbsp;&nbsp;&nbsp;<span><\/span><\/p>","subjects":"Any three (3) from Arts or Social Science subjects.","institutions_list":"CRAWFORD"},{"id":"5670","title":"MATHEMATICS & STATISTICS","de_requirements":"<p><span>(i)&nbsp;&nbsp;&nbsp;&nbsp; Two\r\n(2) 'A' Level passes in Mathematics and either Physics or Chemistry<\/span><\/p><p>\r\n\r\n<span>(ii)&nbsp;&nbsp;&nbsp;&nbsp;&nbsp;&nbsp;&nbsp;&nbsp;&nbsp;&nbsp; NCE merit in Mathematics and either\r\nPhysics or Chemistry<\/span><br><\/p>","utme_requirements":"<p><span>Five (5) SSC credit passes to include English Language, Mathematics and\r\nat least three(3) of Physics, Chemistry, Biology and Additional\/Further\r\nMathematics.<\/span><\/p>","subjects":"Maths, Physics and Chemistry or Biology","institutions_list":"CRAWFORD"},{"id":"5668","title":"MICROBIOLOGY","de_requirements":"<p><span>Two (2) 'A' Level passes in Chemistry and any one (1) from Biology,\r\nZoology or Botany.<\/span><\/p>","utme_requirements":"<p><span>Five (5) O' Level credit passes in English Language, Mathematics, Chemistry,\r\nBiology and Physics.<\/span><\/p>","subjects":"Biology, Chemistry and Physics","institutions_list":"CRAWFORD"},{"id":"5656","title":"PHYSICS WITH ELECTRONICS","de_requirements":"<p><span>NCE\/Two (2) 'A' Level passes in Physics and Mathematics or Chemistry.<\/span><\/p>","utme_requirements":"<p><span>Five (5) SSC credit passes in English Language, Physics, Chemistry,\r\nMathematics and any other Science subject from Further Mathematics and Biology\r\nor Agricultural Science.<\/span><\/p>","subjects":"Physics, Mathematics and Chemistry or Biology.","institutions_list":"CRAWFORD"},{"id":"5672","title":"POLITICAL SCIENCE & INTERNATIONAL RELATIONS","de_requirements":"<p><span>Two (2) 'A' Level passes in Government and one other Social Science subject<\/span><span><\/span><\/p>","utme_requirements":"<p><span>Five (5) O' Level credit passes in Government or History and at least a pass in Mathematics<\/span><span><\/span><\/p>","subjects":"English Language, Government and any other two relevant subjects","institutions_list":"CRAWFORD"},{"id":"5648","title":"PUBLIC ADMINISTRATION","de_requirements":"<p>\r\n\r\n<\/p><div>\r\n\r\n<table>\r\n <tbody><tr>\r\n  <td>\r\n  <p><span>Two\r\n  (2) A' Level passes including Government.<\/span><\/p>\r\n  <\/td>\r\n <\/tr>\r\n<\/tbody><\/table>\r\n\r\n<\/div>\r\n\r\n","utme_requirements":"<p>\r\n\r\n<\/p><div>\r\n\r\n<table><span>\r\n <\/span><tbody><tr><span>\r\n  <\/span><td><span>\r\n  <\/span><p><span>Five\r\n  (5) O' Level credit passes including&nbsp;<\/span><span>English Language, Government or History and at least a pass in Mathematics<\/span><\/p><span>\r\n  <\/span><\/td><span>\r\n <\/span><\/tr><span>\r\n<\/span><\/tbody><\/table>\r\n\r\n<\/div>\r\n\r\n","subjects":"English Language, Government and any other two relevant subjects","institutions_list":"CRAWFORD"},{"id":"5676","title":"SECRETARIAL ADMINISTRATION","de_requirements":"<p><span>Two (2) 'A' Level passes chosen from\r\nEconomics, Accounting and Business Management.<\/span><\/p>","utme_requirements":"<p><span>Five (5) SSC credit passes in English Language,\r\nEconomics and three (3) other subjects plus at least a pass in Mathematics. For\r\nNBC holders, three (3) other Subjects could be from any of the following:\r\nOffice Practice, Secretarial Duties, Principles of Accounts, Shorthand 80 WPM\r\nand Typewriting 35 WPM.<\/span><br><\/p>","subjects":"Economics and Two (2) other subjects.","institutions_list":"CRAWFORD"},{"id":"5673","title":"SOCIOLOGY","de_requirements":"<p><span>Two (2) A' Level passes including Government or History.<\/span>&nbsp;&nbsp;&nbsp;&nbsp;<span><\/span><\/p>","utme_requirements":"<p><span>Five (5) O' credit passes in&nbsp;<\/span><span>English Language<\/span><span>&nbsp;and any other four (4) credit passes in Arts and Social Science subject. &nbsp;A pass in Mathematics is required.<\/span><\/p>","subjects":"Three (3) Social Science or Arts subjects.","institutions_list":"CRAWFORD"},{"id":"5666","title":"SOIL & ENVIRONMENTAL MANAGEMENT","de_requirements":"<p><span>Two (2) \u2018A\u2019 Level passes in Chemistry and\r\none of Zoology\/Botany\/Agric Science\/Biology, Geography, Mathematics, Physics,\r\nGeology, Economics and Health Science.<\/span><\/p>","utme_requirements":"<p><span>Five (5) SSC credit passes in English Language\r\nMathematics, Chemistry, Biology\/Agricultural Science and any other Science\r\nsubject.<\/span><\/p><p>\r\n\r\n<\/p><p><span>&nbsp;<\/span><\/p>","subjects":"Chemistry, Biology or Agricultural Science plus Mathematics or Physics.\r\n\r\n","institutions_list":"CRAWFORD"},{"id":"5677","title":"URBAN & REGIONAL PLANNING","de_requirements":"<p><span>(i)<span>&nbsp;&nbsp;&nbsp;&nbsp;&nbsp;\r\n<\/span><\/span><span>Two (2) A\u2019 LEVEL passes in Geography and Mathematics<\/span><\/p><p>\r\n\r\n<span>ND\/HND\r\nupper credit in Town Planning or related programmes plus UTME requirements are\r\naccepted<\/span><br><\/p>","utme_requirements":"<p><span>Five (5) SSC credit passes in English\r\nLanguage, Mathematics, Geography, and any two (2) of Physics, Chemistry,\r\nEconomics, Government, Biology, Art, History, IRK\/CRK, Social Studies and Tech\r\nDrawing.<\/span><\/p>","subjects":"Mathematics, Geography and one of Economics, Physics, Chemistry.","institutions_list":"CRAWFORD"},{"id":"5665","title":"ZOOLOGY","de_requirements":"<p><span>Two (2) 'A' Level passes or NCE in Biology, Zoology or Botany and one\r\nother Science subject<\/span><\/p>","utme_requirements":"<p><span>Five (5) SSC credit passes in English Language, Mathematics, Biology and\r\ntwo (2) other Science subject.<\/span><\/p>","subjects":"Biology and any two (2) of Physics, Chemistry and Mathematics.","institutions_list":"CRAWFORD"}]