[{"id":"5769","title":"ACCOUNTING","de_requirements":"<p><span>Two (2) \u2018A\u2019 Level passes chosen from Economics, Accounting,\r\nBusiness Management, Government and Geography.<\/span><\/p>","utme_requirements":"<p><span>Five (5) SSC credit passes including\r\nEnglish Language, Mathematics, Economics and any other two (2) other subjects.<\/span><\/p><p>\r\n\r\n<\/p><p><span>For\r\nNBC holders, the other two (2) relevant subjects could be from any of Principles\r\nof Accounts, Commerce, Office Practice and Secretarial Duties.?<\/span><\/p>","subjects":"Mathematics, Economics plus any Social Science subject.","institutions_list":"UNICROSS"},{"id":"5812","title":"AGRICULTURAL SCIENCE & EDUCATION","de_requirements":"<div>\r\n\r\n<table>\r\n <tbody><tr>\r\n  <td>\r\n  <p><span>(i) Two (2) passes at 'A' Level in Biology \/Zoology\r\n  \/Botany and any other Science subject.<\/span><\/p>\r\n  <p><span>(ii) NCE merit\r\n  in Biology and any other Science subject.<\/span><\/p>\r\n  <\/td>\r\n <\/tr>\r\n<\/tbody><\/table>\r\n\r\n<\/div><p>\r\n\r\n<span>(iii)\r\nNCE merit in Agriculture (Double Major).<\/span><br><\/p>","utme_requirements":"<div>\r\n\r\n<table>\r\n <tbody><tr>\r\n  <td>\r\n  <p><span>Five (5) 'O'\r\n  Level credit passes or equivalents in English Language, Chemistry, Biology\/Agricultural\r\n  Science., Mathematics and another relevant subject.<\/span><\/p>\r\n  <\/td>\r\n <\/tr>\r\n<\/tbody><\/table>\r\n\r\n<\/div>","subjects":"Any three (3) subjects from Chemistry, Biology, Agriculture, Physics, Economics, Geography and Mathematics.","institutions_list":"UNICROSS"},{"id":"5771","title":"AGRICULTURE","de_requirements":"<p><span>Two (2) \u2018A\u2019 Level passes in Chemistry and\r\none from Biology\/Botany\/Zoology\/Agricultural Science, Economics, Physics,\r\nGeography and Geology\/Mathematics (Pure &amp; Applied).<\/span><\/p>","utme_requirements":"<p><span>Five (5) SSC credit passes to include\r\nEnglish Language, Biology\/Agricultural Science, Chemistry and&nbsp; any one of Mathematics, Physics, Geography\r\nand&nbsp; Economics.<\/span><\/p>","subjects":"Chemistry, Biology\/Agriculture and any one of Physics or Mathematics.","institutions_list":"UNICROSS"},{"id":"28096","title":"ANIMAL AND ENVIRONMENTAL BIOLOGY","de_requirements":"","utme_requirements":"","subjects":"","institutions_list":"UNICROSS"},{"id":"5791","title":"ANIMAL HEALTH & ENVIRONMENTAL BIOLOGY","de_requirements":"<p><span>Two (2) 'A' Level passes or NCE in Biology, Zoology or Botany and one\r\nother Science subject<\/span><\/p>","utme_requirements":"<p><span>Five (5) SSC credit passes in English Language, Mathematics, Biology and\r\ntwo (2) other Science subject.<\/span><\/p>","subjects":"Biology and any two (2) of Physics, Chemistry and Mathematics.","institutions_list":"UNICROSS"},{"id":"5804","title":"ARCHITECTURE","de_requirements":"<p><span>(i)<span>&nbsp;&nbsp;&nbsp;&nbsp;&nbsp;&nbsp;\r\n<\/span><\/span><span>Two (2) 'A' Level\r\npasses chosen from Mathematics or Physics and Chemistry, Geography or Fine\r\nArts.<\/span><\/p><p>\r\n\r\n<span>ND\/HND\r\nupper credits in relevant field.<\/span><br><\/p>","utme_requirements":"<table>\r\n <tbody><tr>\r\n  <td>\r\n  <p><span>Five (5) SSC credit passes in English\r\n  Language, Mathematics, Physics, Chemistry and any of Fine Art, Geography or\r\n  Wood Work, Biology, Economics, Technical Drawing, Further. Mathematics.,\r\n  Introduction to Building Construction, Bricklaying\/Block laying, Concreting,\r\n  Wall, Floors and Ceiling Finishing, Joinery, Carpentary, Decorative Painting,\r\n  Lining, Sign and Design, Wall Hanging, Colour Mixing\/Matching and Glazing,\r\n  Ceramics, Graphics Design, Graphic Printing, Basic Electricity.<\/span><\/p>\r\n  <p><span>&nbsp;<\/span><\/p>\r\n  <\/td>\r\n <\/tr>\r\n<\/tbody><\/table>","subjects":"Physics, Mathematics, and any of Chemistry, Geography, Art, Biology and Economics.","institutions_list":"UNICROSS"},{"id":"28111","title":"BANKING AND FINANCE","de_requirements":"","utme_requirements":"","subjects":"","institutions_list":"UNICROSS"},{"id":"5779","title":"BIOCHEMISTRY","de_requirements":"<p><span>Two (2) 'A' Level passes chosen from Chemistry, Mathematics, Physics and\r\nBiology.<\/span><\/p><p><span><o>&nbsp;<\/o:p><\/span><\/p><p>\r\n\r\n\r\n\r\n<\/p><p><span>NCE\/ND\/HND in related programmes plus the UTME requirements.<\/span><\/p>","utme_requirements":"<p><span>Five (5) SSC credit passes in English Language, Chemistry, Mathematics,\r\nPhysics and Biology.<\/span><\/p>","subjects":"Biology, Chemistry and Physics or Mathematics.","institutions_list":"UNICROSS"},{"id":"5781","title":"BIOLOGICAL SCIENCE(S)","de_requirements":"<p><span>(i)&nbsp;&nbsp;&nbsp; Two (2) 'A' Level passes to include one (1)\r\nof Botany, Zoology, Biology or Chemistry.<\/span><\/p><p><span><o>&nbsp;<\/o:p><\/span><\/p><p>\r\n\r\n\r\n\r\n<\/p><p><span>(ii)&nbsp;&nbsp;&nbsp; ND\/NCE\r\nin related programme\/subject.<\/span><\/p>","utme_requirements":"<p><span>Five (5) SSC credit passes to include English Language, Mathematics,\r\nChemistry, Biology and any other Science subject.<\/span><\/p>","subjects":"Biology, Chemistry and Physics or Mathematics.","institutions_list":"UNICROSS"},{"id":"5800","title":"BIOLOGY","de_requirements":"<p><span>i)\r\nTwo (2) 'A' Level passes from Chemistry, Biology, Botany\/Zoology.<\/span><\/p><p>\r\n\r\n<\/p><p><span>(ii)\r\nNCE merit accepted.<\/span><\/p>","utme_requirements":"<p><span>Five (5) SSC credit passes to include English\r\nLanguage, Biology, Chemistry and Mathematics\/Physics.<\/span><\/p>","subjects":"Biology, Chemistry and Physics or Mathematics.","institutions_list":"UNICROSS"},{"id":"28107","title":"BROADCASTING","de_requirements":"","utme_requirements":"","subjects":"","institutions_list":"UNICROSS"},{"id":"5770","title":"BUSINESS ADMINISTRATION","de_requirements":"<p><span>Two (2) \u2018A\u2019 Level passes chosen from Economics, Accounts,\r\nBusiness Management, Government, Geography or Statistics.<\/span><\/p>","utme_requirements":"<p><span>Five (5) SSC credit passes including English Language,\r\nMathematics, Economics, plus any two (2) of Accounting, Business Methods,\r\nCommerce, Government, Geography, and Statistics.<\/span><br><\/p>","subjects":"Mathematics, Economics and one (1) other subject.","institutions_list":"UNICROSS"},{"id":"5813","title":"BUSINESS EDUCATION","de_requirements":"<p>(i)<span>\t<\/span>Two (2) 'A' Level passes or NCE merit in two (2) relevant subjects.<\/p><p>(ii)<span>\t<\/span>NCE merit in Business Education Double Major.&nbsp;<\/p><div><br><\/div>","utme_requirements":"<p>Five (5) TC II merit, 'O' Level or NTC\/NBC credit passes including English Language, Mathematics, Economics and two (2) other subjects in the Social Sciences or Arts. For NBC, the other subjects could be from any of the following: Commerce, Office Practice, Principles of Accounts, Secretarial Duties, Typewriting and Shorthand.<\/p><p><br><\/p>","subjects":"Mathematics, Economics plus one (1) of Literature in English, History, Government, Geography, Chemistry and Physics.\r\n\r\n","institutions_list":"UNICROSS"},{"id":"5786","title":"CHEMICAL SCIENCES","de_requirements":"<p><span>i)&nbsp; Two (2) 'A' Level passes in Chemistry and any\r\none (1) of Physics, Mathematics or Biology.<\/span><\/p><p><span><o>&nbsp;<\/o:p><\/span><\/p><p>\r\n\r\n\r\n\r\n<\/p><p><span>(ii)&nbsp;&nbsp; ND\/NCE\r\nwith good grades in relevant 'O' Level subjects.<\/span><\/p>","utme_requirements":"<p><span>Five (5) SSC credit passes in English Language, Mathematics, Physics,\r\nChemistry and Biology.<\/span><\/p>","subjects":"Chemistry and two (2) of Physics, Biology and Mathematics.","institutions_list":"UNICROSS"},{"id":"5785","title":"CHEMISTRY","de_requirements":"<p><span>i)&nbsp; Two (2) 'A' Level passes in Chemistry and any\r\none (1) of Physics, Mathematics or Biology.<\/span><\/p><p><span><o>&nbsp;<\/o:p><\/span><\/p><p>\r\n\r\n\r\n\r\n<\/p><p><span>(ii)&nbsp;&nbsp; ND\/NCE\r\nwith good grades in relevant 'O' Level subjects.<\/span><\/p>","utme_requirements":"<p><span>Five (5) SSC credit passes in English Language, Mathematics, Physics,\r\nChemistry and Biology.<\/span><\/p>","subjects":"Chemistry and two (2) of Physics, Biology and Mathematics.\r\n\r\n","institutions_list":"UNICROSS"},{"id":"5772","title":"CIVIL ENGINEERING","de_requirements":"(i)\t'A' Level passes in Physics and Mathematics.\r\n(ii)\tND\/HND upper credit at appropriate levels.\r\n","utme_requirements":"Five (5) SSC credit passes to include Physics, Chemistry, Mathematics, English Language and one Science subject","subjects":"Physics, Chemistry and Mathematics","institutions_list":"UNICROSS"},{"id":"5797","title":"COMPUTER SCIENCE","de_requirements":"<p><span>)&nbsp;&nbsp;&nbsp;&nbsp;&nbsp;&nbsp; Two (2) 'A' Level passes in\r\nscience subjects including Mathematics<\/span><\/p><p><span><o>&nbsp;<\/o:p><\/span><\/p><p>\r\n\r\n\r\n\r\n<\/p><p><span>(ii)&nbsp;&nbsp; NCE merit in Mathematics and\r\none (1) other Science or Social Science subject.<\/span><\/p>","utme_requirements":"<p><span>Five (5) SSC credit passes to include English Language, Mathematics,\r\nPhysics plus two (2) other Science subjects.<\/span><\/p>","subjects":"Mathematics, Physics and one (1) of Biology, Chemistry, Agric Science, Economics and Geography.","institutions_list":"UNICROSS"},{"id":"28101","title":"EARLY CHILDHOOD EDUCATION","de_requirements":"","utme_requirements":"","subjects":"","institutions_list":"UNICROSS"},{"id":"28109","title":"ECONOMICS","de_requirements":"","utme_requirements":"","subjects":"","institutions_list":"UNICROSS"},{"id":"5780","title":"EDUCATION & BIOLOGY","de_requirements":"\r\n\r\n<table>\r\n <tbody><tr>\r\n  <td>\r\n  <p><br><\/p>\r\n  <\/td>\r\n <\/tr>\r\n<\/tbody><\/table><div>\r\n\r\n<table>\r\n <tbody><tr>\r\n  <td>\r\n  <p><span>NCE\/'A' Level\r\n  passes in Biology and one (1) other Science subject.<\/span><\/p>\r\n  <\/td>\r\n <\/tr>\r\n<\/tbody><\/table>\r\n\r\n<\/div>\r\n\r\n","utme_requirements":"\r\n\r\n<table>\r\n <tbody><tr>\r\n  <td>\r\n  <p><br><\/p>\r\n  <\/td>\r\n <\/tr>\r\n<\/tbody><\/table><div>\r\n\r\n<table>\r\n <tbody><tr>\r\n  <td>\r\n  <p><span>Five (5) SSC credit\r\n  passes in English Language, Biology, Chemistry, Mathematics and one (1) other\r\n  subject.<\/span><\/p>\r\n  <\/td>\r\n <\/tr>\r\n<\/tbody><\/table>\r\n\r\n<\/div>\r\n\r\n","subjects":"Biology and two (2) other subjects from Chemistry, Mathematics and Physics.","institutions_list":"UNICROSS"},{"id":"5777","title":"EDUCATION & CHEMISTRY","de_requirements":"<div>\r\n\r\n<table>\r\n <tbody><tr>\r\n  <td>\r\n  <p><span>Two (2) \u2018A\u2019 Level\/NCE\r\n  passes including Chemistry and one (1) other Science subject.<\/span><\/p>\r\n  <\/td>\r\n <\/tr>\r\n<\/tbody><\/table>\r\n\r\n<\/div>","utme_requirements":"<div>\r\n\r\n<table>\r\n <tbody><tr>\r\n  <td>\r\n  <p><span>Five (5) SSC\r\n  credits in Mathematics, Chemistry, English Language and two (2) of Physics,\r\n  Biology and Agricultural Science.<\/span><\/p>\r\n  <\/td>\r\n <\/tr>\r\n<\/tbody><\/table>\r\n\r\n<\/div>","subjects":"Chemistry and two (2) other subjects chosen from Physics, Biology and Mathematics.","institutions_list":"UNICROSS"},{"id":"5782","title":"EDUCATION & MATHEMATICS","de_requirements":"<div>\r\n\r\n<table>\r\n <tbody><tr>\r\n  <td>\r\n  <p><span>Two (2)'A' Level passes\/NCE in\r\n  Mathematics and one (1) Science subject.<\/span><\/p>\r\n  <\/td>\r\n <\/tr>\r\n<\/tbody><\/table>\r\n\r\n<\/div>","utme_requirements":"<div>\r\n\r\n<table>\r\n <tbody><tr>\r\n  <td>\r\n  <p><span>Five (5) SSC credit\r\n  passes to include English Language, Mathematics plus one (1) other Science\r\n  subject.<\/span><\/p>\r\n  <\/td>\r\n <\/tr>\r\n<\/tbody><\/table>\r\n\r\n<\/div>","subjects":"Mathematics and any two (2) of the following Science subjects: Physics, Chemistry and Biology.","institutions_list":"UNICROSS"},{"id":"5784","title":"EDUCATION & PHYSICS","de_requirements":"<div>\r\n\r\n<table>\r\n <tbody><tr>\r\n  <td>\r\n  <p><span>(i)&nbsp; Two (2) 'A'\r\n  Level passes in Physics and Mathematics.<\/span><\/p>\r\n  <p><span>(ii) NCE credit\/merit in relevant subjects.<\/span><\/p>\r\n  <\/td>\r\n <\/tr>\r\n<\/tbody><\/table>\r\n\r\n<\/div>","utme_requirements":"<p><span>Five (5) 'O' Level credits passes to include English\r\nLanguage, Physics, Mathematics and two (2) other Science subjects or NTC\/NBC.<\/span><br><\/p>","subjects":"Physics, Mathematics or Chemistry plus one (1) other subjects.","institutions_list":"UNICROSS"},{"id":"5776","title":"EDUCATIONAL ADMINISTRATION & PLANNING","de_requirements":"<div>\r\n\r\n<table>\r\n <tbody><tr>\r\n  <td>\r\n  <p><span>(i) Two (2)'A' Level passes from\r\n  Literature in English, History, Christian Religious Studies\/Islamic Studies,\r\n  Hausa, Yoruba and Igbo with 'O' Level pass in Mathematics.<\/span><\/p>\r\n  <\/td>\r\n <\/tr>\r\n<\/tbody><\/table>\r\n\r\n<\/div><p>\r\n\r\n<span>(ii)&nbsp; NCE merit in the subjects listed above.<\/span><br><\/p>","utme_requirements":"<div>\r\n\r\n<table>\r\n <tbody><tr>\r\n  <td>\r\n  <p><span>(i) Five (5)'O' Level credit passes\r\n  to include English Language, Mathematics and Economics.<\/span><\/p>\r\n  <p><span>(ii)&nbsp; Five (5)\r\n  TC II merit including English Language and Mathematics<\/span>.<\/p>\r\n  <\/td>\r\n <\/tr>\r\n<\/tbody><\/table>\r\n\r\n<\/div>","subjects":"Any three (3) of Literature In English, History, French, Geography\/Physics, Economics and Mathematics.","institutions_list":"UNICROSS"},{"id":"5810","title":"EDUCATIONAL FOUNDATIONS & ADMINISTRATION","de_requirements":"<div>\r\n\r\n<table>\r\n <tbody><tr>\r\n  <td>\r\n  <p><span>Two (2) 'A'\r\n  Level passes\/NCE merit\/credit in relevant subjects.<\/span><\/p>\r\n  <\/td>\r\n <\/tr>\r\n<\/tbody><\/table>\r\n\r\n<\/div>","utme_requirements":"<div>\r\n\r\n<table>\r\n <tbody><tr>\r\n  <td>\r\n  <p><span>Five (5) SSC\r\n  credit passes in five (5) subjects including English Language and\r\n  Mathematics.<\/span><\/p>\r\n  <\/td>\r\n <\/tr>\r\n<\/tbody><\/table>\r\n\r\n<\/div>","subjects":"The subject of specialisation and one (1) each from Arts and Social Sciences or Arts and Sciences or Social Sciences and Sciences.","institutions_list":"UNICROSS"},{"id":"5807","title":"ELECTRICAL \/ELECTRONICS ENGINEERING","de_requirements":"<p><span>Two (2) 'A' Level passes in Mathematics, Physics or Chemistry<\/span><\/p>","utme_requirements":"<p><span>Five (5) SSC credit passes to include Mathematics, Physics,\r\nChemistry, English Language and any other Science subject.<\/span><\/p>","subjects":"Mathematics, Physics and Chemistry","institutions_list":"UNICROSS"},{"id":"28110","title":"ENTREPRENEURSHIP STUDIES","de_requirements":"","utme_requirements":"","subjects":"","institutions_list":"UNICROSS"},{"id":"5808","title":"ESTATE MANAGEMENT","de_requirements":"<p><span>Two (2) \u2018A\u2019 Level\r\npasses in Mathematics, Economics, Geography, Biology and Physics.<\/span><\/p><p>\r\n\r\n<\/p><p><span><o>&nbsp;<\/o:p><\/span><\/p>","utme_requirements":"<p><span>Five (5) SSCE credit\r\npasses including Chemistry, Mathematics and English Language.<\/span><\/p><p>\r\n\r\n<\/p><p><span><o>&nbsp;<\/o:p><\/span><\/p>","subjects":"Mathematics, Economics and one other subject\r\n\r\n","institutions_list":"UNICROSS"},{"id":"5774","title":"FISHERIES","de_requirements":"<p><span>(i)\r\nTwo (2) 'A' Level passes in any of Chemistry, Biology, Botany, Zoology, Agricultural\r\nScience Geography, Mathematics (pure &amp; applied), Physics, Geology and\r\nEconomics.<\/span><\/p><p><span><o>&nbsp;<\/o:p><\/span><\/p><p>\r\n\r\n\r\n\r\n<span>(ii)NCE\r\nAgriculture<\/span><br><\/p>","utme_requirements":"<p><span>Five (5) SSC credit passes in Biology\/Agricultural\r\nScience, Chemistry, Mathematics and English Language plus any other Science\r\nsubject.<\/span><\/p><p>\r\n\r\n<\/p><p><span>&nbsp;<\/span><\/p>","subjects":"Chemistry, Biology\/Agricultural Science and any other Science subject.\r\n\r\n","institutions_list":"UNICROSS"},{"id":"5794","title":"FORESTRY & WILDLIFE","de_requirements":"<p><span>Two (2) \u2019A\u2019 Level passes in Chemistry and\r\nBiology or Agric Science or Zoology or Botany.<\/span><\/p>","utme_requirements":"<p><span>Five (5) SSC credit\r\npasses in English, Chemistry, Mathematics, Biology and one of Physics,\r\nEconomics, Further Mathematics and Statistics.<\/span><\/p>","subjects":"Chemistry, Biology\/Agriculture and Physics or Mathematics.","institutions_list":"UNICROSS"},{"id":"5811","title":"GUIDANCE & COUNSELLING","de_requirements":"<div>\r\n\r\n<table>\r\n <tbody><tr>\r\n  <td>\r\n  <p><span>'A' Level\r\n  passes or NCE in two (2) subjects plus the UTME requirements.<\/span><\/p>\r\n  <\/td>\r\n <\/tr>\r\n<\/tbody><\/table>\r\n\r\n<\/div>","utme_requirements":"<div>\r\n\r\n<table>\r\n <tbody><tr>\r\n  <td>\r\n  <p><span>Five (5) 'O'\r\n  Level NTC\/NBC credit passes or TC II merit including English Language with 'O'\r\n  Level pass in Mathematics.<\/span><\/p>\r\n  <\/td>\r\n <\/tr>\r\n<\/tbody><\/table>\r\n\r\n<\/div>","subjects":"Any three (3) subjects.\r\n\r\n","institutions_list":"UNICROSS"},{"id":"5796","title":"HOSPITALITY & TOURISM MANAGEMENT","de_requirements":"<p><span>Two (2) \u2018A\u2019 Level\r\npasses or equivalents in Chemistry and Biology\/Botany\/<\/span><\/p><p><span>Agricultural Science\/Economics\/<\/span><\/p><p><span>Physics\/Mathematics\/<\/span><\/p><p>\r\n\r\n\r\n\r\n\r\n\r\n<span>Geography\/Accounting<\/span><br><\/p>","utme_requirements":"<p><span>Five (5) SSC credit\r\npasses in Chemistry, Biology\/Agricultural Science, Mathematics, Physics,\r\nEnglish Language and any one of Nutrition, Fine Arts, Textile, Construction,\r\nTechnical Drawing, Basic Electricity, Basic Catering and Food&nbsp; Services, Bakery and Confectioneries, General\r\nMetal Work, Men Garment Construction and Finishing, Spinning,&nbsp; Weaving, Surface Design and Printing,\r\nBleaching, Dyeing and Finishing, Ladies Garment Construction and Finishing.&nbsp;&nbsp;<\/span><\/p>","subjects":"Chemistry, Biology\/Agriculture and Mathematics\/Physics or one (1) Social Science subject","institutions_list":"UNICROSS"},{"id":"5773","title":"HUMAN ANATOMY","de_requirements":"<p><span>Two\r\n(2) 'A' Level passes chosen from Biology, Chemistry and Physics in addition to the\r\nUTME requirements.<\/span><\/p>","utme_requirements":"<p><span>Five\r\n(5) SSC credit passes in English Language, Mathematics, Biology, Chemistry and\r\nPhysics.<\/span><\/p>","subjects":"Biology, Chemistry and Physics.","institutions_list":"UNICROSS"},{"id":"5789","title":"HUMAN KINETICS & HEALTH EDUCATION","de_requirements":"<div>\r\n\r\n<table>\r\n <tbody><tr>\r\n  <td>\r\n  <p><span>No Direct Entry<\/span><\/p>\r\n  <\/td>\r\n <\/tr>\r\n<\/tbody><\/table>\r\n\r\n<\/div>","utme_requirements":"<div>\r\n\r\n<table>\r\n <tbody><tr>\r\n  <td>\r\n  <p><span>As in Physical and Health Education<\/span><\/p>\r\n  <\/td>\r\n <\/tr>\r\n<\/tbody><\/table>\r\n\r\n<\/div>","subjects":"As in Physical and Health Education","institutions_list":"UNICROSS"},{"id":"28100","title":"HUMAN KINETICS AND HEALTH EDUCATION","de_requirements":"","utme_requirements":"","subjects":"","institutions_list":"UNICROSS"},{"id":"28102","title":"INDUSTRIAL CHEMISTRY","de_requirements":"","utme_requirements":"","subjects":"","institutions_list":"UNICROSS"},{"id":"28103","title":"INFORMATION SYSTEMS","de_requirements":"","utme_requirements":"","subjects":"","institutions_list":"UNICROSS"},{"id":"28108","title":"JOURNALISM AND MEDIA STUDIES","de_requirements":"","utme_requirements":"","subjects":"","institutions_list":"UNICROSS"},{"id":"5799","title":"LIBRARY & INFORMATION SCIENCE","de_requirements":"<p><span>i)&nbsp;&nbsp;&nbsp;&nbsp;&nbsp; Two (2) 'A' Level passes in\r\nscience subjects including Mathematics<\/span><\/p><p><span><o>&nbsp;<\/o:p><\/span><\/p><p>\r\n\r\n\r\n\r\n<\/p><p><span>(ii)&nbsp;&nbsp; NCE merit in Mathematics and\r\none (1) other Science or Social Science subject.<\/span><\/p>","utme_requirements":"<p><span>Five (5) SSC credit passes to include English Language, Mathematics,\r\nPhysics plus two (2) other Science subjects.<\/span><\/p>","subjects":"Mathematics, Physics and one (1) of Biology, Chemistry, Agric Science, Economics and Geography.","institutions_list":"UNICROSS"},{"id":"28099","title":"LIBRARY AND INFORMATION SCIENCE","de_requirements":"","utme_requirements":"","subjects":"","institutions_list":"UNICROSS"},{"id":"5802","title":"MARKETING","de_requirements":"<p><span>Two (2) \u2018A\u2019 Level passes chosen from Accounting, Management,\r\nGovernment and Geography.<\/span><\/p>","utme_requirements":"<p><span>Five (5) SSC credit passes including English Language, Mathematics\r\nand any three (3) relevant subjects.<\/span><\/p>","subjects":"Mathematics, Economics plus one (1) other subject.","institutions_list":"UNICROSS"},{"id":"28095","title":"MARKETING","de_requirements":"","utme_requirements":"","subjects":"","institutions_list":"UNICROSS"},{"id":"5801","title":"MASS COMMUNICATION","de_requirements":"<p><span>Two (2) \u2018A\u2019 Level passes in Literature in English,\r\nEconomics or Government.<\/span><br><\/p>","utme_requirements":"<p><span>Five (5) SSC credit passes to include\r\nEnglish Language, Literature in English and Government plus a pass in\r\nMathematics.<\/span><\/p>","subjects":"Literature in English, Economics and Government.","institutions_list":"UNICROSS"},{"id":"5792","title":"MATHEMATICS","de_requirements":"<p><span>) Two\r\n(2) 'A' Level passes in Mathematics and any other science subject.<\/span><\/p><p>\r\n\r\n<span>(ii)&nbsp;&nbsp;&nbsp;&nbsp;&nbsp;&nbsp;&nbsp;&nbsp;&nbsp;&nbsp; NCE merit in Mathematics and one (1)\r\nof Physics, Chemistry or Economics<\/span><br><\/p>","utme_requirements":"<p><span>Five (5) SSC credit passes including English Language, Mathematics and\r\nPhysics or Chemistry.<\/span><\/p>","subjects":"Mathematics and any two (2) of Physics, Chemistry and Economics or Geography.","institutions_list":"UNICROSS"},{"id":"5795","title":"MATHEMATICS WITH STATISTICS","de_requirements":"<p><span>)&nbsp;&nbsp;&nbsp;&nbsp;&nbsp;&nbsp; Two\r\n(2) 'A' Level passes in Mathematics and either Physics or Chemistry<\/span><\/p><p>\r\n\r\n<span>(ii)&nbsp;&nbsp;&nbsp;&nbsp;&nbsp;&nbsp;&nbsp;&nbsp;&nbsp;&nbsp; NCE merit in Mathematics and either\r\nPhysics or Chemistry<\/span><br><\/p>","utme_requirements":"<p><span>Five (5) SSC credit passes to include English Language, Mathematics and\r\nat least three(3) of Physics, Chemistry, Biology and Additional\/Further\r\nMathematics.<\/span><\/p>","subjects":"Maths, Physics and Chemistry or Biology","institutions_list":"UNICROSS"},{"id":"5809","title":"MECHANICAL ENGINEERING","de_requirements":"<p><span>(i)<span>&nbsp;&nbsp;&nbsp;&nbsp;&nbsp;&nbsp;&nbsp;\r\n<\/span><\/span><span>Two\r\n(2) 'A' Level passes from Chemistry, Physics and Mathematics.<\/span><\/p><p>\r\n\r\n<\/p><p><span>(ii)<span>&nbsp;&nbsp;&nbsp;&nbsp;&nbsp;&nbsp;\r\n<\/span><\/span><span>ND\r\nupper credit, NCE technical and HND in Mech. Engineering.<\/span><\/p>","utme_requirements":"<p><span>Five (5) SSC\r\ncredit passes to include Physics, Chemistry, Mathematics, English Language and\r\nany other Science subject.<\/span><\/p>","subjects":"Mathematics, Physics and Chemistry.","institutions_list":"UNICROSS"},{"id":"5775","title":"MEDICAL BIOCHEMISTRY","de_requirements":"<p><span>Two\r\n(2) 'A' Level passes in Chemistry and any one of Physics, Biology\/ Zoology\/Botany\r\nand Mathematics.<\/span><\/p>","utme_requirements":"<p><span>Five\r\n(5) SSC credit passes in English Language, Mathematics, Physics, Chemistry and\r\nBiology.<\/span><\/p>","subjects":"Physics, Chemistry and Biology.","institutions_list":"UNICROSS"},{"id":"5793","title":"MICROBIOLOGY","de_requirements":"<p><span>Two (2) 'A' Level passes in Chemistry and any one (1) from Biology,\r\nZoology or Botany.<\/span><\/p>","utme_requirements":"<p><span>Five (5) SSC credit passes in English Language, Mathematics, Chemistry,\r\nBiology and Physics.<\/span><\/p>","subjects":"Biology, Chemistry and either Physics or Mathematics.","institutions_list":"UNICROSS"},{"id":"28098","title":"MICROBIOLOGY","de_requirements":"","utme_requirements":"","subjects":"","institutions_list":"UNICROSS"},{"id":"28105","title":"PEACE STUDIES AND CONFLICT RESOLUTION","de_requirements":"","utme_requirements":"","subjects":"","institutions_list":"UNICROSS"},{"id":"5783","title":"PHYSICS","de_requirements":"<p><span>NCE\/Two (2) 'A' Level passes in Physics and Mathematics or Chemistry.<\/span><\/p>","utme_requirements":"<p><span>Five (5) SSC credit passes in English Language, Physics, Chemistry,\r\nMathematics and any other Science subject from Further Mathematics and Biology\r\nor Agricultural Science.<\/span><\/p>","subjects":"Physics, Mathematics and Chemistry or Biology.","institutions_list":"UNICROSS"},{"id":"5778","title":"PHYSIOLOGY","de_requirements":"<p><span>Two\r\n(2) 'A' Level passes chosen from Chemistry, Physics and Biology\/Zoology.<\/span><\/p>","utme_requirements":"<p><span>Five (5) SSC credit passes in English Language,\r\nMaths, Physics, Chemistry and Biology.<\/span><br><\/p>","subjects":"Physics, Chemistry and Biology","institutions_list":"UNICROSS"},{"id":"5788","title":"PLANT SCIENCE & BIOTECHNOLOGY","de_requirements":"<p><span>Two\r\n(2) 'A' Level passes in Biology\/Botany\/Zoology and Chemistry or Physics.<\/span><\/p>","utme_requirements":"<p><span>Five\r\n(5) SSC Credit passes in English Language, Mathematics, Biology, Chemistry and\r\nPhysics.<\/span><\/p>","subjects":"Biology, Chemistry and any other Science subject.","institutions_list":"UNICROSS"},{"id":"28097","title":"PLANT SCIENCE AND BIOTECHNOLOGY","de_requirements":"","utme_requirements":"","subjects":"","institutions_list":"UNICROSS"},{"id":"5798","title":"PSYCHOLOGY EDUCATION","de_requirements":"<p><span>Two (2) 'A' Level passes including Government or History.<\/span><\/p>","utme_requirements":"<p><span>Five (5) SSC credit passes in Government or History, English Language and three (3) other subjects. &nbsp;A pass in Mathematics is required.<\/span><\/p>","subjects":"Any three (3) subjects from Arts or Social Science","institutions_list":"UNICROSS"},{"id":"28106","title":"SOCIOLOGY","de_requirements":"","utme_requirements":"","subjects":"","institutions_list":"UNICROSS"},{"id":"28104","title":"SOFTWARE ENGINEERING","de_requirements":"","utme_requirements":"","subjects":"","institutions_list":"UNICROSS"},{"id":"5787","title":"STATISTICS","de_requirements":"<p><span>Two (2) 'A' Level passes to include Mathematics or Statistics.<\/span><\/p><p>\r\n\r\n<\/p><p><span>NCE credit in relevant subjects.<\/span><\/p>","utme_requirements":"<p><span>Five (5) SSC credit passes to include English Language, Mathematics and\r\nat least three (3) subjects from Physics, Statistics, Chemistry, Further Mathematics,\r\nEconomics and Geography.<\/span><\/p>","subjects":"Mathematics and any two (2) of Physics, Chemistry and Economics.","institutions_list":"UNICROSS"},{"id":"5790","title":"TECHNICAL EDUCATION","de_requirements":"<div>\r\n\r\n<table>\r\n <tbody><tr>\r\n  <td>\r\n  <p><span>(i)&nbsp;&nbsp;&nbsp;&nbsp; NCE merit in two (2) relevant Science\r\n  subjects plus the UTME requirements.<\/span><\/p>\r\n  <p><span><o>&nbsp;<\/o:p><\/span><\/p>\r\n  <p><span>(ii)&nbsp;&nbsp;&nbsp; Two 'A' Level passes in Physics,\r\n  Mathematics and Chemistry.<\/span><\/p>\r\n  <\/td>\r\n <\/tr>\r\n<\/tbody><\/table>\r\n\r\n<\/div>","utme_requirements":"<div>\r\n\r\n<table>\r\n <tbody><tr>\r\n  <td>\r\n  <p><span>Five (5) 'O'\r\n  Level credit passes in relevant subjects which must include English Language\r\n  and Mathematics or NTC\/NBC.<\/span><\/p>\r\n  <\/td>\r\n <\/tr>\r\n<\/tbody><\/table>\r\n\r\n<\/div>","subjects":"Physics, Mathematics, Chemistry.","institutions_list":"UNICROSS"},{"id":"5805","title":"URBAN & REGIONAL PLANNING","de_requirements":"<p><span>(i)<span>&nbsp;&nbsp;&nbsp;&nbsp;&nbsp;\r\n<\/span><\/span><span>Two (2) A\u2019 LEVEL passes in Geography and Mathematics<\/span><\/p><p>\r\n\r\n<span>ND\/HND\r\nupper credit in Town Planning or related programmes plus UTME requirements are\r\naccepted<\/span><br><\/p>","utme_requirements":"<p><span>Five (5) SSC credit passes in English\r\nLanguage, Mathematics, Geography, and any two (2) of Physics, Chemistry,\r\nEconomics, Government, Biology, Art, History, IRK\/CRK, Social Studies and Tech\r\nDrawing.<\/span><\/p>","subjects":"Mathematics, Geography and one of Economics, Physics, Chemistry.","institutions_list":"UNICROSS"},{"id":"5806","title":"VISUAL ARTS & TECHNOLOGY","de_requirements":"<p><span>(i)&nbsp;&nbsp; 'A' Level passes in Two (2) of Fine Arts,\r\nChemistry, Mathematics, and Physics.<\/span><\/p><p>\r\n\r\n<\/p><p><span>(ii)&nbsp; ND in Industrial Design or Glass Technology or\r\nFine Art at credit level.<\/span><\/p>","utme_requirements":"<p><span>Five (5) SSC credit passes to include\r\nEnglish Language, Fine Art, Mathematics, Chemistry. Spinning; Weaving; Surface\r\nDesign and Printing; Bleaching, Dyeing and Finishing; Ceramics; Graphic Design;\r\nGraphic Printing; Decorative Painting, Spray&nbsp;\r\nPainting, Lining, Sign and Design, Wall Hanging, Colour Mixing\/Matching\r\nand Glazing, Building\/Engineering Drawing, General Wood Work.&nbsp;<\/span><\/p>","subjects":"Chemistry, Mathematics and Fine Arts\/Physics","institutions_list":"UNICROSS"},{"id":"5803","title":"WOOD PRODUCTION ENGINEERING","de_requirements":"<p><span>'A' Level passes in Mathematics and Physics<\/span><br><\/p>","utme_requirements":"<p><span>Five (5) SSC credit\r\npasses to include Mathematics, Physics, Chemistry, English Language and any\r\nother Science subject.<\/span><\/p>","subjects":"Mathematics, Physics and Chemistry.","institutions_list":"UNICROSS"}]