[{"id":"27676","title":"ACCOUNTANCY","de_requirements":"","utme_requirements":"","subjects":"","institutions_list":"POLY-IRESI"},{"id":"27742","title":"BUSINESS ADMINISTRATION AND MANAGEMENT","de_requirements":"","utme_requirements":"","subjects":"","institutions_list":"POLY-IRESI"},{"id":"27617","title":"Business Administration and Management","de_requirements":"","utme_requirements":"","subjects":"","institutions_list":"POLY-IRESI"},{"id":"27678","title":"COMPUTER ENGINEERING TECHNOLOGY","de_requirements":"","utme_requirements":"","subjects":"","institutions_list":"POLY-IRESI"},{"id":"27677","title":"COMPUTER SCIENCE","de_requirements":"","utme_requirements":"","subjects":"","institutions_list":"POLY-IRESI"},{"id":"27679","title":"ELECTRICAL\/ELECTRONICS ENGINEERING","de_requirements":"","utme_requirements":"","subjects":"","institutions_list":"POLY-IRESI"},{"id":"27743","title":"MASS COMMUNICATION","de_requirements":"","utme_requirements":"","subjects":"","institutions_list":"POLY-IRESI"},{"id":"27616","title":"Mass Communication","de_requirements":"","utme_requirements":"","subjects":"","institutions_list":"POLY-IRESI"}]