[{"id":"5887","title":"COSMETOLOGY & BEAUTY THERAPY","de_requirements":"","utme_requirements":"<p><span>Five (5) credit passes at SSC or its equivalent\r\nin Mathematics, English Language and any other three (3)&nbsp; relevant subjects.<\/span><br><\/p>","subjects":"Any four (4) subjects from Arts\/Social Science.","institutions_list":"DAMSON"},{"id":"5886","title":"MUSIC TECHNOLOGY","de_requirements":"","utme_requirements":"<p><span>Five (5) credit passes at SSC or its equivalent in\r\nMathematics, English Language and any other three (3) from Arts and Social\r\nScience subjects<\/span><\/p>","subjects":"Any three (3) subjects from Arts\/Social Science\/Physical Science.","institutions_list":"DAMSON"},{"id":"5885","title":"PERFORMING & MEDIA ARTS","de_requirements":"","utme_requirements":"<p><span>Five (5) credit passes at\r\nSSC&nbsp; or its equivalent in Mathematics,\r\nEnglish Language and any other three (3) from Arts and Social Science subjects<\/span><br><\/p>","subjects":"Any three (3) subjects from Arts\/Social Science\/Physical Science","institutions_list":"DAMSON"}]