[{"id":"5889","title":"FILM & TV PRODUCTION","de_requirements":"","utme_requirements":"<p><span>Five (5) credit passes at\r\nSSC or its equivalent in Mathematics, English Language and any other three (3)&nbsp; from Arts, Science and Social Science\r\nsubjects<\/span><br><\/p>","subjects":"Any three (3) subjects from Arts\/Social Science\/Physical Science.","institutions_list":"DEL-YORK"},{"id":"5888","title":"PERFORMING & MEDIA ARTS","de_requirements":"","utme_requirements":"<p><span>Five (5) credit passes at\r\nSSC&nbsp; or its equivalent in Mathematics,\r\nEnglish Language and any other three (3) from Arts and Social Science subjects<\/span><br><\/p>","subjects":"Any three (3) subjects from Arts\/Social Science\/Physical Science","institutions_list":"DEL-YORK"}]