[{"id":"5957","title":"ACCOUNTING","de_requirements":"<p>\r\n\r\n<\/p><div>\r\n\r\n<table>\r\n <tbody><tr>\r\n  <td>\r\n  <p><span>Two\r\n  (2)'A' Level passes including Economics.<\/span><\/p>\r\n  <\/td>\r\n <\/tr>\r\n<\/tbody><\/table>\r\n\r\n<\/div>\r\n\r\n","utme_requirements":"<p>\r\n\r\n<\/p><div>\r\n\r\n<table>\r\n <tbody><tr>\r\n  <td>\r\n  <p><span>Five\r\n  (5) SSC credit passes including English Language, Mathematics, Economics and\r\n  two (2) other relevant subjects.<\/span><\/p>\r\n  <\/td>\r\n <\/tr>\r\n<\/tbody><\/table>\r\n\r\n<\/div>\r\n\r\n","subjects":"Mathematics, Economics and any other Social Science subject","institutions_list":"DELSU"},{"id":"28186","title":"AGRIBUSINESS MANAGEMENT","de_requirements":"","utme_requirements":"","subjects":"","institutions_list":"DELSU"},{"id":"5966","title":"AGRICULTURAL ECONOMICS","de_requirements":"<p><span>Two\r\n(2) \u2018A\u2019 Level passes in Chemistry and one of Zoology\/Botany\/Agricultural\r\nScience\/Biology, Geography, Mathematics, Physics, Geology, Economics and Health\r\nScience.<\/span><\/p><p>\r\n\r\n<\/p><p><span><o>&nbsp;<\/o:p><\/span><\/p>","utme_requirements":"<p><span>Five (5) SSC credit passes in English\r\nLanguage, Mathematics, Chemistry, Biology\/Agricultural Science and one of\r\nGeography, Physics and Economics.<\/span><\/p><p>\r\n\r\n<\/p><p><span>&nbsp;<\/span><\/p>","subjects":"Chemistry, Biology\/ Agricultural Science and Mathematics or Physics.\r\n\r\n","institutions_list":"DELSU"},{"id":"6031","title":"AGRICULTURAL SCIENCE & EDUCATION","de_requirements":"<div>\r\n\r\n<table>\r\n <tbody><tr>\r\n  <td>\r\n  <p><span>(i) Two (2) passes at 'A' Level in Biology \/Zoology\r\n  \/Botany and any other Science subject.<\/span><\/p>\r\n  <p><span>(ii) NCE merit\r\n  in Biology and any other Science subject.<\/span><\/p>\r\n  <\/td>\r\n <\/tr>\r\n<\/tbody><\/table>\r\n\r\n<\/div><p>\r\n\r\n<span>(iii)\r\nNCE merit in Agriculture (Double Major).<\/span><br><\/p>","utme_requirements":"<div>\r\n\r\n<table>\r\n <tbody><tr>\r\n  <td>\r\n  <p><span>Five (5) 'O'\r\n  Level credit passes or equivalents in English Language, Chemistry, Biology\/Agricultural\r\n  Science., Mathematics and another relevant subject.<\/span><\/p>\r\n  <\/td>\r\n <\/tr>\r\n<\/tbody><\/table>\r\n\r\n<\/div>","subjects":"Any three (3) subjects from Chemistry, Biology, Agriculture, Physics, Economics, Geography and Mathematics.","institutions_list":"DELSU"},{"id":"5961","title":"AGRICULTURE","de_requirements":"<p><span>Two (2) \u2018A\u2019 Level passes in Chemistry and\r\none from Biology\/Botany\/Zoology\/Agricultural Science, Economics, Physics,\r\nGeography and Geology\/Mathematics (Pure &amp; Applied).<\/span><\/p>","utme_requirements":"<p><span>Five (5) SSC credit passes to include\r\nEnglish Language, Biology\/Agricultural Science, Chemistry and&nbsp; any one of Mathematics, Physics, Geography\r\nand&nbsp; Economics.<\/span><\/p>","subjects":"Chemistry, Biology\/Agriculture and any one of Physics or Mathematics.","institutions_list":"DELSU"},{"id":"5960","title":"ANATOMY","de_requirements":"<p><span>Two\r\n(2) 'A' Level passes chosen from Biology, Chemistry and Physics in addition to the\r\nUTME requirements.<\/span><\/p>","utme_requirements":"<p><span>Five\r\n(5) SSC credit passes in English Language, Mathematics, Biology, Chemistry and\r\nPhysics.<\/span><\/p>","subjects":"Biology, Chemistry and Physics.","institutions_list":"DELSU"},{"id":"5995","title":"ANIMAL SCIENCE","de_requirements":"<p><span>Two (2) \u2018A\u2019 level passes or its equivalent\r\nin Chemistry and one of Biology\/Botany\/Zoology\/Agriculture Science\/Geography\/Geology\/Mathematics\/Economics.<\/span><\/p>","utme_requirements":"<p><span>Five (5) SSC credit passes in English\r\nLanguage, Chemistry, Mathematics, Biology\/Agric Science and one of Physics,\r\nGeography or Economics.<\/span><\/p>","subjects":"Chemistry, Biology\/Agriculture and Mathematics \/Physics.","institutions_list":"DELSU"},{"id":"5954","title":"BANKING & FINANCE","de_requirements":"<p><span>Two (2) 'A' Level passes\r\nchosen from Accounting, Economics, Management, Mathematics, Geography and\r\nStatistics.<\/span><\/p>","utme_requirements":"<p><span>Five (5) SSC credit\r\npasses to include: English Language, Mathematics and any other subjects. For\r\nNBC, the other two (2) relevant subjects could be from any of the following;\r\nAccounting, Principles of Accounts, Commerce, Office Practice and Economics.&nbsp;<\/span><\/p>","subjects":"Mathematics, Economics, plus any one (1) of Government and Geography.","institutions_list":"DELSU"},{"id":"5975","title":"BIOCHEMISTRY","de_requirements":"<p><span>Two (2) 'A' Level passes chosen from Chemistry, Mathematics, Physics and\r\nBiology.<\/span><\/p><p><span><o>&nbsp;<\/o:p><\/span><\/p><p>\r\n\r\n\r\n\r\n<\/p><p><span>NCE\/ND\/HND in related programmes plus the UTME requirements.<\/span><\/p>","utme_requirements":"<p><span>Five (5) SSC credit passes in English Language, Chemistry, Mathematics,\r\nPhysics and Biology.<\/span><\/p>","subjects":"Biology, Chemistry and Physics or Mathematics.","institutions_list":"DELSU"},{"id":"5998","title":"BIOTECHNOLOGY","de_requirements":"<p><span>Two\r\n(2) 'A' Level passes in Biology\/Botany\/Zoology and Chemistry or Physics.<\/span><\/p>","utme_requirements":"<p><span>Five\r\n(5) SSC Credit passes in English Language, Mathematics, Biology, Chemistry and\r\nPhysics.<\/span><\/p>","subjects":"Biology, Chemistry and any other Science subject.","institutions_list":"DELSU"},{"id":"26293","title":"BIOTECHNOLOGY","de_requirements":"<p><span>(i) Candidates\r\nshould possess at least two A level passes in Chemistry and either Biology, Botany\r\nor Zoology. <\/span><\/p><p>\r\n\r\n<span>(ii) Candidates should possess\r\nDiploma with upper credit in relevant courses in Microbiology from Polytechnic\r\nrecognized by the University.&nbsp;<\/span><br><\/p>","utme_requirements":"<p><span>Candidates\r\nshould possess at least Five (5) O\u2019Levels credits which must include Biology,\r\nChemistry, Physics, Mathematics, and English Language.&nbsp;<\/span><br><\/p>","subjects":"<p><span>English\r\nLanguage, Biology, Chemistry and Physics<\/span><\/p>","institutions_list":"DELSU"},{"id":"5955","title":"BOTANY","de_requirements":"<p><span>Two (2) \u2018A\u2019 Level passes chosen from Economics, Accounts,\r\nBusiness Management, Government, Geography or Statistics.<\/span><\/p>","utme_requirements":"<p><span>Five (5) SSC credit passes including English Language,\r\nMathematics, Economics, plus any two (2) of Accounting, Business Methods,\r\nCommerce, Government, Geography, and Statistics.<\/span><br><\/p>","subjects":"Mathematics, Economics and one (1) other subject.","institutions_list":"DELSU"},{"id":"5958","title":"BUSINESS ADMINISTRATION","de_requirements":"<p>\r\n\r\n<\/p><div>\r\n\r\n<table>\r\n <tbody><tr>\r\n  <td>\r\n  <p><span>Two\r\n  (2)'A' Level passes including Economics.<\/span><\/p>\r\n  <\/td>\r\n <\/tr>\r\n<\/tbody><\/table>\r\n\r\n<\/div>\r\n\r\n","utme_requirements":"<p>\r\n\r\n<\/p><div>\r\n\r\n<table>\r\n <tbody><tr>\r\n  <td>\r\n  <p><span>Five\r\n  (5) SSC credit passes including English Language, Mathematics, Economics and\r\n  two (2) other relevant subjects.<\/span><\/p>\r\n  <\/td>\r\n <\/tr>\r\n<\/tbody><\/table>\r\n\r\n<\/div>\r\n\r\n","subjects":"Mathematics, Economics and any other Social Science subject","institutions_list":"DELSU"},{"id":"6035","title":"BUSINESS EDUCATION","de_requirements":"<p>(i)<span>\t<\/span>Two (2) 'A' Level passes or NCE merit in two (2) relevant subjects.<\/p><p>(ii)<span>\t<\/span>NCE merit in Business Education Double Major.&nbsp;<\/p><div><br><\/div>","utme_requirements":"<p>Five (5) TC II merit, 'O' Level or NTC\/NBC credit passes including English Language, Mathematics, Economics and two (2) other subjects in the Social Sciences or Arts. For NBC, the other subjects could be from any of the following: Commerce, Office Practice, Principles of Accounts, Secretarial Duties, Typewriting and Shorthand.<\/p><p><br><\/p>","subjects":"Mathematics, Economics plus one (1) of Literature in English, History, Government, Geography, Chemistry and Physics.\r\n\r\n","institutions_list":"DELSU"},{"id":"5959","title":"CHEMICAL ENGINEERING","de_requirements":"'A' Level passes in Physics, Chemistry and Mathematics.","utme_requirements":"Five (5) SSC credit passes to include Physics, Chemistry, Mathematics and English Language and any other Science subject.","subjects":"Mathematics, Physics and Chemistry.","institutions_list":"DELSU"},{"id":"5993","title":"CHEMISTRY","de_requirements":"<p><span>At least\r\ntwo 'A' level passes in Chemistry and Mathematics or Physics or Biology<\/span><\/p>","utme_requirements":"<p>Five (5) 'O' level credits which must include Chemistry,\r\nEnglish Language, Mathematics, Physics and one other science subject<\/p>","subjects":"<p>English Language, Chemistry, Physics and Mathematics or\r\nBiology<\/p>","institutions_list":"DELSU"},{"id":"5962","title":"CIVIL ENGINEERING","de_requirements":"(i)\t'A' Level passes in Physics and Mathematics.\r\n(ii)\tND\/HND upper credit at appropriate levels.\r\n","utme_requirements":"Five (5) SSC credit passes to include Physics, Chemistry, Mathematics, English Language and one Science subject","subjects":"Physics, Chemistry and Mathematics","institutions_list":"DELSU"},{"id":"6013","title":"COMPUTER SCIENCE","de_requirements":"<p><span>(i) At least two GCE A'Level passes which must include Mathematics and Physics with a minimum of 6 points.<\/span><\/p><p><span>(ii) A National Diploma with a minimum of Upper Credit or Higher National Diploma with a minimum of lower credit or with a minimum credit in any of the following:<\/span><\/p><p><br><\/p><p><span>(a) Data Processing<\/span><\/p><p><span>(b) Computer Engineering<\/span><\/p><p><span>(c) Information System\/Information Technology<\/span><\/p><p><span><br><\/span><\/p><p><span><br><\/span><\/p><p><span><br><\/span><\/p><p><span><br><\/span><\/p>","utme_requirements":"<p><span>Mathematics (core), English Language (core), Physics (core), and any two of Computer Science (related subject)<\/span><\/p><p><span>(i) Biology<\/span><\/p><p><span>(ii) Chemistry<\/span><\/p><p><span>(iii) Economics<\/span><\/p><p><span>(iv) Geography<\/span><\/p><p><span><br><\/span><\/p><p><span><br><\/span><\/p><p><span><br><\/span><\/p><p><span><\/span><\/p>","subjects":"English Language, Mathematics, Physics and any of Biology, Chemistry or Geography","institutions_list":"DELSU"},{"id":"29394","title":"DENTISTRY","de_requirements":"","utme_requirements":"","subjects":"","institutions_list":"DELSU"},{"id":"28187","title":"DOCTOR OF PHARMACY","de_requirements":"","utme_requirements":"","subjects":"","institutions_list":"DELSU"},{"id":"5980","title":"DRAMA\/DRAMATIC\/PERFORMING ARTS","de_requirements":"<p><span>Two\r\n(2) \u2018A\u2019 Level passes in Arts, Social Sciences or Science subjects.<\/span><\/p>","utme_requirements":"<p><span>Five\r\n(5) SSC credit passes to include English Language and Arts subjects.<\/span><\/p>","subjects":"Literature in English and two (2) other relevant subjects.","institutions_list":"DELSU"},{"id":"5965","title":"ECONOMICS","de_requirements":"<p>\r\n\r\n<\/p><div>\r\n\r\n<table>\r\n <tbody><tr>\r\n  <td>\r\n  <p><span>Two (2)'A' Level passes in Economics and any one of\r\n  Mathematics, Statistics, Geography, Physics, Chemistry, Agricultural Science,\r\n  Accounting, Business Management, History and Government.<\/span><\/p>\r\n  <\/td>\r\n <\/tr>\r\n<\/tbody><\/table>\r\n\r\n<\/div>\r\n\r\n","utme_requirements":"<p>\r\n\r\n<\/p><div>\r\n\r\n<table>\r\n <tbody><tr>\r\n  <td>\r\n  <p><span>Five\r\n  (5)SSC credit passes in English Language, Mathematics, Economics and any two\r\n  (2) of Arts or Social Science subjects.<\/span><\/p>\r\n  <\/td>\r\n <\/tr>\r\n<\/tbody><\/table>\r\n\r\n<\/div>\r\n\r\n","subjects":"Economics, Mathematics and any of Government, History, Geography, Literature in English, French and Christian Religious Studies\/Islamic Studies.\t","institutions_list":"DELSU"},{"id":"5978","title":"EDUCATION & BIOLOGY","de_requirements":"<p><span>(i) At least merit passes and above in Biology at NCE or above and in either Chemistry or Geography<\/span><\/p><p><span>(ii) Merit in DELSU Diploma in Biology Education with a grade point of 4 points<br><\/span><br><div><br>\r\n\r\n<\/div>\r\n\r\n<\/p>","utme_requirements":"SSCE O'Level with credit passes in at least five (5) subjects which must include English Language, Mathematics, Chemistry or Geography and Biology","subjects":"Subjects to be taken must include English Language, Biology, Chemistry and one other Art, Social Science\/Science subjects","institutions_list":"DELSU"},{"id":"5968","title":"EDUCATION & CHEMISTRY","de_requirements":"At least merit passes and above in Chemistry and Education or any other subject at NCE or above GCE A'Level passes which must include Chemistry with a grade point of 4 points","utme_requirements":"SSCE O'Level with credit passes in at least five (5) subjects which must include English Language, Mathematics and Chemistry<div>\r\n\r\n<\/div>","subjects":"Subject to be taken must include English Language and Chemistry","institutions_list":"DELSU"},{"id":"5971","title":"EDUCATION & COMPUTER SCIENCE","de_requirements":"<p>(i) At least merit a pass in NCE Computer Science Education<\/p><p>(ii) OND in Computer Science Education with a grade not lower than upper credit with a grade point of 4 points<\/p><p>(iii) Merit pass in DELSU Diploma<\/p><p>(iv) Physics Education<\/p><p>(v) Mathematics Education<\/p>","utme_requirements":"<span>Five O'Level credit passes which must include English Language, Mathematics, Physics, Chemistry and any other one subject at not more than two sittings.<\/span>","subjects":"<span>English Language, Mathematics, Physics, Chemistry or Economics<\/span>","institutions_list":"DELSU"},{"id":"6034","title":"EDUCATION & ECONOMICS","de_requirements":"<p>(i) NCE merit passes in Economics and any relevant Social Science subjects.<\/p><p>(ii) DELSU Diploma in Economics at Merit<\/p><p>(iii) A'Level credit passes in Economics, one other Social Science at a grade not less than 4 points<\/p>","utme_requirements":"<p>Five O'Level which must include English Language, Mathematics, Economics and any two other from Social Science<\/p><p><br><\/p>","subjects":"English Language, Economics and any other two subjects","institutions_list":"DELSU"},{"id":"6015","title":"EDUCATION & ENGLISH LANGUAGE","de_requirements":"<div>\r\n\r\n<table>\r\n <tbody><tr>\r\n  <td>\r\n  <p><span>(i)&nbsp; Two (2) 'A' Level passes in relevant\r\n  teaching subjects including Literature in English.<\/span><\/p>\r\n  <p><span>(ii)&nbsp; NCE\r\n  credit or merit in two(2)relevant subjects.<\/span><\/p>\r\n  <\/td>\r\n <\/tr>\r\n<\/tbody><\/table>\r\n\r\n<\/div>","utme_requirements":"<div>\r\n\r\n<table>\r\n <tbody><tr>\r\n  <td>\r\n  <p><span>Five (5) 'O'\r\n  Level credit passes to include English Language and Literature in English plus\r\n  three (3) other Arts or Social Science subjects.<\/span><\/p>\r\n  <\/td>\r\n <\/tr>\r\n<\/tbody><\/table>\r\n\r\n<\/div>","subjects":"Literature in English and one (1) Art and any other subject.","institutions_list":"DELSU"},{"id":"5984","title":"EDUCATION & FRENCH","de_requirements":"<div>\r\n\r\n<table>\r\n <tbody><tr>\r\n  <td>\r\n  <p><span>Two (2) 'A' Level\r\n  passes\/NCE merit in French and one(1) other Arts subject.<\/span><\/p>\r\n  <\/td>\r\n <\/tr>\r\n<\/tbody><\/table>\r\n\r\n<\/div>","utme_requirements":"<div>\r\n\r\n<table>\r\n <tbody><tr>\r\n  <td>\r\n  <p><span>Five (5) SSC credit\r\n  passes to include English Language and French.<\/span><\/p>\r\n  <\/td>\r\n <\/tr>\r\n<\/tbody><\/table>\r\n\r\n<\/div>","subjects":"French plus two (2) other Arts subjects.","institutions_list":"DELSU"},{"id":"5987","title":"EDUCATION & GEOGRAPHY","de_requirements":"<p>(i) NCE merit passes and above in Geography and any other Social Science subjects.<\/p><p>(ii) A' Level credit passes must include Geography with a grade point not below 4 points<\/p><p><div>\r\n\r\n<\/div><\/p>","utme_requirements":"Five O'Level which must include English Language, Mathematics, Geography and any three other from Arts\/Social Science\/Science","subjects":"English Language, Geography and any other from Social Science\/Science","institutions_list":"DELSU"},{"id":"5988","title":"EDUCATION & HISTORY","de_requirements":"<div>\r\n\r\n<table>\r\n <tbody><tr>\r\n  <td>\r\n  <p><span>Two (2) NCE merit\/'A'\r\n  Level passes in History and one (1) other relevant Arts subject.<\/span><\/p>\r\n  <\/td>\r\n <\/tr>\r\n<\/tbody><\/table>\r\n\r\n<\/div>","utme_requirements":"<div>\r\n\r\n<table>\r\n <tbody><tr>\r\n  <td>\r\n  <p><span>Five (5) SSC credit\r\n  passes in English Language, History and three (3) relevant Arts subjects.<\/span><\/p>\r\n  <\/td>\r\n <\/tr>\r\n<\/tbody><\/table>\r\n\r\n<\/div>","subjects":"History and any other two (2) subjects chosen from Christian Religious Studies \/ Islamic Studies, Literature in English, French, Yoruba, Geography\/Physics, Economics, Government and Hausa.","institutions_list":"DELSU"},{"id":"5976","title":"EDUCATION & INTEGRATED SCIENCE","de_requirements":"<div>NCE or DELSU Diploma with at least a merit pass and above in Physics Education or GCE A'Level which must include Physics with a grade point of 4 points<\/div>","utme_requirements":"<p><span>SSCE O'Level credit passes in at least five (5) subjects including English Language, Mathematics and Physics<\/span><br><\/p>","subjects":"Subject to be taken must include English Language and Mathematics and any other Art\/Social Science\/Science subjects","institutions_list":"DELSU"},{"id":"5977","title":"EDUCATION & MUSIC","de_requirements":"<div>\r\n\r\n<table>\r\n <tbody><tr>\r\n  <td>\r\n  <p><span>Two (2) 'A' Level\r\n  passes\/NCE merit in Music.<\/span><\/p>\r\n  <\/td>\r\n <\/tr>\r\n<\/tbody><\/table>\r\n\r\n<\/div>","utme_requirements":"<div>\r\n\r\n<table>\r\n <tbody><tr>\r\n  <td>\r\n  <p><span>Five (5) SSC credit\r\n  passes including Music and English Language.<\/span><\/p>\r\n  <\/td>\r\n <\/tr>\r\n<\/tbody><\/table>\r\n\r\n<\/div>","subjects":"Music and any other two (2) Arts\/Social Science subjects.","institutions_list":"DELSU"},{"id":"5989","title":"EDUCATION & PHYSICS","de_requirements":"NCE or DELSU Diploma with at least a merit pass and above in Physics Education or GCE A'Level which must include Physics with a grade point of 4 points<div>\r\n\r\n<\/div>","utme_requirements":"<p><span>SSCE O'Level credit passes in at least five (5) subjects including English Language, Mathematics and Physics<\/span><br><\/p>","subjects":"Subject to be taken must include English Language and Mathematics and any other Art\/Social Science\/Science subjects","institutions_list":"DELSU"},{"id":"6033","title":"EDUCATION & POLITICAL SCIENCE","de_requirements":"<p>At least merit passes in Government plus one other subject at A' Level with a grade not less than 4 points<\/p><p><br><\/p>","utme_requirements":"<p>Five O'Level credits which must include English Language, Mathematics and Government<\/p><p><br><\/p>","subjects":"English Language, Government\/History and any other two Arts\/Social Science\/Science","institutions_list":"DELSU"},{"id":"6018","title":"EDUCATION & RELIGIOUS STUDIES","de_requirements":"<div>\r\n\r\n<table>\r\n <tbody><tr>\r\n  <td>\r\n  <p><span>Two (2) 'A'\r\n  Level passes\/NCE merit in Religious Studies and one (1) other Arts subject.<\/span><\/p>\r\n  <\/td>\r\n <\/tr>\r\n<\/tbody><\/table>\r\n\r\n<\/div>","utme_requirements":"<div>\r\n\r\n<table>\r\n <tbody><tr>\r\n  <td>\r\n  <p><span>Five (5) 'O'\r\n  Level credit passes or TC II merit in five (5) subjects including English\r\n  Language, Religious Studies and three (3) other Arts subjects.<\/span><\/p>\r\n  <\/td>\r\n <\/tr>\r\n<\/tbody><\/table>\r\n\r\n<\/div>","subjects":"Two (2) Arts subject including Religious studies and one (1) other subject.","institutions_list":"DELSU"},{"id":"6032","title":"EDUCATION & SOCIAL STUDIES","de_requirements":"<div>(i) NCE merit in Social Studies (Double Major) or Diploma in Social Studies\/Social work with Lower Credit<\/div><div>(ii) GCE A'Level in relevant subjects with a grade point not below 4 points<\/div>","utme_requirements":"<p>Five O'Level which must include English Language, Mathematics and any three other from Arts\/Social Science\/Science<\/p><p><br><\/p>","subjects":"English Language and any other three subjects","institutions_list":"DELSU"},{"id":"5981","title":"EDUCATION AND MATHEMATICS","de_requirements":"<p>(i) At least merit pass in Mathematics and Education<\/p><p>(ii) GCE A'Level with a grade point of 4 points<\/p><p>(iii) Merit in DELSU Diploma in Mathematics<\/p>","utme_requirements":"SSCE O'Level credit in five (5) subjects which must include Mathematics, English Language and one of Chemistry or Physics","subjects":"Subject to be taken must include English Language and Mathematics plus any other Science\/Social Science subjects","institutions_list":"DELSU"},{"id":"6017","title":"EDUCATION FINE & APPLIED ARTS","de_requirements":"<div>\r\n\r\n<table>\r\n <tbody><tr>\r\n  <td>\r\n  <p><span>(i)&nbsp;&nbsp;&nbsp; NCE merit in Fine and Applied Arts Double\r\n  Major.<\/span><\/p>\r\n  <\/td>\r\n <\/tr>\r\n<\/tbody><\/table>\r\n\r\n<\/div><p>\r\n\r\n<span>(ii)'A'\r\nLevel passes in Fine Arts and any other subject.<\/span><br><\/p>","utme_requirements":"<div>\r\n\r\n<table>\r\n <tbody><tr>\r\n  <td>\r\n  <p><span>Five (5) 'O'\r\n  Level credit passes or TC II or NTC\/NBC merit including Fine Art and English\r\n  Language.<\/span><\/p>\r\n  <\/td>\r\n <\/tr>\r\n<\/tbody><\/table>\r\n\r\n<\/div>","subjects":"Fine Arts, one (1) other Arts subject and any other subject.","institutions_list":"DELSU"},{"id":"23681","title":"EDUCATIONAL MANAGEMENT","de_requirements":"<p>\r\n\r\n<\/p><div>\r\n\r\n<table>\r\n <tbody><tr>\r\n  <td>\r\n  <p><span>Two (2) 'A' Level passes\/NCE merit\/credit in relevant\r\n  subjects.<\/span><\/p>\r\n  <\/td>\r\n <\/tr>\r\n<\/tbody><\/table>\r\n\r\n<\/div>\r\n\r\n","utme_requirements":"<p>\r\n\r\n<\/p><div>\r\n\r\n<table>\r\n <tbody><tr>\r\n  <td>\r\n  <p><span>Five (5) SSC credit passes in five (5) subjects\r\n  including English Language and Mathematics.<\/span><\/p>\r\n  <\/td>\r\n <\/tr>\r\n<\/tbody><\/table>\r\n\r\n<\/div>\r\n\r\n","subjects":"<p>\r\n\r\n<\/p><div>\r\n\r\n<table>\r\n <tbody><tr>\r\n  <td>\r\n  <p><span>Economics, Mathematics and one (1) other Social\r\n  Science\/Arts subject.<\/span><\/p>\r\n  <\/td>\r\n <\/tr>\r\n<\/tbody><\/table>\r\n\r\n<\/div>\r\n\r\n","institutions_list":"DELSU"},{"id":"6027","title":"EDUCATIONAL MANAGEMENT","de_requirements":"<div>\r\n\r\n<table>\r\n <tbody><tr>\r\n  <td>\r\n  <p><span>Same as in\r\n  Educational Psychology, Guidance and Counseling.<\/span><\/p>\r\n  <\/td>\r\n <\/tr>\r\n<\/tbody><\/table>\r\n\r\n<\/div>","utme_requirements":"<div>\r\n\r\n<table>\r\n <tbody><tr>\r\n  <td>\r\n  <p><span>Same as in\r\n  Educational Psychology, Guidance and Counseling.<\/span><\/p>\r\n  <\/td>\r\n <\/tr>\r\n<\/tbody><\/table>\r\n\r\n<\/div>","subjects":"Economics, Mathematics and one (1) other Social Science\/Arts subject.","institutions_list":"DELSU"},{"id":"6024","title":"ELECTRICAL \/ELECTRONICS ENGINEERING","de_requirements":"<p><span>Two (2) 'A' Level passes in Mathematics, Physics or Chemistry<\/span><\/p>","utme_requirements":"<p><span>Five (5) SSC credit passes to include Mathematics, Physics,\r\nChemistry, English Language and any other Science subject.<\/span><\/p>","subjects":"Mathematics, Physics and Chemistry","institutions_list":"DELSU"},{"id":"5985","title":"ENGLISH & LITERARY STUDIES","de_requirements":"<p><span>(i) Five (5) O'Level credit passes in SSC\/GCE\/NECO<\/span><\/p><p><span>(ii) A Merit Pass in not less than two (2) Arts subjects including Literature in English at the G.C.E 'A' Level or at the Principle Level in the H.S.C examination or their equivalent.<\/span><\/p><p>(iii) A Pass in 'A' Level General Paper or NCE General English is not accepted in Lieu of an O' Level Credit Pass in SSC\/GCE\/NECO English. English Language or Literature courses taken at OND will not be accepted for admission into the Department<\/p><p><span><br><\/span><\/p><p><span><\/span><\/p>","utme_requirements":"<p><span>At least five SSC\/NECO\/GCE O' Level Credit Passes at not more than two sittings, to include English Language, Literature-in-English, plus one other Arts subject.<\/span><\/p>","subjects":"Use of English, Literature in English, CRS, and any other Arts\/Social Science subject","institutions_list":"DELSU"},{"id":"26295","title":"ENTREPRENEURSHIP","de_requirements":"<p>(a) DELSU Diploma in Marketing or Business Administration<\/p><p>(b) OND in Marketing with a grade Not lower than Merit Pass<\/p><p>(c) A'level passes in at least two (2) subjects (Marketing or Business. One of which must be Economics with a minimum of 6-points)<\/p>","utme_requirements":"<p>(i) O'Level Credit passes in five (5) subjects which must include:<\/p><p>(a) English Language<\/p><p>(b) Mathematics<\/p><p>(c) Economics\/Commerce<\/p><p>(d) Government or any other social science subjects<\/p>","subjects":"<p>English Language, Mathematics, Economics or Commerce, Government or any other social science subjects<\/p>","institutions_list":"DELSU"},{"id":"5979","title":"FINE ART\/FINE & APPLIED ARTS","de_requirements":"<p><span>(i) OND in Fine Art with a minimum grade of credit.<\/span><\/p><p><span>(ii) Diploma in Fine and Applied Arts, DELSU, with at least merit grade<\/span><\/p><p><span>(iii) A' Level passes in Fine and Applied Arts and one other subject with an aggregate of 9 points<\/span><\/p><p><span>(iv) JUPEB with a minimum of 3 points<\/span><\/p><p><span><br><\/span><\/p><p><span><br><\/span><\/p><p><span><br><\/span><\/p>","utme_requirements":"<p><span>(i) Candidates without Fine Art\/Visual Arts should possess at least five (5) O'Level credits which may include Mathematics, English Language, and four other subjects from Arts, Social Science and Science<\/span><\/p>","subjects":"<span>English Language and any other three subjects from Arts and Social Science<\/span>","institutions_list":"DELSU"},{"id":"5963","title":"FISHERIES","de_requirements":"<p><span>(i)\r\nTwo (2) 'A' Level passes in any of Chemistry, Biology, Botany, Zoology, Agricultural\r\nScience Geography, Mathematics (pure &amp; applied), Physics, Geology and\r\nEconomics.<\/span><\/p><p><span><o>&nbsp;<\/o:p><\/span><\/p><p>\r\n\r\n\r\n\r\n<span>(ii)NCE\r\nAgriculture<\/span><br><\/p>","utme_requirements":"<p><span>Five (5) SSC credit passes in Biology\/Agricultural\r\nScience, Chemistry, Mathematics and English Language plus any other Science\r\nsubject.<\/span><\/p><p>\r\n\r\n<\/p><p><span>&nbsp;<\/span><\/p>","subjects":"Chemistry, Biology\/Agricultural Science and any other Science subject.\r\n\r\n","institutions_list":"DELSU"},{"id":"6010","title":"FORESTRY & WILDLIFE","de_requirements":"<p><span>Two (2) \u2019A\u2019 Level passes in Chemistry and\r\nBiology or Agric Science or Zoology or Botany.<\/span><\/p>","utme_requirements":"<p><span>Five (5) SSC credit\r\npasses in English, Chemistry, Mathematics, Biology and one of Physics,\r\nEconomics, Further Mathematics and Statistics.<\/span><\/p>","subjects":"Chemistry, Biology\/Agriculture and Physics or Mathematics.","institutions_list":"DELSU"},{"id":"5986","title":"FRENCH","de_requirements":"<p><span>(i) Candidate must have at least a merit pass in French and one other Arts subject at the NCE level.<\/span><\/p><p><span>(ii) GCE A\/L passed should include French and one other Arts subject with an aggregate of at least 4 points<\/span><\/p><p><span>(iii) Certified Diploma in French from a recognized Institute like the Nigerian French Language Village and the likes will be accepted in place of A level French<\/span><\/p><p><span><br><\/span><\/p><p><span><\/span><\/p>","utme_requirements":"<p><span>Five (5) credit level passes in SSCE\/NECO\/GCE O'Level which may include Mathematics, English Language and four other subject from Arts, Social Science and Science<\/span>&nbsp;&nbsp;&nbsp;&nbsp;<span><\/span><\/p>","subjects":"<p>English Language, and any three from Arts, Social Science and Science&nbsp;&nbsp;&nbsp;&nbsp;<\/p>","institutions_list":"DELSU"},{"id":"5974","title":"GEOGRAPHY & REGIONAL PLANNING","de_requirements":"<p>\r\n\r\n<\/p><div>(i) NCE with at least merit passes in two subjects one of which must be Geography and any other Social Science subject.<\/div><div>(ii) GCE A' Level passes in at least two subjects to include Geography and any other Social Science subject with a minimum of 4 points<\/div>\r\n\r\n","utme_requirements":"Candidates must possess five (5) O' level credit passes in SSCE\/NECO\/GCE at not more than two sittings which must include English Language, Mathematics, Geography and any two other subjects from Arts, Science or Social Sciences.<p>\r\n\r\n<\/p><div>\r\n\r\n<\/div>\r\n\r\n","subjects":"English Language, Geography, and any two subjects from Science, Arts or Social Sciences","institutions_list":"DELSU"},{"id":"5997","title":"GEOLOGY","de_requirements":"<p><span>(i) Two (2) 'A' Level passes from Geology, Chemistry, Mathematics,\r\nPhysics, Biology and Geography.<\/span><\/p>","utme_requirements":"<p><span>Five (5) SSC credit passes in English Language, Biology, Chemistry,\r\nMathematics and any other subject.<\/span><\/p>","subjects":"Any three (3) of Chemistry, Physics, Mathematics, Biology and Geography. ","institutions_list":"DELSU"},{"id":"6030","title":"GUIDANCE & COUNSELLING","de_requirements":"<div>\r\n\r\n<table>\r\n <tbody><tr>\r\n  <td>\r\n  <p><span>'A' Level\r\n  passes or NCE in two (2) subjects plus the UTME requirements.<\/span><\/p>\r\n  <\/td>\r\n <\/tr>\r\n<\/tbody><\/table>\r\n\r\n<\/div>","utme_requirements":"<div>\r\n\r\n<table>\r\n <tbody><tr>\r\n  <td>\r\n  <p><span>Five (5) 'O'\r\n  Level NTC\/NBC credit passes or TC II merit including English Language with 'O'\r\n  Level pass in Mathematics.<\/span><\/p>\r\n  <\/td>\r\n <\/tr>\r\n<\/tbody><\/table>\r\n\r\n<\/div>","subjects":"Any three (3) subjects.\r\n\r\n","institutions_list":"DELSU"},{"id":"5994","title":"HEALTH EDUCATION","de_requirements":"<div>\r\n\r\n<table>\r\n <tbody><tr>\r\n  <td>\r\n  <p><span>i)&nbsp; Two (2) 'A' Level passes in any of Biology,\r\n  Chemistry, Physics and Mathematics.<\/span><\/p>\r\n  <p><span>&nbsp;<\/span><\/p>\r\n  <p><span>(ii)&nbsp; NCE merit in Physical Education and credit\r\n  in Arithmetical process or Mathematics.<\/span><\/p>\r\n  <p><span>&nbsp;<\/span><\/p>\r\n  <p><span>(iii)&nbsp; Diploma in Health Education, Environmental Sanitation,\r\n  Physical Education, Social work, Health Administration with overall grades of\r\n  merit plus three (3) 'O' Level credit passes\/TC II merit which should include\r\n  English Language.<\/span><\/p>\r\n  <p><span><o>&nbsp;<\/o:p><\/span><\/p>\r\n  <p><span>(iv) NCE in\r\n  Biology, Health Education, and Integrated Science with a pass grade plus two\r\n  (2) 'O' Level credit passes\/TC II merit passes.<\/span><\/p>\r\n  <p><span><o>&nbsp;<\/o:p><\/span><\/p>\r\n  <p><span>(v)&nbsp;&nbsp;&nbsp; Registered Nurse plus five (5) 'O' Level credit\r\n  passes to include English Language.<\/span><\/p>\r\n  <p><span><o>&nbsp;<\/o:p><\/span><\/p>\r\n  <\/td>\r\n <\/tr>\r\n<\/tbody><\/table>\r\n\r\n<\/div>","utme_requirements":"<div>\r\n\r\n<table>\r\n <tbody><tr>\r\n  <td>\r\n  <p><span>i) Five (5) SSC\r\n  credit passes\/TC II merit passes including&nbsp;&nbsp;&nbsp;&nbsp;\r\n  English Language, Biology or its equivalent.<\/span><\/p>\r\n  <p><span>&nbsp;<\/span><\/p>\r\n  <p><span>ii) Five (5) SSC\r\n  credit passes\/TC II merit passes to include English Language and Mathematics.<\/span><\/p>\r\n  <\/td>\r\n <\/tr>\r\n<\/tbody><\/table>\r\n\r\n<\/div>","subjects":"Biology and any two (2) relevant subjects.\r\n\r\n","institutions_list":"DELSU"},{"id":"5992","title":"HISTORY & INTERNATIONAL STUDIES","de_requirements":"<p><span>Candidates seeking admission into the three-year degree programme must obtain at least a merit pass at the NCE level, pass at the GCE (advanced level or HSC A\/Level) in one of the following subjects: History, Government, Economic History, Economics, English, Geography and any other related Diploma in Mass Communication, Social Work, Administration and Law of the Delta State University<\/span><br><\/p>","utme_requirements":"<p><span>Candidate must have a credit pass in English Language, and in History or Government and at least three other Arts, Social Science subjects as well as a minimum of pass in Mathematics at the Senior Secondary School Certificate Level or its equivalent for admission into the four-year degree programme. the O'Level Credits, which should be in at least five subjects should be obtained at not more than two sittings.<\/span><br><\/p>","subjects":"<p><span>Candidates must have a credit pass in English Language, and in History or Government and at least three other Arts\/Social<\/span><span>\ufeff Science subjects as well as a minimum of pass in Mathematics at the Senior Secondary School Certificate Level or its equivalent for admission into the four-year degree programme. The O'level Credits, which should be in at least five subjects should be obtained at not more than two sittings.<\/span><\/p>","institutions_list":"DELSU"},{"id":"6012","title":"HOME ECONOMICS & EDUCATION","de_requirements":"<div>\r\n\r\n<table>\r\n <tbody><tr>\r\n  <td>\r\n  <p><span>(i)&nbsp;&nbsp;&nbsp; NCE merit in Home Economics <\/span><\/p>\r\n  <p><span>(ii) 'A' Level\r\n  passes in two (2) of Chemistry or any Biology, Botany and Agricultural\r\n  Science.<\/span><\/p>\r\n  <\/td>\r\n <\/tr>\r\n<\/tbody><\/table>\r\n\r\n<\/div><p>\r\n\r\n<span>(iii)\r\nND\/HND credit in Home Economics or Food Science or Hotel and Catering\r\nManagement or any other related programme<\/span><br><\/p>","utme_requirements":"<div>\r\n\r\n<table>\r\n <tbody><tr>\r\n  <td>\r\n  <p><span>Five (5) 'O' Level NTC\/NBC credit passes or TC II merit\r\n  including English Language, Mathematics, Home Economics, Biology and\r\n  Chemistry.<\/span><\/p>\r\n  <\/td>\r\n <\/tr>\r\n<\/tbody><\/table>\r\n\r\n<\/div>","subjects":"Chemistry, Biology or Agricultural Science and one (1) other subject.","institutions_list":"DELSU"},{"id":"5996","title":"INDUSTRIAL CHEMISTRY","de_requirements":"<p><span>At least two 'A' level passes in Chemistry and Mathematics or Physics or Biology<\/span><\/p>","utme_requirements":"<p><span><span>Five (5) 'O' level credits which must include Chemistry, English Language, Mathematics, Physics and one other science subject<\/span><\/span><\/p>","subjects":"English Language, Chemistry, Physics and Mathematics or Biology","institutions_list":"DELSU"},{"id":"5990","title":"INDUSTRIAL MATHEMATICS","de_requirements":"<p><span>(i)&nbsp;&nbsp;&nbsp; Two\r\n(2) 'A' Level passes from Mathematics, Physics, Economics or Chemistry.<\/span><\/p><p>\r\n\r\n<span>(ii)\r\nNCE merit in relevant subjects.<\/span><br><\/p>","utme_requirements":"<p><span>Five (5) SSC credit passes in English Language, Mathematics, Physics and\r\ntwo (2) other Science subjects.<\/span><\/p>","subjects":"Mathematics and any two (2) of Physics, Chemistry, Economics, Biology and Agricultural Science.","institutions_list":"DELSU"},{"id":"5956","title":"LAW","de_requirements":"<p><span>&nbsp;<\/span><span>i) Candidate must possess GCE\r\nA\u2019Level &nbsp;&nbsp;&nbsp;passes in two (2) subjects one of which &nbsp;&nbsp;&nbsp;must\r\ninclude Literature in English with a &nbsp;&nbsp;&nbsp;minimum of <\/span><b>12 points.<\/b><\/p>\r\n\r\n<p><span>ii) Credit in DELSU Diploma\r\nin Law<\/span><\/p>\r\n\r\n<span>iii) Degrees in the Humanities with a &nbsp;&nbsp;&nbsp;&nbsp;second\r\nclass upper division is accepted &nbsp;&nbsp;&nbsp;&nbsp;for Law.<\/span>","utme_requirements":"<p><span>Candidate must possess at least five (5) credit\r\npasses which must include English Language, Literature in English and\r\nMathematics in not more than two sittings and two other subjects from Arts and\r\nSocial Sciences.&nbsp;<\/span><br><\/p>","subjects":"<span>English Language, English Literature and any\r\nother two subject in Art\/Social Science.<\/span>","institutions_list":"DELSU"},{"id":"6028","title":"LIBRARY & INFORMATION SCIENCE","de_requirements":"<div>\r\n\r\n<table>\r\n <tbody><tr>\r\n  <td>\r\n  <p><span>(i) Two (2) 'A'\r\n  Level passes in relevant subject plus the UTME requirements. <\/span><\/p>\r\n  <p><span>(ii) NCE merit\r\n  in relevant subjects.<\/span><\/p>\r\n  <\/td>\r\n <\/tr>\r\n<\/tbody><\/table>\r\n\r\n<\/div>","utme_requirements":"<div>\r\n\r\n<table>\r\n <tbody><tr>\r\n  <td>\r\n  <p><span>Five (5) SSC\r\n  credit passes in English Language, Mathematics and three (3) other relevant\r\n  Arts\/Sciences\/Social Sciences subjects.<\/span><\/p>\r\n  <\/td>\r\n <\/tr>\r\n<\/tbody><\/table>\r\n\r\n<\/div>","subjects":"Any three (3) subjects.","institutions_list":"DELSU"},{"id":"5999","title":"LINGUISTIC & URHOBO","de_requirements":"<p><span>(i) A minimum of two passes at HSC, JUPEB, GCE (Advanced Level), its equivalent.<\/span><\/p><p><span>(ii) NCE at merit pass in English Language or any Nigerian Language<\/span><\/p><p><span>(iii) OND\/HND\/Diploma in Mass Communication\/Theatre Arts\/English\/Literature\/Law\/Music with minimum of merit pass.<\/span><\/p><p><span>(iv) English and any other subject are also acceptable (at NCE level)<\/span>&nbsp;&nbsp;&nbsp;&nbsp;<\/p><p><span><br><\/span><\/p><p><span><br><\/span><\/p><p><span><\/span><\/p>","utme_requirements":"<p><span>Five (5) credit level passes in SSCE\/NECO\/GCE O'Level which may include Mathematics, English Language, three other subject from Arts, Social Science and Science<\/span><\/p>","subjects":"English Language, and any three from Arts, Social Science and Science","institutions_list":"DELSU"},{"id":"6002","title":"LINGUISTICS","de_requirements":"<p><span>(i) A minimum of two passes at HSC, JUPEB, GCE (Advanced Level), its equivalent.<\/span><\/p><p><span>(ii) NCE at merit pass in English Language or any Nigerian Language.<\/span><\/p><p><span>(iii) OND\/HND\/Diploma in Mass Communication\/Theatre Arts\/English\/Literature\/Law\/Music with minimum of merit pass.<\/span><\/p><p><span>(iv) English and any other subject are also acceptable (at NCE level).<\/span><\/p><p><span><br><\/span><\/p><p><span><br><\/span><\/p><p><span><br><\/span><\/p><p><span><br><\/span><\/p><p><span><\/span><\/p>","utme_requirements":"<p><span>Five (5) credit level passes in SSCE\/NECO\/GCE O'level which may include Mathematics, English Language, three other subject from Arts, Social Science and Science<\/span><\/p>","subjects":"English Language, and any three from Arts, Social Science and Science","institutions_list":"DELSU"},{"id":"6022","title":"MARKETING","de_requirements":"<p><span>(i) DELSU Diploma in Marketing or Business Administration<\/span><\/p><p><span>(ii) OND in Marketing with a grade not Lower than merit pass<\/span><\/p><p><span>(iii) A' Level passes in at least two (2) subjects (Marketing or Business), one of which must be Economics with a minimum of 6 points<\/span><\/p><p><span><br><\/span><\/p><p><span><\/span><\/p>","utme_requirements":"<p><span>(i) O' Level Credit passes in Five (5) subjects which must include:<\/span><\/p><p><span>(a) English Language&nbsp;<\/span><\/p><p><span>(b) Mathematics&nbsp;<\/span><\/p><p><span>(c) Economics\/Commerce<\/span><\/p><p><span>(d) Government or any other Social Science subjects<\/span><\/p><p><span><br><\/span><\/p><p><span><br><\/span><\/p><p><span><br><\/span><\/p><p><span><\/span><\/p>","subjects":"<p>(i) English Language<\/p><p>(ii) Mathematics<\/p><p>(iii) Economics or Commerce<\/p><p>(iv) Government or any other Social Science subject<\/p>","institutions_list":"DELSU"},{"id":"6009","title":"MASS COMMUNICATION","de_requirements":"<p><span>Two (2) 'A' Level passes in Arts or Social Science subjects.<\/span><span><\/span><\/p>","utme_requirements":"<p><span>Five (5) SSC credit passes in English Language and four (4) other subjects in Arts or Social Sciences.<\/span>&nbsp;&nbsp;&nbsp;&nbsp;<span><\/span><\/p>","subjects":"Any three (3) from Arts or Social Science subjects.","institutions_list":"DELSU"},{"id":"6007","title":"MATHEMATICS","de_requirements":"<p><span>) Two\r\n(2) 'A' Level passes in Mathematics and any other science subject.<\/span><\/p><p>\r\n\r\n<span>(ii)&nbsp;&nbsp;&nbsp;&nbsp;&nbsp;&nbsp;&nbsp;&nbsp;&nbsp;&nbsp; NCE merit in Mathematics and one (1)\r\nof Physics, Chemistry or Economics<\/span><br><\/p>","utme_requirements":"<p><span>Five (5) SSC credit passes including English Language, Mathematics and\r\nPhysics or Chemistry.<\/span><\/p>","subjects":"Mathematics and any two (2) of Physics, Chemistry and Economics or Geography.","institutions_list":"DELSU"},{"id":"6026","title":"MECHANICAL & METALLURGICAL ENGINEERING","de_requirements":"<p><span>'A'\r\nLevel passes in any two (2) of Physics, Mathematics and Chemistry<\/span><\/p>","utme_requirements":"<p><span>Five\r\n(5) SSC credit passes to include Physics, Chemistry, Mathematics, English\r\nLanguage and one other Science subject.<\/span><\/p>","subjects":"Physics, Chemistry and Mathematics.","institutions_list":"DELSU"},{"id":"6025","title":"MECHANICAL ENGINEERING","de_requirements":"<p><span>(i)<span>&nbsp;&nbsp;&nbsp;&nbsp;&nbsp;&nbsp;&nbsp;\r\n<\/span><\/span><span>Two\r\n(2) 'A' Level passes from Chemistry, Physics and Mathematics.<\/span><\/p><p>\r\n\r\n<\/p><p><span>(ii)<span>&nbsp;&nbsp;&nbsp;&nbsp;&nbsp;&nbsp;\r\n<\/span><\/span><span>ND\r\nupper credit, NCE technical and HND in Mech. Engineering.<\/span><\/p>","utme_requirements":"<p><span>Five (5) SSC\r\ncredit passes to include Physics, Chemistry, Mathematics, English Language and\r\nany other Science subject.<\/span><\/p>","subjects":"Mathematics, Physics and Chemistry.","institutions_list":"DELSU"},{"id":"5964","title":"MEDICAL BIOCHEMISTRY","de_requirements":"<p><span><span>(i) HSC or GCE A' Level passes in Physics, Chemistry and Biology with a minimum of 11 points.<\/span><\/span><\/p><p><span><span>(ii) Zoology (Botany may be accepted in lieu of Biology or Zoology)<\/span><\/span><\/p><p><span><span>(iii) First degree in relevant Biological Sciences not below Second Class Lower Division<\/span><\/span><\/p><p><span><span><br><\/span><\/span><\/p><p><span><span><br><\/span><\/span><\/p><p><span><span><br><\/span><\/span><\/p><p><span><span><br><\/span><\/span><\/p>","utme_requirements":"<p><span>Candidates should possess SSCE or NECO or GCE O' Level or its equivalent with credit pass in at least five (5) subjects which must include English Language, Mathematics, Physics, Chemistry and Biology in not more than two sittings.<\/span><\/p>","subjects":"English Language, Chemistry, Biology and Physics","institutions_list":"DELSU"},{"id":"26292","title":"MEDICAL LABORATORY SCIENCE","de_requirements":"<p><span>Candidates are to possess in addition to\r\nthe O level requirements either Medical Laboratory Technician Certificate\r\n(MLT), B.Sc degree no below second class upper and HND not below upper credit\r\nin relevant areas such as Biochemistry, Anatomy, Physiology, Microbiology,\r\nScience Laboratory Technology, Pharmacology, Animal and Environmental Biology,\r\nBotany and others considered relevant by the Department of MLS. Candidates\r\nholding three GCE A\/L, JUPEB or IJMB certificates in Biology, Chemistry and\r\nPhysics with minimum of Grade B in the subjects plus O\/L Credits in five\r\nsubjects \u2013 Mathematics, Physics, Chemistry, Biology and English Language.<\/span><\/p>","utme_requirements":"<p><span>Candidates\r\nseeking enrolment into the B.MLS programme through UTME should possess a\r\nminimum entry qualification of five \u201cO\u201d Level passes at credit level in English\r\nLanguage, Mathematics, Physics, Biology and Chemistry at one sitting.&nbsp;<\/span><\/p>","subjects":"<p><span>The UTME subjects are English Language, Physics, Biology &nbsp;and &nbsp;Chemistry<\/span><span><\/span><\/p>","institutions_list":"DELSU"},{"id":"5969","title":"MEDICINE & SURGERY","de_requirements":"<p><span>(i)\r\n'A' Level passes in Physics, Chemistry and Biology or Zoology in addition to the\r\nUTME requirements.<\/span><\/p><p>\r\n\r\n<\/p><p><span>(ii) BSC, BOS, etc in relevant programme.<\/span><\/p>","utme_requirements":"<p><span>Five\r\n(5) SSC credit passes in English Language, Mathematics, Physics, Chemistry and\r\nBiology.<\/span><\/p>","subjects":"Physics, Chemistry and Biology.","institutions_list":"DELSU"},{"id":"6008","title":"MICROBIOLOGY","de_requirements":"<p><span>Two (2) 'A' Level passes in Chemistry and any one (1) from Biology,\r\nZoology or Botany.<\/span><\/p>","utme_requirements":"<p><span>Five (5) SSC credit passes in English Language, Mathematics, Chemistry,\r\nBiology and Physics.<\/span><\/p>","subjects":"Biology, Chemistry and either Physics or Mathematics.","institutions_list":"DELSU"},{"id":"6004","title":"MUSIC","de_requirements":"<p><span>Two\r\n(2) \u2018A\u2019 Level passes to include Music.<\/span><\/p>","utme_requirements":"<p><span>Five\r\n(5) SSC credit passes including Music and English Language.<\/span><\/p>","subjects":"Music, one other Arts subject plus any other subject.","institutions_list":"DELSU"},{"id":"6029","title":"NURSERY & PRIMARY EDUCATION","de_requirements":"<div>\r\n\r\n<table>\r\n <tbody><tr>\r\n  <td>\r\n  <p><span>Two (2) 'A' Level passes chosen from relevant subjects.<\/span><\/p>\r\n  <\/td>\r\n <\/tr>\r\n<\/tbody><\/table>\r\n\r\n<\/div>","utme_requirements":"<div>\r\n\r\n<table>\r\n <tbody><tr>\r\n  <td>\r\n  <p><span>Five (5) 'O'\r\n  Level credit passes including English Language.<\/span><\/p>\r\n  <\/td>\r\n <\/tr>\r\n<\/tbody><\/table>\r\n\r\n<\/div>","subjects":"Any three (3) subjects.","institutions_list":"DELSU"},{"id":"5967","title":"NURSING\/NURSING SCIENCE","de_requirements":"<table>\r\n <tbody><tr>\r\n  <td>\r\n  <p><span>(i)<span>&nbsp;&nbsp;&nbsp;&nbsp;&nbsp;&nbsp;&nbsp;&nbsp;&nbsp;&nbsp;&nbsp;&nbsp;&nbsp;\r\n  <\/span><\/span><span>'A' Level passes in any two (2) of Physics, Chemistry,\r\n  Biology and Mathematics<\/span><\/p>\r\n  <p><span>(ii)<span>&nbsp;&nbsp;&nbsp;&nbsp;&nbsp;&nbsp;&nbsp;&nbsp;&nbsp;&nbsp;&nbsp;\r\n  <\/span><\/span><span>ND Upper Credit in Prosthesis and Orthopaedic\r\n  Technology. <\/span><\/p>\r\n  <\/td>\r\n <\/tr>\r\n <tr>\r\n  <td>\r\n  <p><span>(i)<span>&nbsp;&nbsp;&nbsp;&nbsp;&nbsp;&nbsp;&nbsp;&nbsp;&nbsp;&nbsp;&nbsp;&nbsp;&nbsp;\r\n  <\/span><\/span><span>Two\r\n  (2) 'A' Level passes in Biology\/ Zoology, Chemistry and Physics plus &nbsp;three (3) other 'O' Level credit passes in\r\n  Mathematics, Physics and English Language.<\/span><span><\/span><\/p>\r\n  <p><span>(ii)<span>&nbsp;&nbsp;&nbsp;&nbsp;&nbsp;&nbsp;&nbsp;&nbsp;&nbsp;&nbsp;&nbsp;\r\n  <\/span><\/span><span>NRN\r\n  or its approved equivalent plus five (5) 'O' Level credit passes&nbsp; in English Language and four (4) Science\r\n  subjects chosen from Mathematics, Physics, Chemistry, Biology, Human Anatomy,\r\n  Physiology and Hygiene, Health Science, Further Mathematics and General\r\n  Science.<\/span><span><\/span><\/p>\r\n  <p><span><o>&nbsp;<\/o:p><\/span><\/p>\r\n  <\/td>\r\n <\/tr>\r\n<\/tbody><\/table>","utme_requirements":"<p><span>Five (5) SSC credit passes\r\nincluding English Language, Physics, Mathematics, Chemistry and Biology.<\/span><\/p>","subjects":"Chemistry, Biology and Physics.","institutions_list":"DELSU"},{"id":"6023","title":"OFFICE & INFORMATION MANAGEMENT","de_requirements":"<p><span>'A'\r\nLevel passes to include Physics, Chemistry and Mathematics.<\/span><\/p>","utme_requirements":"<p><span>Five\r\n(5) SSC credits to include Physics, Chemistry, Mathematics, English Language\r\nand any one Science subject.<\/span><\/p>","subjects":"Chemistry, Mathematics and Physics","institutions_list":"DELSU"},{"id":"26296","title":"OFFICE AND INFORMATION MANAGEMENT","de_requirements":"<p><span>(&nbsp; &nbsp; &nbsp;(a) National\r\nDiploma in relevant social and management sciences discipline with a minimum of\r\nupper credit from a recognized polytechnic.<\/span><\/p><p>\r\n\r\n<span>(b) Delsu Diploma in relevant\r\nsocial and management sciences discipline with a merit pass&nbsp;<\/span><br><\/p>","utme_requirements":"<p><span>Five\r\ncredit passes in O\\L should include English Language, Mathematics, Economics or\r\nCommerce and two other credits&nbsp;<\/span><br><\/p>","subjects":"<p><span>English\r\nLanguage, Mathematics, Economics and Government or Commerce<\/span><\/p>","institutions_list":"DELSU"},{"id":"5972","title":"PETROLEUM ENGINEERING","de_requirements":"<p><span>Two (2) 'A' Level passes\r\nin any of Physics, Chemistry and Biology plus UTME entry requirements.<\/span><\/p>","utme_requirements":"<p><span>Five (5) SSC credit passes\r\nin English Language, Maths, Physics, Chemistry. &amp; Biology.<\/span><\/p>","subjects":"Physics, Chemistry and Biology.","institutions_list":"DELSU"},{"id":"5970","title":"PHARMACOLOGY & THERAPEUTICS","de_requirements":"<p><span>Three\r\n(3) 'A' Level passes in Chemistry, Biology\/Zoology and Physics or Mathematics\r\nplus UTME requirements.<\/span><\/p>","utme_requirements":"<p><span>Five\r\n(5) SSC credit passes in English Language, Mathematics, Physics, Chemistry and\r\nBiology.<\/span><\/p>","subjects":"Physics, Chemistry and Biology.","institutions_list":"DELSU"},{"id":"6005","title":"PHARMACY","de_requirements":"<p><span>(i) 2 A\/L Credit Passes in any Arts or Social Sciences with minimum of 9 points.<\/span><\/p><p><span>(ii) Merit pass in DELSU Diploma in Law<\/span><\/p><p><span><\/span><\/p>","utme_requirements":"<p><span>5 O\/L (WAEC or NECO) Credit passes, including English Language and Mathematics and other three subjects. A Pass in Mathematics is acceptable but students must have five (5) credit passes with English Language.<\/span><\/p>","subjects":"English Language and any other three subjects","institutions_list":"DELSU"},{"id":"6020","title":"PHILOSOPHY","de_requirements":"<p><span>Two (2) 'A' Level passes including Government or History.<\/span><span><\/span><\/p>","utme_requirements":"<p><span>Five (5) SSC credit passes in Government or History, English Language and three (3) other subjects. &nbsp;A pass in Mathematics is required.<\/span><span><\/span><\/p>","subjects":"Government and any other two (2) subjects","institutions_list":"DELSU"},{"id":"5991","title":"PHYSICAL & HEALTH EDUCATION","de_requirements":"<div>\r\n\r\n<table>\r\n <tbody><tr>\r\n  <td>\r\n  <p><span>(i)&nbsp; Two (2) 'A' Level passes in any of Biology,\r\n  Chemistry, Physics and Mathematics.<\/span><\/p>\r\n  <p><span>&nbsp;<\/span><\/p>\r\n  <p><span>(ii)&nbsp; NCE merit in Physical Education and credit\r\n  in Arithmetical process or Mathematics.<\/span><\/p>\r\n  <p><span>&nbsp;<\/span><\/p>\r\n  <p><span>(iii)&nbsp; Diploma in Health Education, Environmental Sanitation,\r\n  Physical Education, Social work, Health Administration with overall grades of\r\n  merit plus three (3) 'O' Level credit passes\/TC II merit which should include\r\n  English Language.<\/span><\/p>\r\n  <p><span><o>&nbsp;<\/o:p><\/span><\/p>\r\n  <p><span>(iv) NCE in\r\n  Biology, Health Education, and Integrated Science with a pass grade plus two\r\n  (2) 'O' Level credit passes\/TC II merit passes.<\/span><\/p>\r\n  <p><span><o>&nbsp;<\/o:p><\/span><\/p>\r\n  <p><span>(v)&nbsp;&nbsp;&nbsp; Registered Nurse plus five (5) 'O' Level credit\r\n  passes to include English Language.<\/span><\/p>\r\n  <\/td>\r\n <\/tr>\r\n<\/tbody><\/table>\r\n\r\n<\/div>","utme_requirements":"<div>\r\n\r\n<table>\r\n <tbody><tr>\r\n  <td>\r\n  <p><span>i) Five (5) SSC\r\n  credit passes\/TC II merit passes including&nbsp;&nbsp;&nbsp;&nbsp;\r\n  English Language, Biology or its equivalent.<\/span><\/p>\r\n  <p><span>&nbsp;<\/span><\/p>\r\n  <p><span>ii) Five (5) SSC\r\n  credit passes\/TC II merit passes to include English Language and Mathematics.<\/span><\/p>\r\n  <p><span>&nbsp;<\/span><\/p>\r\n  <\/td>\r\n <\/tr>\r\n<\/tbody><\/table>\r\n\r\n<\/div>","subjects":"Biology and any two (2) relevant subjects.\r\n\r\n","institutions_list":"DELSU"},{"id":"5982","title":"PHYSICS","de_requirements":"<p><span>NCE\/Two (2) 'A' Level passes in Physics and Mathematics or Chemistry.<\/span><\/p>","utme_requirements":"<p><span>Five (5) SSC credit passes in English Language, Physics, Chemistry,\r\nMathematics and any other Science subject from Further Mathematics and Biology\r\nor Agricultural Science.<\/span><\/p>","subjects":"Physics, Mathematics and Chemistry or Biology.","institutions_list":"DELSU"},{"id":"5973","title":"PHYSIOLOGY","de_requirements":"<p><span>Two\r\n(2) 'A' Level passes chosen from Chemistry, Physics and Biology\/Zoology.<\/span><\/p>","utme_requirements":"<p><span>Five (5) SSC credit passes in English Language,\r\nMaths, Physics, Chemistry and Biology.<\/span><br><\/p>","subjects":"Physics, Chemistry and Biology","institutions_list":"DELSU"},{"id":"6016","title":"POLITICAL SCIENCE","de_requirements":"<p><span>i) DELSU Diploma in Public\r\nAdministration &nbsp;&nbsp;&nbsp;with a merit pass<\/span><\/p><p><span>ii) OND in Political Science\r\nwith a grade not &nbsp;&nbsp;&nbsp;&nbsp;lower than upper credit<\/span><\/p><p>\r\n\r\n\r\n\r\n<span>ii)&nbsp;A\u2019 Level passes in at least two Social &nbsp;&nbsp;&nbsp;&nbsp;Science\r\nsubjects. One of which must be &nbsp;&nbsp;&nbsp;&nbsp;Government with\r\na&nbsp;minimum of <b>6 &nbsp;&nbsp;&nbsp;&nbsp;points<\/b><\/span><br><\/p>","utme_requirements":"<p><span>O\/Level credits passes in five subjects which\r\nmust include English Language, Mathematics, Government, one Social Science and\r\nany<\/span><span> of Science or Arts subjects.<\/span><br><\/p>","subjects":"<span>English Language, Government, one other Social\r\nScience subjects and any other subject.<\/span>","institutions_list":"DELSU"},{"id":"6019","title":"PSYCHOLOGY","de_requirements":"<p><span>GCE A' Level passes in at least two subjects which should include one social science subject with a minimum of 6 points<\/span><\/p>","utme_requirements":"<p><span>Five credit passes at SSCE\/NECO\/GCE O' Level which should include English Language, Mathematics, Biology\/Health Science, one social science and any other subject<\/span><\/p>","subjects":"English Language, Mathematics and any other two subjects","institutions_list":"DELSU"},{"id":"6006","title":"PUBLIC ADMINISTRATION","de_requirements":"<p><span>(i) Two (2) A\/L passes in CRS and one other Arts or Social Sciences subject with minimum of 9 points<\/span><\/p><p><span>(ii) Merit Pass in NCE, one of the subject must be Religious Studies<\/span><\/p><p><span>(iii) Merit Pass in DELSU Diploma in Law, Social Studies Education, or Guidance and Counselling<\/span>&nbsp; &nbsp;<\/p><p><span><br><\/span><\/p><p><span><\/span><\/p>","utme_requirements":"<p><span>5 O\/L (WAEC or NECO) Credit Passes including English Language, CRS and Mathematics and any other two subjects. A pass in Mathematics is acceptable but students must have five (5) credit passes with English Language and CRS.<\/span><\/p>","subjects":"Christian Religious Studies (CRS, English Language and any other two subjects)","institutions_list":"DELSU"},{"id":"26294","title":"PUBLIC ADMINISTRATION","de_requirements":"<p><span>a)<span>&nbsp;&nbsp;&nbsp;&nbsp;\r\n<\/span><\/span><span>(a) DELSU\r\nDiploma in Public Administration with a merit pass<\/span><\/p><p><span>b)<span>&nbsp; &nbsp; &nbsp;<\/span><\/span><span>(b) OND\r\nin Political Science with a grade not lower than <b>Merit Pass <\/b>&nbsp;<\/span><\/p><p><span>c)<span>&nbsp;&nbsp;&nbsp;&nbsp;&nbsp;\r\n<\/span><\/span><span>(c) OND\r\nin Business Administration, Economics with at least <b>Merit Pass<\/b> <\/span><\/p><p>\r\n\r\n\r\n\r\n\r\n\r\n<span>(d) 'A\u2019 level passes in at\r\nleast two Social Science subjects, one of which must be Government with a\r\nminimum of <b>6 points.<\/b><\/span><br><\/p>","utme_requirements":"<p><span>O\u2019Level\r\ncredit passes in five subjects which must include English Language,\r\nMathematics, Government, Economics or Commerce and any other management or\r\nsocial science subjects.&nbsp;<\/span><\/p>","subjects":"<p><span>English\r\nLanguage, Mathematics, Government and Economics or Commerce and any other\r\nmanagement or social science subjects.&nbsp;<\/span><\/p>","institutions_list":"DELSU"},{"id":"6011","title":"RELIGIOUS STUDIES","de_requirements":"<p><span>Two (2) 'A' Level passes in Chemistry and any one (1) from Biology,\r\nZoology or Botany.<\/span><\/p>","utme_requirements":"<p><span>Five (5) SSC credit passes in English Language, Mathematics, Chemistry,\r\nBiology and Physics.<\/span><\/p>","subjects":"Biology, Chemistry and either Physics or Mathematics.","institutions_list":"DELSU"},{"id":"6021","title":"SCIENCE LABORATORY TECHNOLOGY","de_requirements":"<p><span>Two (2) 'A' Level passes including Government or History.<\/span>&nbsp;&nbsp;&nbsp;&nbsp;<span><\/span><\/p>","utme_requirements":"<p><span>Five (5) SSC credit passes in Government or History, English Language and three (3) other subjects. &nbsp;A pass in Mathematics is required.<\/span><span><\/span><\/p>","subjects":"Three (3) Social Science or Arts subjects.","institutions_list":"DELSU"},{"id":"6001","title":"SOCIOLOGY","de_requirements":"<p><span>Two (2) \u2018A\u2019 Level passes in Chemistry and\r\none of Zoology\/Botany\/Agric Science\/Biology, Geography, Mathematics, Physics,\r\nGeology, Economics and Health Science.<\/span><\/p><p>\r\n\r\n<\/p><p><span>&nbsp;<\/span><\/p>","utme_requirements":"<p><span>Five (5) SSC credit passes in English Language\r\nMathematics, Chemistry, Biology\/Agricultural Science and any other Science\r\nsubject.<\/span><\/p><p><span>&nbsp;<\/span><\/p><p>\r\n\r\n\r\n\r\n<\/p><p><span>&nbsp;<\/span><\/p>","subjects":"Chemistry, Biology or Agricultural Science plus Mathematics or Physics.","institutions_list":"DELSU"},{"id":"6014","title":"TEACHER EDUCATION SCIENCE:","de_requirements":"<div>\r\n\r\n<table>\r\n <tbody><tr>\r\n  <td>\r\n  <p><span>(i)&nbsp; Two (2) 'A' Level passes in relevant\r\n  teaching subjects including Literature in English.<\/span><\/p>\r\n  <p><span>(ii)&nbsp; NCE\r\n  credit or merit in two(2)relevant subjects.<\/span><\/p>\r\n  <\/td>\r\n <\/tr>\r\n<\/tbody><\/table>\r\n\r\n<\/div>","utme_requirements":"<div>\r\n\r\n<table>\r\n <tbody><tr>\r\n  <td>\r\n  <p><span>Five (5) 'O'\r\n  Level credit passes to include English Language and Literature in English plus\r\n  three (3) other Arts or Social Science subjects.<\/span><\/p>\r\n  <\/td>\r\n <\/tr>\r\n<\/tbody><\/table>\r\n\r\n<\/div>","subjects":"Literature in English and one (1) Art and any other subject.","institutions_list":"DELSU"},{"id":"6003","title":"TECHNICAL EDUCATION","de_requirements":"<p>(i) NCE (Technical) with an overall merit or above.<\/p><p>(ii) Full Technological Certificate or National Diploma (ND) or HND or Advanced Technological Certificate (ANTC).<\/p><p>(iii) GCE Advanced Level\/HSC in two of the following subjects: Chemistry, Physics and Mathematics plus three credits in WASC\/SSE\/GCE O\/L including English Language and Mathematics<\/p><p><div>\r\n\r\n<\/div><\/p>","utme_requirements":"<div><span>(i) GCE O\/L, WASC or SSC or its equivalent pass with credits in five subjects in Mathematics, English Language, Physics or Chemistry and any other Arts\/Social Science\/Science subjects.<\/span><\/div><div><span>(ii) City and Guilds Intermediate in addition to three credits pass in WASC\/GCE\/NECO\/NTC ordinary level in Mathematics, English Language, Physics or Chemistry and any other Arts\/Social Science\/Science subjects.<\/span><\/div>","subjects":"<p>(i) English Language<\/p><p>(ii) Mathematics<\/p><p>(iii) Physics or Chemistry<\/p><p>(v) Any other Science or Social Science subjects<\/p>","institutions_list":"DELSU"},{"id":"5983","title":"THEATRE ARTS","de_requirements":"<p><span>NCE Merit in Theatre Arts and other related Arts in addition to the required Five (5) credits SSCE, GCE O\/L, NECO, Candidates with Diploma (Upper Credit and above) in related Arts (Fine Art, Music, Mass Communication and Literature) may be admitted for the 3 years degree programme.<\/span><\/p>","utme_requirements":"<p><span>The University general admission requirements is five (5) credits at SSCE level or its equivalent, including English and Literature, earned at not more than two sitting.<\/span><\/p>","subjects":"<span>The UME subjects are Literature in English, English Language and three others from Arts\/Social Science<\/span>","institutions_list":"DELSU"},{"id":"6000","title":"ZOOLOGY","de_requirements":"<p><span>Two (2) 'A' Level passes or NCE in Biology, Zoology or Botany and one\r\nother Science subject<\/span><\/p>","utme_requirements":"<p><span>Five (5) SSC credit passes in English Language, Mathematics, Biology and\r\ntwo (2) other Science subject.<\/span><\/p>","subjects":"Biology and any two (2) of Physics, Chemistry and Mathematics.","institutions_list":"DELSU"}]