[{"id":"17","title":"ACCOUNTING","de_requirements":"<p>\r\n\r\n<\/p><div>\r\n\r\n<table>\r\n <tbody><tr>\r\n  <td>\r\n  <p><span>Two\r\n  (2)'A' Level passes including Economics.<\/span><\/p>\r\n  <\/td>\r\n <\/tr>\r\n<\/tbody><\/table>\r\n\r\n<\/div>\r\n\r\n","utme_requirements":"<p>\r\n\r\n<\/p><div>\r\n\r\n<table>\r\n <tbody><tr>\r\n  <td>\r\n  <p><span>Five\r\n  (5) SSC credit passes including English Language, Mathematics, Economics and\r\n  two (2) other relevant subjects.<\/span><\/p>\r\n  <\/td>\r\n <\/tr>\r\n<\/tbody><\/table>\r\n\r\n<\/div>\r\n\r\n","subjects":"Mathematics, Economics and any other Social Science subject","institutions_list":"AAU"},{"id":"34","title":"AGRIC-ECONOMICS & EXTENSION","de_requirements":"<p><span>Two\r\n(2) \u2018A\u2019 Level passes in Chemistry and one of Zoology\/Botany\/Agricultural\r\nScience\/Biology, Geography, Mathematics, Physics, Geology, Economics and Health\r\nScience.<\/span><\/p>","utme_requirements":"<p><span>Five (5) SSC credit passes in English\r\nLanguage, Mathematics, Chemistry, Biology\/Agricultural Science and one of\r\nGeography, Physics and Economics.<\/span><\/p><p><span>&nbsp;<\/span><\/p><p>\r\n\r\n\r\n\r\n<\/p><p><span>&nbsp;<\/span><\/p>","subjects":"Chemistry, Biology\/ Agricultural Science plus Mathematics or Physics.\r\n\r\n\r\n\r\n","institutions_list":"AAU"},{"id":"84","title":"AGRICULTURAL SCIENCE & EDUCATION","de_requirements":"<div>\r\n\r\n<table>\r\n <tbody><tr>\r\n  <td>\r\n  <p><span>(i) Two (2) passes at 'A' Level in Biology \/Zoology\r\n  \/Botany and any other Science subject.<\/span><\/p>\r\n  <p><span>(ii) NCE merit\r\n  in Biology and any other Science subject.<\/span><\/p>\r\n  <\/td>\r\n <\/tr>\r\n<\/tbody><\/table>\r\n\r\n<\/div><p>\r\n\r\n<span>(iii)\r\nNCE merit in Agriculture (Double Major).<\/span><br><\/p>","utme_requirements":"<div>\r\n\r\n<table>\r\n <tbody><tr>\r\n  <td>\r\n  <p><span>Five (5) 'O'\r\n  Level credit passes or equivalents in English Language, Chemistry, Biology\/Agricultural\r\n  Science., Mathematics and another relevant subject.<\/span><\/p>\r\n  <\/td>\r\n <\/tr>\r\n<\/tbody><\/table>\r\n\r\n<\/div>","subjects":"Any three (3) subjects from Chemistry, Biology, Agriculture, Physics, Economics, Geography and Mathematics.","institutions_list":"AAU"},{"id":"22","title":"AGRICULTURE","de_requirements":"<p><span>Two (2) \u2018A\u2019 Level passes in Chemistry and\r\none from Biology\/Botany\/Zoology\/Agricultural Science, Economics, Physics,\r\nGeography and Geology\/Mathematics (Pure &amp; Applied).<\/span><\/p>","utme_requirements":"<p><span>Five (5) SSC credit passes to include\r\nEnglish Language, Biology\/Agricultural Science, Chemistry and&nbsp; any one of Mathematics, Physics, Geography\r\nand&nbsp; Economics.<\/span><\/p>","subjects":"Chemistry, Biology\/Agriculture and any one of Physics or Mathematics.","institutions_list":"AAU"},{"id":"20","title":"ANATOMY","de_requirements":"<p><span>Two\r\n(2) 'A' Level passes chosen from Biology, Chemistry and Physics in addition to the\r\nUTME requirements.<\/span><\/p>","utme_requirements":"<p><span>Five\r\n(5) SSC credit passes in English Language, Mathematics, Biology, Chemistry and\r\nPhysics.<\/span><\/p>","subjects":"Biology, Chemistry and Physics.","institutions_list":"AAU"},{"id":"51","title":"ANIMAL SCIENCE","de_requirements":"<p><span>Two (2) \u2018A\u2019 level passes or its equivalent\r\nin Chemistry and one of Biology\/Botany\/Zoology\/Agriculture Science\/Geography\/Geology\/Mathematics\/Economics.<\/span><\/p>","utme_requirements":"<p><span>Five (5) SSC credit passes in English\r\nLanguage, Chemistry, Mathematics, Biology\/Agric Science and one of Physics,\r\nGeography or Economics.<\/span><\/p>","subjects":"Chemistry, Biology\/Agriculture and Mathematics \/Physics.","institutions_list":"AAU"},{"id":"43","title":"APPLIED PHYSICS","de_requirements":"<p><span>Two (2) 'A' Level passes in Physics and Mathematics.<b><\/b><\/span><\/p>","utme_requirements":"<p><span>As for Physics<\/span><\/p>","subjects":"Physics","institutions_list":"AAU"},{"id":"73","title":"ARCHITECTURE","de_requirements":"<p><span>(i)<span>&nbsp;&nbsp;&nbsp;&nbsp;&nbsp;&nbsp;\r\n<\/span><\/span><span>Two (2) 'A' Level\r\npasses chosen from Mathematics or Physics and Chemistry, Geography or Fine\r\nArts.<\/span><\/p><p>\r\n\r\n<span>ND\/HND\r\nupper credits in relevant field.<\/span><br><\/p>","utme_requirements":"<table>\r\n <tbody><tr>\r\n  <td>\r\n  <p><span>Five (5) SSC credit passes in English\r\n  Language, Mathematics, Physics, Chemistry and any of Fine Art, Geography or\r\n  Wood Work, Biology, Economics, Technical Drawing, Further. Mathematics.,\r\n  Introduction to Building Construction, Bricklaying\/Block laying, Concreting,\r\n  Wall, Floors and Ceiling Finishing, Joinery, Carpentary, Decorative Painting,\r\n  Lining, Sign and Design, Wall Hanging, Colour Mixing\/Matching and Glazing,\r\n  Ceramics, Graphics Design, Graphic Printing, Basic Electricity.<\/span><\/p>\r\n  <p><span>&nbsp;<\/span><\/p>\r\n  <\/td>\r\n <\/tr>\r\n<\/tbody><\/table>","subjects":"Physics, Mathematics, and any of Chemistry, Geography, Art, Biology and Economics.","institutions_list":"AAU"},{"id":"33","title":"BIOCHEMISTRY","de_requirements":"<p><span>Two (2) 'A' Level passes chosen from Chemistry, Mathematics, Physics and\r\nBiology.<\/span><\/p><p><span><o>&nbsp;<\/o:p><\/span><\/p><p>\r\n\r\n\r\n\r\n<\/p><p><span>NCE\/ND\/HND in related programmes plus the UTME requirements.<\/span><\/p>","utme_requirements":"<p><span>Five (5) SSC credit passes in English Language, Chemistry, Mathematics,\r\nPhysics and Biology.<\/span><\/p>","subjects":"Biology, Chemistry and Physics or Mathematics.","institutions_list":"AAU"},{"id":"54","title":"BOTANY","de_requirements":"<p><span>Two\r\n(2) 'A' Level passes in Biology\/Botany\/Zoology and Chemistry or Physics.<\/span><\/p>","utme_requirements":"<p><span>Five\r\n(5) SSC Credit passes in English Language, Mathematics, Biology, Chemistry and\r\nPhysics.<\/span><\/p>","subjects":"Biology, Chemistry and any other Science subject.","institutions_list":"AAU"},{"id":"19","title":"BUILDING","de_requirements":"'A' Level passes in Mathematics, Physics and Chemistry.","utme_requirements":"Five (5) SSC credit passes in Mathematics, English Language, Physics, Chemistry and any one of Geography, Economics, Arts and Technical drawing. For holders of NTC,  the other relevant subjects could be Intro. to Building Construction, Bricklaying, Concreting, Walls, Floors and Ceiling Finishing, Building\/Engineering Drawing, Joinery, Carpentry, Gas, Steam Work and Bronze Welding, Cold  \/   Hot Water Supply, Sanitation and Drainage.\r\n\r\n","subjects":"Mathematics, Physics and Chemistry","institutions_list":"AAU"},{"id":"18","title":"BUSINESS ADMINISTRATION","de_requirements":"<p>\r\n\r\n<\/p><div>\r\n\r\n<table>\r\n <tbody><tr>\r\n  <td>\r\n  <p><span>Two\r\n  (2)'A' Level passes including Economics.<\/span><\/p>\r\n  <\/td>\r\n <\/tr>\r\n<\/tbody><\/table>\r\n\r\n<\/div>\r\n\r\n","utme_requirements":"<p>\r\n\r\n<\/p><div>\r\n\r\n<table>\r\n <tbody><tr>\r\n  <td>\r\n  <p><span>Five\r\n  (5) SSC credit passes including English Language, Mathematics, Economics and\r\n  two (2) other relevant subjects.<\/span><\/p>\r\n  <\/td>\r\n <\/tr>\r\n<\/tbody><\/table>\r\n\r\n<\/div>\r\n\r\n","subjects":"Mathematics, Economics and any other Social Science subject","institutions_list":"AAU"},{"id":"87","title":"BUSINESS EDUCATION","de_requirements":"<p>(i)<span>\t<\/span>Two (2) 'A' Level passes or NCE merit in two (2) relevant subjects.<\/p><p>(ii)<span>\t<\/span>NCE merit in Business Education Double Major.&nbsp;<\/p><div><br><\/div>","utme_requirements":"<p>Five (5) TC II merit, 'O' Level or NTC\/NBC credit passes including English Language, Mathematics, Economics and two (2) other subjects in the Social Sciences or Arts. For NBC, the other subjects could be from any of the following: Commerce, Office Practice, Principles of Accounts, Secretarial Duties, Typewriting and Shorthand.<\/p><p><br><\/p>","subjects":"Mathematics, Economics plus one (1) of Literature in English, History, Government, Geography, Chemistry and Physics.\r\n\r\n","institutions_list":"AAU"},{"id":"49","title":"CHEMISTRY","de_requirements":"<p><span>i)&nbsp; Two (2) 'A' Level passes in Chemistry and any\r\none (1) of Physics, Mathematics or Biology.<\/span><\/p><p><span><o>&nbsp;<\/o:p><\/span><\/p><p>\r\n\r\n\r\n\r\n<\/p><p><span>(ii)&nbsp;&nbsp; ND\/NCE\r\nwith good grades in relevant 'O' Level subjects.<\/span><\/p>","utme_requirements":"<p><span>Five (5) SSC credit passes in English Language, Mathematics, Physics,\r\nChemistry and Biology.<\/span><\/p>","subjects":"Chemistry and two (2) of Physics, Biology and Mathematics.\r\n\r\n","institutions_list":"AAU"},{"id":"23","title":"CIVIL ENGINEERING","de_requirements":"(i)\t'A' Level passes in Physics and Mathematics.\r\n(ii)\tND\/HND upper credit at appropriate levels.\r\n","utme_requirements":"Five (5) SSC credit passes to include Physics, Chemistry, Mathematics, English Language and one Science subject","subjects":"Physics, Chemistry and Mathematics","institutions_list":"AAU"},{"id":"64","title":"COMPUTER SCIENCE","de_requirements":"<p><span>)&nbsp;&nbsp;&nbsp;&nbsp;&nbsp;&nbsp; Two (2) 'A' Level passes in\r\nscience subjects including Mathematics<\/span><\/p><p><span><o>&nbsp;<\/o:p><\/span><\/p><p>\r\n\r\n\r\n\r\n<\/p><p><span>(ii)&nbsp;&nbsp; NCE merit in Mathematics and\r\none (1) other Science or Social Science subject.<\/span><\/p>","utme_requirements":"<p><span>Five (5) SSC credit passes to include English Language, Mathematics,\r\nPhysics plus two (2) other Science subjects.<\/span><\/p>","subjects":"Mathematics, Physics and one (1) of Biology, Chemistry, Agric Science, Economics and Geography.","institutions_list":"AAU"},{"id":"80","title":"CURRICULUM & INSTRUCTION","de_requirements":"<p><span>Two (2) 'A' Level passes or N<span>ce <\/span>merit including the relevant subjects.<\/span><br><\/p>","utme_requirements":"<div>\r\n\r\n<table>\r\n <tbody><tr>\r\n  <td>\r\n  <p><span>Five (5) SSC credit passes including English\r\n  Language.<\/span><\/p>\r\n  <\/td>\r\n <\/tr>\r\n<\/tbody><\/table>\r\n\r\n<\/div>","subjects":"Any three (3) subjects chosen from Arts\/Science.","institutions_list":"AAU"},{"id":"25","title":"ECONOMICS","de_requirements":"<p>\r\n\r\n<\/p><div>\r\n\r\n<table>\r\n <tbody><tr>\r\n  <td>\r\n  <p><span>Two (2)'A' Level passes in Economics and any one of\r\n  Mathematics, Statistics, Geography, Physics, Chemistry, Agricultural Science,\r\n  Accounting, Business Management, History and Government.<\/span><\/p>\r\n  <\/td>\r\n <\/tr>\r\n<\/tbody><\/table>\r\n\r\n<\/div>\r\n\r\n","utme_requirements":"<p>\r\n\r\n<\/p><div>\r\n\r\n<table>\r\n <tbody><tr>\r\n  <td>\r\n  <p><span>Five\r\n  (5)SSC credit passes in English Language, Mathematics, Economics and any two\r\n  (2) of Arts or Social Science subjects.<\/span><\/p>\r\n  <\/td>\r\n <\/tr>\r\n<\/tbody><\/table>\r\n\r\n<\/div>\r\n\r\n","subjects":"Economics, Mathematics and any of Government, History, Geography, Literature in English, French and Christian Religious Studies\/Islamic Studies.\t","institutions_list":"AAU"},{"id":"35","title":"EDUCATION & BIOLOGY","de_requirements":"\r\n\r\n<table>\r\n <tbody><tr>\r\n  <td>\r\n  <p><br><\/p>\r\n  <\/td>\r\n <\/tr>\r\n<\/tbody><\/table><div>\r\n\r\n<table>\r\n <tbody><tr>\r\n  <td>\r\n  <p><span>NCE\/'A' Level\r\n  passes in Biology and one (1) other Science subject.<\/span><\/p>\r\n  <\/td>\r\n <\/tr>\r\n<\/tbody><\/table>\r\n\r\n<\/div>\r\n\r\n","utme_requirements":"\r\n\r\n<table>\r\n <tbody><tr>\r\n  <td>\r\n  <p><br><\/p>\r\n  <\/td>\r\n <\/tr>\r\n<\/tbody><\/table><div>\r\n\r\n<table>\r\n <tbody><tr>\r\n  <td>\r\n  <p><span>Five (5) SSC credit\r\n  passes in English Language, Biology, Chemistry, Mathematics and one (1) other\r\n  subject.<\/span><\/p>\r\n  <\/td>\r\n <\/tr>\r\n<\/tbody><\/table>\r\n\r\n<\/div>\r\n\r\n","subjects":"Biology and two (2) other subjects from Chemistry, Mathematics and Physics.","institutions_list":"AAU"},{"id":"29","title":"EDUCATION & CHEMISTRY","de_requirements":"<div>\r\n\r\n<table>\r\n <tbody><tr>\r\n  <td>\r\n  <p><span>Two (2) \u2018A\u2019 Level\/NCE\r\n  passes including Chemistry and one (1) other Science subject.<\/span><\/p>\r\n  <\/td>\r\n <\/tr>\r\n<\/tbody><\/table>\r\n\r\n<\/div>","utme_requirements":"<div>\r\n\r\n<table>\r\n <tbody><tr>\r\n  <td>\r\n  <p><span>Five (5) SSC\r\n  credits in Mathematics, Chemistry, English Language and two (2) of Physics,\r\n  Biology and Agricultural Science.<\/span><\/p>\r\n  <\/td>\r\n <\/tr>\r\n<\/tbody><\/table>\r\n\r\n<\/div>","subjects":"Chemistry and two (2) other subjects chosen from Physics, Biology and Mathematics.","institutions_list":"AAU"},{"id":"86","title":"EDUCATION & ECONOMICS","de_requirements":"<p>(i)<span>\t<\/span>Two (2) 'A' Level passes in Economics and one (1) other relevant subject.<\/p><p>(ii) <span>\t<\/span>NCE merit\/credit in Economics and one (1) other subject.<\/p><p><br><\/p>","utme_requirements":"<p>Five (5) 'O' Level credit passes to include English Language, Economics and Mathematics.<\/p><p><br><\/p>","subjects":"Economics, Mathematics and one (1) other subject from Geography\/Physics, History, Government and Literature in English.\r\n\r\n","institutions_list":"AAU"},{"id":"66","title":"EDUCATION & ENGLISH LANGUAGE","de_requirements":"<div>\r\n\r\n<table>\r\n <tbody><tr>\r\n  <td>\r\n  <p><span>(i)&nbsp; Two (2) 'A' Level passes in relevant\r\n  teaching subjects including Literature in English.<\/span><\/p>\r\n  <p><span>(ii)&nbsp; NCE\r\n  credit or merit in two(2)relevant subjects.<\/span><\/p>\r\n  <\/td>\r\n <\/tr>\r\n<\/tbody><\/table>\r\n\r\n<\/div>","utme_requirements":"<div>\r\n\r\n<table>\r\n <tbody><tr>\r\n  <td>\r\n  <p><span>Five (5) 'O'\r\n  Level credit passes to include English Language and Literature in English plus\r\n  three (3) other Arts or Social Science subjects.<\/span><\/p>\r\n  <\/td>\r\n <\/tr>\r\n<\/tbody><\/table>\r\n\r\n<\/div>","subjects":"Literature in English and one (1) Art and any other subject.","institutions_list":"AAU"},{"id":"40","title":"EDUCATION & FRENCH","de_requirements":"<div>\r\n\r\n<table>\r\n <tbody><tr>\r\n  <td>\r\n  <p><span>Two (2) 'A' Level\r\n  passes\/NCE merit in French and one(1) other Arts subject.<\/span><\/p>\r\n  <\/td>\r\n <\/tr>\r\n<\/tbody><\/table>\r\n\r\n<\/div>","utme_requirements":"<div>\r\n\r\n<table>\r\n <tbody><tr>\r\n  <td>\r\n  <p><span>Five (5) SSC credit\r\n  passes to include English Language and French.<\/span><\/p>\r\n  <\/td>\r\n <\/tr>\r\n<\/tbody><\/table>\r\n\r\n<\/div>","subjects":"French plus two (2) other Arts subjects.","institutions_list":"AAU"},{"id":"42","title":"EDUCATION & GEOGRAPHY","de_requirements":"<div>\r\n\r\n<table>\r\n <tbody><tr>\r\n  <td>\r\n  <p><span>Two (2) 'A' Level passes\/NCE merit which should\r\n  include Geography<\/span><\/p>\r\n  <p><span>\/Physics.<\/span><\/p>\r\n  <\/td>\r\n <\/tr>\r\n<\/tbody><\/table>\r\n\r\n<\/div>","utme_requirements":"<div>\r\n\r\n<table>\r\n <tbody><tr>\r\n  <td>\r\n  <p><span>Five (5) SSC credit\r\n  passes to include Geography, English Language and Mathematics.<\/span><\/p>\r\n  <\/td>\r\n <\/tr>\r\n<\/tbody><\/table>\r\n\r\n<\/div>","subjects":"Geography plus two (2) other Social Sciences\/Arts subjects.","institutions_list":"AAU"},{"id":"44","title":"EDUCATION & HISTORY","de_requirements":"<div>\r\n\r\n<table>\r\n <tbody><tr>\r\n  <td>\r\n  <p><span>Two (2) NCE merit\/'A'\r\n  Level passes in History and one (1) other relevant Arts subject.<\/span><\/p>\r\n  <\/td>\r\n <\/tr>\r\n<\/tbody><\/table>\r\n\r\n<\/div>","utme_requirements":"<div>\r\n\r\n<table>\r\n <tbody><tr>\r\n  <td>\r\n  <p><span>Five (5) SSC credit\r\n  passes in English Language, History and three (3) relevant Arts subjects.<\/span><\/p>\r\n  <\/td>\r\n <\/tr>\r\n<\/tbody><\/table>\r\n\r\n<\/div>","subjects":"History and any other two (2) subjects chosen from Christian Religious Studies \/ Islamic Studies, Literature in English, French, Yoruba, Geography\/Physics, Economics, Government and Hausa.","institutions_list":"AAU"},{"id":"36","title":"EDUCATION & MATHEMATICS","de_requirements":"<div>\r\n\r\n<table>\r\n <tbody><tr>\r\n  <td>\r\n  <p><span>Two (2)'A' Level passes\/NCE in\r\n  Mathematics and one (1) Science subject.<\/span><\/p>\r\n  <\/td>\r\n <\/tr>\r\n<\/tbody><\/table>\r\n\r\n<\/div>","utme_requirements":"<div>\r\n\r\n<table>\r\n <tbody><tr>\r\n  <td>\r\n  <p><span>Five (5) SSC credit\r\n  passes to include English Language, Mathematics plus one (1) other Science\r\n  subject.<\/span><\/p>\r\n  <\/td>\r\n <\/tr>\r\n<\/tbody><\/table>\r\n\r\n<\/div>","subjects":"Mathematics and any two (2) of the following Science subjects: Physics, Chemistry and Biology.","institutions_list":"AAU"},{"id":"45","title":"EDUCATION & PHYSICS","de_requirements":"<div>\r\n\r\n<table>\r\n <tbody><tr>\r\n  <td>\r\n  <p><span>(i)&nbsp; Two (2) 'A'\r\n  Level passes in Physics and Mathematics.<\/span><\/p>\r\n  <p><span>(ii) NCE credit\/merit in relevant subjects.<\/span><\/p>\r\n  <\/td>\r\n <\/tr>\r\n<\/tbody><\/table>\r\n\r\n<\/div>","utme_requirements":"<p><span>Five (5) 'O' Level credits passes to include English\r\nLanguage, Physics, Mathematics and two (2) other Science subjects or NTC\/NBC.<\/span><br><\/p>","subjects":"Physics, Mathematics or Chemistry plus one (1) other subjects.","institutions_list":"AAU"},{"id":"85","title":"EDUCATION & POLITICAL SCIENCE","de_requirements":"<p>(i)<span>\t<\/span>Two (2) 'A' Level passes in relevant subjects chosen from Government or History, Economics and Geography\/Physics.<\/p><p>(ii)<span>\t<\/span>NCE merit in Government\/History, Economics and Geography\/Physics.<\/p><p><br><\/p>","utme_requirements":"<p>Five (5) 'O' Level credit passes or equivalent to include English Language, Government\/History and three (3) other subjects.<\/p><p><br><\/p>","subjects":"Government or History plus two (2) other Arts or Social Sciences subjects.\r\n\r\n","institutions_list":"AAU"},{"id":"68","title":"EDUCATION & RELIGIOUS STUDIES","de_requirements":"<div>\r\n\r\n<table>\r\n <tbody><tr>\r\n  <td>\r\n  <p><span>Two (2) 'A'\r\n  Level passes\/NCE merit in Religious Studies and one (1) other Arts subject.<\/span><\/p>\r\n  <\/td>\r\n <\/tr>\r\n<\/tbody><\/table>\r\n\r\n<\/div>","utme_requirements":"<div>\r\n\r\n<table>\r\n <tbody><tr>\r\n  <td>\r\n  <p><span>Five (5) 'O'\r\n  Level credit passes or TC II merit in five (5) subjects including English\r\n  Language, Religious Studies and three (3) other Arts subjects.<\/span><\/p>\r\n  <\/td>\r\n <\/tr>\r\n<\/tbody><\/table>\r\n\r\n<\/div>","subjects":"Two (2) Arts subject including Religious studies and one (1) other subject.","institutions_list":"AAU"},{"id":"79","title":"EDUCATION FOUNDATIONS & MANAGEMENT","de_requirements":"<div>\r\n\r\n<table>\r\n <tbody><tr>\r\n  <td>\r\n  <p><span>Two (2) 'A'\r\n  Level passes to include the subjects to be offered.<\/span><\/p>\r\n  <\/td>\r\n <\/tr>\r\n<\/tbody><\/table>\r\n\r\n<\/div>","utme_requirements":"<div>\r\n\r\n<table>\r\n <tbody><tr>\r\n  <td>\r\n  <p><span>Five (5) SSC\r\n  credit passes in English Language, the subject of study and three (3)\r\n  relevant subjects.<\/span><\/p>\r\n  <\/td>\r\n <\/tr>\r\n<\/tbody><\/table>\r\n\r\n<\/div>","subjects":"The subject of study and two (2) other relevant subjects.","institutions_list":"AAU"},{"id":"78","title":"EDUCATIONAL FOUNDATIONS","de_requirements":"<div>\r\n\r\n<table>\r\n <tbody><tr>\r\n  <td>\r\n  <p><span>Two (2) 'A'\r\n  Level passes to include the subjects to be offered.<\/span><\/p>\r\n  <\/td>\r\n <\/tr>\r\n<\/tbody><\/table>\r\n\r\n<\/div>","utme_requirements":"<div>\r\n\r\n<table>\r\n <tbody><tr>\r\n  <td>\r\n  <p><span>Five (5) SSC\r\n  credit passes in English Language, the subject of study and three (3)\r\n  relevant subjects.<\/span><\/p>\r\n  <\/td>\r\n <\/tr>\r\n<\/tbody><\/table>\r\n\r\n<\/div>","subjects":"The subject of study and two (2) other relevant subjects.","institutions_list":"AAU"},{"id":"75","title":"ELECTRICAL \/ELECTRONICS ENGINEERING","de_requirements":"<p><span>Two (2) 'A' Level passes in Mathematics, Physics or Chemistry<\/span><\/p>","utme_requirements":"<p><span>Five (5) SSC credit passes to include Mathematics, Physics,\r\nChemistry, English Language and any other Science subject.<\/span><\/p>","subjects":"Mathematics, Physics and Chemistry","institutions_list":"AAU"},{"id":"39","title":"ENGLISH LANGUAGE","de_requirements":"<p><span>Two\r\n(2) \u2018A\u2019 Level passes to include Literature in English and one other Arts\r\nsubject.<\/span><\/p>","utme_requirements":"<p><span>Five\r\n(5) SSC credit passes to include Literature in English, English Language and\r\nthree other Arts or Social Science subjects.<\/span><\/p>","subjects":"Literature in English, one other Arts subject and another Arts or Social Science subject.","institutions_list":"AAU"},{"id":"74","title":"FINE & APPLIED ARTS","de_requirements":"<p><span>(i)<span>&nbsp;&nbsp;&nbsp;&nbsp;&nbsp;&nbsp;\r\n<\/span><\/span><span>Two (2) 'A' Level passes in Fine Arts\/Technical Drawing and\r\nany one of Mathematics, Economics, Geography., Biology, Physics and Chemistry.<\/span><\/p><p>\r\n\r\n<span>ND\/HND\r\ncredit in Fine Arts<\/span><br><\/p>","utme_requirements":"<p><span>Five (5) SSC&nbsp;\r\npasses to include English Language, Mathematics, Fine Arts and two (2)\r\nother from social science subject.<\/span><\/p><p><span>Mathematics, Arts and one Social Science subject.<\/span><\/p><p><span><o>&nbsp;<\/o:p><\/span><\/p><p><span>For&nbsp;\r\nNTC&nbsp; the other two (2) relevant\r\nsubjects could be from any of the following: Decorative Painting; Spray\r\nPainting, Lining, Sign and Design; Wall Handling, Colour Mixing\/<\/span><\/p><p>\r\n\r\n\r\n\r\n\r\n\r\n\r\n\r\n<\/p><p><span>For NTC the other two (2) relevant\r\nsubjects could be from any of the following: Decorative Painting; Spray\r\nPainting, Lining, Sign and Design; Wall Handling, Colour Mixing\/Matching and\r\nGlazing; Graphic Painting; Ceramics; Basic Electricity; Building\/Engineering\r\nDrawing.<\/span><\/p>","subjects":"Chemistry, Mathematics and Fine Arts\/Physics.","institutions_list":"AAU"},{"id":"41","title":"FRENCH","de_requirements":"<p><span>Two\r\n(2) \u2018A\u2019 Level passes including French and one other Arts subject.<\/span><\/p>","utme_requirements":"<p><span>Five\r\n(5) SSC credit passes including French and English Language plus one other Arts\r\nsubject.<\/span><\/p>","subjects":"French and any other two (2) subjects from Arts and Social Sciences.","institutions_list":"AAU"},{"id":"32","title":"GEOGRAPHY & REGIONAL PLANNING","de_requirements":"<p>\r\n\r\n<\/p><div>\r\n\r\n<table>\r\n <tbody><tr>\r\n  <td>\r\n  <p><span>Two (2)'A' Level\r\n  passes including Geography.<\/span><\/p>\r\n  <\/td>\r\n <\/tr>\r\n<\/tbody><\/table>\r\n\r\n<\/div>\r\n\r\n","utme_requirements":"<p>\r\n\r\n<\/p><div>\r\n\r\n<table>\r\n <tbody><tr>\r\n  <td>\r\n  <p><span>Five\r\n  (5)SSC credit passes to include English language, Mathematics and Geography.<\/span><\/p>\r\n  <\/td>\r\n <\/tr>\r\n<\/tbody><\/table>\r\n\r\n<\/div>\r\n\r\n","subjects":"Geography and any Arts or Social Sciences subjects.  \t","institutions_list":"AAU"},{"id":"61","title":"GEOPHYSICS","de_requirements":"<p><span>'A' Level passes in Chemistry and Physics or Mathematics.<\/span><\/p>","utme_requirements":"<p><span>Five (5) SSC credit passes including English Language, Mathematics,\r\nPhysics and Chemistry\/Biology.<\/span><\/p>","subjects":"Any three (3) of Physics, Chemistry, Biology and Mathematics. ","institutions_list":"AAU"},{"id":"83","title":"GUIDANCE & COUNSELLING","de_requirements":"<div>\r\n\r\n<table>\r\n <tbody><tr>\r\n  <td>\r\n  <p><span>'A' Level\r\n  passes or NCE in two (2) subjects plus the UTME requirements.<\/span><\/p>\r\n  <\/td>\r\n <\/tr>\r\n<\/tbody><\/table>\r\n\r\n<\/div>","utme_requirements":"<div>\r\n\r\n<table>\r\n <tbody><tr>\r\n  <td>\r\n  <p><span>Five (5) 'O'\r\n  Level NTC\/NBC credit passes or TC II merit including English Language with 'O'\r\n  Level pass in Mathematics.<\/span><\/p>\r\n  <\/td>\r\n <\/tr>\r\n<\/tbody><\/table>\r\n\r\n<\/div>","subjects":"Any three (3) subjects.\r\n\r\n","institutions_list":"AAU"},{"id":"50","title":"HEALTH EDUCATION","de_requirements":"<div>\r\n\r\n<table>\r\n <tbody><tr>\r\n  <td>\r\n  <p><span>i)&nbsp; Two (2) 'A' Level passes in any of Biology,\r\n  Chemistry, Physics and Mathematics.<\/span><\/p>\r\n  <p><span>&nbsp;<\/span><\/p>\r\n  <p><span>(ii)&nbsp; NCE merit in Physical Education and credit\r\n  in Arithmetical process or Mathematics.<\/span><\/p>\r\n  <p><span>&nbsp;<\/span><\/p>\r\n  <p><span>(iii)&nbsp; Diploma in Health Education, Environmental Sanitation,\r\n  Physical Education, Social work, Health Administration with overall grades of\r\n  merit plus three (3) 'O' Level credit passes\/TC II merit which should include\r\n  English Language.<\/span><\/p>\r\n  <p><span><o>&nbsp;<\/o:p><\/span><\/p>\r\n  <p><span>(iv) NCE in\r\n  Biology, Health Education, and Integrated Science with a pass grade plus two\r\n  (2) 'O' Level credit passes\/TC II merit passes.<\/span><\/p>\r\n  <p><span><o>&nbsp;<\/o:p><\/span><\/p>\r\n  <p><span>(v)&nbsp;&nbsp;&nbsp; Registered Nurse plus five (5) 'O' Level credit\r\n  passes to include English Language.<\/span><\/p>\r\n  <p><span><o>&nbsp;<\/o:p><\/span><\/p>\r\n  <\/td>\r\n <\/tr>\r\n<\/tbody><\/table>\r\n\r\n<\/div>","utme_requirements":"<div>\r\n\r\n<table>\r\n <tbody><tr>\r\n  <td>\r\n  <p><span>i) Five (5) SSC\r\n  credit passes\/TC II merit passes including&nbsp;&nbsp;&nbsp;&nbsp;\r\n  English Language, Biology or its equivalent.<\/span><\/p>\r\n  <p><span>&nbsp;<\/span><\/p>\r\n  <p><span>ii) Five (5) SSC\r\n  credit passes\/TC II merit passes to include English Language and Mathematics.<\/span><\/p>\r\n  <\/td>\r\n <\/tr>\r\n<\/tbody><\/table>\r\n\r\n<\/div>","subjects":"Biology and any two (2) relevant subjects.\r\n\r\n","institutions_list":"AAU"},{"id":"48","title":"HISTORY & INTERNATIONAL STUDIES","de_requirements":"<p><span>credit) in History\/ Government and any other related\r\nsubject.<\/span><br><\/p>","utme_requirements":"<p><span>Language, Geography, Government\/History.<\/span><br><\/p>","subjects":"subjects from the Arts and Social Sciences.","institutions_list":"AAU"},{"id":"63","title":"HOME ECONOMICS & EDUCATION","de_requirements":"<div>\r\n\r\n<table>\r\n <tbody><tr>\r\n  <td>\r\n  <p><span>(i)&nbsp;&nbsp;&nbsp; NCE merit in Home Economics <\/span><\/p>\r\n  <p><span>(ii) 'A' Level\r\n  passes in two (2) of Chemistry or any Biology, Botany and Agricultural\r\n  Science.<\/span><\/p>\r\n  <\/td>\r\n <\/tr>\r\n<\/tbody><\/table>\r\n\r\n<\/div><p>\r\n\r\n<span>(iii)\r\nND\/HND credit in Home Economics or Food Science or Hotel and Catering\r\nManagement or any other related programme<\/span><br><\/p>","utme_requirements":"<div>\r\n\r\n<table>\r\n <tbody><tr>\r\n  <td>\r\n  <p><span>Five (5) 'O' Level NTC\/NBC credit passes or TC II merit\r\n  including English Language, Mathematics, Home Economics, Biology and\r\n  Chemistry.<\/span><\/p>\r\n  <\/td>\r\n <\/tr>\r\n<\/tbody><\/table>\r\n\r\n<\/div>","subjects":"Chemistry, Biology or Agricultural Science and one (1) other subject.","institutions_list":"AAU"},{"id":"24","title":"HUMAN NUTRITION & DIETETICS","de_requirements":"<p><span>Two\r\n(2) 'A' Level passes in Chemistry, Biology and Physics plus the UTME\r\nrequirement.<\/span><\/p>","utme_requirements":"<p><span>Five (5) SSC credit passes in English Language, Physics,\r\nChemistry, Biology and Mathematics.<\/span><\/p>","subjects":"Chemistry, Biology and Physics.","institutions_list":"AAU"},{"id":"72","title":"INDUSTRIAL AND PRODUCTION ENGINEERING","de_requirements":"<p><span>'A' Level passes in Mathematics and\r\nPhysics.<\/span><\/p>","utme_requirements":"<p><span>Five (5) SSC credit\r\npasses to include Mathematics, Physics, Chemistry, English Language and any\r\nother Science subject.<\/span><\/p>","subjects":"Mathematics, Physics and Chemistry.","institutions_list":"AAU"},{"id":"52","title":"INDUSTRIAL CHEMISTRY","de_requirements":"<p><span>(i)&nbsp;&nbsp;&nbsp; Two\r\n(2) 'A' Level passes in Chemistry and Mathematics<\/span><\/p><p>\r\n\r\n<\/p><p><span>(ii)&nbsp;&nbsp; ND\r\nin Science Technology or ND in relevant programmes with the UTME requirements.<\/span><\/p>","utme_requirements":"<p><span>Five (5) SSC credit passes in English Language, Mathematics, Chemistry,\r\nPhysics and Biology\/Agricultural Science.<\/span><\/p>","subjects":"Chemistry, Mathematics and any of Physics\/Biology\/ Agricultural Science.","institutions_list":"AAU"},{"id":"46","title":"INDUSTRIAL MATHEMATICS","de_requirements":"<p><span>(i)&nbsp;&nbsp;&nbsp; Two\r\n(2) 'A' Level passes from Mathematics, Physics, Economics or Chemistry.<\/span><\/p><p>\r\n\r\n<span>(ii)\r\nNCE merit in relevant subjects.<\/span><br><\/p>","utme_requirements":"<p><span>Five (5) SSC credit passes in English Language, Mathematics, Physics and\r\ntwo (2) other Science subjects.<\/span><\/p>","subjects":"Mathematics and any two (2) of Physics, Chemistry, Economics, Biology and Agricultural Science.","institutions_list":"AAU"},{"id":"16","title":"LAW","de_requirements":"<p><span>&nbsp; &nbsp; Two (2)'A' Level passes in Arts or Social\r\nScience subjects.<\/span><\/p><p>\r\n\r\n<span>(ii)&nbsp;&nbsp; NCE\/ND\/First Degree (Second Class Lower).<\/span><br><\/p>","utme_requirements":"<p><span>Five (5)'O' Level credit passes to include English Language,\r\nLiterature in English and\r\nMathematics.<\/span><\/p>","subjects":"Any three (3) Arts or Social Science subjects.","institutions_list":"AAU"},{"id":"81","title":"LIBRARY & INFORMATION SCIENCE","de_requirements":"<div>\r\n\r\n<table>\r\n <tbody><tr>\r\n  <td>\r\n  <p><span>(i) Two (2) 'A'\r\n  Level passes in relevant subject plus the UTME requirements. <\/span><\/p>\r\n  <p><span>(ii) NCE merit\r\n  in relevant subjects.<\/span><\/p>\r\n  <\/td>\r\n <\/tr>\r\n<\/tbody><\/table>\r\n\r\n<\/div>","utme_requirements":"<div>\r\n\r\n<table>\r\n <tbody><tr>\r\n  <td>\r\n  <p><span>Five (5) SSC\r\n  credit passes in English Language, Mathematics and three (3) other relevant\r\n  Arts\/Sciences\/Social Sciences subjects.<\/span><\/p>\r\n  <\/td>\r\n <\/tr>\r\n<\/tbody><\/table>\r\n\r\n<\/div>","subjects":"Any three (3) subjects.","institutions_list":"AAU"},{"id":"23677","title":"MASS COMMUNICATION","de_requirements":"<p>\r\n\r\n<\/p><div>\r\n\r\n<table>\r\n <tbody><tr>\r\n  <td>\r\n  <p><span>Two (2) 'A' Level passes in Arts or\r\n  Social Science subjects.<\/span><\/p>\r\n  <\/td>\r\n <\/tr>\r\n<\/tbody><\/table>\r\n\r\n<\/div>\r\n\r\n","utme_requirements":"<p>\r\n\r\n<\/p><div>\r\n\r\n<table>\r\n <tbody><tr>\r\n  <td>\r\n  <p><span>Five (5) SSC credit passes in English\r\n  Language and four (4) other subjects in Arts or Social Sciences.<\/span><\/p>\r\n  <\/td>\r\n <\/tr>\r\n<\/tbody><\/table>\r\n\r\n<\/div>\r\n\r\n","subjects":"<p>\r\n\r\n<\/p><div>\r\n\r\n<table>\r\n <tbody><tr>\r\n  <td>\r\n  <p><span>Any three (3) from Arts or Social Science\r\n  subjects.<\/span><\/p>\r\n  <\/td>\r\n <\/tr>\r\n<\/tbody><\/table>\r\n\r\n<\/div>\r\n\r\n","institutions_list":"AAU"},{"id":"77","title":"MATERIAL & METALLURGICAL ENGINEERING","de_requirements":"<p><span>'A'\r\nLevel passes in any two (2) of Physics, Mathematics and Chemistry<\/span><\/p>","utme_requirements":"<p><span>Five\r\n(5) SSC credit passes to include Physics, Chemistry, Mathematics, English\r\nLanguage and one other Science subject.<\/span><\/p>","subjects":"Physics, Chemistry and Mathematics.","institutions_list":"AAU"},{"id":"59","title":"MATHEMATICS","de_requirements":"<p><span>) Two\r\n(2) 'A' Level passes in Mathematics and any other science subject.<\/span><\/p><p>\r\n\r\n<span>(ii)&nbsp;&nbsp;&nbsp;&nbsp;&nbsp;&nbsp;&nbsp;&nbsp;&nbsp;&nbsp; NCE merit in Mathematics and one (1)\r\nof Physics, Chemistry or Economics<\/span><br><\/p>","utme_requirements":"<p><span>Five (5) SSC credit passes including English Language, Mathematics and\r\nPhysics or Chemistry.<\/span><\/p>","subjects":"Mathematics and any two (2) of Physics, Chemistry and Economics or Geography.","institutions_list":"AAU"},{"id":"76","title":"MECHANICAL ENGINEERING","de_requirements":"<p><span>(i)<span>&nbsp;&nbsp;&nbsp;&nbsp;&nbsp;&nbsp;&nbsp;\r\n<\/span><\/span><span>Two\r\n(2) 'A' Level passes from Chemistry, Physics and Mathematics.<\/span><\/p><p>\r\n\r\n<\/p><p><span>(ii)<span>&nbsp;&nbsp;&nbsp;&nbsp;&nbsp;&nbsp;\r\n<\/span><\/span><span>ND\r\nupper credit, NCE technical and HND in Mech. Engineering.<\/span><\/p>","utme_requirements":"<p><span>Five (5) SSC\r\ncredit passes to include Physics, Chemistry, Mathematics, English Language and\r\nany other Science subject.<\/span><\/p>","subjects":"Mathematics, Physics and Chemistry.","institutions_list":"AAU"},{"id":"26","title":"MEDICAL LABORATORY SCIENCE","de_requirements":"<p><span>'A' Level passes&nbsp;&nbsp; to include Physics, Chemistry and Biology or\r\nZoology<\/span><br><\/p>","utme_requirements":"<p><span>Five (5) SSC credit passes in English Language,\r\nMathematics, Physics, Chemistry and Biology<\/span><br><\/p>","subjects":"Physics, Chemistry and Biology","institutions_list":"AAU"},{"id":"30","title":"MEDICINE & SURGERY","de_requirements":"<p><span>(i)\r\n'A' Level passes in Physics, Chemistry and Biology or Zoology in addition to the\r\nUTME requirements.<\/span><\/p><p>\r\n\r\n<\/p><p><span>(ii) BSC, BOS, etc in relevant programme.<\/span><\/p>","utme_requirements":"<p><span>Five\r\n(5) SSC credit passes in English Language, Mathematics, Physics, Chemistry and\r\nBiology.<\/span><\/p>","subjects":"Physics, Chemistry and Biology.","institutions_list":"AAU"},{"id":"62","title":"MICROBIOLOGY","de_requirements":"<p><span>Two (2) 'A' Level passes in Chemistry and any one (1) from Biology,\r\nZoology or Botany.<\/span><\/p>","utme_requirements":"<p><span>Five (5) SSC credit passes in English Language, Mathematics, Chemistry,\r\nBiology and Physics.<\/span><\/p>","subjects":"Biology, Chemistry and either Physics or Mathematics.","institutions_list":"AAU"},{"id":"27","title":"NURSING\/NURSING SCIENCE","de_requirements":"<table>\r\n <tbody><tr>\r\n  <td>\r\n  <p><span>(i)<span>&nbsp;&nbsp;&nbsp;&nbsp;&nbsp;&nbsp;&nbsp;&nbsp;&nbsp;&nbsp;&nbsp;&nbsp;&nbsp;\r\n  <\/span><\/span><span>'A' Level passes in any two (2) of Physics, Chemistry,\r\n  Biology and Mathematics<\/span><\/p>\r\n  <p><span>(ii)<span>&nbsp;&nbsp;&nbsp;&nbsp;&nbsp;&nbsp;&nbsp;&nbsp;&nbsp;&nbsp;&nbsp;\r\n  <\/span><\/span><span>ND Upper Credit in Prosthesis and Orthopaedic\r\n  Technology. <\/span><\/p>\r\n  <\/td>\r\n <\/tr>\r\n <tr>\r\n  <td>\r\n  <p><span>(i)<span>&nbsp;&nbsp;&nbsp;&nbsp;&nbsp;&nbsp;&nbsp;&nbsp;&nbsp;&nbsp;&nbsp;&nbsp;&nbsp;\r\n  <\/span><\/span><span>Two\r\n  (2) 'A' Level passes in Biology\/ Zoology, Chemistry and Physics plus &nbsp;three (3) other 'O' Level credit passes in\r\n  Mathematics, Physics and English Language.<\/span><span><\/span><\/p>\r\n  <p><span>(ii)<span>&nbsp;&nbsp;&nbsp;&nbsp;&nbsp;&nbsp;&nbsp;&nbsp;&nbsp;&nbsp;&nbsp;\r\n  <\/span><\/span><span>NRN\r\n  or its approved equivalent plus five (5) 'O' Level credit passes&nbsp; in English Language and four (4) Science\r\n  subjects chosen from Mathematics, Physics, Chemistry, Biology, Human Anatomy,\r\n  Physiology and Hygiene, Health Science, Further Mathematics and General\r\n  Science.<\/span><span><\/span><\/p>\r\n  <p><span><o>&nbsp;<\/o:p><\/span><\/p>\r\n  <\/td>\r\n <\/tr>\r\n<\/tbody><\/table>","utme_requirements":"<p><span>Five (5) SSC credit passes\r\nincluding English Language, Physics, Mathematics, Chemistry and Biology.<\/span><\/p>","subjects":"Chemistry, Biology and Physics.","institutions_list":"AAU"},{"id":"57","title":"PHILOSOPHY","de_requirements":"<p><span>Any\r\ntwo (2) \u2018A\u2019 Level passes.<\/span><\/p>","utme_requirements":"<p><span>Five\r\n(5) SSC credit passes to include English Language and four (4) other relevant\r\nsubjects.<\/span><\/p>","subjects":"Any three (3) subjects.","institutions_list":"AAU"},{"id":"47","title":"PHYSICAL & HEALTH EDUCATION","de_requirements":"<div>\r\n\r\n<table>\r\n <tbody><tr>\r\n  <td>\r\n  <p><span>(i)&nbsp; Two (2) 'A' Level passes in any of Biology,\r\n  Chemistry, Physics and Mathematics.<\/span><\/p>\r\n  <p><span>&nbsp;<\/span><\/p>\r\n  <p><span>(ii)&nbsp; NCE merit in Physical Education and credit\r\n  in Arithmetical process or Mathematics.<\/span><\/p>\r\n  <p><span>&nbsp;<\/span><\/p>\r\n  <p><span>(iii)&nbsp; Diploma in Health Education, Environmental Sanitation,\r\n  Physical Education, Social work, Health Administration with overall grades of\r\n  merit plus three (3) 'O' Level credit passes\/TC II merit which should include\r\n  English Language.<\/span><\/p>\r\n  <p><span><o>&nbsp;<\/o:p><\/span><\/p>\r\n  <p><span>(iv) NCE in\r\n  Biology, Health Education, and Integrated Science with a pass grade plus two\r\n  (2) 'O' Level credit passes\/TC II merit passes.<\/span><\/p>\r\n  <p><span><o>&nbsp;<\/o:p><\/span><\/p>\r\n  <p><span>(v)&nbsp;&nbsp;&nbsp; Registered Nurse plus five (5) 'O' Level credit\r\n  passes to include English Language.<\/span><\/p>\r\n  <\/td>\r\n <\/tr>\r\n<\/tbody><\/table>\r\n\r\n<\/div>","utme_requirements":"<div>\r\n\r\n<table>\r\n <tbody><tr>\r\n  <td>\r\n  <p><span>i) Five (5) SSC\r\n  credit passes\/TC II merit passes including&nbsp;&nbsp;&nbsp;&nbsp;\r\n  English Language, Biology or its equivalent.<\/span><\/p>\r\n  <p><span>&nbsp;<\/span><\/p>\r\n  <p><span>ii) Five (5) SSC\r\n  credit passes\/TC II merit passes to include English Language and Mathematics.<\/span><\/p>\r\n  <\/td>\r\n <\/tr>\r\n<\/tbody><\/table>\r\n\r\n<\/div>","subjects":"Biology and any two (2) relevant subjects.","institutions_list":"AAU"},{"id":"37","title":"PHYSICS","de_requirements":"<p><span>NCE\/Two (2) 'A' Level passes in Physics and Mathematics or Chemistry.<\/span><\/p>","utme_requirements":"<p><span>Five (5) SSC credit passes in English Language, Physics, Chemistry,\r\nMathematics and any other Science subject from Further Mathematics and Biology\r\nor Agricultural Science.<\/span><\/p>","subjects":"Physics, Mathematics and Chemistry or Biology.","institutions_list":"AAU"},{"id":"31","title":"PHYSIOLOGY","de_requirements":"<p><span>Two\r\n(2) 'A' Level passes chosen from Chemistry, Physics and Biology\/Zoology.<\/span><\/p>","utme_requirements":"<p><span>Five (5) SSC credit passes in English Language,\r\nMaths, Physics, Chemistry and Biology.<\/span><br><\/p>","subjects":"Physics, Chemistry and Biology","institutions_list":"AAU"},{"id":"67","title":"POLITICAL SCIENCE","de_requirements":"<p><span>Two (2) 'A' Level passes including Government or History.<\/span><span><\/span><\/p>","utme_requirements":"<p><span>Five (5) SSC credit passes in Government or History, English Language and three (3) other subjects. &nbsp;A pass in Mathematics is required.<\/span><span><\/span><\/p>","subjects":"Government or History plus two (2) other Social Science\/Arts subjects.","institutions_list":"AAU"},{"id":"69","title":"POLITICAL SCIENCE & PUBLIC ADMINISTRATION","de_requirements":"<p><span>Two (2) 'A' Level passes in Government and one other Social Science subject<\/span><span><\/span><\/p>","utme_requirements":"<p><span>Five (5) SSC credit passes &nbsp;including English Language Government or History and at least a pass in Mathematics<\/span><span><\/span><\/p>","subjects":"Three (3) Arts or Social Science subjects","institutions_list":"AAU"},{"id":"82","title":"PRE-PRIMARY & PRIMARY EDUCATION","de_requirements":"<div>\r\n\r\n<table>\r\n <tbody><tr>\r\n  <td>\r\n  <p><span>Two (2) 'A' Level passes chosen from relevant subjects.<\/span><\/p>\r\n  <\/td>\r\n <\/tr>\r\n<\/tbody><\/table>\r\n\r\n<\/div>","utme_requirements":"<div>\r\n\r\n<table>\r\n <tbody><tr>\r\n  <td>\r\n  <p><span>Five (5) 'O'\r\n  Level credit passes including English Language.<\/span><\/p>\r\n  <\/td>\r\n <\/tr>\r\n<\/tbody><\/table>\r\n\r\n<\/div>","subjects":"Any three (3) subjects.","institutions_list":"AAU"},{"id":"70","title":"PSYCHOLOGY","de_requirements":"<p><span>Two (2) 'A' Level passes including Government or History.<\/span><\/p>","utme_requirements":"<p><span>Five (5) SSC credit passes in Government or History, English Language and three (3) other subjects. &nbsp;A pass in Mathematics is required.<\/span><\/p>","subjects":"Any three (3) subjects from Arts or Social Science","institutions_list":"AAU"},{"id":"21","title":"PUBLIC ADMINISTRATION","de_requirements":"<p>\r\n\r\n<\/p><div>\r\n\r\n<table>\r\n <tbody><tr>\r\n  <td>\r\n  <p><span>Two\r\n  (2)'A' Level passes including Economics.<\/span><\/p>\r\n  <\/td>\r\n <\/tr>\r\n<\/tbody><\/table>\r\n\r\n<\/div>\r\n\r\n","utme_requirements":"<p>\r\n\r\n<\/p><div>\r\n\r\n<table>\r\n <tbody><tr>\r\n  <td>\r\n  <p><span>Five\r\n  (5) SSC credit passes including English Language, Mathematics, Economics and\r\n  two (2) other relevant subjects.<\/span><\/p>\r\n  <\/td>\r\n <\/tr>\r\n<\/tbody><\/table>\r\n\r\n<\/div>\r\n\r\n","subjects":"Mathematics, Economics and any other Social Science subject","institutions_list":"AAU"},{"id":"60","title":"RELIGIOUS & CULTURAL STUDIES","de_requirements":"<p><span>Two (2) \u2018A\u2019 Level subjects to include Religious Studies\r\n(CRS\/IRS).<\/span><\/p>","utme_requirements":"<p><span>Five (5) SSC credit passes to include English Language\r\nand CRS\/IRS<\/span><br><\/p>","subjects":"CRS\/IRS and any other two (2) subjects","institutions_list":"AAU"},{"id":"58","title":"RELIGIOUS STUDIES","de_requirements":"<p><span>Two (2) \u2018A\u2019 Level subjects to include Religious Studies\r\n(CRS\/IRS).<\/span><\/p>","utme_requirements":"<p><span>Five (5) SSC credit passes to include English Language and\r\nCRS\/IRS.<\/span><\/p>","subjects":"CRS\/IRS and any other two (2) subjects.","institutions_list":"AAU"},{"id":"71","title":"SOCIOLOGY","de_requirements":"<p><span>Two (2) 'A' Level passes including Government or History.<\/span>&nbsp;&nbsp;&nbsp;&nbsp;<span><\/span><\/p>","utme_requirements":"<p><span>Five (5) SSC credit passes in Government or History, English Language and three (3) other subjects. &nbsp;A pass in Mathematics is required.<\/span><span><\/span><\/p>","subjects":"Three (3) Social Science or Arts subjects.","institutions_list":"AAU"},{"id":"56","title":"SOIL SCIENCE","de_requirements":"<p><span>Two (2) \u2018A\u2019 Level passes in Chemistry and\r\none of Zoology\/Botany\/Agric Science\/Biology, Geography, Mathematics, Physics,\r\nGeology, Economics and Health Science.<\/span><\/p><p>\r\n\r\n<\/p><p><span>&nbsp;<\/span><\/p>","utme_requirements":"<p><span>Five (5) SSC credit passes in English Language\r\nMathematics, Chemistry, Biology\/Agricultural Science and any other Science\r\nsubject.<\/span><\/p><p><span>&nbsp;<\/span><\/p><p>\r\n\r\n\r\n\r\n<\/p><p><span>&nbsp;<\/span><\/p>","subjects":"Chemistry, Biology or Agricultural Science plus Mathematics or Physics.","institutions_list":"AAU"},{"id":"53","title":"STATISTICS","de_requirements":"<p><span>Two (2) 'A' Level passes to include Mathematics or Statistics.<\/span><\/p><p>\r\n\r\n<\/p><p><span>NCE credit in relevant subjects.<\/span><\/p>","utme_requirements":"<p><span>Five (5) SSC credit passes to include English Language, Mathematics and\r\nat least three (3) subjects from Physics, Statistics, Chemistry, Further Mathematics,\r\nEconomics and Geography.<\/span><\/p>","subjects":"Mathematics and any two (2) of Physics, Chemistry and Economics.","institutions_list":"AAU"},{"id":"65","title":"TEACHER EDUCATION SCIENCE:","de_requirements":"<div>\r\n\r\n<table>\r\n <tbody><tr>\r\n  <td>\r\n  <p><span>(i)&nbsp; Two (2) 'A' Level passes in relevant\r\n  teaching subjects including Literature in English.<\/span><\/p>\r\n  <p><span>(ii)&nbsp; NCE\r\n  credit or merit in two(2)relevant subjects.<\/span><\/p>\r\n  <\/td>\r\n <\/tr>\r\n<\/tbody><\/table>\r\n\r\n<\/div>","utme_requirements":"<div>\r\n\r\n<table>\r\n <tbody><tr>\r\n  <td>\r\n  <p><span>Five (5) 'O'\r\n  Level credit passes to include English Language and Literature in English plus\r\n  three (3) other Arts or Social Science subjects.<\/span><\/p>\r\n  <\/td>\r\n <\/tr>\r\n<\/tbody><\/table>\r\n\r\n<\/div>","subjects":"Literature in English and one (1) Art and any other subject.","institutions_list":"AAU"},{"id":"38","title":"THEATRE & MEDIA ARTS","de_requirements":"<p><span>Two\r\n(2) \u2018A\u2019 Level passes in Arts, Social Sciences or Science subjects.<\/span><\/p>","utme_requirements":"<p><span>Five\r\n(5) SSC credit passes to include English Language and Arts subjects.<\/span><\/p>","subjects":"Literature in English and two (2) other relevant subjects.","institutions_list":"AAU"},{"id":"28","title":"VOCATIONAL & TECHNICAL EDUCATION","de_requirements":"<div>\r\n\r\n<table>\r\n <tbody><tr>\r\n  <td>\r\n  <p><span>(i) NCE merit in\r\n  Technical Education.<\/span><\/p>\r\n  <\/td>\r\n <\/tr>\r\n<\/tbody><\/table>\r\n\r\n<\/div><p>\r\n\r\n<span>(ii)\r\nND in Mechanical\/Electrical or Electronics Engineering.<\/span><br><\/p>","utme_requirements":"<div>\r\n\r\n<table>\r\n <tbody><tr>\r\n  <td>\r\n  <p><span>Five (5) SSC credit passes in NTC, City and Guilds Part I\r\n  or WAEC Technical and Federal Craft Training Certificate including English\r\n  Language, Mathematics, Technical Drawing, Physics, subject of specialization.<\/span><\/p>\r\n  <\/td>\r\n <\/tr>\r\n<\/tbody><\/table>\r\n\r\n<\/div>","subjects":"Subjects of specialization and Mathematics or Physics.","institutions_list":"AAU"},{"id":"55","title":"ZOOLOGY","de_requirements":"<p><span>Two (2) 'A' Level passes or NCE in Biology, Zoology or Botany and one\r\nother Science subject<\/span><\/p>","utme_requirements":"<p><span>Five (5) SSC credit passes in English Language, Mathematics, Biology and\r\ntwo (2) other Science subject.<\/span><\/p>","subjects":"Biology and any two (2) of Physics, Chemistry and Mathematics.","institutions_list":"AAU"}]