[{"id":"6094","title":"BUSINESS EDUCATION (DOUBLE MAJOR)","de_requirements":"","utme_requirements":"<p><span>SSC credit passes or TC II merits in English\r\nLanguage and any three (3) of:<\/span><\/p><p><span>1. Economics<\/span><\/p><p><span>2. Accounts<\/span><\/p><p><span>3. Government<\/span><\/p><p><span>4. Geography<\/span><\/p><p><span>5. History<\/span><\/p><p><span>6. Business Method<\/span><\/p><p><span>7. Statistics<\/span><\/p><p><span>8. Commerce<\/span><\/p><p><span>9. Any Science subjects <\/span><\/p><p><span>&nbsp;<\/span><\/p><p><b><span>NB: GROUP A:<\/span><\/b><span><\/span><\/p><p><span>Commercial Arithmetic\r\nCosting, Principles of Accounts, Book Keeping Mathematics, Statistics.<\/span><\/p><p><span>&nbsp;<\/span><\/p><p><b><span>GROUP B:<\/span><\/b><span><\/span><\/p><p>\r\n\r\n\r\n\r\n\r\n\r\n\r\n\r\n\r\n\r\n\r\n\r\n\r\n\r\n\r\n\r\n\r\n\r\n\r\n\r\n\r\n\r\n\r\n\r\n\r\n\r\n\r\n\r\n\r\n\r\n<\/p><p><span>Office Practice, Business\r\nMethod, Commerce, Economics.<\/span><\/p>","subjects":"Mathematics, Economics and any of Geography, Commerce and Principles of Accounts.","institutions_list":"DIAMOND"},{"id":"6096","title":"COMPUTER EDUCATION\/BIOLOGY","de_requirements":"","utme_requirements":"<p><span>Five (5) SSC credit passes in English Language, Mathematics, Physics, Biology\/Integrated Science and any other Science subject.<\/span><span><\/span><\/p>","subjects":"Biology and any two (2) of Chemistry, Mathematics and Physics","institutions_list":"DIAMOND"},{"id":"6093","title":"EARLY CHILDHOOD CARE EDUCATION (DOUBLE MAJOR)","de_requirements":"","utme_requirements":"<p><span>Five (5) SSC credits including English Language.<\/span>&nbsp;&nbsp;&nbsp;&nbsp;<span><\/span><\/p>","subjects":"English Language and any other three (3) subjects.","institutions_list":"DIAMOND"},{"id":"6088","title":"ENGLISH\/GEOGRAPHY","de_requirements":"","utme_requirements":"<p><span>Five (5) SSC credit passes in\r\nEnglish Language, Mathematics, Geography, Literature in English and any other\r\nArts\/Social Science subject.<\/span><\/p>","subjects":"Geography, Literature in English and one (1) other Arts\/Social Science subject.","institutions_list":"DIAMOND"},{"id":"6089","title":"ENGLISH\/IGBO","de_requirements":"","utme_requirements":"<p><span>Five (5) SSC credit passes in\r\nEnglish Language, Mathematics, Literature in English, Igbo Language and any\r\nother Arts&nbsp; subject<\/span><\/p>","subjects":"Igbo, Literature in English,  and any Arts subject","institutions_list":"DIAMOND"},{"id":"6090","title":"ENGLISH\/SOCIAL STUDIES","de_requirements":"","utme_requirements":"<p><span>Five (5) SSC credit\r\npasses in English Language, Mathematics, Literature in English and any two (2)\r\nof Economics, Government\/History, Geography\/Social Studies.<\/span><\/p>","subjects":"Literature in English and any of Arts\/Social Science subjects.","institutions_list":"DIAMOND"},{"id":"6095","title":"INTEGRATED SCIENCE \/ MATHEMATICS EDUCATION","de_requirements":"","utme_requirements":"<p><span>Five (5) SSC credit\r\npasses in English Language, Mathematics and any three (3) of the following<\/span><\/p><p><span>1. Biology\/Agricultural\r\nScience<\/span><\/p><p><span>2. Chemistry<\/span><\/p><p><span>3. Physics and<\/span><\/p><p>\r\n\r\n\r\n\r\n\r\n\r\n\r\n\r\n<\/p><p><span>4. General Science<\/span><\/p>","subjects":"Mathematics and any two (2) of: Biology, Physics and Chemistry.","institutions_list":"DIAMOND"},{"id":"6099","title":"INTEGRATED SCIENCE\/BIOLOGY","de_requirements":"","utme_requirements":"<p><span>Five (5) SSC credit\r\npasses in English Language, Mathematics, Biology, Chemistry\/Physics and any\r\nother Science subject.<\/span><\/p>","subjects":"Biology, Chemistry\/Physics and any other Science subject.","institutions_list":"DIAMOND"},{"id":"6097","title":"INTEGRATED SCIENCE\/COMPUTER EDUCATION","de_requirements":"","utme_requirements":"<p><span>Five (5) SSC credit passes in English Language, Mathematics, Physics, Biology\/Agricultural Science and Chemistry.<\/span>&nbsp; &nbsp;<\/p>","subjects":"Biology\/Agricultural Science, Physics and Chemistry. ","institutions_list":"DIAMOND"},{"id":"6100","title":"MATHEMATICS\/BIOLOGY","de_requirements":"","utme_requirements":"<p><span>Five (5) SSC credit\r\npasses, in English Language, Mathematics, Biology, and any other two (2)\r\nScience subjects.<\/span><\/p>","subjects":"Mathematics, Biology and any other Science subject.","institutions_list":"DIAMOND"},{"id":"6098","title":"MATHEMATICS\/COMPUTER SCIENCE EDUCATION","de_requirements":"","utme_requirements":"<p><span>Five (5) SSC credit passes in English Language, Mathematics, Physics and any two (2) Science subjects.&nbsp;<\/span><span><\/span><\/p>","subjects":"Mathematics and any other two (2) Science subjects.","institutions_list":"DIAMOND"},{"id":"6091","title":"MATHEMATICS\/GEOGRAPHY","de_requirements":"","utme_requirements":"<p><span>Five (5) SSC credit\r\npasses in English Language, Mathematics, Geography and any two (2) of\r\nScience\/Social Sciences.<\/span><\/p>","subjects":"Mathematics, Geography and any other Science\/Social Science subject.","institutions_list":"DIAMOND"},{"id":"6092","title":"SOCIAL STUDIES\/GEOGRAPHY","de_requirements":"","utme_requirements":"<p><span>Five (5) SSC credit\r\npasses in English Language, Mathematics, Geography and two (2) of\r\nGovernment\/History, Christian Religious Studies\/Christian Religious Studies,\r\nEconomics.<\/span><\/p>","subjects":"Geography and two (2) of Economics, Government\/History, Christian Religious Studies\/Islamic Studies.","institutions_list":"DIAMOND"}]