[{"id":"25693","title":"COMPUTER HARDWARE ENGINEERING TECHNOLOGY","de_requirements":"<p>NIL<\/p>","utme_requirements":"<p><span>Five\r\n(5) credit passes at SSC or its equivalent in Mathematics, English Language and\r\nany other three (3) relevant subjects<\/span><\/p>","subjects":"<p><span>Mathematics, Physics, Chemistry.<\/span><\/p>","institutions_list":"DBI-LAGOS"},{"id":"25694","title":"COMPUTER SOFTWARE ENGINEERING TECHNOLOGY","de_requirements":"<p>NIL<\/p>","utme_requirements":"<p><span>Five (5) credit passes at SSC or its equivalent\r\nin Mathematics, English Language and any other three (3) relevant subjects<\/span><br><\/p>","subjects":"<p><span>Mathematics, Physics, Chemistry.<\/span><\/p>","institutions_list":"DBI-LAGOS"},{"id":"25688","title":"MULTIMEDIA TECHNOLOGY","de_requirements":"<p>NIL<\/p>","utme_requirements":"<p><span>Five\r\n(5) credit passes at SSC or its equivalent in Mathematics, English Language and\r\nany other three (3) &nbsp;relevant subjects<\/span><\/p>","subjects":"<p><span>Any\r\nfour (4) subjects from Arts\/Social Science<\/span><\/p>","institutions_list":"DBI-LAGOS"},{"id":"25692","title":"NETWORKING & SYSTEM SECURITY","de_requirements":"<p>NIL<\/p>","utme_requirements":"<p><span>Five\r\n(5) credit passes at SSC or its equivalent, in Mathematics, English Language and\r\nany other three (3) relevant subjects.<\/span><\/p>","subjects":"<p><span>Mathematics, Physics, Chemistry.<\/span><\/p>","institutions_list":"DBI-LAGOS"},{"id":"25691","title":"TELECOMMUNICATION TECHNOLOGY","de_requirements":"<p>NIL<\/p>","utme_requirements":"<p><span>Five (5) credit passes at SSC or its equivalent\r\nin Mathematics, English Language and any other three (3)&nbsp; relevant subjects<\/span><br><\/p>","subjects":"<p><span>Mathematics, Physics, Chemistry.<\/span><\/p>","institutions_list":"DBI-LAGOS"}]