[{"id":"6103","title":"BANKING OPERATIONS","de_requirements":"","utme_requirements":"<p><span>Five (5)\r\ncredit passes at SSC or its equivalent in <\/span><span>English Language (not Literature\r\nin English) and Mathematics and any three (3) subjects from the following:<\/span><span><\/span><\/p><p><span>Economics\/Commerce, Business\r\nMethods, Principles of Accounts, Literature in English, Geography, Office\r\nPractice, Government, Biology\/ Agricultural Science, Chemistry, Physics,\r\nHistory\/Government, Typewriting, Shorthand.<\/span><\/p><p>\r\n\r\n\r\n\r\n<\/p><p><span><o>&nbsp;<\/o:p><\/span><\/p>","subjects":"Mathematics and any two (2) of Economics, Geography, History, Government, Commerce or Principles of Accounts.","institutions_list":"DIMT"},{"id":"24114","title":"BUSINESS INFORMATICS","de_requirements":"<p>NIL<br><\/p>","utme_requirements":"<p>\r\n\r\n<\/p><p><span>Five (5) credit passes\r\nat SSC or its equivalent in <\/span><span>English Language (not Literature in English) and Mathematics\r\nand any three (3) subjects from the following:<\/span><span><\/span><\/p>\r\n\r\n<p><span>Economics\/Commerce, Business Methods,\r\nPrinciples of Accounts, Literature in English, Geography, Office Practice,\r\nGovernment, Biology\/ Agricultural Science, Chemistry, Physics,\r\nHistory\/Government, Typewriting, Shorthand<\/span><\/p>\r\n\r\n<p><\/p>","subjects":"<p>\r\n\r\n<\/p><p><span>Mathematics and any two (2) of\r\nEconomics, Geography, History, Government, Commerce or Principles of <\/span><span>Accounts.<\/span><\/p>\r\n\r\n<p><\/p>","institutions_list":"DIMT"},{"id":"23575","title":"COMPUTER SOFTWARE ENGINEERING TECHNOLOGY","de_requirements":"<p>NIL<br><\/p>","utme_requirements":"<p><span>Five (5) credit passes at SSC or its equivalent\r\nin Mathematics, English Language and any other three (3) relevant subjects<\/span><\/p>","subjects":"<p>\r\n\r\n<\/p><p><span>Mathematics, Physics, Chemistry.<\/span><\/p>\r\n\r\n","institutions_list":"DIMT"},{"id":"6104","title":"SECURITY MANAGEMENT & TECHNOLOGY","de_requirements":"","utme_requirements":"<p><span>Five\r\n(5) credit passes at SSC or its equivalent in Mathematics, English Language and\r\nany other three (3)&nbsp; relevant subjects.<\/span><\/p>","subjects":"Any four (4) subjects from Arts\/Social Science.","institutions_list":"DIMT"}]