[{"id":"6106","title":"ACCOUNTING","de_requirements":"<p>\r\n\r\n<\/p><div>\r\n\r\n<table>\r\n <tbody><tr>\r\n  <td>\r\n  <p><span>Two\r\n  (2)'A' Level passes including Economics.<\/span><\/p>\r\n  <\/td>\r\n <\/tr>\r\n<\/tbody><\/table>\r\n\r\n<\/div>\r\n\r\n","utme_requirements":"<p>\r\n\r\n<\/p><div>\r\n\r\n<br><span><\/span><span><\/span><table><tbody><tr><td><span><\/span><p><span>Five (5) SSCE credit passes including English Language, Economics and any three (3)&nbsp;<\/span><span>&nbsp;of&nbsp;Mathematics, Government, History, Accounting, Commerce, Geography, French, Literature in English and&nbsp;<\/span><span>Christian religious studies\/Islamic studies&nbsp;<\/span><\/p><\/td><\/tr><\/tbody><\/table><table><tbody>\r\n<\/tbody><\/table>\r\n\r\n<\/div>\r\n\r\n","subjects":"<div><span>Economics and any one of Mathematics, Government, History, Accounting, Commerce, Geography, French, Literature in English and Christian religious studies\/Islamic studies&nbsp;<\/span><\/div>","institutions_list":"DOMINICAN-UNI"},{"id":"6112","title":"BOTANY","de_requirements":"<p><span>Two\r\n(2) 'A' Level passes in Biology\/Botany\/Zoology and Chemistry or Physics.<\/span><\/p>","utme_requirements":"<p><span>Five\r\n(5) SSC Credit passes in English Language, Mathematics, Biology, Chemistry and\r\nPhysics.<\/span><\/p>","subjects":"Biology, Chemistry and any other Science subject.","institutions_list":"DOMINICAN-UNI"},{"id":"6107","title":"BUSINESS ADMINISTRATION","de_requirements":"<p>\r\n\r\n<\/p><div>\r\n\r\n<table>\r\n <tbody><tr>\r\n  <td>\r\n  <p><span>Two\r\n  (2)'A' Level passes including Economics.<\/span><\/p>\r\n  <\/td>\r\n <\/tr>\r\n<\/tbody><\/table>\r\n\r\n<\/div>\r\n\r\n","utme_requirements":"<p>\r\n\r\n<\/p><div>\r\n\r\n<table><span>\r\n <\/span><tbody><tr><span>\r\n  <\/span><td><span>\r\n  <\/span><p><span>Five\r\n  (5) SSC credit passes including English Language, Economics and any three (3)&nbsp;<\/span><span>&nbsp;of&nbsp;Mathematics, Government, History, Accounting, Commerce, Geography, French, Literature in English and&nbsp;<\/span><span>Christian religious studies\/Islamic studies&nbsp;<\/span><\/p>\r\n  <\/td>\r\n <\/tr>\r\n<\/tbody><\/table>\r\n\r\n<\/div>\r\n\r\n","subjects":"<span>Economics and any one of&nbsp;Mathematics, Government, History, Accounting, Commerce, Geography, French, Literature in English and&nbsp;<\/span><span><span>Christian religious studies\/Islamic studies<\/span>&nbsp;<\/span>","institutions_list":"DOMINICAN-UNI"},{"id":"6111","title":"CHEMISTRY","de_requirements":"<p><span>i)&nbsp; Two (2) 'A' Level passes in Chemistry and any\r\none (1) of Physics, Mathematics or Biology.<\/span><\/p><p><span><o>&nbsp;<\/o:p><\/span><\/p><p>\r\n\r\n\r\n\r\n<\/p><p><span>(ii)&nbsp;&nbsp; ND\/NCE\r\nwith good grades in relevant 'O' Level subjects.<\/span><\/p>","utme_requirements":"<p><span>Five (5) SSC credit passes in English Language, Mathematics, Physics,\r\nChemistry and Biology.<\/span><\/p>","subjects":"Chemistry and two (2) of Physics, Biology and Mathematics.\r\n\r\n","institutions_list":"DOMINICAN-UNI"},{"id":"6109","title":"CHRISTIAN RELIGIOUS  STUDIES","de_requirements":"<p><span>Two (2) \u2018A\u2019 Level passes\/NCE to include CRS\/Religious\r\nStudies.<\/span><\/p>","utme_requirements":"<p><span>Five (5) SSC credit passes in English Language, CRS and three\r\n(3) other relevant subjects.<\/span><\/p>","subjects":"Two (2) Arts subjects including CRS and any other subject.","institutions_list":"DOMINICAN-UNI"},{"id":"6117","title":"COMPUTER SCIENCE","de_requirements":"<p><span>)\u00a0\u00a0\u00a0\u00a0\u00a0\u00a0 Two (2) 'A' Level passes in\r\nscience subjects including Mathematics<\/span><\/p><p><span><o>\u00a0<\/o:p><\/span><\/p><p>\r\n\r\n\r\n\r\n<\/p><p><span>(ii)\u00a0\u00a0 NCE merit in Mathematics and\r\none (1) other Science or Social Science subject.<\/span><\/p>","utme_requirements":"<p><span>Five (5) SSC credit passes to include English Language, Mathematics,\r\nPhysics Chemistry and any other Science subject.<\/span><\/p>","subjects":"Mathematics, Physics and Chemistry.","institutions_list":"DOMINICAN-UNI"},{"id":"6108","title":"ECONOMICS","de_requirements":"<p>\r\n\r\n<\/p><div>\r\n\r\n<table>\r\n <tbody><tr>\r\n  <td>\r\n  <p><span>Two (2)'A' Level passes in Economics and any one of\r\n  Mathematics, Statistics, Geography, Physics, Chemistry, Agricultural Science,\r\n  Accounting, Business Management, History and Government.<\/span><\/p>\r\n  <\/td>\r\n <\/tr>\r\n<\/tbody><\/table>\r\n\r\n<\/div>\r\n\r\n","utme_requirements":"<p>\r\n\r\n<\/p><div>\r\n\r\n<table>\r\n <tbody><tr>\r\n  <td>\r\n  <p><span>Five\r\n  (5)SSC credit passes in English Language, Mathematics, Economics and any two\r\n  (2) of Arts or Social Science subjects.<\/span><\/p>\r\n  <\/td>\r\n <\/tr>\r\n<\/tbody><\/table>\r\n\r\n<\/div>\r\n\r\n","subjects":"Economics and any of Mathematics, Government, History, Geography, Literature in English, French and Christian Religious Studies\/Islamic Studies.\t","institutions_list":"DOMINICAN-UNI"},{"id":"6116","title":"MASS COMMUNICATION","de_requirements":"<p><span>Two (2) 'A' Level passes in Arts or Social Science subjects.<\/span><span><\/span><\/p>","utme_requirements":"<p><span>Five (5) SSC credit passes in English Language and four (4) other subjects in Arts or Social Sciences.<\/span>&nbsp;&nbsp;&nbsp;&nbsp;<span><\/span><\/p>","subjects":"Any three (3) from Arts or Social Science subjects.","institutions_list":"DOMINICAN-UNI"},{"id":"6115","title":"MATHEMATICS","de_requirements":"<p><span>) Two\r\n(2) 'A' Level passes in Mathematics and any other science subject.<\/span><\/p><p>\r\n\r\n<span>(ii)&nbsp;&nbsp;&nbsp;&nbsp;&nbsp;&nbsp;&nbsp;&nbsp;&nbsp;&nbsp; NCE merit in Mathematics and one (1)\r\nof Physics, Chemistry or Economics<\/span><br><\/p>","utme_requirements":"<p><span>Five (5) SSC credit passes including English Language, Mathematics and\r\nPhysics or Chemistry.<\/span><\/p>","subjects":"Mathematics and any two (2) of Physics, Chemistry and Economics or Geography.","institutions_list":"DOMINICAN-UNI"},{"id":"6114","title":"PHILOSOPHY","de_requirements":"<p><span>Any\r\ntwo (2) \u2018A\u2019 Level passes.<\/span><\/p>","utme_requirements":"<p><span>Five\r\n(5) SSC credit passes to include English Language and four (4) other relevant\r\nsubjects.<\/span><\/p>","subjects":"Any three (3) subjects.","institutions_list":"DOMINICAN-UNI"},{"id":"6110","title":"PHYSICS","de_requirements":"<p><span>NCE\/Two (2) 'A' Level passes in Physics and Mathematics or Chemistry.<\/span><\/p>","utme_requirements":"<p><span>Five (5) SSC credit passes in English Language, Physics, Chemistry,\r\nMathematics and any other Science subject from Further Mathematics and Biology\r\nor Agricultural Science.<\/span><\/p>","subjects":"Physics, Mathematics and Chemistry or Biology.","institutions_list":"DOMINICAN-UNI"},{"id":"6113","title":"ZOOLOGY","de_requirements":"<p><span>Two (2) 'A' Level passes or NCE in Biology, Zoology or Botany and one\r\nother Science subject<\/span><\/p>","utme_requirements":"<p><span>Five (5) SSC credit passes in English Language, Mathematics, Biology and\r\ntwo (2) other Science subject.<\/span><\/p>","subjects":"Biology and any two (2) of Physics, Chemistry and Mathematics.","institutions_list":"DOMINICAN-UNI"}]