[{"id":"999","title":"ACCOUNTING","de_requirements":"<p><span>Two (2) \u2018A\u2019 Level passes chosen from Economics, Accounting,\r\nBusiness Management, Government and Geography.<\/span><\/p>","utme_requirements":"<p><span>Five (5) SSC credit passes including\r\nEnglish Language, Mathematics, Economics and any other two (2) other subjects.<\/span><\/p><p>\r\n\r\n<\/p><p><span>For\r\nNBC holders, the other two (2) relevant subjects could be from any of Principles\r\nof Accounts, Commerce, Office Practice and Secretarial Duties.?<\/span><\/p>","subjects":"Mathematics, Economics plus any Social Science subject.","institutions_list":"ADUN"},{"id":"1012","title":"BIOLOGY","de_requirements":"<p><span>i)\r\nTwo (2) 'A' Level passes from Chemistry, Biology, Botany\/Zoology.<\/span><\/p><p>\r\n\r\n<\/p><p><span>(ii)\r\nNCE merit accepted.<\/span><\/p>","utme_requirements":"<p><span>Five (5) SSC credit passes to include English\r\nLanguage, Biology, Chemistry and Mathematics\/Physics.<\/span><\/p>","subjects":"Biology, Chemistry and Physics or Mathematics.","institutions_list":"ADUN"},{"id":"1000","title":"BUSINESS ADMINISTRATION","de_requirements":"<p><span>Two (2) \u2018A\u2019 Level passes chosen from Economics, Accounts,\r\nBusiness Management, Government, Geography or Statistics.<\/span><\/p>","utme_requirements":"<p><span>Five (5) SSC credit passes including English Language,\r\nMathematics, Economics, plus any two (2) of Accounting, Business Methods,\r\nCommerce, Government, Geography, and Statistics.<\/span><br><\/p>","subjects":"Mathematics, Economics and one (1) other subject.","institutions_list":"ADUN"},{"id":"1007","title":"CHEMISTRY","de_requirements":"<p><span>i)&nbsp; Two (2) 'A' Level passes in Chemistry and any\r\none (1) of Physics, Mathematics or Biology.<\/span><\/p><p><span><o>&nbsp;<\/o:p><\/span><\/p><p>\r\n\r\n\r\n\r\n<\/p><p><span>(ii)&nbsp;&nbsp; ND\/NCE\r\nwith good grades in relevant 'O' Level subjects.<\/span><\/p>","utme_requirements":"<p><span>Five (5) SSC credit passes in English Language, Mathematics, Physics,\r\nChemistry and Biology.<\/span><\/p>","subjects":"Chemistry and two (2) of Physics, Biology and Mathematics.\r\n\r\n","institutions_list":"ADUN"},{"id":"1008","title":"COMPUTER SCIENCE","de_requirements":"<p><span>)&nbsp;&nbsp;&nbsp;&nbsp;&nbsp;&nbsp; Two (2) 'A' Level passes in\r\nscience subjects including Mathematics<\/span><\/p><p><span><o>&nbsp;<\/o:p><\/span><\/p><p>\r\n\r\n\r\n\r\n<\/p><p><span>(ii)&nbsp;&nbsp; NCE merit in Mathematics and\r\none (1) other Science or Social Science subject.<\/span><\/p>","utme_requirements":"<p><span>Five (5) SSC credit passes to include English Language, Mathematics,\r\nPhysics plus two (2) other Science subjects.<\/span><\/p>","subjects":"Mathematics, Physics and one (1) of Biology, Chemistry, Agric Science, Economics and Geography.","institutions_list":"ADUN"},{"id":"1011","title":"CYBER SECURITY SCIENCE","de_requirements":"<p><span>(i)&nbsp;&nbsp;&nbsp; Two (2) 'A' Level passes in\r\nscience subjects including Mathematics<\/span><\/p><p><span><o>&nbsp;<\/o:p><\/span><\/p><p>\r\n\r\n\r\n\r\n<\/p><p><span>(ii)&nbsp;&nbsp; NCE merit in Mathematics and\r\none (1) other Science or Social Science subject.<\/span><\/p>","utme_requirements":"<p><span>Five (5) SSC credit passes to include English Language, Mathematics,\r\nPhysics plus two (2) other Science subjects.<\/span><\/p>","subjects":"Mathematics, Physics and one (1) of Biology, Chemistry, Agric Science, Economics and Geography.","institutions_list":"ADUN"},{"id":"1001","title":"ECONOMICS","de_requirements":"<p>\r\n\r\n<\/p><div>\r\n\r\n<table>\r\n <tbody><tr>\r\n  <td>\r\n  <p><span>Two (2)'A' Level passes in Economics and any one of\r\n  Mathematics, Statistics, Geography, Physics, Chemistry, Agricultural Science,\r\n  Accounting, Business Management, History and Government.<\/span><\/p>\r\n  <\/td>\r\n <\/tr>\r\n<\/tbody><\/table>\r\n\r\n<\/div>\r\n\r\n","utme_requirements":"<p>\r\n\r\n<\/p><div>\r\n\r\n<table>\r\n <tbody><tr>\r\n  <td>\r\n  <p><span>Five\r\n  (5)SSC credit passes in English Language, Mathematics, Economics and any two\r\n  (2) of Arts or Social Science subjects.<\/span><\/p>\r\n  <\/td>\r\n <\/tr>\r\n<\/tbody><\/table>\r\n\r\n<\/div>\r\n\r\n","subjects":"Economics, Mathematics and any of Government, History, Geography, Literature in English, French and Christian Religious Studies\/Islamic Studies.\t","institutions_list":"ADUN"},{"id":"1004","title":"ENGLISH LANGUAGE","de_requirements":"<p><span>Two\r\n(2) \u2018A\u2019 Level passes to include Literature in English and one other Arts\r\nsubject.<\/span><\/p>","utme_requirements":"<p><span>Five\r\n(5) SSC credit passes to include Literature in English, English Language and\r\nthree other Arts or Social Science subjects.<\/span><\/p>","subjects":"Literature in English, one other Arts subject and another Arts or Social Science subject.","institutions_list":"ADUN"},{"id":"1002","title":"FORENSIC SCIENCE","de_requirements":"<p><span>Two (2) 'A' Level passes chosen from Chemistry, Mathematics, Physics and\r\nBiology.<\/span><\/p><p><span><o>&nbsp;<\/o:p><\/span><\/p><p>\r\n\r\n\r\n\r\n<\/p><p><span>NCE\/ND\/HND in related programmes plus the UTME requirements.<\/span><\/p>","utme_requirements":"<p><span>Five (5) SSC credit passes in English Language, Chemistry, Mathematics,\r\nPhysics and Biology.<\/span><\/p>","subjects":"Biology, Chemistry and Physics or Mathematics.","institutions_list":"ADUN"},{"id":"1006","title":"HISTORY & INTERNATIONAL STUDIES","de_requirements":"<p><span>credit) in History\/ Government and any other related\r\nsubject.<\/span><br><\/p>","utme_requirements":"<p><span>Language, Geography, Government\/History.<\/span><br><\/p>","subjects":"subjects from the Arts and Social Sciences.","institutions_list":"ADUN"},{"id":"1005","title":"INDUSTRIAL MATHEMATICS","de_requirements":"<p><span>(i)&nbsp;&nbsp;&nbsp; Two\r\n(2) 'A' Level passes from Mathematics, Physics, Economics or Chemistry.<\/span><\/p><p>\r\n\r\n<span>(ii)\r\nNCE merit in relevant subjects.<\/span><br><\/p>","utme_requirements":"<p><span>Five (5) SSC credit passes in English Language, Mathematics, Physics and\r\ntwo (2) other Science subjects.<\/span><\/p>","subjects":"Mathematics and any two (2) of Physics, Chemistry, Economics, Biology and Agricultural Science.","institutions_list":"ADUN"},{"id":"1013","title":"INTERNATIONAL RELATIONS","de_requirements":"<p><span>Two (2) 'A' Level passes in Social Science subject from Government\/History, Economics, Sociology and Business Management.<\/span><br><\/p>","utme_requirements":"<p><span>Five (5) SSC credit passes to include English Language, Government or History and three (3) relevant subjects.&nbsp;<\/span><span><\/span><\/p>","subjects":"Economics, Literature in English and Geography\/Government\/History.","institutions_list":"ADUN"},{"id":"1003","title":"PHYSICS","de_requirements":"<p><span>NCE\/Two (2) 'A' Level passes in Physics and Mathematics or Chemistry.<\/span><\/p>","utme_requirements":"<p><span>Five (5) SSC credit passes in English Language, Physics, Chemistry,\r\nMathematics and any other Science subject from Further Mathematics and Biology\r\nor Agricultural Science.<\/span><\/p>","subjects":"Physics, Mathematics and Chemistry or Biology.","institutions_list":"ADUN"},{"id":"1009","title":"SOFTWARE ENGINEERING","de_requirements":"<p><span>)&nbsp;&nbsp;&nbsp;&nbsp;&nbsp;&nbsp; Two (2) 'A' Level passes in\r\nscience subjects including Mathematics<\/span><\/p><p><span><o>&nbsp;<\/o:p><\/span><\/p><p>\r\n\r\n\r\n\r\n<\/p><p><span>(ii)&nbsp;&nbsp; NCE merit in Mathematics and\r\none (1) other Science or Social Science subject.<\/span><\/p>","utme_requirements":"<p><span>Five (5) SSC credit passes to include English Language, Mathematics,\r\nPhysics plus two (2) other Science subjects.<\/span><\/p>","subjects":"Mathematics, Physics and one (1) of Biology, Chemistry, Agric Science, Economics and Geography.","institutions_list":"ADUN"},{"id":"1010","title":"TOURISM STUDIES","de_requirements":"<p>.<br><\/p>","utme_requirements":"<p><span>Five (5) SSC credit passes in English Language, Geography and any three (3) from Arts or Social Science subjects with 'O' Level pass in Mathematics.<\/span><\/p>","subjects":"Geography and any two (2) other Arts or Social Science subjects.","institutions_list":"ADUN"}]