[{"id":"29452","title":" ENVIRONMENTAL MANAGEMENT","de_requirements":"","utme_requirements":"","subjects":"","institutions_list":"EBSU"},{"id":"6373","title":"ACCOUNTING","de_requirements":"<p><span>Two (2) \u2018A\u2019 Level passes chosen from Economics, Accounting,\r\nBusiness Management, Government and Geography.<\/span><\/p>","utme_requirements":"<p><span>Five (5) SSC credit passes including\r\nEnglish Language, Mathematics, Economics and any other two (2) other subjects.<\/span><\/p><p>\r\n\r\n<\/p><p><span>For\r\nNBC holders, the other two (2) relevant subjects could be from any of Principles\r\nof Accounts, Commerce, Office Practice and Secretarial Duties.?<\/span><\/p>","subjects":"Mathematics, Economics plus any Social Science subject.","institutions_list":"EBSU"},{"id":"6391","title":"AGRIC-ECONOMICS & EXTENSION","de_requirements":"<p><span>Two\r\n(2) \u2018A\u2019 Level passes in Chemistry and one of Zoology\/Botany\/Agricultural\r\nScience\/Biology, Geography, Mathematics, Physics, Geology, Economics and Health\r\nScience.<\/span><\/p>","utme_requirements":"<p><span>Five (5) SSC credit passes in English\r\nLanguage, Mathematics, Chemistry, Biology\/Agricultural Science and one of\r\nGeography, Physics and Economics.<\/span><\/p><p><span>&nbsp;<\/span><\/p><p>\r\n\r\n\r\n\r\n<\/p><p><span>&nbsp;<\/span><\/p>","subjects":"Chemistry, Biology\/ Agricultural Science plus Mathematics or Physics.\r\n\r\n\r\n\r\n","institutions_list":"EBSU"},{"id":"6442","title":"AGRICULTURAL SCIENCE & EDUCATION","de_requirements":"<div>\r\n\r\n<table>\r\n <tbody><tr>\r\n  <td>\r\n  <p><span>(i) Two (2) passes at 'A' Level in Biology \/Zoology\r\n  \/Botany and any other Science subject.<\/span><\/p>\r\n  <p><span>(ii) NCE merit\r\n  in Biology and any other Science subject.<\/span><\/p>\r\n  <\/td>\r\n <\/tr>\r\n<\/tbody><\/table>\r\n\r\n<\/div><p>\r\n\r\n<span>(iii)\r\nNCE merit in Agriculture (Double Major).<\/span><br><\/p>","utme_requirements":"<div>\r\n\r\n<table>\r\n <tbody><tr>\r\n  <td>\r\n  <p><span>Five (5) 'O'\r\n  Level credit passes or equivalents in English Language, Chemistry, Biology\/Agricultural\r\n  Science., Mathematics and another relevant subject.<\/span><\/p>\r\n  <\/td>\r\n <\/tr>\r\n<\/tbody><\/table>\r\n\r\n<\/div>","subjects":"Any three (3) subjects from Chemistry, Biology, Agriculture, Physics, Economics, Geography and Mathematics.","institutions_list":"EBSU"},{"id":"6380","title":"AGRICULTURE","de_requirements":"<p><span>Two (2) \u2018A\u2019 Level passes in Chemistry and\r\none from Biology\/Botany\/Zoology\/Agricultural Science, Economics, Physics,\r\nGeography and Geology\/Mathematics (Pure &amp; Applied).<\/span><\/p>","utme_requirements":"<p><span>Five (5) SSC credit passes to include\r\nEnglish Language, Biology\/Agricultural Science, Chemistry and&nbsp; any one of Mathematics, Physics, Geography\r\nand&nbsp; Economics.<\/span><\/p>","subjects":"Chemistry, Biology\/Agriculture and any one of Physics or Mathematics.","institutions_list":"EBSU"},{"id":"6378","title":"ANATOMY","de_requirements":"<p><span>Two\r\n(2) 'A' Level passes chosen from Biology, Chemistry and Physics in addition to the\r\nUTME requirements.<\/span><\/p>","utme_requirements":"<p><span>Five\r\n(5) SSC credit passes in English Language, Mathematics, Biology, Chemistry and\r\nPhysics.<\/span><\/p>","subjects":"Biology, Chemistry and Physics.","institutions_list":"EBSU"},{"id":"6404","title":"ANIMAL SCIENCE","de_requirements":"<p><span>Two (2) \u2018A\u2019 level passes or its equivalent\r\nin Chemistry and one of Biology\/Botany\/Zoology\/Agriculture Science\/Geography\/Geology\/Mathematics\/Economics.<\/span><\/p>","utme_requirements":"<p><span>Five (5) SSC credit passes in English\r\nLanguage, Chemistry, Mathematics, Biology\/Agric Science and one of Physics,\r\nGeography or Economics.<\/span><\/p>","subjects":"Chemistry, Biology\/Agriculture and Mathematics \/Physics.","institutions_list":"EBSU"},{"id":"6435","title":"APPLIED BIOLOGY","de_requirements":"<p><span>Two (2) 'A' Level passes in Biology and either Chemistry or Physics.<\/span><\/p>","utme_requirements":"<p><span>Five (5) SSC credit passes&nbsp; in English Language, Biology, Mathematics,\r\nChemistry and any one (1) of&nbsp; Health&nbsp; Science, Statistics, Physics and Geography.<\/span><\/p>","subjects":"Chemistry, Biology and either Physics or Mathematics.","institutions_list":"EBSU"},{"id":"6425","title":"APPLIED MICROBIOLOGY","de_requirements":"<p><span>&nbsp; &nbsp; &nbsp; &nbsp; Two\r\n(2) 'A' Level passes in Biology and Chemistry.<\/span><\/p><p><span><o>&nbsp;<\/o:p><\/span><\/p><p><span>(ii)&nbsp;&nbsp; NCE\r\nmerit in Biology and Chemistry.<\/span><\/p><p><span><o>&nbsp;<\/o:p><\/span><\/p><p>\r\n\r\n\r\n\r\n\r\n\r\n\r\n\r\n<span>(iii)\r\nND\/HND in Biology or Food Technology<\/span><br><\/p>","utme_requirements":"<p><span>Five (5)\r\nSSC credit passes to include English Language, Mathematics, chemistry, Physics\r\nand Biology or Health Science.<\/span><\/p>","subjects":"Mathematics, Chemistry and Biology.\r\n\r\n","institutions_list":"EBSU"},{"id":"29451","title":"ARCHITECTURE","de_requirements":"","utme_requirements":"","subjects":"","institutions_list":"EBSU"},{"id":"6374","title":"BANKING & FINANCE","de_requirements":"<p><span>Two (2) 'A' Level passes\r\nchosen from Accounting, Economics, Management, Mathematics, Geography and\r\nStatistics.<\/span><\/p>","utme_requirements":"<p><span>Five (5) SSC credit\r\npasses to include: English Language, Mathematics and any other subjects. For\r\nNBC, the other two (2) relevant subjects could be from any of the following;\r\nAccounting, Principles of Accounts, Commerce, Office Practice and Economics.&nbsp;<\/span><\/p>","subjects":"Mathematics, Economics, plus any one (1) of Government and Geography.","institutions_list":"EBSU"},{"id":"6390","title":"BIOCHEMISTRY","de_requirements":"<p><span>Two (2) 'A' Level passes chosen from Chemistry, Mathematics, Physics and\r\nBiology.<\/span><\/p><p><span><o>&nbsp;<\/o:p><\/span><\/p><p>\r\n\r\n\r\n\r\n<\/p><p><span>NCE\/ND\/HND in related programmes plus the UTME requirements.<\/span><\/p>","utme_requirements":"<p><span>Five (5) SSC credit passes in English Language, Chemistry, Mathematics,\r\nPhysics and Biology.<\/span><\/p>","subjects":"Biology, Chemistry and Physics or Mathematics.","institutions_list":"EBSU"},{"id":"6434","title":"BIOLOGY","de_requirements":"<p><span>i)\r\nTwo (2) 'A' Level passes from Chemistry, Biology, Botany\/Zoology.<\/span><\/p><p>\r\n\r\n<\/p><p><span>(ii)\r\nNCE merit accepted.<\/span><\/p>","utme_requirements":"<p><span>Five (5) SSC credit passes to include English\r\nLanguage, Biology, Chemistry and Mathematics\/Physics.<\/span><\/p>","subjects":"Biology, Chemistry and Physics or Mathematics.","institutions_list":"EBSU"},{"id":"6414","title":"BIOTECHNOLOGY","de_requirements":"<p><span>Two\r\n(2) 'A' Level passes in Biology\/Botany\/Zoology and Chemistry or Physics.<\/span><\/p>","utme_requirements":"<p><span>Five\r\n(5) SSC Credit passes in English Language, Mathematics, Biology, Chemistry and\r\nPhysics.<\/span><\/p>","subjects":"Biology, Chemistry and any other Science subject.","institutions_list":"EBSU"},{"id":"6412","title":"BOTANY","de_requirements":"<p><span>Two\r\n(2) 'A' Level passes in Biology\/Botany\/Zoology and Chemistry or Physics.<\/span><\/p>","utme_requirements":"<p><span>Five\r\n(5) SSC Credit passes in English Language, Mathematics, Biology, Chemistry and\r\nPhysics.<\/span><\/p>","subjects":"Biology, Chemistry and any other Science subject.","institutions_list":"EBSU"},{"id":"29454","title":"BUILDING","de_requirements":"","utme_requirements":"","subjects":"","institutions_list":"EBSU"},{"id":"6448","title":"BUILDING TECHNOLOGY EDUCATION","de_requirements":"<p>Same as in Electrical Electronics Engineering<\/p><p><br><\/p>","utme_requirements":"<p>Same as in Electrical Electronics Engineering<\/p><p><br><\/p>","subjects":"Same as in Electrical Electronics Engineering\r\n\r\n","institutions_list":"EBSU"},{"id":"6446","title":"BUSINESS EDUCATION","de_requirements":"<p>(i)<span>\t<\/span>Two (2) 'A' Level passes or NCE merit in two (2) relevant subjects.<\/p><p>(ii)<span>\t<\/span>NCE merit in Business Education Double Major.&nbsp;<\/p><div><br><\/div>","utme_requirements":"<p>Five (5) TC II merit, 'O' Level or NTC\/NBC credit passes including English Language, Mathematics, Economics and two (2) other subjects in the Social Sciences or Arts. For NBC, the other subjects could be from any of the following: Commerce, Office Practice, Principles of Accounts, Secretarial Duties, Typewriting and Shorthand.<\/p><p><br><\/p>","subjects":"Mathematics, Economics plus one (1) of Literature in English, History, Government, Geography, Chemistry and Physics.\r\n\r\n","institutions_list":"EBSU"},{"id":"6375","title":"BUSINESS MANAGEMENT","de_requirements":"<p><span>Two (2) \u2018A\u2019 Level passes chosen from Economics, Accounts,\r\nBusiness Management, Government, Geography or Statistics.<\/span><\/p>","utme_requirements":"<span>Five (5) SSC credit passes including English Language,\r\nMathematics, Economics, plus any two (2) of Accounting, Business Methods,\r\nCommerce, Government, Geography, and Statistics.<\/span><br>","subjects":"Mathematics, Economics and one (1) other subject.","institutions_list":"EBSU"},{"id":"29450","title":"CHEMICAL ENGINEERING","de_requirements":"","utme_requirements":"","subjects":"","institutions_list":"EBSU"},{"id":"6402","title":"CHEMISTRY","de_requirements":"<p><span>i)&nbsp; Two (2) 'A' Level passes in Chemistry and any\r\none (1) of Physics, Mathematics or Biology.<\/span><\/p><p><span><o>&nbsp;<\/o:p><\/span><\/p><p>\r\n\r\n\r\n\r\n<\/p><p><span>(ii)&nbsp;&nbsp; ND\/NCE\r\nwith good grades in relevant 'O' Level subjects.<\/span><\/p>","utme_requirements":"<p><span>Five (5) SSC credit passes in English Language, Mathematics, Physics,\r\nChemistry and Biology.<\/span><\/p>","subjects":"Chemistry and two (2) of Physics, Biology and Mathematics.\r\n\r\n","institutions_list":"EBSU"},{"id":"29447","title":"CIVIL ENGINEERING","de_requirements":"","utme_requirements":"","subjects":"","institutions_list":"EBSU"},{"id":"6377","title":"CIVIL LAW","de_requirements":"<p><span>&nbsp; &nbsp; Two (2)'A' Level passes in Arts or Social\r\nScience subjects.<\/span><\/p><p>\r\n\r\n<span>(ii)&nbsp;&nbsp; NCE\/ND\/First Degree (Second Class Lower).<\/span><br><\/p>","utme_requirements":"<p><span>Five (5)'O' Level credit passes to include English Language,\r\nLiterature in English and\r\nMathematics.<\/span><\/p>","subjects":"Any three (3) Arts or Social Science subjects.","institutions_list":"EBSU"},{"id":"6426","title":"COMPUTER SCIENCE","de_requirements":"<p><span>)&nbsp;&nbsp;&nbsp;&nbsp;&nbsp;&nbsp; Two (2) 'A' Level passes in\r\nscience subjects including Mathematics<\/span><\/p><p><span><o>&nbsp;<\/o:p><\/span><\/p><p>\r\n\r\n\r\n\r\n<\/p><p><span>(ii)&nbsp;&nbsp; NCE merit in Mathematics and\r\none (1) other Science or Social Science subject.<\/span><\/p>","utme_requirements":"<p><span>Five (5) SSC credit passes to include English Language, Mathematics,\r\nPhysics plus two (2) other Science subjects.<\/span><\/p>","subjects":"Mathematics, Physics and one (1) of Biology, Chemistry, Agric Science, Economics and Geography.","institutions_list":"EBSU"},{"id":"6411","title":"CROP PRODUCTION & LANDSCAPE MANAGEMENT","de_requirements":"<p><span>Two (2) \u2018A\u2019 Level passes in Chemistry and\r\nBiology\/Agricultural Science\/Botany\/Zoology or Physics\/Mathematics\/Economics.<\/span><\/p><p><span>&nbsp;<\/span><\/p><p>\r\n\r\n\r\n\r\n<\/p><p><span>&nbsp;<\/span><\/p>","utme_requirements":"<p><span>Five (5) SSC credit\r\npasses to include Chemistry, Biology\/Agricultural Science, Mathematics and one Science\/Social\r\nScience subject and at least <\/span><span>'O' Level<\/span><span>\r\npass in Physics.<\/span><\/p><p><span>&nbsp;<\/span><\/p><p><span>&nbsp;<\/span><\/p><p>\r\n\r\n\r\n\r\n\r\n\r\n<\/p><p><span>&nbsp;<\/span><\/p>","subjects":"Chemistry, Biology\/Agriculture and Mathematics or Physics.\r\n\r\n\r\n","institutions_list":"EBSU"},{"id":"6381","title":"ECONOMICS","de_requirements":"<p>\r\n\r\n<\/p><div>\r\n\r\n<table>\r\n <tbody><tr>\r\n  <td>\r\n  <p><span>Two (2)'A' Level passes in Economics and any one of\r\n  Mathematics, Statistics, Geography, Physics, Chemistry, Agricultural Science,\r\n  Accounting, Business Management, History and Government.<\/span><\/p>\r\n  <\/td>\r\n <\/tr>\r\n<\/tbody><\/table>\r\n\r\n<\/div>\r\n\r\n","utme_requirements":"<p>\r\n\r\n<\/p><div>\r\n\r\n<table>\r\n <tbody><tr>\r\n  <td>\r\n  <p><span>Five\r\n  (5)SSC credit passes in English Language, Mathematics, Economics and any two\r\n  (2) of Arts or Social Science subjects.<\/span><\/p>\r\n  <\/td>\r\n <\/tr>\r\n<\/tbody><\/table>\r\n\r\n<\/div>\r\n\r\n","subjects":"Economics, Mathematics and any of Government, History, Geography, Literature in English, French and Christian Religious Studies\/Islamic Studies.\t","institutions_list":"EBSU"},{"id":"6393","title":"EDUCATION & BIOLOGY","de_requirements":"\r\n\r\n<table>\r\n <tbody><tr>\r\n  <td>\r\n  <p><br><\/p>\r\n  <\/td>\r\n <\/tr>\r\n<\/tbody><\/table><div>\r\n\r\n<table>\r\n <tbody><tr>\r\n  <td>\r\n  <p><span>NCE\/'A' Level\r\n  passes in Biology and one (1) other Science subject.<\/span><\/p>\r\n  <\/td>\r\n <\/tr>\r\n<\/tbody><\/table>\r\n\r\n<\/div>\r\n\r\n","utme_requirements":"\r\n\r\n<table>\r\n <tbody><tr>\r\n  <td>\r\n  <p><br><\/p>\r\n  <\/td>\r\n <\/tr>\r\n<\/tbody><\/table><div>\r\n\r\n<table>\r\n <tbody><tr>\r\n  <td>\r\n  <p><span>Five (5) SSC credit\r\n  passes in English Language, Biology, Chemistry, Mathematics and one (1) other\r\n  subject.<\/span><\/p>\r\n  <\/td>\r\n <\/tr>\r\n<\/tbody><\/table>\r\n\r\n<\/div>\r\n\r\n","subjects":"Biology and two (2) other subjects from Chemistry, Mathematics and Physics.","institutions_list":"EBSU"},{"id":"6388","title":"EDUCATION & COMPUTER SCIENCE","de_requirements":"<div>\r\n\r\n<table>\r\n <tbody><tr>\r\n  <td>\r\n  <p><span>Two (2) \u2018A\u2019 Level passes including Physics or Chemistry.<\/span><\/p>\r\n  <\/td>\r\n <\/tr>\r\n<\/tbody><\/table>\r\n\r\n<\/div>","utme_requirements":"<div>\r\n\r\n<table>\r\n <tbody><tr>\r\n  <td>\r\n  <p><span>Five (5) SSC credit passes or its equivalents including\r\n  Mathematics, English Language and three (3) other Science subjects.<\/span><\/p>\r\n  <\/td>\r\n <\/tr>\r\n<\/tbody><\/table>\r\n\r\n<\/div>","subjects":"Mathematics, Physics and one of Biology, Chemistry and Geography.","institutions_list":"EBSU"},{"id":"6445","title":"EDUCATION & ECONOMICS","de_requirements":"<p>(i)<span>\t<\/span>Two (2) 'A' Level passes in Economics and one (1) other relevant subject.<\/p><p>(ii) <span>\t<\/span>NCE merit\/credit in Economics and one (1) other subject.<\/p><p><br><\/p>","utme_requirements":"<p>Five (5) 'O' Level credit passes to include English Language, Economics and Mathematics.<\/p><p><br><\/p>","subjects":"Economics, Mathematics and one (1) other subject from Geography\/Physics, History, Government and Literature in English.\r\n\r\n","institutions_list":"EBSU"},{"id":"6429","title":"EDUCATION & ENGLISH LANGUAGE","de_requirements":"<div>\r\n\r\n<table>\r\n <tbody><tr>\r\n  <td>\r\n  <p><span>(i)&nbsp; Two (2) 'A' Level passes in relevant\r\n  teaching subjects including Literature in English.<\/span><\/p>\r\n  <p><span>(ii)&nbsp; NCE\r\n  credit or merit in two(2)relevant subjects.<\/span><\/p>\r\n  <\/td>\r\n <\/tr>\r\n<\/tbody><\/table>\r\n\r\n<\/div>","utme_requirements":"<div>\r\n\r\n<table>\r\n <tbody><tr>\r\n  <td>\r\n  <p><span>Five (5) 'O'\r\n  Level credit passes to include English Language and Literature in English plus\r\n  three (3) other Arts or Social Science subjects.<\/span><\/p>\r\n  <\/td>\r\n <\/tr>\r\n<\/tbody><\/table>\r\n\r\n<\/div>","subjects":"Literature in English and one (1) Art and any other subject.","institutions_list":"EBSU"},{"id":"6392","title":"EDUCATION & INTEGRATED SCIENCE","de_requirements":"<div>\r\n\r\n<table>\r\n <tbody><tr>\r\n  <td>\r\n  <p><span>(i) NCE Integrated&nbsp;&nbsp;&nbsp;&nbsp;&nbsp;&nbsp;&nbsp;&nbsp;\r\n  Science<\/span><\/p>\r\n  <p><span>&nbsp;<\/span><\/p>\r\n  <p><span>(ii)&nbsp;&nbsp; NCE Science<\/span><\/p>\r\n  <p><span>&nbsp;&nbsp;&nbsp;&nbsp;&nbsp;&nbsp; Education<\/span><\/p>\r\n  <p><span>&nbsp;<\/span><\/p>\r\n  <\/td>\r\n <\/tr>\r\n<\/tbody><\/table>\r\n\r\n<\/div><p>\r\n\r\n<span>(iii)\r\n&nbsp;'A' Level&nbsp; &nbsp;&nbsp;&nbsp;&nbsp;&nbsp;&nbsp;&nbsp;passes in two (2)Science subjects<\/span><br><\/p>","utme_requirements":"<p><span>Five (5) SSC credit passes including Biology, Chemistry,\r\nEnglish Language and Mathematics<\/span><br><\/p>","subjects":"Any three (3) of Mathematics, Chemistry, Physics, Biology and Agricultural Science.","institutions_list":"EBSU"},{"id":"6394","title":"EDUCATION & MATHEMATICS","de_requirements":"<div>\r\n\r\n<table>\r\n <tbody><tr>\r\n  <td>\r\n  <p><span>Two (2)'A' Level passes\/NCE in\r\n  Mathematics and one (1) Science subject.<\/span><\/p>\r\n  <\/td>\r\n <\/tr>\r\n<\/tbody><\/table>\r\n\r\n<\/div>","utme_requirements":"<div>\r\n\r\n<table>\r\n <tbody><tr>\r\n  <td>\r\n  <p><span>Five (5) SSC credit\r\n  passes to include English Language, Mathematics plus one (1) other Science\r\n  subject.<\/span><\/p>\r\n  <\/td>\r\n <\/tr>\r\n<\/tbody><\/table>\r\n\r\n<\/div>","subjects":"Mathematics and any two (2) of the following Science subjects: Physics, Chemistry and Biology.","institutions_list":"EBSU"},{"id":"6398","title":"EDUCATION & PHYSICS","de_requirements":"<div>\r\n\r\n<table>\r\n <tbody><tr>\r\n  <td>\r\n  <p><span>(i)&nbsp; Two (2) 'A'\r\n  Level passes in Physics and Mathematics.<\/span><\/p>\r\n  <p><span>(ii) NCE credit\/merit in relevant subjects.<\/span><\/p>\r\n  <\/td>\r\n <\/tr>\r\n<\/tbody><\/table>\r\n\r\n<\/div>","utme_requirements":"<p><span>Five (5) 'O' Level credits passes to include English\r\nLanguage, Physics, Mathematics and two (2) other Science subjects or NTC\/NBC.<\/span><br><\/p>","subjects":"Physics, Mathematics or Chemistry plus one (1) other subjects.","institutions_list":"EBSU"},{"id":"6431","title":"EDUCATION & RELIGIOUS STUDIES","de_requirements":"<div>\r\n\r\n<table>\r\n <tbody><tr>\r\n  <td>\r\n  <p><span>Two (2) 'A'\r\n  Level passes\/NCE merit in Religious Studies and one (1) other Arts subject.<\/span><\/p>\r\n  <\/td>\r\n <\/tr>\r\n<\/tbody><\/table>\r\n\r\n<\/div>","utme_requirements":"<div>\r\n\r\n<table>\r\n <tbody><tr>\r\n  <td>\r\n  <p><span>Five (5) 'O'\r\n  Level credit passes or TC II merit in five (5) subjects including English\r\n  Language, Religious Studies and three (3) other Arts subjects.<\/span><\/p>\r\n  <\/td>\r\n <\/tr>\r\n<\/tbody><\/table>\r\n\r\n<\/div>","subjects":"Two (2) Arts subject including Religious studies and one (1) other subject.","institutions_list":"EBSU"},{"id":"6444","title":"EDUCATION & SOCIAL SCIENCE","de_requirements":"<div>\r\n\r\n<table>\r\n <tbody><tr>\r\n  <td>\r\n  <p><span>(i)&nbsp; NCE in two\r\n  (2) relevant subjects.<\/span><\/p>\r\n  <\/td>\r\n <\/tr>\r\n<\/tbody><\/table>\r\n\r\n<\/div><p>\r\n\r\n<span>(ii)Two\r\n(2) 'A' Level passes in relevant subjects.<\/span><br><\/p>","utme_requirements":"<div>\r\n\r\n<table>\r\n <tbody><tr>\r\n  <td>\r\n  <p><span>Five (5) 'O'\r\n  Level credit passes or equivalent to include English Language and\r\n  Mathematics.<\/span><\/p>\r\n  <\/td>\r\n <\/tr>\r\n<\/tbody><\/table>\r\n\r\n<\/div>","subjects":"Any three (3) Social Science subjects.","institutions_list":"EBSU"},{"id":"6443","title":"EDUCATION & SOCIAL STUDIES","de_requirements":"<div>\r\n\r\n<table>\r\n <tbody><tr>\r\n  <td>\r\n  <p><span>(i) NCE Social\r\n  Studies from recognized Colleges.<\/span><\/p>\r\n  <\/td>\r\n <\/tr>\r\n<\/tbody><\/table>\r\n\r\n<\/div><p>\r\n\r\n<span>(ii)&nbsp;&nbsp;&nbsp;&nbsp;&nbsp;&nbsp;&nbsp;&nbsp;&nbsp;&nbsp; Two (2) 'A' Level passes in relevant subjects.<\/span><br><\/p>","utme_requirements":"<p>Five (5) 'O' Level credit passes to include English Language plus two (2) Arts \/Social Science subjects.<\/p><p><br><\/p>","subjects":"Any three (3) of Christian Religious Studies, Economics, Geography\/Physics, Government, History and Islamic Studies.\r\n\r\n","institutions_list":"EBSU"},{"id":"6386","title":"EDUCATION AND CHEMISTRY:","de_requirements":"<div>\r\n\r\n<table>\r\n <tbody><tr>\r\n  <td>\r\n  <p><span>Two (2) \u2018A\u2019 Level\/NCE\r\n  passes including Chemistry and one (1) other Science subject.<\/span><\/p>\r\n  <\/td>\r\n <\/tr>\r\n<\/tbody><\/table>\r\n\r\n<\/div>","utme_requirements":"<div>\r\n\r\n<table>\r\n <tbody><tr>\r\n  <td>\r\n  <p><span>Five (5) SSC\r\n  credits in Mathematics, Chemistry, English Language and two (2) of Physics,\r\n  Biology and Agricultural Science.<\/span><\/p>\r\n  <\/td>\r\n <\/tr>\r\n<\/tbody><\/table>\r\n\r\n<\/div>","subjects":"Chemistry and two (2) other subjects chosen from Physics, Biology and Mathematics.","institutions_list":"EBSU"},{"id":"6438","title":"EDUCATION ARTS","de_requirements":"<p><span>Two (2) 'A' Level passes in relevant subject\/NCE merit<\/span><br><\/p>","utme_requirements":"<div>\r\n\r\n<table>\r\n <tbody><tr>\r\n  <td>\r\n  <p><span>Five (5) 'O'\r\n  Level credit passes in relevant subjects including English Language, Mathematics\r\n  and subject of specialization.<\/span><\/p>\r\n  <\/td>\r\n <\/tr>\r\n<\/tbody><\/table>\r\n\r\n<\/div>","subjects":"Subject of specialization and any two (2) Arts subjects.","institutions_list":"EBSU"},{"id":"6379","title":"EDUCATIONAL ADMINISTRATION","de_requirements":"<div>\r\n\r\n<table>\r\n <tbody><tr>\r\n  <td>\r\n  <p><span>(i) Two (2)'A' Level passes from\r\n  Literature in English, History, Christian Religious Studies\/Islamic Studies,\r\n  Hausa, Yoruba and Igbo with 'O' Level pass in Mathematics.<\/span><\/p>\r\n  <\/td>\r\n <\/tr>\r\n<\/tbody><\/table>\r\n\r\n<\/div><p>\r\n\r\n<span>(ii)&nbsp; NCE merit in the subjects listed above.<\/span><br><\/p><div>\r\n\r\n<table>\r\n <tbody><tr>\r\n  <td>\r\n  <p><span>(i) Two (2)'A' Level passes from\r\n  Literature in English, History, Christian Religious Studies\/Islamic Studies,\r\n  Hausa, Yoruba and Igbo with 'O' Level pass in Mathematics.<\/span><\/p>\r\n  <\/td>\r\n <\/tr>\r\n<\/tbody><\/table>\r\n\r\n<\/div>\r\n\r\n<span>(ii)&nbsp; NCE merit in the subjects listed above.<\/span>","utme_requirements":"<div>\r\n\r\n<table>\r\n <tbody><tr>\r\n  <td>\r\n  <p><span>(i) Five (5)'O' Level credit passes\r\n  to include English Language, Mathematics and Economics.<\/span><\/p>\r\n  <p><span>(ii)&nbsp; Five (5)\r\n  TC II merit including English Language and Mathematics<\/span>.<\/p>\r\n  <\/td>\r\n <\/tr>\r\n<\/tbody><\/table>\r\n\r\n<\/div>","subjects":"Any three (3) of Literature In English, History, French, Geography\/Physics, Economics and Mathematics.","institutions_list":"EBSU"},{"id":"6439","title":"EDUCATIONAL FOUNDATIONS","de_requirements":"<div>\r\n\r\n<table>\r\n <tbody><tr>\r\n  <td>\r\n  <p><span>Two (2) 'A'\r\n  Level passes to include the subjects to be offered.<\/span><\/p>\r\n  <\/td>\r\n <\/tr>\r\n<\/tbody><\/table>\r\n\r\n<\/div>","utme_requirements":"<div>\r\n\r\n<table>\r\n <tbody><tr>\r\n  <td>\r\n  <p><span>Five (5) SSC\r\n  credit passes in English Language, the subject of study and three (3)\r\n  relevant subjects.<\/span><\/p>\r\n  <\/td>\r\n <\/tr>\r\n<\/tbody><\/table>\r\n\r\n<\/div>","subjects":"The subject of study and two (2) other relevant subjects.","institutions_list":"EBSU"},{"id":"6440","title":"EDUCATIONAL MANAGEMENT","de_requirements":"<div>\r\n\r\n<table>\r\n <tbody><tr>\r\n  <td>\r\n  <p><span>Same as in\r\n  Educational Psychology, Guidance and Counseling.<\/span><\/p>\r\n  <\/td>\r\n <\/tr>\r\n<\/tbody><\/table>\r\n\r\n<\/div>","utme_requirements":"<div>\r\n\r\n<table>\r\n <tbody><tr>\r\n  <td>\r\n  <p><span>Same as in\r\n  Educational Psychology, Guidance and Counseling.<\/span><\/p>\r\n  <\/td>\r\n <\/tr>\r\n<\/tbody><\/table>\r\n\r\n<\/div>","subjects":"Economics, Mathematics and one (1) other Social Science\/Arts subject.","institutions_list":"EBSU"},{"id":"29448","title":"ELECTRICAL AND ELECTRONICS ENGINEERING","de_requirements":"","utme_requirements":"","subjects":"","institutions_list":"EBSU"},{"id":"6447","title":"ELECTRICAL\/ELECTRONICS TECHNOLOGY  EDUCATION","de_requirements":"<p>Same as in Electrical Electronics Engineering<\/p><p><br><\/p>","utme_requirements":"<p>Same as in Electrical Electronics Engineering<\/p><p><br><\/p>","subjects":"Same as in Electrical Electronics Engineering\r\n\r\n","institutions_list":"EBSU"},{"id":"6395","title":"ENGLISH LANGUAGE & LITERATURE","de_requirements":"<p><span>Two\r\n(2) \u2018A\u2019 Level passes to include Literature in English and one other Arts\r\nsubject.<\/span><\/p>","utme_requirements":"<p><span>Five\r\n(5) SSC credit passes to include Literature in English, English Language and\r\nthree other Arts or Social Science subjects.<\/span><\/p>","subjects":"Literature in English, one other Arts subject and another Arts or Social Science subject.","institutions_list":"EBSU"},{"id":"29453","title":"ESTATE MANAGEMENT","de_requirements":"","utme_requirements":"","subjects":"","institutions_list":"EBSU"},{"id":"6383","title":"FISHERIES & AQUACULTURE","de_requirements":"<p><span>(i)\r\nTwo (2) 'A' Level passes in any of Chemistry, Biology, Botany, Zoology, Agricultural\r\nScience Geography, Mathematics (pure &amp; applied), Physics, Geology and\r\nEconomics.<\/span><\/p><p><span><o>&nbsp;<\/o:p><\/span><\/p><p>\r\n\r\n\r\n\r\n<span>(ii)NCE\r\nAgriculture<\/span><br><\/p>","utme_requirements":"<p><span>Five (5) SSC credit passes in Biology\/Agricultural\r\nScience, Chemistry, Mathematics and English Language plus any other Science\r\nsubject.<\/span><\/p><p><span>&nbsp;<\/span><\/p><p>\r\n\r\n\r\n\r\n<\/p><p><span>&nbsp;<\/span><\/p>","subjects":"Chemistry, Biology\/Agricultural Science and any other Science subject.\r\n\r\n","institutions_list":"EBSU"},{"id":"6420","title":"FOOD SCIENCE & TECHNOLOGY","de_requirements":"<p><span>Two (2) \u2018A\u2019 Level passes in Chemistry and\r\nBiology\/Physics\/Agric Science\/Botany\/Zoology.<\/span><\/p>","utme_requirements":"<p><span>Five (5) SSC credit passes in English\r\nLanguage, Mathematics, Chemistry, Biology\/Agricultural Science, Physics, Basic\r\nCatering and Food Services, Bakery and&nbsp;&nbsp;&nbsp;\r\nConfectionaries, Hotel &amp; Catering Crafty course (Cookery), Hotel\r\n&amp; Catering Craft Course (Food \/Drinks Services) and Basic Electricity.<\/span><\/p>","subjects":"Chemistry, Mathematics\/ Physics and Biology\/ Agricultural Science","institutions_list":"EBSU"},{"id":"6396","title":"FRENCH","de_requirements":"<p><span>Two\r\n(2) \u2018A\u2019 Level passes including French and one other Arts subject.<\/span><\/p>","utme_requirements":"<p><span>Five\r\n(5) SSC credit passes including French and English Language plus one other Arts\r\nsubject.<\/span><\/p>","subjects":"French and any other two (2) subjects from Arts and Social Sciences.","institutions_list":"EBSU"},{"id":"6408","title":"GEOLOGY","de_requirements":"<p><span>(i) Two (2) 'A' Level passes from Geology, Chemistry, Mathematics,\r\nPhysics, Biology and Geography.<\/span><\/p>","utme_requirements":"<p><span>Five (5) SSC credit passes in English Language, Biology, Chemistry,\r\nMathematics and any other subject.<\/span><\/p>","subjects":"Any three (3) of Chemistry, Physics, Mathematics, Biology and Geography. ","institutions_list":"EBSU"},{"id":"6410","title":"GEOLOGY AND GEOPHYSICS","de_requirements":"<p><span>(i) Two (2) 'A' Level passes from Geology, Chemistry, Mathematics,\r\nPhysics, Biology and Geography.<\/span><\/p>","utme_requirements":"<p><span>Five (5) SSC credit passes in English Language, Biology, Chemistry,\r\nMathematics and any other subject.<\/span><\/p>","subjects":"Any three (3) of Chemistry, Physics, Mathematics, Biology and Geography. ","institutions_list":"EBSU"},{"id":"6441","title":"GUIDANCE & COUNSELLING","de_requirements":"<div>\r\n\r\n<table>\r\n <tbody><tr>\r\n  <td>\r\n  <p><span>'A' Level\r\n  passes or NCE in two (2) subjects plus the UTME requirements.<\/span><\/p>\r\n  <\/td>\r\n <\/tr>\r\n<\/tbody><\/table>\r\n\r\n<\/div>","utme_requirements":"<div>\r\n\r\n<table>\r\n <tbody><tr>\r\n  <td>\r\n  <p><span>Five (5) 'O'\r\n  Level NTC\/NBC credit passes or TC II merit including English Language with 'O'\r\n  Level pass in Mathematics.<\/span><\/p>\r\n  <\/td>\r\n <\/tr>\r\n<\/tbody><\/table>\r\n\r\n<\/div>","subjects":"Any three (3) subjects.\r\n\r\n","institutions_list":"EBSU"},{"id":"6403","title":"HEALTH EDUCATION","de_requirements":"<div>\r\n\r\n<table>\r\n <tbody><tr>\r\n  <td>\r\n  <p><span>i)&nbsp; Two (2) 'A' Level passes in any of Biology,\r\n  Chemistry, Physics and Mathematics.<\/span><\/p>\r\n  <p><span>&nbsp;<\/span><\/p>\r\n  <p><span>(ii)&nbsp; NCE merit in Physical Education and credit\r\n  in Arithmetical process or Mathematics.<\/span><\/p>\r\n  <p><span>&nbsp;<\/span><\/p>\r\n  <p><span>(iii)&nbsp; Diploma in Health Education, Environmental Sanitation,\r\n  Physical Education, Social work, Health Administration with overall grades of\r\n  merit plus three (3) 'O' Level credit passes\/TC II merit which should include\r\n  English Language.<\/span><\/p>\r\n  <p><span><o>&nbsp;<\/o:p><\/span><\/p>\r\n  <p><span>(iv) NCE in\r\n  Biology, Health Education, and Integrated Science with a pass grade plus two\r\n  (2) 'O' Level credit passes\/TC II merit passes.<\/span><\/p>\r\n  <p><span><o>&nbsp;<\/o:p><\/span><\/p>\r\n  <p><span>(v)&nbsp;&nbsp;&nbsp; Registered Nurse plus five (5) 'O' Level credit\r\n  passes to include English Language.<\/span><\/p>\r\n  <p><span><o>&nbsp;<\/o:p><\/span><\/p>\r\n  <\/td>\r\n <\/tr>\r\n<\/tbody><\/table>\r\n\r\n<\/div>","utme_requirements":"<div>\r\n\r\n<table>\r\n <tbody><tr>\r\n  <td>\r\n  <p><span>i) Five (5) SSC\r\n  credit passes\/TC II merit passes including&nbsp;&nbsp;&nbsp;&nbsp;\r\n  English Language, Biology or its equivalent.<\/span><\/p>\r\n  <p><span>&nbsp;<\/span><\/p>\r\n  <p><span>ii) Five (5) SSC\r\n  credit passes\/TC II merit passes to include English Language and Mathematics.<\/span><\/p>\r\n  <\/td>\r\n <\/tr>\r\n<\/tbody><\/table>\r\n\r\n<\/div>","subjects":"Biology and any two (2) relevant subjects.\r\n\r\n","institutions_list":"EBSU"},{"id":"6406","title":"HISTORY & INTERNATIONAL RELATION","de_requirements":"<p><span>Two (2) 'A' Level passes\/NCE (upper credit) in History\/\r\nGovernment and any other related subject<\/span><br><\/p>","utme_requirements":"<p><span>Five (5) SSC credit passes to include\r\nEnglish Language, Geography, Government\/History.<\/span><\/p>","subjects":"History\/Government and any other two (2) subjects from the Arts and Social Sciences.","institutions_list":"EBSU"},{"id":"6424","title":"HOME ECONOMICS & EDUCATION","de_requirements":"<div>\r\n\r\n<table>\r\n <tbody><tr>\r\n  <td>\r\n  <p><span>(i)&nbsp;&nbsp;&nbsp; NCE merit in Home Economics <\/span><\/p>\r\n  <p><span>(ii) 'A' Level\r\n  passes in two (2) of Chemistry or any Biology, Botany and Agricultural\r\n  Science.<\/span><\/p>\r\n  <\/td>\r\n <\/tr>\r\n<\/tbody><\/table>\r\n\r\n<\/div><p>\r\n\r\n<span>(iii)\r\nND\/HND credit in Home Economics or Food Science or Hotel and Catering\r\nManagement or any other related programme<\/span><br><\/p>","utme_requirements":"<div>\r\n\r\n<table>\r\n <tbody><tr>\r\n  <td>\r\n  <p><span>Five (5) 'O' Level NTC\/NBC credit passes or TC II merit\r\n  including English Language, Mathematics, Home Economics, Biology and\r\n  Chemistry.<\/span><\/p>\r\n  <\/td>\r\n <\/tr>\r\n<\/tbody><\/table>\r\n\r\n<\/div>","subjects":"Chemistry, Biology or Agricultural Science and one (1) other subject.","institutions_list":"EBSU"},{"id":"6405","title":"HUMAN KINETICS","de_requirements":"<p><span>i) NCE in Physical and Health\r\nEducation with overall percentage of 60% plus the UTME requirements.<\/span><br><\/p>","utme_requirements":"<div>\r\n\r\n<table>\r\n <tbody><tr>\r\n  <td>\r\n  <p><span>Five (5) <\/span><span>'O' Level <\/span><span>credit passes at one (1) sitting to\r\n  include English Language, Mathematics, Health Science\/Physical\r\n  Education\/Biology and any two (2) other subjects.<\/span><\/p>\r\n  <\/td>\r\n <\/tr>\r\n<\/tbody><\/table>\r\n\r\n<\/div>","subjects":"English Language and three (3) other relevant subjects.","institutions_list":"EBSU"},{"id":"6409","title":"IGBO","de_requirements":"<p><span>(i)<span>&nbsp;&nbsp;&nbsp;&nbsp;&nbsp;&nbsp;\r\n<\/span><\/span><span>Two (2) \u2018A\u2019 Level passes in Igbo and one&nbsp; (1) Arts\/Social Sciences subject.<\/span><\/p><p><span>&nbsp;<\/span><\/p><p>\r\n\r\n\r\n\r\n<span>(ii)\r\nNCE in Igbo and one Arts subject.<\/span><br><\/p>","utme_requirements":"<p><span>Five\r\n(5) SSC credit passes to include Igbo, English Language and any other Arts\r\nsubject.<\/span><\/p>","subjects":"Igbo and two (2) subjects from Arts and Social Sciences.","institutions_list":"EBSU"},{"id":"6401","title":"INDUSTRAL MATHEMATICS\/COMPUTER","de_requirements":"<p><span>i)&nbsp;&nbsp;&nbsp;&nbsp;&nbsp; Two\r\n(2) 'A' Level passes from Mathematics, Physics, Economics or Chemistry.<\/span><\/p><p>\r\n\r\n<span>(ii)\r\nNCE merit in relevant subjects.<\/span><br><\/p>","utme_requirements":"<p><span>Five (5) SSC credit passes in English Language, Mathematics, Physics and\r\ntwo (2) other Science subjects.<\/span><\/p>","subjects":"Mathematics and any two (2) of Physics, Chemistry, Economics, Biology and Agricultural Science.","institutions_list":"EBSU"},{"id":"6407","title":"INDUSTRIAL CHEMISTRY","de_requirements":"<p><span>(i)&nbsp;&nbsp;&nbsp; Two\r\n(2) 'A' Level passes in Chemistry and Mathematics<\/span><\/p><p>\r\n\r\n<\/p><p><span>(ii)&nbsp;&nbsp; ND\r\nin Science Technology or ND in relevant programmes with the UTME requirements.<\/span><\/p>","utme_requirements":"<p><span>Five (5) SSC credit passes in English Language, Mathematics, Chemistry,\r\nPhysics and Biology\/Agricultural Science.<\/span><\/p>","subjects":"Chemistry, Mathematics and any of Physics\/Biology\/ Agricultural Science.","institutions_list":"EBSU"},{"id":"6399","title":"INDUSTRIAL MATHEMATICS","de_requirements":"<p><span>(i)&nbsp;&nbsp;&nbsp; Two\r\n(2) 'A' Level passes from Mathematics, Physics, Economics or Chemistry.<\/span><\/p><p>\r\n\r\n<span>(ii)\r\nNCE merit in relevant subjects.<\/span><br><\/p>","utme_requirements":"<p><span>Five (5) SSC credit passes in English Language, Mathematics, Physics and\r\ntwo (2) other Science subjects.<\/span><\/p>","subjects":"Mathematics and any two (2) of Physics, Chemistry, Economics, Biology and Agricultural Science.","institutions_list":"EBSU"},{"id":"6400","title":"INDUSTRIAL MATHEMATICS \/APPLIED STATISTICS","de_requirements":"<p><span>(i)&nbsp;&nbsp;&nbsp; Two\r\n(2) 'A' Level passes from Mathematics, Physics, Economics or Chemistry.<\/span><\/p><p>\r\n\r\n<span>(ii)\r\nNCE merit in relevant subjects<\/span><br><\/p>","utme_requirements":"<p><span>Five (5) SSC credit passes in English Language, Mathematics, Physics and\r\ntwo (2) other Science subjects.<\/span><\/p>","subjects":"Mathematics and any two (2) of Physics, Chemistry, Economics, Biology and Agricultural Science.","institutions_list":"EBSU"},{"id":"6397","title":"INDUSTRIAL PHYSICS","de_requirements":"<p><span>Two (2) 'A' Level passes in Physics and Mathematics.<b><\/b><\/span><\/p>","utme_requirements":"<p><span>As for Physics<\/span><\/p>","subjects":"As for Physics","institutions_list":"EBSU"},{"id":"23696","title":"LIBRARY & INFORMATION SCIENCE","de_requirements":"<p>\r\n\r\n<\/p><div>\r\n\r\n<table>\r\n <tbody><tr>\r\n  <td>\r\n  <p><span>(i) Two (2) 'A' Level passes in relevant subject plus\r\n  the UTME requirements. <\/span><\/p>\r\n  <p><span>(ii) NCE merit in relevant subjects.<\/span><\/p>\r\n  <\/td>\r\n <\/tr>\r\n<\/tbody><\/table>\r\n\r\n<\/div>\r\n\r\n","utme_requirements":"<p>\r\n\r\n<\/p><div>\r\n\r\n<table>\r\n <tbody><tr>\r\n  <td>\r\n  <p><span>Five (5) SSC credit passes in English Language,\r\n  Mathematics and three (3) other relevant Arts\/Sciences\/Social Sciences\r\n  subjects.<\/span><\/p>\r\n  <\/td>\r\n <\/tr>\r\n<\/tbody><\/table>\r\n\r\n<\/div>\r\n\r\n","subjects":"<p>\r\n\r\n<\/p><div>\r\n\r\n<table>\r\n <tbody><tr>\r\n  <td>\r\n  <p><span>Any three (3) subjects.<\/span><\/p>\r\n  <\/td>\r\n <\/tr>\r\n<\/tbody><\/table>\r\n\r\n<\/div>\r\n\r\n","institutions_list":"EBSU"},{"id":"6413","title":"LINGUISTICS","de_requirements":"<p><span>Two\r\n(2) \u2018A\u2019 Level passes or NCE to include any Language, preferably an African\r\nLanguage.<\/span><\/p>","utme_requirements":"<p><span>Five\r\n(5) SSC credit passes including English Language.<\/span><\/p>","subjects":"Any Language and two (2) other subjects.","institutions_list":"EBSU"},{"id":"6376","title":"MANAGEMENT","de_requirements":"<p><span>Two (2) \u2018A\u2019 Level passes chosen from Economics, Accounts,\r\nBusiness Management, Government, Geography or Statistics.<\/span><\/p>","utme_requirements":"<p><span>Five (5) SSC credit passes including English Language,\r\nMathematics, Economics, plus any two (2) of Accounting, Business Methods,\r\nCommerce, Government, Geography, and Statistics.<\/span><br><\/p>","subjects":"Mathematics, Economics and one (1) other subject.","institutions_list":"EBSU"},{"id":"6436","title":"MARKETING","de_requirements":"<p><span>Two (2) \u2018A\u2019 Level passes chosen from Accounting, Management,\r\nGovernment and Geography.<\/span><\/p>","utme_requirements":"<p><span>Five (5) SSC credit passes including English Language, Mathematics\r\nand any three (3) relevant subjects.<\/span><\/p>","subjects":"Mathematics, Economics plus one (1) other subject.","institutions_list":"EBSU"},{"id":"6421","title":"MASS COMMUNICATION","de_requirements":"<p><span>Two (2) 'A' Level passes in Arts or Social Science subjects.<\/span><span><\/span><\/p>","utme_requirements":"<p><span>Five (5) SSC credit passes in English Language and four (4) other subjects in Arts or Social Sciences.<\/span>&nbsp;&nbsp;&nbsp;&nbsp;<span><\/span><\/p>","subjects":"Any three (3) from Arts or Social Science subjects.","institutions_list":"EBSU"},{"id":"6419","title":"MATHEMATICS","de_requirements":"<p><span>) Two\r\n(2) 'A' Level passes in Mathematics and any other science subject.<\/span><\/p><p>\r\n\r\n<span>(ii)&nbsp;&nbsp;&nbsp;&nbsp;&nbsp;&nbsp;&nbsp;&nbsp;&nbsp;&nbsp; NCE merit in Mathematics and one (1)\r\nof Physics, Chemistry or Economics<\/span><br><\/p>","utme_requirements":"<p><span>Five (5) SSC credit passes including English Language, Mathematics and\r\nPhysics or Chemistry.<\/span><\/p>","subjects":"Mathematics and any two (2) of Physics, Chemistry and Economics or Geography.","institutions_list":"EBSU"},{"id":"6422","title":"MECHANICAL METAL WORK TECHNOLOGY EDUCATION","de_requirements":"<div>\r\n\r\n<table>\r\n <tbody><tr>\r\n  <td>\r\n  <p><span>NCE merit in relevant subjects.<\/span><\/p>\r\n  <p><span><o>&nbsp;<\/o:p><\/span><\/p>\r\n  <p><span>&nbsp;Two (2) 'A'\r\n  Level passes in the subjects listed under the UTME requirements.<\/span><\/p>\r\n  <\/td>\r\n <\/tr>\r\n<\/tbody><\/table>\r\n\r\n<\/div>","utme_requirements":"<div>\r\n\r\n<table>\r\n <tbody><tr>\r\n  <td>\r\n  <p><span>Five (5) 'O' Level credit passes in English Language\r\n  Mathematics and one (1) of Biology \/Agricultural Science; Physics, or\r\n  Chemistry and two (2) from General Science\/IntegratedScience, Technical Drawing\/Fine\r\n  Art, Geography, Health Science Food and Nutrition, Physical and Health Education,\r\n  Auto Technical, Building, Electrical Electronic, Metal Work and Wood Work.<\/span><\/p>\r\n  <\/td>\r\n <\/tr>\r\n<\/tbody><\/table>\r\n\r\n<\/div>","subjects":" Math, Physics and any other subject.","institutions_list":"EBSU"},{"id":"6423","title":"MECHANICAL\/AUTOMOBILE TECHNOLOGY EDUCATION","de_requirements":"<div>\r\n\r\n<table>\r\n <tbody><tr>\r\n  <td>\r\n  <p><span>NCE merit in relevant subjects.<\/span><\/p>\r\n  <p><span><o>&nbsp;<\/o:p><\/span><\/p>\r\n  <p><span>&nbsp;Two (2) 'A'\r\n  Level passes in the subjects listed under the UTME requirements.<\/span><\/p>\r\n  <\/td>\r\n <\/tr>\r\n<\/tbody><\/table>\r\n\r\n<\/div>","utme_requirements":"<div>\r\n\r\n<table>\r\n <tbody><tr>\r\n  <td>\r\n  <p><span>Five (5) 'O' Level credit passes in English Language\r\n  Mathematics and one (1) of Biology \/Agricultural Science; Physics, or\r\n  Chemistry and two (2) from General Science\/IntegratedScience, Technical Drawing\/Fine\r\n  Art, Geography, Health Science Food and Nutrition, Physical and Health Education,\r\n  Auto Technical, Building, Electrical Electronic, Metal Work and Wood Work.<\/span><\/p>\r\n  <\/td>\r\n <\/tr>\r\n<\/tbody><\/table>\r\n\r\n<\/div>","subjects":"Math, Physics and any other subject.","institutions_list":"EBSU"},{"id":"6382","title":"MEDICAL LABORATORY SCIENCE","de_requirements":"<p><span>'A' Level passes&nbsp;&nbsp; to include Physics, Chemistry and Biology or\r\nZoology<\/span><br><\/p>","utme_requirements":"<p><span>Five (5) SSC credit passes in English Language,\r\nMathematics, Physics, Chemistry and Biology<\/span><br><\/p>","subjects":"Physics, Chemistry and Biology","institutions_list":"EBSU"},{"id":"6387","title":"MEDICINE & SURGERY","de_requirements":"<p><span>(i)\r\n'A' Level passes in Physics, Chemistry and Biology or Zoology in addition to the\r\nUTME requirements.<\/span><\/p><p>\r\n\r\n<\/p><p><span>(ii) BSC, BOS, etc in relevant programme.<\/span><\/p>","utme_requirements":"<p><span>Five\r\n(5) SSC credit passes in English Language, Mathematics, Physics, Chemistry and\r\nBiology.<\/span><\/p>","subjects":"Physics, Chemistry and Biology.","institutions_list":"EBSU"},{"id":"6384","title":"NURSING\/NURSING SCIENCE","de_requirements":"<table>\r\n <tbody><tr>\r\n  <td>\r\n  <p><span>(i)<span>&nbsp;&nbsp;&nbsp;&nbsp;&nbsp;&nbsp;&nbsp;&nbsp;&nbsp;&nbsp;&nbsp;&nbsp;&nbsp;\r\n  <\/span><\/span><span>'A' Level passes in any two (2) of Physics, Chemistry,\r\n  Biology and Mathematics<\/span><\/p>\r\n  <p><span>(ii)<span>&nbsp;&nbsp;&nbsp;&nbsp;&nbsp;&nbsp;&nbsp;&nbsp;&nbsp;&nbsp;&nbsp;\r\n  <\/span><\/span><span>ND Upper Credit in Prosthesis and Orthopaedic\r\n  Technology. <\/span><\/p>\r\n  <\/td>\r\n <\/tr>\r\n <tr>\r\n  <td>\r\n  <p><span>(i)<span>&nbsp;&nbsp;&nbsp;&nbsp;&nbsp;&nbsp;&nbsp;&nbsp;&nbsp;&nbsp;&nbsp;&nbsp;&nbsp;\r\n  <\/span><\/span><span>Two\r\n  (2) 'A' Level passes in Biology\/ Zoology, Chemistry and Physics plus &nbsp;three (3) other 'O' Level credit passes in\r\n  Mathematics, Physics and English Language.<\/span><span><\/span><\/p>\r\n  <p><span>(ii)<span>&nbsp;&nbsp;&nbsp;&nbsp;&nbsp;&nbsp;&nbsp;&nbsp;&nbsp;&nbsp;&nbsp;\r\n  <\/span><\/span><span>NRN\r\n  or its approved equivalent plus five (5) 'O' Level credit passes&nbsp; in English Language and four (4) Science\r\n  subjects chosen from Mathematics, Physics, Chemistry, Biology, Human Anatomy,\r\n  Physiology and Hygiene, Health Science, Further Mathematics and General\r\n  Science.<\/span><span><\/span><\/p>\r\n  <p><span><o>&nbsp;<\/o:p><\/span><\/p>\r\n  <\/td>\r\n <\/tr>\r\n<\/tbody><\/table>","utme_requirements":"<p><span>Five (5) SSC credit passes\r\nincluding English Language, Physics, Mathematics, Chemistry and Biology.<\/span><\/p>","subjects":"Chemistry, Biology and Physics.","institutions_list":"EBSU"},{"id":"6417","title":"PHILOSOPHY","de_requirements":"<p><span>Any\r\ntwo (2) \u2018A\u2019 Level passes.<\/span><\/p>","utme_requirements":"<p><span>Five\r\n(5) SSC credit passes to include English Language and four (4) other relevant\r\nsubjects.<\/span><\/p>","subjects":"Any three (3) subjects.","institutions_list":"EBSU"},{"id":"23692","title":"PHYSIOLOGY","de_requirements":"<p>\r\n\r\n<\/p><p><span>Two (2) 'A' Level passes chosen from\r\nChemistry, Physics and Biology\/Zoology.<\/span><\/p>\r\n\r\n","utme_requirements":"<p>\r\n\r\n<\/p><p><span>Five (5) SSC credit passes in English Language, Maths, Physics,\r\nChemistry and Biology.<\/span><\/p>\r\n\r\n","subjects":"<p>\r\n\r\n<\/p><p><span>Physics, Chemistry and Biology<\/span><\/p>\r\n\r\n","institutions_list":"EBSU"},{"id":"6389","title":"PHYSIOLOGY","de_requirements":"<p><span>Two\r\n(2) 'A' Level passes chosen from Chemistry, Physics and Biology\/Zoology.<\/span><\/p>","utme_requirements":"<p><span>Five (5) SSC credit passes in English Language,\r\nMaths, Physics, Chemistry and Biology.<\/span><br><\/p>","subjects":"Physics, Chemistry and Biology","institutions_list":"EBSU"},{"id":"6430","title":"POLITICAL SCIENCE","de_requirements":"<p><span>Two (2) 'A' Level passes including Government or History.<\/span><span><\/span><\/p>","utme_requirements":"<p><span>Five (5) SSC credit passes in Government or History, English Language and three (3) other subjects. &nbsp;A pass in Mathematics is required.<\/span><span><\/span><\/p>","subjects":"Government or History plus two (2) other Social Science\/Arts subjects.","institutions_list":"EBSU"},{"id":"6432","title":"PSYCHOLOGY","de_requirements":"<p><span>Two (2) 'A' Level passes including Government or History.<\/span><\/p>","utme_requirements":"<p><span>Five (5) SSC credit passes in Government or History, English Language and three (3) other subjects. &nbsp;A pass in Mathematics is required.<\/span><\/p>","subjects":"Any three (3) subjects from Arts or Social Science","institutions_list":"EBSU"},{"id":"6437","title":"PUBLIC ADMINISTRATION","de_requirements":"<p><span>Two (2) \u2018A\u2019 Level passes chosen from\r\nEconomics, Accounting, Business Management, Government, Geography and\r\nStatistics.<\/span><\/p>","utme_requirements":"<p><span>Five\r\n(5) SSC credit passes to include English Language,&nbsp;&nbsp;&nbsp;&nbsp;&nbsp;&nbsp;&nbsp;&nbsp;&nbsp;&nbsp;&nbsp;&nbsp;&nbsp;&nbsp; <\/span><\/p><p>\r\n\r\n<span>Economics and Government.\r\nFor NBC holders, the&nbsp;&nbsp;&nbsp;&nbsp;&nbsp;&nbsp;&nbsp;&nbsp;&nbsp;&nbsp;&nbsp;&nbsp;&nbsp;&nbsp;&nbsp;&nbsp;&nbsp;&nbsp;&nbsp;&nbsp;&nbsp;&nbsp;&nbsp;&nbsp;&nbsp;&nbsp;&nbsp;&nbsp;\r\nother relevant&nbsp;&nbsp;&nbsp;&nbsp;&nbsp;&nbsp;&nbsp;&nbsp;&nbsp;&nbsp;&nbsp;&nbsp;&nbsp;&nbsp;&nbsp;&nbsp;&nbsp;&nbsp;&nbsp;&nbsp;&nbsp;&nbsp;&nbsp;&nbsp;&nbsp;&nbsp;&nbsp;&nbsp; subjects could\r\nbe&nbsp;&nbsp;&nbsp;&nbsp;&nbsp;&nbsp;&nbsp;&nbsp;&nbsp;&nbsp;&nbsp;&nbsp;&nbsp;&nbsp;&nbsp;&nbsp;&nbsp;&nbsp;&nbsp;&nbsp;&nbsp;&nbsp;&nbsp;&nbsp;&nbsp;&nbsp;&nbsp;&nbsp; from any\r\nof the&nbsp;&nbsp;&nbsp;&nbsp;&nbsp;&nbsp;&nbsp;&nbsp;&nbsp;&nbsp;&nbsp;&nbsp;&nbsp;&nbsp;&nbsp;&nbsp;&nbsp;&nbsp;&nbsp;&nbsp;&nbsp;&nbsp;&nbsp;&nbsp;&nbsp;&nbsp;&nbsp;&nbsp;\r\nfollowing:&nbsp; Accounting, Principles\r\nof Accounts,&nbsp;&nbsp;&nbsp;&nbsp;&nbsp;&nbsp;&nbsp;&nbsp;&nbsp;&nbsp;&nbsp;&nbsp;&nbsp; &nbsp;&nbsp;&nbsp;&nbsp;&nbsp;&nbsp;&nbsp;&nbsp;&nbsp;&nbsp;&nbsp;&nbsp;&nbsp;&nbsp;&nbsp;Commerce, Office&nbsp;&nbsp;&nbsp;&nbsp;&nbsp;&nbsp;&nbsp;&nbsp;&nbsp;&nbsp; Practice and Secretarial&nbsp;&nbsp; Duties.<\/span><br><\/p>","subjects":"Government, \r\nEconomics and any other subject.\r\n","institutions_list":"EBSU"},{"id":"6418","title":"RELIGIOUS STUDIES","de_requirements":"<p><span>Two (2) \u2018A\u2019 Level subjects to include Religious Studies\r\n(CRS\/IRS).<\/span><\/p>","utme_requirements":"<p><span>Five (5) SSC credit passes to include English Language and\r\nCRS\/IRS.<\/span><\/p>","subjects":"CRS\/IRS and any other two (2) subjects.","institutions_list":"EBSU"},{"id":"6427","title":"SCIENCE EDUCATION","de_requirements":"<div>\r\n\r\n<table>\r\n <tbody><tr>\r\n  <td>\r\n  <p><span>(i)&nbsp;&nbsp;&nbsp;&nbsp; Two (2) 'A' Level passes in relevant\r\n  Science subjects which should include candidates proposed course.<\/span><\/p>\r\n  <p><span>(ii)&nbsp;&nbsp; NCE credit\/merit in addition to TC II merit\r\n  or 'O' Level credit in relevant subjects.<\/span><\/p>\r\n  <p><span><o>&nbsp;<\/o:p><\/span><\/p>\r\n  <p><span><o>&nbsp;<\/o:p><\/span><\/p>\r\n  <p><span><o>&nbsp;<\/o:p><\/span><\/p>\r\n  <\/td>\r\n <\/tr>\r\n<\/tbody><\/table>\r\n\r\n<\/div>","utme_requirements":"<div>\r\n\r\n<table>\r\n <tbody><tr>\r\n  <td>\r\n  <p><span>Five (5) 'O' Level credit passes including English\r\n  Language, Mathematics and two (2) other Science subjects.<\/span><\/p>\r\n  <p><span><o>&nbsp;<\/o:p><\/span><\/p>\r\n  <\/td>\r\n <\/tr>\r\n<\/tbody><\/table>\r\n\r\n<\/div>","subjects":"Three (3) relevant Science or NBC subjects ","institutions_list":"EBSU"},{"id":"23693","title":"SOCIAL WORK","de_requirements":"<p>\r\n\r\n<\/p><div>\r\n\r\n<table>\r\n <tbody><tr>\r\n  <td>\r\n  <p><span>Two (2) 'A' Level passes in any subjects <\/span><\/p>\r\n  <\/td>\r\n <\/tr>\r\n<\/tbody><\/table>\r\n\r\n<\/div>\r\n\r\n","utme_requirements":"<p>\r\n\r\n<\/p><div>\r\n\r\n<table>\r\n <tbody><tr>\r\n  <td>\r\n  <p><span>Five (5) SSC credits including English\r\n  Language and Mathematics.<\/span><\/p>\r\n  <\/td>\r\n <\/tr>\r\n<\/tbody><\/table>\r\n\r\n<\/div>\r\n\r\n","subjects":"<p>\r\n\r\n<\/p><div>\r\n\r\n<table>\r\n <tbody><tr>\r\n  <td>\r\n  <p><span>Mathematics, Economics\/Geography and any\r\n  other subject<\/span><\/p>\r\n  <\/td>\r\n <\/tr>\r\n<\/tbody><\/table>\r\n\r\n<\/div>\r\n\r\n","institutions_list":"EBSU"},{"id":"6433","title":"SOCIOLOGY & ANTHROPOLOGY","de_requirements":"<p><span>Two (2) 'A' Level passes including Government or History.<\/span><span><\/span><\/p>","utme_requirements":"<p><span>Five (5) SSC credit passes in Government or History, English Language and three (3) other subjects. &nbsp;A pass in Mathematics is required.<\/span><span><\/span><\/p>","subjects":"Three (3) Social Science or Arts Subjects.","institutions_list":"EBSU"},{"id":"6416","title":"SOIL & ENVIRONMENTAL MANAGEMENT","de_requirements":"<p><span>Two (2) \u2018A\u2019 Level passes in Chemistry and\r\none of Zoology\/Botany\/Agric Science\/Biology, Geography, Mathematics, Physics,\r\nGeology, Economics and Health Science.<\/span><\/p>","utme_requirements":"<p><span>Five (5) SSC credit passes in English Language\r\nMathematics, Chemistry, Biology\/Agricultural Science and any other Science\r\nsubject.<\/span><\/p><p>\r\n\r\n<\/p><p><span>&nbsp;<\/span><\/p>","subjects":"Chemistry, Biology or Agricultural Science plus Mathematics or Physics.\r\n\r\n","institutions_list":"EBSU"},{"id":"23695","title":"SPECIAL EDUCATION","de_requirements":"<p>\r\n\r\n<\/p><div>\r\n\r\n<table>\r\n <tbody><tr>\r\n  <td>\r\n  <p><span>(i) Two (2) 'A' Level passes in Arts or Social\r\n  Science subjects.<\/span><\/p>\r\n  <p><span>(ii) NCE merit in Arts or Social Science subjects.<\/span><\/p>\r\n  <\/td>\r\n <\/tr>\r\n<\/tbody><\/table>\r\n\r\n<\/div>\r\n\r\n","utme_requirements":"<p>\r\n\r\n<\/p><div>\r\n\r\n<table>\r\n <tbody><tr>\r\n  <td>\r\n  <p><span>Five (5) 'O' Level credit passes including English\r\n  Language.<\/span><\/p>\r\n  <\/td>\r\n <\/tr>\r\n<\/tbody><\/table>\r\n\r\n<\/div>\r\n\r\n","subjects":"<p><span>Any three (3) Subjects<\/span><\/p>","institutions_list":"EBSU"},{"id":"6428","title":"TEACHER EDUCATION SCIENCE:","de_requirements":"<div>\r\n\r\n<table>\r\n <tbody><tr>\r\n  <td>\r\n  <p><span>(i)&nbsp; Two (2) 'A' Level passes in relevant\r\n  teaching subjects including Literature in English.<\/span><\/p>\r\n  <p><span>(ii)&nbsp; NCE\r\n  credit or merit in two(2)relevant subjects.<\/span><\/p>\r\n  <\/td>\r\n <\/tr>\r\n<\/tbody><\/table>\r\n\r\n<\/div>","utme_requirements":"<div>\r\n\r\n<table>\r\n <tbody><tr>\r\n  <td>\r\n  <p><span>Five (5) 'O'\r\n  Level credit passes to include English Language and Literature in English plus\r\n  three (3) other Arts or Social Science subjects.<\/span><\/p>\r\n  <\/td>\r\n <\/tr>\r\n<\/tbody><\/table>\r\n\r\n<\/div>","subjects":"Literature in English and one (1) Art and any other subject.","institutions_list":"EBSU"},{"id":"6385","title":"VOCATIONAL & TECHNICAL EDUCATION","de_requirements":"<div>\r\n\r\n<table>\r\n <tbody><tr>\r\n  <td>\r\n  <p><span>(i) NCE merit in\r\n  Technical Education.<\/span><\/p>\r\n  <\/td>\r\n <\/tr>\r\n<\/tbody><\/table>\r\n\r\n<\/div><p>\r\n\r\n<span>(ii)\r\nND in Mechanical\/Electrical or Electronics Engineering.<\/span><br><\/p>","utme_requirements":"<div>\r\n\r\n<table>\r\n <tbody><tr>\r\n  <td>\r\n  <p><span>Five (5) SSC credit passes in NTC, City and Guilds Part I\r\n  or WAEC Technical and Federal Craft Training Certificate including English\r\n  Language, Mathematics, Technical Drawing, Physics, subject of specialization.<\/span><\/p>\r\n  <\/td>\r\n <\/tr>\r\n<\/tbody><\/table>\r\n\r\n<\/div>","subjects":"Subjects of specialization and Mathematics or Physics.","institutions_list":"EBSU"},{"id":"6415","title":"ZOOLOGY","de_requirements":"<p><span>Two (2) 'A' Level passes or NCE in Biology, Zoology or Botany and one\r\nother Science subject<\/span><\/p>","utme_requirements":"<p><span>Five (5) SSC credit passes in English Language, Mathematics, Biology and\r\ntwo (2) other Science subject.<\/span><\/p>","subjects":"Biology and any two (2) of Physics, Chemistry and Mathematics.","institutions_list":"EBSU"}]