[{"id":"1014","title":"INNOVATIVE AGRICULTURE","de_requirements":"","utme_requirements":"<p><span>Five (5) SSC credit passes in Biology\/Agricultural\r\nScience,<\/span><span><\/span><\/p><p><span>Mathematics and any three (3) of the following:<\/span><\/p><p><span>Geography,<\/span><\/p><p><span>Food and Nutrition,<\/span><\/p><p><span>Economics,<\/span><\/p><p><span>Technical Drawing,<\/span><\/p><p><span>English Language,<\/span><\/p><p><span>Physics,<\/span><\/p><p><span>Chemistry,<\/span><\/p><p><span>Nigerian Language,<\/span><\/p><p><span>Home Economics.<\/span><\/p><p>\r\n\r\n\r\n\r\n\r\n\r\n\r\n\r\n\r\n\r\n\r\n\r\n\r\n\r\n\r\n\r\n\r\n\r\n\r\n\r\n\r\n\r\n<span>At\r\nleast 'O' Level credit passes in English Language and Chemistry are compulsory<\/span><br><\/p>","subjects":"Biology\/Agricultural Science, Chemistry and any other Science subjects","institutions_list":"AFAKA-IEI"}]