[{"id":"6536","title":"CHRISTIAN RELIGIOUS STUDIES\/ENGLISH","de_requirements":"","utme_requirements":"<p><span>Five (5) SSC credit passes in English Language, Mathematics, Christian Religious Studies, Literature in English and any other Arts subject.<\/span><span><\/span><\/p>","subjects":"Christian Religious Studies, Literature in English Language and Arts subject.","institutions_list":"ECWA-JOS"},{"id":"6537","title":"CHRISTIAN RELIGIOUS STUDIES\/FRENCH","de_requirements":"","utme_requirements":"<p><span>Five (5) SSC credit passes in English Language, Mathematics, Christian Religious Studies, French and one (1) other subject.<\/span><span><\/span><\/p>","subjects":"Christian Religious Studies, French and any other subject.","institutions_list":"ECWA-JOS"},{"id":"6538","title":"CHRISTIAN RELIGIOUS STUDIES\/SOCIAL STUDIES","de_requirements":"","utme_requirements":"<p><span>Five (5) SSC credit passes in English Language, Mathematics, Christian Religious Studies and any other two (2) of Economics\/Commerce, Government\/History, Government\/Social Studies.<\/span><span><\/span><\/p>","subjects":"Christian Religious Studies and any other of History\/Government, Geography, Social Studies, Economics\/Commerce.","institutions_list":"ECWA-JOS"},{"id":"6533","title":"ENGLISH\/FRENCH","de_requirements":"","utme_requirements":"<p><span>Five (5) SSC credit passes in\r\nEnglish Language, Mathematics, French, Literature in English and any other Arts\r\nsubjects.<\/span><\/p>","subjects":"French, Literature in English and any other Arts subject.","institutions_list":"ECWA-JOS"},{"id":"6534","title":"ENGLISH\/SOCIAL STUDIES","de_requirements":"","utme_requirements":"<p><span>Five (5) SSC credit\r\npasses in English Language, Mathematics, Literature in English and any two (2)\r\nof Economics, Government\/History, Geography\/Social Studies.<\/span><\/p>","subjects":"Literature in English and any of Arts\/Social Science subjects.","institutions_list":"ECWA-JOS"},{"id":"6535","title":"FRENCH\/SOCIAL STUDIES","de_requirements":"","utme_requirements":"<table>\r\n <tbody><tr>\r\n  <td>\r\n  <p><span>Five (5) SSC credit\r\n  passesin English Language, Mathematics, French and any two (2) of the\r\n  following<\/span><\/p>\r\n  <p><span>1. Geography<\/span><\/p>\r\n  <p><span>2. Economics<\/span><\/p>\r\n  <p><span>3. Government<\/span><\/p>\r\n  <p><span>4. History<\/span><\/p>\r\n  <p><span>&nbsp;<\/span><\/p>\r\n  <\/td>\r\n <\/tr>\r\n<\/tbody><\/table>","subjects":"French and any two (2) of Geography, History, Economics and Government.","institutions_list":"ECWA-JOS"},{"id":"6539","title":"PRIMARY EDUCATION STUDIES (DOUBLE MAJOR)","de_requirements":"","utme_requirements":"<p><span>Five (5)SSC credits including English\r\nLanguage.<\/span><\/p>","subjects":"English Language and any other three (3) subjects.","institutions_list":"ECWA-JOS"}]