[{"id":"6591","title":"AGRICULTURAL SCIENCE AND EDUCATION","de_requirements":"<div>\r\n\r\n<table>\r\n <tbody><tr>\r\n  <td>\r\n  <p><span>(i) Two (2) passes at 'A' Level in Biology \/Zoology\r\n  \/Botany and any other Science subject.<\/span><\/p>\r\n  <p><span>(ii) NCE merit\r\n  in Biology and any other Science subject.<\/span><\/p>\r\n  <\/td>\r\n <\/tr>\r\n<\/tbody><\/table>\r\n\r\n<\/div><p>\r\n\r\n<span>(iii)\r\nNCE merit in Agriculture (Double Major).<\/span><br><\/p>","utme_requirements":"<div>\r\n\r\n<table>\r\n <tbody><tr>\r\n  <td>\r\n  <p><span>Five (5) 'O'\r\n  Level credit passes or equivalents in English Language, Chemistry, Biology\/Agricultural\r\n  Science., Mathematics and another relevant subject.<\/span><\/p>\r\n  <\/td>\r\n <\/tr>\r\n<\/tbody><\/table>\r\n\r\n<\/div>","subjects":"Any three (3) subjects from Chemistry, Biology, Agriculture, Physics, Economics, Geography and Mathematics.","institutions_list":"EDALV"},{"id":"6595","title":"BUSINESS EDUCATION","de_requirements":"<p>(i)<span>\t<\/span>Two (2) 'A' Level passes or NCE merit in two (2) relevant subjects.<\/p><p>(ii)<span>\t<\/span>NCE merit in Business Education Double Major.&nbsp;<\/p><div><br><\/div>","utme_requirements":"<p>Five (5) TC II merit, 'O' Level or NTC\/NBC credit passes including English Language, Mathematics, Economics and two (2) other subjects in the Social Sciences or Arts. For NBC, the other subjects could be from any of the following: Commerce, Office Practice, Principles of Accounts, Secretarial Duties, Typewriting and Shorthand.<\/p><p><br><\/p>","subjects":"Mathematics, Economics plus one (1) of Literature in English, History, Government, Geography, Chemistry and Physics.\r\n\r\n","institutions_list":"EDALV"},{"id":"6573","title":"COMPUTER AND ROBOTICS EDUCATION","de_requirements":"<div>\r\n\r\n<table>\r\n <tbody><tr>\r\n  <td>\r\n  <p><span>i. Two (2)'A' Level passes or its equivalents in Physics\r\n  and Mathematics.<\/span><\/p>\r\n  <p><span>ii. <\/span><span>ND <\/span><span>in Computer Science<\/span><\/p>\r\n  <\/td>\r\n <\/tr>\r\n<\/tbody><\/table>\r\n\r\n<\/div><p>\r\n\r\n<span>iii.\u00a0 NCE distinction\r\ncredit or merit in Computer Education or Physics or Mathematics<\/span><br><\/p>","utme_requirements":"<div>\r\n\r\n<table>\r\n <tbody><tr>\r\n  <td>\r\n  <p><span>Five (5) SSC credit passes including Mathematics, English\r\n  Language, Physics, Chemistry and Biology.<\/span><\/p>\r\n  <\/td>\r\n <\/tr>\r\n<\/tbody><\/table>\r\n\r\n<\/div>","subjects":"Mathematics, Economics\/\r\nCommerce plus one (1) of Chemistry\/Physics\/Biology\r\n","institutions_list":"EDALV"},{"id":"6571","title":"EDUCATION ACCOUNTING","de_requirements":"<div>\r\n\r\n<table>\r\n <tbody><tr>\r\n  <td>\r\n  <p><span>Two (2) \u2018A\u2019 Level\r\n  passes in Business Method and one (1) Social Science subject.<\/span><\/p>\r\n  <\/td>\r\n <\/tr>\r\n<\/tbody><\/table>\r\n\r\n<\/div>","utme_requirements":"<div>\r\n\r\n<table>\r\n <tbody><tr>\r\n  <td>\r\n  <p><span>Five (5) SSC credit\r\n  passes including English Language, Mathematics, Economics and two (2) other\r\n  relevant subjects.<\/span><\/p>\r\n  <\/td>\r\n <\/tr>\r\n<\/tbody><\/table>\r\n\r\n<\/div>","subjects":"Mathematics, Economics and any other Social Science subject.","institutions_list":"EDALV"},{"id":"6576","title":"EDUCATION AND BIOLOGY","de_requirements":"\r\n\r\n<table>\r\n <tbody><tr>\r\n  <td>\r\n  <p><br><\/p>\r\n  <\/td>\r\n <\/tr>\r\n<\/tbody><\/table><div>\r\n\r\n<table>\r\n <tbody><tr>\r\n  <td>\r\n  <p><span>NCE\/'A' Level\r\n  passes in Biology and one (1) other Science subject.<\/span><\/p>\r\n  <\/td>\r\n <\/tr>\r\n<\/tbody><\/table>\r\n\r\n<\/div>\r\n\r\n","utme_requirements":"\r\n\r\n<table>\r\n <tbody><tr>\r\n  <td>\r\n  <p><br><\/p>\r\n  <\/td>\r\n <\/tr>\r\n<\/tbody><\/table><div>\r\n\r\n<table>\r\n <tbody><tr>\r\n  <td>\r\n  <p><span>Five (5) SSC credit\r\n  passes in English Language, Biology, Chemistry, Mathematics and one (1) other\r\n  subject.<\/span><\/p>\r\n  <\/td>\r\n <\/tr>\r\n<\/tbody><\/table>\r\n\r\n<\/div>\r\n\r\n","subjects":"Biology and two (2) other subjects from Chemistry, Mathematics and Physics.","institutions_list":"EDALV"},{"id":"6572","title":"EDUCATION AND CHEMISTRY:","de_requirements":"<div>\r\n\r\n<table>\r\n <tbody><tr>\r\n  <td>\r\n  <p><span>Two (2) \u2018A\u2019 Level\/NCE\r\n  passes including Chemistry and one (1) other Science subject.<\/span><\/p>\r\n  <\/td>\r\n <\/tr>\r\n<\/tbody><\/table>\r\n\r\n<\/div>","utme_requirements":"<div>\r\n\r\n<table>\r\n <tbody><tr>\r\n  <td>\r\n  <p><span>Five (5) SSC\r\n  credits in Mathematics, Chemistry, English Language and two (2) of Physics,\r\n  Biology and Agricultural Science.<\/span><\/p>\r\n  <\/td>\r\n <\/tr>\r\n<\/tbody><\/table>\r\n\r\n<\/div>","subjects":"Chemistry and two (2) other subjects chosen from Physics, Biology and Mathematics.","institutions_list":"EDALV"},{"id":"6594","title":"EDUCATION AND ECONOMICS","de_requirements":"<p>(i)<span>\t<\/span>Two (2) 'A' Level passes in Economics and one (1) other relevant subject.<\/p><p>(ii) <span>\t<\/span>NCE merit\/credit in Economics and one (1) other subject.<\/p><p><br><\/p>","utme_requirements":"<p>Five (5) 'O' Level credit passes to include English Language, Economics and Mathematics.<\/p><p><br><\/p>","subjects":"Economics, Mathematics and one (1) other subject from Geography\/Physics, History, Government and Literature in English.\r\n\r\n","institutions_list":"EDALV"},{"id":"6586","title":"EDUCATION AND ENGLISH LANGUAGE","de_requirements":"<div>\r\n\r\n<table>\r\n <tbody><tr>\r\n  <td>\r\n  <p><span>(i)&nbsp; Two (2) 'A' Level passes in relevant\r\n  teaching subjects including Literature in English.<\/span><\/p>\r\n  <p><span>(ii)&nbsp; NCE\r\n  credit or merit in two(2)relevant subjects.<\/span><\/p>\r\n  <\/td>\r\n <\/tr>\r\n<\/tbody><\/table>\r\n\r\n<\/div>","utme_requirements":"<div>\r\n\r\n<table>\r\n <tbody><tr>\r\n  <td>\r\n  <p><span>Five (5) 'O'\r\n  Level credit passes to include English Language and Literature in English plus\r\n  three (3) other Arts or Social Science subjects.<\/span><\/p>\r\n  <\/td>\r\n <\/tr>\r\n<\/tbody><\/table>\r\n\r\n<\/div>","subjects":"Literature in English and one (1) Art and any other subject.","institutions_list":"EDALV"},{"id":"6578","title":"EDUCATION AND FRENCH:","de_requirements":"<div>\r\n\r\n<table>\r\n <tbody><tr>\r\n  <td>\r\n  <p><span>Two (2) 'A' Level\r\n  passes\/NCE merit in French and one(1) other Arts subject.<\/span><\/p>\r\n  <\/td>\r\n <\/tr>\r\n<\/tbody><\/table>\r\n\r\n<\/div>","utme_requirements":"<div>\r\n\r\n<table>\r\n <tbody><tr>\r\n  <td>\r\n  <p><span>Five (5) SSC credit\r\n  passes to include English Language and French.<\/span><\/p>\r\n  <\/td>\r\n <\/tr>\r\n<\/tbody><\/table>\r\n\r\n<\/div>","subjects":"French plus two (2) other Arts subjects.","institutions_list":"EDALV"},{"id":"6574","title":"EDUCATION AND INTEGRATED SCIENCE:","de_requirements":"<div>\r\n\r\n<table>\r\n <tbody><tr>\r\n  <td>\r\n  <p><span>(i) NCE Integrated&nbsp;&nbsp;&nbsp;&nbsp;&nbsp;&nbsp;&nbsp;&nbsp;\r\n  Science<\/span><\/p>\r\n  <p><span>&nbsp;<\/span><\/p>\r\n  <p><span>(ii)&nbsp;&nbsp; NCE Science<\/span><\/p>\r\n  <p><span>&nbsp;&nbsp;&nbsp;&nbsp;&nbsp;&nbsp; Education<\/span><\/p>\r\n  <p><span>&nbsp;<\/span><\/p>\r\n  <\/td>\r\n <\/tr>\r\n<\/tbody><\/table>\r\n\r\n<\/div><p>\r\n\r\n<span>(iii)\r\n&nbsp;'A' Level&nbsp; &nbsp;&nbsp;&nbsp;&nbsp;&nbsp;&nbsp;&nbsp;passes in two (2)Science subjects<\/span><br><\/p>","utme_requirements":"<p><span>Five (5) SSC credit passes including Biology, Chemistry,\r\nEnglish Language and Mathematics<\/span><br><\/p>","subjects":"Any three (3) of Mathematics, Chemistry, Physics, Biology and Agricultural Science.","institutions_list":"EDALV"},{"id":"6577","title":"EDUCATION AND MATHEMATICS","de_requirements":"<div>\r\n\r\n<table>\r\n <tbody><tr>\r\n  <td>\r\n  <p><span>Two (2)'A' Level passes\/NCE in\r\n  Mathematics and one (1) Science subject.<\/span><\/p>\r\n  <\/td>\r\n <\/tr>\r\n<\/tbody><\/table>\r\n\r\n<\/div>","utme_requirements":"<div>\r\n\r\n<table>\r\n <tbody><tr>\r\n  <td>\r\n  <p><span>Five (5) SSC credit\r\n  passes to include English Language, Mathematics plus one (1) other Science\r\n  subject.<\/span><\/p>\r\n  <\/td>\r\n <\/tr>\r\n<\/tbody><\/table>\r\n\r\n<\/div>","subjects":"Mathematics and any two (2) of the following Science subjects: Physics, Chemistry and Biology.","institutions_list":"EDALV"},{"id":"6575","title":"EDUCATION AND MUSIC:","de_requirements":"<div>\r\n\r\n<table>\r\n <tbody><tr>\r\n  <td>\r\n  <p><span>Two (2) 'A' Level\r\n  passes\/NCE merit in Music.<\/span><\/p>\r\n  <\/td>\r\n <\/tr>\r\n<\/tbody><\/table>\r\n\r\n<\/div>","utme_requirements":"<div>\r\n\r\n<table>\r\n <tbody><tr>\r\n  <td>\r\n  <p><span>Five (5) SSC credit\r\n  passes including Music and English Language.<\/span><\/p>\r\n  <\/td>\r\n <\/tr>\r\n<\/tbody><\/table>\r\n\r\n<\/div>","subjects":"Music and any other two (2) Arts\/Social Science subjects.","institutions_list":"EDALV"},{"id":"6582","title":"EDUCATION AND PHYSICS","de_requirements":"<div>\r\n\r\n<table>\r\n <tbody><tr>\r\n  <td>\r\n  <p><span>(i)&nbsp; Two (2) 'A'\r\n  Level passes in Physics and Mathematics.<\/span><\/p>\r\n  <p><span>(ii) NCE credit\/merit in relevant subjects.<\/span><\/p>\r\n  <\/td>\r\n <\/tr>\r\n<\/tbody><\/table>\r\n\r\n<\/div>","utme_requirements":"<p><span>Five (5) 'O' Level credits passes to include English\r\nLanguage, Physics, Mathematics and two (2) other Science subjects or NTC\/NBC.<\/span><br><\/p>","subjects":"Physics, Mathematics or Chemistry plus one (1) other subjects.","institutions_list":"EDALV"},{"id":"6593","title":"EDUCATION AND POLITICAL SCIENCE","de_requirements":"<p>(i)<span>\t<\/span>Two (2) 'A' Level passes in relevant subjects chosen from Government or History, Economics and Geography\/Physics.<\/p><p>(ii)<span>\t<\/span>NCE merit in Government\/History, Economics and Geography\/Physics.<\/p><p><br><\/p>","utme_requirements":"<p>Five (5) 'O' Level credit passes or equivalent to include English Language, Government\/History and three (3) other subjects.<\/p><p><br><\/p>","subjects":"Government or History plus two (2) other Arts or Social Sciences subjects.\r\n\r\n","institutions_list":"EDALV"},{"id":"6588","title":"EDUCATION AND RELIGIOUS STUDIES","de_requirements":"<div>\r\n\r\n<table>\r\n <tbody><tr>\r\n  <td>\r\n  <p><span>Two (2) 'A'\r\n  Level passes\/NCE merit in Religious Studies and one (1) other Arts subject.<\/span><\/p>\r\n  <\/td>\r\n <\/tr>\r\n<\/tbody><\/table>\r\n\r\n<\/div>","utme_requirements":"<div>\r\n\r\n<table>\r\n <tbody><tr>\r\n  <td>\r\n  <p><span>Five (5) 'O'\r\n  Level credit passes or TC II merit in five (5) subjects including English\r\n  Language, Religious Studies and three (3) other Arts subjects.<\/span><\/p>\r\n  <\/td>\r\n <\/tr>\r\n<\/tbody><\/table>\r\n\r\n<\/div>","subjects":"Two (2) Arts subject including Religious studies and one (1) other subject.","institutions_list":"EDALV"},{"id":"6592","title":"EDUCATION AND SOCIAL STUDIES","de_requirements":"<div>\r\n\r\n<table>\r\n <tbody><tr>\r\n  <td>\r\n  <p><span>(i) NCE Social\r\n  Studies from recognized Colleges.<\/span><\/p>\r\n  <\/td>\r\n <\/tr>\r\n<\/tbody><\/table>\r\n\r\n<\/div><p>\r\n\r\n<span>(ii)&nbsp;&nbsp;&nbsp;&nbsp;&nbsp;&nbsp;&nbsp;&nbsp;&nbsp;&nbsp; Two (2) 'A' Level passes in relevant subjects.<\/span><br><\/p>","utme_requirements":"<p>Five (5) 'O' Level credit passes to include English Language plus two (2) Arts \/Social Science subjects.<\/p><p><br><\/p>","subjects":"Any three (3) of Christian Religious Studies, Economics, Geography\/Physics, Government, History and Islamic Studies.\r\n\r\n","institutions_list":"EDALV"},{"id":"6587","title":"EDUCATION FINE AND APPLIED ARTS","de_requirements":"<div>\r\n\r\n<table>\r\n <tbody><tr>\r\n  <td>\r\n  <p><span>(i)&nbsp;&nbsp;&nbsp; NCE merit in Fine and Applied Arts Double\r\n  Major.<\/span><\/p>\r\n  <\/td>\r\n <\/tr>\r\n<\/tbody><\/table>\r\n\r\n<\/div><p>\r\n\r\n<span>(ii)'A'\r\nLevel passes in Fine Arts and any other subject.<\/span><br><\/p>","utme_requirements":"<div>\r\n\r\n<table>\r\n <tbody><tr>\r\n  <td>\r\n  <p><span>Five (5) 'O'\r\n  Level credit passes or TC II or NTC\/NBC merit including Fine Art and English\r\n  Language.<\/span><\/p>\r\n  <\/td>\r\n <\/tr>\r\n<\/tbody><\/table>\r\n\r\n<\/div>","subjects":"Fine Arts, one (1) other Arts subject and any other subject.","institutions_list":"EDALV"},{"id":"6580","title":"EDUCATION, GEOGRAPHY AND ENVIRONMENTAL STUDIES","de_requirements":"<div>\r\n\r\n<table>\r\n <tbody><tr>\r\n  <td>\r\n  <p><span>Two (2) 'A' Level passes\/NCE merit which should\r\n  include Geography<\/span><\/p>\r\n  <p><span>\/Physics.<\/span><\/p>\r\n  <\/td>\r\n <\/tr>\r\n<\/tbody><\/table>\r\n\r\n<\/div>","utme_requirements":"<div>\r\n\r\n<table>\r\n <tbody><tr>\r\n  <td>\r\n  <p><span>Five (5) SSC credit\r\n  passes to include Geography, English Language and Mathematics.<\/span><\/p>\r\n  <\/td>\r\n <\/tr>\r\n<\/tbody><\/table>\r\n\r\n<\/div>","subjects":"Geography plus two (2) other Social Sciences\/Arts subjects.","institutions_list":"EDALV"},{"id":"6581","title":"EDUCATION, HISTORY AND INTERNATIONAL STUDIES:","de_requirements":"<div>\r\n\r\n<table>\r\n <tbody><tr>\r\n  <td>\r\n  <p><span>Two (2) NCE merit\/'A'\r\n  Level passes in History and one (1) other relevant Arts subject.<\/span><\/p>\r\n  <\/td>\r\n <\/tr>\r\n<\/tbody><\/table>\r\n\r\n<\/div>","utme_requirements":"<div>\r\n\r\n<table>\r\n <tbody><tr>\r\n  <td>\r\n  <p><span>Five (5) SSC credit\r\n  passes in English Language, History and three (3) relevant Arts subjects.<\/span><\/p>\r\n  <\/td>\r\n <\/tr>\r\n<\/tbody><\/table>\r\n\r\n<\/div>","subjects":"History and any other two (2) subjects chosen from Christian Religious Studies \/ Islamic Studies, Literature in English, French, Yoruba, Geography\/Physics, Economics, Government and Hausa.","institutions_list":"EDALV"},{"id":"6579","title":"EDUCATION, IGBO AND LINGUISTICS","de_requirements":"<div>\r\n\r\n<table>\r\n <tbody><tr>\r\n  <td>\r\n  <p><span>Two (2) NCE\/'A'\r\n  Level passes in Igbo and any relevant subject.<\/span><\/p>\r\n  <\/td>\r\n <\/tr>\r\n<\/tbody><\/table>\r\n\r\n<\/div>","utme_requirements":"<div>\r\n\r\n<table>\r\n <tbody><tr>\r\n  <td>\r\n  <p><span>Five (5) SSC credit\r\n  passes including English Language and Igbo.<\/span><\/p>\r\n  <\/td>\r\n <\/tr>\r\n<\/tbody><\/table>\r\n\r\n<\/div>","subjects":" Igbo and two (2) other Arts subjects.","institutions_list":"EDALV"},{"id":"6590","title":"GUIDANCE AND COUNSELLING","de_requirements":"<div>\r\n\r\n<table>\r\n <tbody><tr>\r\n  <td>\r\n  <p><span>'A' Level\r\n  passes or NCE in two (2) subjects...<\/span><\/p>\r\n  <\/td>\r\n <\/tr>\r\n<\/tbody><\/table>\r\n\r\n<\/div>","utme_requirements":"<div>\r\n\r\n<table>\r\n <tbody><tr>\r\n  <td>\r\n  <p><span>Direct Entry only.<\/span><\/p>\r\n  <\/td>\r\n <\/tr>\r\n<\/tbody><\/table>\r\n\r\n<\/div>","subjects":"Direct Entry only.<br>","institutions_list":"EDALV"},{"id":"6583","title":"HEALTH EDUCATION","de_requirements":"<div>\r\n\r\n<table>\r\n <tbody><tr>\r\n  <td>\r\n  <p><span>i)&nbsp; Two (2) 'A' Level passes in any of Biology,\r\n  Chemistry, Physics and Mathematics.<\/span><\/p>\r\n  <p><span>&nbsp;<\/span><\/p>\r\n  <p><span>(ii)&nbsp; NCE merit in Physical Education and credit\r\n  in Arithmetical process or Mathematics.<\/span><\/p>\r\n  <p><span>&nbsp;<\/span><\/p>\r\n  <p><span>(iii)&nbsp; Diploma in Health Education, Environmental Sanitation,\r\n  Physical Education, Social work, Health Administration with overall grades of\r\n  merit plus three (3) 'O' Level credit passes\/TC II merit which should include\r\n  English Language.<\/span><\/p>\r\n  <p><span><o>&nbsp;<\/o:p><\/span><\/p>\r\n  <p><span>(iv) NCE in\r\n  Biology, Health Education, and Integrated Science with a pass grade plus two\r\n  (2) 'O' Level credit passes\/TC II merit passes.<\/span><\/p>\r\n  <p><span><o>&nbsp;<\/o:p><\/span><\/p>\r\n  <p><span>(v)&nbsp;&nbsp;&nbsp; Registered Nurse plus five (5) 'O' Level credit\r\n  passes to include English Language.<\/span><\/p>\r\n  <p><span><o>&nbsp;<\/o:p><\/span><\/p>\r\n  <\/td>\r\n <\/tr>\r\n<\/tbody><\/table>\r\n\r\n<\/div>","utme_requirements":"<div>\r\n\r\n<table>\r\n <tbody><tr>\r\n  <td>\r\n  <p><span>i) Five (5) SSC\r\n  credit passes\/TC II merit passes including&nbsp;&nbsp;&nbsp;&nbsp;\r\n  English Language, Biology or its equivalent.<\/span><\/p>\r\n  <p><span>&nbsp;<\/span><\/p>\r\n  <p><span>ii) Five (5) SSC\r\n  credit passes\/TC II merit passes to include English Language and Mathematics.<\/span><\/p>\r\n  <\/td>\r\n <\/tr>\r\n<\/tbody><\/table>\r\n\r\n<\/div>","subjects":"Biology and any two (2) relevant subjects.\r\n\r\n","institutions_list":"EDALV"},{"id":"6584","title":"HOME ECONOMICS AND EDUCATION","de_requirements":"<div>\r\n\r\n<table>\r\n <tbody><tr>\r\n  <td>\r\n  <p><span>(i)&nbsp;&nbsp;&nbsp; NCE merit in Home Economics <\/span><\/p>\r\n  <p><span>(ii) 'A' Level\r\n  passes in two (2) of Chemistry or any Biology, Botany and Agricultural\r\n  Science.<\/span><\/p>\r\n  <\/td>\r\n <\/tr>\r\n<\/tbody><\/table>\r\n\r\n<\/div><p>\r\n\r\n<span>(iii)\r\nND\/HND credit in Home Economics or Food Science or Hotel and Catering\r\nManagement or any other related programme<\/span><br><\/p>","utme_requirements":"<div>\r\n\r\n<table>\r\n <tbody><tr>\r\n  <td>\r\n  <p><span>Five (5) 'O' Level NTC\/NBC credit passes or TC II merit\r\n  including English Language, Mathematics, Home Economics, Biology and\r\n  Chemistry.<\/span><\/p>\r\n  <\/td>\r\n <\/tr>\r\n<\/tbody><\/table>\r\n\r\n<\/div>","subjects":"Chemistry, Biology or Agricultural Science and one (1) other subject.","institutions_list":"EDALV"},{"id":"6596","title":"PHYSICAL EDUCATION, RECREATION AND HUMAN KINETICS","de_requirements":"<p>(i)<span>\t<\/span>Two (2) 'A' Level passes in Biology\/Botany and any other subject.<br><\/p>","utme_requirements":"<p>Five (5) 'O' Level credit passes to include Biology or Health Science.<\/p><p><br><\/p>","subjects":"Biology and two (2) relevant subjects.\r\n\r\n","institutions_list":"EDALV"},{"id":"6589","title":"PRIMARY EDUCATION STUDIES","de_requirements":"<div>\r\n\r\n<table>\r\n <tbody><tr>\r\n  <td>\r\n  <p><span>Two (2) 'A' Level passes chosen from relevant subjects.<\/span><\/p>\r\n  <\/td>\r\n <\/tr>\r\n<\/tbody><\/table>\r\n\r\n<\/div>","utme_requirements":"<div>\r\n\r\n<table>\r\n <tbody><tr>\r\n  <td>\r\n  <p><span>Five (5) 'O'\r\n  Level credit passes including English Language.<\/span><\/p>\r\n  <\/td>\r\n <\/tr>\r\n<\/tbody><\/table>\r\n\r\n<\/div>","subjects":"Any three (3) subjects.","institutions_list":"EDALV"},{"id":"6585","title":"TEACHER EDUCATION SCIENCE:","de_requirements":"<div>\r\n\r\n<table>\r\n <tbody><tr>\r\n  <td>\r\n  <p><span>(i)&nbsp; Two (2) 'A' Level passes in relevant\r\n  teaching subjects including Literature in English.<\/span><\/p>\r\n  <p><span>(ii)&nbsp; NCE\r\n  credit or merit in two(2)relevant subjects.<\/span><\/p>\r\n  <\/td>\r\n <\/tr>\r\n<\/tbody><\/table>\r\n\r\n<\/div>","utme_requirements":"<div>\r\n\r\n<table>\r\n <tbody><tr>\r\n  <td>\r\n  <p><span>Five (5) 'O'\r\n  Level credit passes to include English Language and Literature in English plus\r\n  three (3) other Arts or Social Science subjects.<\/span><\/p>\r\n  <\/td>\r\n <\/tr>\r\n<\/tbody><\/table>\r\n\r\n<\/div>","subjects":"Literature in English and one (1) Art and any other subject.","institutions_list":"EDALV"}]