[{"id":"6638","title":"AGRICULTURAL SCIENCE & EDUCATION","de_requirements":"<div>\r\n\r\n<table>\r\n <tbody><tr>\r\n  <td>\r\n  <p><span>(i) Two (2) passes at 'A' Level in Biology \/Zoology\r\n  \/Botany and any other Science subject.<\/span><\/p>\r\n  <p><span>(ii) NCE merit\r\n  in Biology and any other Science subject.<\/span><\/p>\r\n  <\/td>\r\n <\/tr>\r\n<\/tbody><\/table>\r\n\r\n<\/div><p>\r\n\r\n<span>(iii)\r\nNCE merit in Agriculture (Double Major).<\/span><br><\/p>","utme_requirements":"<div>\r\n\r\n<table>\r\n <tbody><tr>\r\n  <td>\r\n  <p><span>Five (5) 'O'\r\n  Level credit passes or equivalents in English Language, Chemistry, Biology\/Agricultural\r\n  Science., Mathematics and another relevant subject.<\/span><\/p>\r\n  <\/td>\r\n <\/tr>\r\n<\/tbody><\/table>\r\n\r\n<\/div>","subjects":"Any three (3) subjects from Chemistry, Biology, Agriculture, Physics, Economics, Geography and Mathematics.","institutions_list":"EDGUMEL"},{"id":"6633","title":"EDUCATION & BIOLOGY","de_requirements":"\r\n\r\n<table>\r\n <tbody><tr>\r\n  <td>\r\n  <p><br><\/p>\r\n  <\/td>\r\n <\/tr>\r\n<\/tbody><\/table><div>\r\n\r\n<table>\r\n <tbody><tr>\r\n  <td>\r\n  <p><span>NCE\/'A' Level\r\n  passes in Biology and one (1) other Science subject.<\/span><\/p>\r\n  <\/td>\r\n <\/tr>\r\n<\/tbody><\/table>\r\n\r\n<\/div>\r\n\r\n","utme_requirements":"\r\n\r\n<table>\r\n <tbody><tr>\r\n  <td>\r\n  <p><br><\/p>\r\n  <\/td>\r\n <\/tr>\r\n<\/tbody><\/table><div>\r\n\r\n<table>\r\n <tbody><tr>\r\n  <td>\r\n  <p><span>Five (5) SSC credit\r\n  passes in English Language, Biology, Chemistry, Mathematics and one (1) other\r\n  subject.<\/span><\/p>\r\n  <\/td>\r\n <\/tr>\r\n<\/tbody><\/table>\r\n\r\n<\/div>\r\n\r\n","subjects":"Biology and two (2) other subjects from Chemistry, Mathematics and Physics.","institutions_list":"EDGUMEL"},{"id":"6632","title":"EDUCATION & CHEMISTRY","de_requirements":"<div>\r\n\r\n<table>\r\n <tbody><tr>\r\n  <td>\r\n  <p><span>Two (2) \u2018A\u2019 Level\/NCE\r\n  passes including Chemistry and one (1) other Science subject.<\/span><\/p>\r\n  <\/td>\r\n <\/tr>\r\n<\/tbody><\/table>\r\n\r\n<\/div>","utme_requirements":"<div>\r\n\r\n<table>\r\n <tbody><tr>\r\n  <td>\r\n  <p><span>Five (5) SSC\r\n  credits in Mathematics, Chemistry, English Language and two (2) of Physics,\r\n  Biology and Agricultural Science.<\/span><\/p>\r\n  <\/td>\r\n <\/tr>\r\n<\/tbody><\/table>\r\n\r\n<\/div>","subjects":"Chemistry and two (2) other subjects chosen from Physics, Biology and Mathematics.","institutions_list":"EDGUMEL"},{"id":"6636","title":"EDUCATION & ENGLISH LANGUAGE","de_requirements":"<div>\r\n\r\n<table>\r\n <tbody><tr>\r\n  <td>\r\n  <p><span>(i)&nbsp; Two (2) 'A' Level passes in relevant\r\n  teaching subjects including Literature in English.<\/span><\/p>\r\n  <p><span>(ii)&nbsp; NCE\r\n  credit or merit in two(2)relevant subjects.<\/span><\/p>\r\n  <\/td>\r\n <\/tr>\r\n<\/tbody><\/table>\r\n\r\n<\/div>","utme_requirements":"<div>\r\n\r\n<table>\r\n <tbody><tr>\r\n  <td>\r\n  <p><span>Five (5) 'O'\r\n  Level credit passes to include English Language and Literature in English plus\r\n  three (3) other Arts or Social Science subjects.<\/span><\/p>\r\n  <\/td>\r\n <\/tr>\r\n<\/tbody><\/table>\r\n\r\n<\/div>","subjects":"Literature in English and one (1) Art and any other subject.","institutions_list":"EDGUMEL"},{"id":"6637","title":"EDUCATION & HAUSA","de_requirements":"<div>\r\n\r\n<table>\r\n <tbody><tr>\r\n  <td>\r\n  <p><span>Two (2) 'A'\r\n  Level passes in relevant subjects to include Hausa.<\/span><\/p>\r\n  <\/td>\r\n <\/tr>\r\n<\/tbody><\/table>\r\n\r\n<\/div>","utme_requirements":"<div>\r\n\r\n<table>\r\n <tbody><tr>\r\n  <td>\r\n  <p><span>Five (5) 'O'\r\n  Level credit passes to include English Language and Hausa.<\/span><\/p>\r\n  <\/td>\r\n <\/tr>\r\n<\/tbody><\/table>\r\n\r\n<\/div>","subjects":"Hausa, one (1) Arts and one (1) subject from Economics, French, Geography\/Physics, Government, History, Islamic Studies, Literature in English and Mathematics.","institutions_list":"EDGUMEL"},{"id":"6634","title":"EDUCATION & ISLAMIC STUDIES","de_requirements":"<div>\r\n\r\n<table>\r\n <tbody><tr>\r\n  <td>\r\n  <p><span>(i) NCE merit in Islamic\r\n  Studies and Education.<\/span><\/p>\r\n  <p><span>&nbsp;<\/span><\/p>\r\n  <\/td>\r\n <\/tr>\r\n<\/tbody><\/table>\r\n\r\n<\/div><p>\r\n\r\n<span>(ii)\r\n'A' Level passes in Arabic\/ Islamic Studies and any other relevant subject.<\/span><br><\/p>","utme_requirements":"<div>\r\n\r\n<table>\r\n <tbody><tr>\r\n  <td>\r\n  <p><span>Five (5) SSC credit\r\n  passes including English Language, Islamic Studies and three (3) other\r\n  relevant subjects.<\/span><\/p>\r\n  <\/td>\r\n <\/tr>\r\n<\/tbody><\/table>\r\n\r\n<\/div>","subjects":"Islamic Studies\/Arabic and two (2) other Social Science or Arts subjects.","institutions_list":"EDGUMEL"},{"id":"6635","title":"TEACHER EDUCATION SCIENCE:","de_requirements":"<div>\r\n\r\n<table>\r\n <tbody><tr>\r\n  <td>\r\n  <p><span>(i)&nbsp; Two (2) 'A' Level passes in relevant\r\n  teaching subjects including Literature in English.<\/span><\/p>\r\n  <p><span>(ii)&nbsp; NCE\r\n  credit or merit in two(2)relevant subjects.<\/span><\/p>\r\n  <\/td>\r\n <\/tr>\r\n<\/tbody><\/table>\r\n\r\n<\/div>","utme_requirements":"<div>\r\n\r\n<table>\r\n <tbody><tr>\r\n  <td>\r\n  <p><span>Five (5) 'O'\r\n  Level credit passes to include English Language and Literature in English plus\r\n  three (3) other Arts or Social Science subjects.<\/span><\/p>\r\n  <\/td>\r\n <\/tr>\r\n<\/tbody><\/table>\r\n\r\n<\/div>","subjects":"Literature in English and one (1) Art and any other subject.","institutions_list":"EDGUMEL"}]