[{"id":"1018","title":"AIRCRAFT ENGINEERING TECHNOLOGY","de_requirements":"","utme_requirements":"<p><span>Five (5) SSC credit passes in Mathematics, Physics and\r\nChemistry and any two (2) subjects from:<\/span><\/p><p>\r\n\r\n<span>Biology\/Agricultural\r\nScience&nbsp;<\/span><br><\/p>","subjects":"Mathematics, Physics and Chemistry.","institutions_list":"AFIT"},{"id":"1016","title":"BUSINESS ADMINISTRATION & MANAGEMENT","de_requirements":"","utme_requirements":"<p><span>Five (5) SSC credit passes in English Language, not\r\nLiterature in English and Mathematics and any three (3) subjects from the\r\nfollowing:<\/span><\/p><p><span>Economics\/Commerce,<\/span><\/p><p><span>Business Methods,<\/span><\/p><p><span>Principles of Accounts,<\/span><\/p><p><span>Literature in English<\/span><\/p><p><span>Geography<\/span><\/p><p><span>Office Practice<\/span><\/p><p><span>Biology\/Agricultural Science,<\/span><\/p><p><span>Chemistry,<\/span><\/p><p><span>Physics,<\/span><\/p><p><span>History\/Government<\/span><\/p><p><span>Typewriting <\/span><\/p><p>\r\n\r\n\r\n\r\n\r\n\r\n\r\n\r\n\r\n\r\n\r\n\r\n\r\n\r\n\r\n\r\n\r\n\r\n\r\n\r\n\r\n\r\n\r\n\r\n<span>Shorthand<\/span><br><\/p>","subjects":"Mathematics and two (2) of Geography, Commerce, Government, Principles of Accounts and Economics","institutions_list":"AFIT"},{"id":"1017","title":"CIVIL ENGINEERING TECHNOLOGY","de_requirements":"","utme_requirements":"<table>\r\n <tbody><tr>\r\n  <td>\r\n  <p><span>Five (5) SSC credit passes in Mathematics, Physics\r\n  and Chemistry and any two (2) subjects from:<\/span><\/p>\r\n  <p><span>Biology\/Agricultural Science <\/span><\/p>\r\n  <p><span>Technical Drawing,<\/span><\/p>\r\n  <p><span>Basic Electronics\/Basic Electricity,<\/span><\/p>\r\n  <p><span>Auto Mechanics,<\/span><\/p>\r\n  <p><span>Metal Work,<\/span><\/p>\r\n  <p><span>Woodwork for Civil Engineering Technology,<\/span><\/p>\r\n  <p><span>Further Mathematics<\/span><\/p>\r\n  <p><span>English Language,<\/span><\/p>\r\n  <p><span>Geography,<\/span><\/p>\r\n  <p><span>Economics\/Commerce.<\/span><\/p>\r\n  <p><span>For Marine Engineering and Industrial Safety &amp;\r\n  Environmental Engineering a pass in Biology is required.<\/span><\/p>\r\n  <p><span>At least 'O' Level credit pass in English Language\r\n  is required.<\/span><\/p>\r\n  <\/td>\r\n <\/tr>\r\n<\/tbody><\/table>","subjects":"Mathematics, Physics and Chemistry.","institutions_list":"AFIT"},{"id":"1020","title":"ELECTRICAL\/ELECTRONICS ENGINEERING TECHNOLOGY","de_requirements":"","utme_requirements":"<table>\r\n <tbody><tr>\r\n  <td>\r\n  <p><span>Five (5) 'O' Level credit passes in Mathematics, Physics\r\n  and Chemistry and any two (2) subjects from:<\/span><\/p>\r\n  <p><span>Biology\/Agricultural Science <\/span><\/p>\r\n  <p><span>Technical Drawing,<\/span><\/p>\r\n  <p><span>Basic Electronics\/Basic Electricity,<\/span><\/p>\r\n  <p><span>Auto Mechanics,<\/span><\/p>\r\n  <p><span>Metal Work,<\/span><\/p>\r\n  <p><span>Woodwork (for Civil Engineering Tech.),<\/span><\/p>\r\n  <p><span>Further Mathematics<\/span><\/p>\r\n  <p><span>English Language,<\/span><\/p>\r\n  <p><span>Geography,<\/span><\/p>\r\n  <p><span>Economics\/Commerce.<\/span><\/p>\r\n  <p><span>For Marine Engineering and Industrial Safety &amp;\r\n  Environmental Engineering. 'O' Level pass in Biology is required.<\/span><\/p>\r\n  <p><span>At least 'O' Level credit pass in English Language\r\n  is required.<\/span><\/p>\r\n  <p><span>&nbsp;<\/span><\/p>\r\n  <\/td>\r\n <\/tr>\r\n<\/tbody><\/table>","subjects":"Mathematics, Physics, Chemistry","institutions_list":"AFIT"},{"id":"1019","title":"EXPLOSIVE ORDINANCE TECHNOLOGY","de_requirements":"Not applicable&nbsp;","utme_requirements":"<p><span>Five (5) SSC credit passes in English Language, Mathematics, Physics, Chemistry and any other subjects from:<\/span><\/p><p><span>Biology,<\/span><\/p><p><span>Agricultural Science,<\/span><\/p><p><span>Technical Drawing,<\/span><\/p><p><span>Basic Electronics,<\/span><\/p><p><span>Basic Electricity,<\/span><\/p><p><span>Auto Mechanics,<\/span><\/p><p><span>Metal Work,<\/span><\/p><p><span>Woodwork,<\/span><\/p><p><span>Further Mathematics<\/span><\/p><p><span>Geography,<\/span><\/p><p><br><\/p>","subjects":"Mathematics, Physics and Chemistry","institutions_list":"AFIT"},{"id":"1015","title":"MECHANICAL ENGINEERING TECHNOLOGY","de_requirements":"","utme_requirements":"<p><span>Five (5) SSC credit passes in English Language, Mathematics, Physics, Chemistry and any one (1) subject from:<\/span><span><\/span><\/p><p><span>Biology\/Agricultural Science <\/span><span><\/span><\/p><p><span>Technical Drawing,<\/span><span><\/span><\/p><p><span>Basic Electronics\/Basic Electricity,<\/span><span><\/span><\/p><p><span>Auto Mechanics,<\/span><span><\/span><\/p><p><span>Metal Work,<\/span><span><\/span><\/p><p><span>Woodwork (for Civil Engineering Tech.),<\/span><span><\/span><\/p><p><span>Further Mathematics<\/span><span><\/span><\/p><p><span>English Language,<\/span><span><\/span><\/p><p><span>Geography,<\/span><span><\/span><\/p><p><span>Economics\/Commerce.<\/span><span><\/span><\/p><p><span>For Marine Engineering and Industrial Safety &amp; Environmental Engineering. 'O' Level pass in Biology is required.<\/span><\/p>","subjects":"Mathematics, Chemistry and Physics.","institutions_list":"AFIT"}]