[{"id":"6686","title":"AGRICULTURAL SCIENCE & EDUCATION","de_requirements":"<div>\r\n\r\n<table>\r\n <tbody><tr>\r\n  <td>\r\n  <p><span>(i) Two (2) passes at 'A' Level in Biology \/Zoology\r\n  \/Botany and any other Science subject.<\/span><\/p>\r\n  <p><span>(ii) NCE merit\r\n  in Biology and any other Science subject.<\/span><\/p>\r\n  <\/td>\r\n <\/tr>\r\n<\/tbody><\/table>\r\n\r\n<\/div><p>\r\n\r\n<span>(iii)\r\nNCE merit in Agriculture (Double Major).<\/span><br><\/p>","utme_requirements":"<div>\r\n\r\n<table>\r\n <tbody><tr>\r\n  <td>\r\n  <p><span>Five (5) 'O'\r\n  Level credit passes or equivalents in English Language, Chemistry, Biology\/Agricultural\r\n  Science., Mathematics and another relevant subject.<\/span><\/p>\r\n  <\/td>\r\n <\/tr>\r\n<\/tbody><\/table>\r\n\r\n<\/div>","subjects":"Any three (3) subjects from Chemistry, Biology, Agriculture, Physics, Economics, Geography and Mathematics.","institutions_list":"EDKANO-2"},{"id":"6688","title":"BUSINESS EDUCATION","de_requirements":"<p>(i)<span>\t<\/span>Two (2) 'A' Level passes or NCE merit in two (2) relevant subjects.<\/p><p>(ii)<span>\t<\/span>NCE merit in Business Education Double Major.&nbsp;<\/p><div><br><\/div>","utme_requirements":"<p>Five (5) TC II merit, 'O' Level or NTC\/NBC credit passes including English Language, Mathematics, Economics and two (2) other subjects in the Social Sciences or Arts. For NBC, the other subjects could be from any of the following: Commerce, Office Practice, Principles of Accounts, Secretarial Duties, Typewriting and Shorthand.<\/p><p><br><\/p>","subjects":"Mathematics, Economics plus one (1) of Literature in English, History, Government, Geography, Chemistry and Physics.\r\n\r\n","institutions_list":"EDKANO-2"},{"id":"26261","title":"COMPUTER SCIENCE\/CHEMISTRY","de_requirements":"","utme_requirements":"","subjects":"","institutions_list":"EDKANO-2"},{"id":"6685","title":"HOME ECONOMICS","de_requirements":"<div>\r\n\r\n<table>\r\n <tbody><tr>\r\n  <td>\r\n  <p><span>(i)&nbsp;&nbsp;&nbsp; NCE merit in Home Economics <\/span><\/p>\r\n  <p><span>(ii) 'A' Level\r\n  passes in two (2) of Chemistry or any Biology, Botany and Agricultural\r\n  Science.<\/span><\/p>\r\n  <\/td>\r\n <\/tr>\r\n<\/tbody><\/table>\r\n\r\n<\/div><p>\r\n\r\n<span>(iii)\r\nND\/HND credit in Home Economics or Food Science or Hotel and Catering\r\nManagement or any other related programme<\/span><br><\/p>","utme_requirements":"<div>\r\n\r\n<table>\r\n <tbody><tr>\r\n  <td>\r\n  <p><span>Five (5) 'O' Level NTC\/NBC credit passes or TC II merit\r\n  including English Language, Mathematics, Home Economics, Biology and\r\n  Chemistry.<\/span><\/p>\r\n  <\/td>\r\n <\/tr>\r\n<\/tbody><\/table>\r\n\r\n<\/div>","subjects":"Chemistry, Biology or Agricultural Science and one (1) other subject.","institutions_list":"EDKANO-2"},{"id":"6684","title":"INTEGRATED SCIENCE","de_requirements":"<div>\r\n\r\n<table>\r\n <tbody><tr>\r\n  <td>\r\n  <p><span>(i) NCE Integrated&nbsp;&nbsp;&nbsp;&nbsp;&nbsp;&nbsp;&nbsp;&nbsp;\r\n  Science<\/span><\/p>\r\n  <p><span>&nbsp;<\/span><\/p>\r\n  <p><span>(ii)&nbsp;&nbsp; NCE Science<\/span><\/p>\r\n  <p><span>&nbsp;&nbsp;&nbsp;&nbsp;&nbsp;&nbsp; Education<\/span><\/p>\r\n  <p><span>&nbsp;<\/span><\/p>\r\n  <\/td>\r\n <\/tr>\r\n<\/tbody><\/table>\r\n\r\n<\/div><p>\r\n\r\n<span>(iii)\r\n&nbsp;'A' Level&nbsp; &nbsp;&nbsp;&nbsp;&nbsp;&nbsp;&nbsp;&nbsp;passes in two (2)Science subjects<\/span><br><\/p>","utme_requirements":"<p><span>Five (5) SSC credit passes including Biology, Chemistry,\r\nEnglish Language and Mathematics<\/span><br><\/p>","subjects":"Any three (3) of Mathematics, Chemistry, Physics, Biology and Agricultural Science.","institutions_list":"EDKANO-2"},{"id":"6687","title":"SOCIAL STUDIES","de_requirements":"<div>\r\n\r\n<table>\r\n <tbody><tr>\r\n  <td>\r\n  <p><span>(i) NCE Social\r\n  Studies from recognized Colleges.<\/span><\/p>\r\n  <\/td>\r\n <\/tr>\r\n<\/tbody><\/table>\r\n\r\n<\/div><p>\r\n\r\n<span>(ii)&nbsp;&nbsp;&nbsp;&nbsp;&nbsp;&nbsp;&nbsp;&nbsp;&nbsp;&nbsp; Two (2) 'A' Level passes in relevant subjects.<\/span><br><\/p>","utme_requirements":"<p>Five (5) 'O' Level credit passes to include English Language plus two (2) Arts \/Social Science subjects.<\/p><p><br><\/p>","subjects":"Any three (3) of Christian Religious Studies, Economics, Geography\/Physics, Government, History and Islamic Studies.\r\n\r\n","institutions_list":"EDKANO-2"},{"id":"26262","title":"SOCIAL STUDIES\/HISTORY","de_requirements":"","utme_requirements":"","subjects":"","institutions_list":"EDKANO-2"}]