[{"id":"6895","title":"BANKING OPERATIONS","de_requirements":"","utme_requirements":"<p><span>Five (5)\r\ncredit passes at SSC or its equivalent in <\/span><span>English Language (not Literature\r\nin English) and Mathematics and any three (3) subjects from the following:<\/span><span><\/span><\/p><p><span>Economics\/Commerce, Business\r\nMethods, Principles of Accounts, Literature in English, Geography, Office\r\nPractice, Government, Biology\/ Agricultural Science, Chemistry, Physics,\r\nHistory\/Government, Typewriting, Shorthand.<\/span><\/p><p>\r\n\r\n\r\n\r\n<\/p><p><span><o>&nbsp;<\/o:p><\/span><\/p>","subjects":"Mathematics and any two (2) of Economics, Geography, History, Government, Commerce or Principles of Accounts.","institutions_list":"EKO-CMT"},{"id":"6892","title":"COMPUTER HARDWARE ENGINEERING\/ TECHNOLOGY","de_requirements":"","utme_requirements":"<p><span>Five\r\n(5) credit passes at SSC or its equivalent in Mathematics, English Language and\r\nany other three (3) relevant subjects<\/span><\/p>","subjects":"Mathematics, Physics, Chemistry.","institutions_list":"EKO-CMT"},{"id":"6893","title":"MULTIMEDIA TECHNOLOGY","de_requirements":"","utme_requirements":"<p><span>Five\r\n(5) credit passes at SSC or its equivalent in Mathematics, English Language and\r\nany other three (3)&nbsp; relevant subjects<\/span><\/p>","subjects":"Any four (4) subjects from Arts\/Social Science","institutions_list":"EKO-CMT"},{"id":"6894","title":"PERFORMING & MEDIA ARTS","de_requirements":"","utme_requirements":"<p><span>Five (5) credit passes at\r\nSSC&nbsp; or its equivalent in Mathematics,\r\nEnglish Language and any other three (3) from Arts and Social Science subjects<\/span><br><\/p>","subjects":"Any three (3) subjects from Arts\/Social Science\/Physical Science","institutions_list":"EKO-CMT"}]