[{"id":"1022","title":"ACCOUNTING","de_requirements":"<p>\r\n\r\n<\/p><div>\r\n\r\n<p><span>A' Level\/IJMB with 9 points from\r\nEconomics and any other two subjects from Business Management, Accounts,\r\nGovernment.&nbsp;<\/span><span>ND with minimum of upper credit in Accountancy<\/span><\/p><table><tbody>\r\n<\/tbody><\/table>\r\n\r\n<\/div>\r\n\r\n","utme_requirements":"<p>\r\n\r\n<\/p><div><span>Five (5) credits in English Language, Mathematics,\r\nEconomics and any other two (2) subjects from Government, Commerce, Accounting,\r\nGeography<\/span><br><table><tbody>\r\n<\/tbody><\/table>\r\n\r\n<\/div>\r\n\r\n","subjects":"<span>English Language, Mathematics, Economics Principles\r\nof Account and any other subject from Commerce,\r\nMarketing, Government and Geography<\/span>","institutions_list":"AFIT-DEG"},{"id":"1043","title":"AEROSPACE ENGINEERING","de_requirements":"<table>IJMB \u2013 13 points with a minimum of \u2018B\u2019 in Mathematics and Physics.<\/table><table>ND with Upper Credit in Aircraft Engineering Technology.<\/table><div><br><\/div>","utme_requirements":"<span>Five (5) credits in English Language,\r\nMathematics, Physic, Chemistry and any other science subject from Additional\r\nMathematics\/Further Mathematics, Tech Drawing, Biology, Geography, Basic Electricity\/Basic Electronics\r\nand Agricultural Science<\/span>","subjects":"<span>English Language, Mathematics, Physic and\r\nChemistry&nbsp;&nbsp;<\/span>","institutions_list":"AFIT-DEG"},{"id":"1041","title":"AUTOMOTIVE ENGINEERING","de_requirements":"<div>A' Level\/IJMB with 9 points from Mathematics, Physics and Chemistry.&nbsp;<\/div><div>ND with Upper Credit in Mechanical Engineering Technology.<\/div><div><br><\/div>","utme_requirements":"<table><tbody><tr>\r\n  <td>Five (5) credits in&nbsp;English,\r\n  Mathematics, Physics, Chemistry and any other subject from Additional\r\n  Mathematics\/Further Mathematics, Tech Drawing, Biology, Geography, Basic Electricity\/Basic\r\n  Electronics and Agricultural Science<\/td><\/tr><\/tbody><\/table>","subjects":"<table><tbody><tr>\r\n  <td>English Language Mathematics,\r\n  Physics and Chemistry<\/td><\/tr><\/tbody><\/table>","institutions_list":"AFIT-DEG"},{"id":"1026","title":"BANKING & FINANCE","de_requirements":"<p>\r\n\r\n<\/p><div>\r\n\r\n<table>\r\n <tbody><tr>\r\n  <td><\/td><\/tr><\/tbody><\/table><p><span>A' Level\/IJMB\r\nwith 9 points from Economics and any other two subjects from Business\r\nManagement, Accounts, Government.&nbsp;<\/span><span>ND with Upper Credit in Banking and Finance.<\/span><\/p><\/div>","utme_requirements":"<p>\r\n\r\n<\/p><div>\r\n\r\n<table>\r\n <tbody><tr>\r\n  <td><span>Five (5) credits in English Language,\r\nMathematics, Economics and any other two (2) subjects from Government,\r\nCommerce, Accounting, Geography<\/span><br><\/td><\/tr><\/tbody><\/table><\/div>","subjects":"<span>English Language, Mathematics, Economics\r\nPrinciples of Account and any other subject from Commerce,\r\nMarketing, Government and Geography<\/span>","institutions_list":"AFIT-DEG"},{"id":"1023","title":"BUSINESS ADMINISTRATION","de_requirements":"<p>\r\n\r\n<\/p><div>\r\n\r\n<p><span>ND\r\nwith Upper Credit in Business Administration and Management, Accounting,\r\nBanking and Finance, Cooperative Economics and Management and Marketing.<\/span><\/p>\r\n\r\n<span>A' Level\/IJMB with 9 points from Economics and any other two subjects\r\nfrom Business Management<\/span><table><tbody>\r\n<\/tbody><\/table>\r\n\r\n<\/div>\r\n\r\n","utme_requirements":"<p>\r\n\r\n<\/p><div>\r\n\r\n<p><span>Five\r\n(5) credits in English Language, Mathematics, Economics and any other subject\r\nfrom Government, Commerce, Accounting, Book-Keeping, Book Method, Marketing,\r\nGeography, Office Technology and Civic Education.&nbsp;<\/span><\/p><table><tbody>\r\n<\/tbody><\/table>\r\n\r\n<\/div>\r\n\r\n","subjects":"<span>English Language, Mathematics, Economics and any\r\nother subject from Commerce, Geography, Government and Principles of Accounts<\/span>","institutions_list":"AFIT-DEG"},{"id":"1030","title":"CHEMISTRY","de_requirements":"<p><span>ND\r\nwith Upper Credit in any Chemistry related programme.<\/span><\/p>\r\n\r\n<span>A' Level\/IJMB with at least grade 'C' in Chemistry and Physics<\/span><br>","utme_requirements":"<span>Five (5) credits in English Language,\r\nMathematics, Physic, Chemistry and either Biology or Agricultural Science&nbsp;<\/span>","subjects":"<span>Physic, Chemistry and (Biology or Mathematics)&nbsp;&nbsp;<\/span>","institutions_list":"AFIT-DEG"},{"id":"1024","title":"CIVIL ENGINEERING","de_requirements":"<p><span>ND\r\nwith Upper Credit in Civil Engineering<\/span><\/p>\r\n\r\n<span>IJMB or GCE A \u2018Level with at least 9 points in Mathematics, Physics and\r\nChemistry. HND in Civil Engineering with Upper Credit can be considered for 300 level<\/span><br>","utme_requirements":"<table><tbody><tr>\r\n  <td>Five (5) credits in&nbsp;English,\r\n  Mathematics, Physics, Chemistry and any other subject from Additional\r\n  Mathematics\/Further Mathematics, Tech Drawing, Biology,&nbsp; Geography, Basic Electricity\/Basic\r\n  Electronics and Agricultural Science<\/td><\/tr><\/tbody><\/table>","subjects":"<table><tbody><tr>\r\n  <td>English Language, Mathematics,\r\n  Physics and Chemistry<\/td><\/tr><\/tbody><\/table>","institutions_list":"AFIT-DEG"},{"id":"1033","title":"COMPUTER SCIENCE","de_requirements":"<table><tbody><tr>\r\n  <td>(i)\r\n  Two (2) 'A' Level passes with at least grade 'C' in Mathematics and Physics.\r\n  (ii) ND with Upper Credit in Computer Science.<\/td><\/tr><\/tbody><\/table>","utme_requirements":"<table><tbody><tr>\r\n  <td>Five (5) credits in&nbsp;English,\r\n  Mathematics, Physics, Chemistry and any other subject from Computer Studies, Additional\r\n  Mathematics\/Further Mathematics, Tech Drawing, Biology, Geography, Basic Electricity\/Basic\r\n  Electronics and Agricultural Science<\/td><\/tr><\/tbody><\/table>","subjects":"<table><tbody><tr>\r\n  <td>English Language, Mathematics,\r\n  Physics and any other subject from Computer Studies, Chemistry, Geography, Biology, Agric Science and Economics.&nbsp;<\/td><\/tr><\/tbody><\/table>","institutions_list":"AFIT-DEG"},{"id":"1034","title":"CYBER SECURITY","de_requirements":"<table><tbody><tr>\r\n  <td>(i)\r\n  Two (2) 'A' Level passes with at least grade 'C' in Mathematics and Physics.\r\n  (ii) ND with Upper Credit in Computer Science.<\/td><\/tr><\/tbody><\/table>","utme_requirements":"<table><tbody><tr>\r\n  <td>Five (5) credits in&nbsp;English,\r\n  Mathematics, Physics, Chemistry and any other subject from Computer Studies, Additional\r\n  Mathematics\/Further Mathematics, Tech Drawing, Biology, Geography, Basic Electricity\/Basic\r\n  Electronics and Agricultural Science<\/td><\/tr><\/tbody><\/table>","subjects":"<table><tbody><tr>\r\n  <td>English Language, Mathematics,\r\n  Physics and any other subject from Computer Studies, Chemistry, Geography, Biology, Agric Science and Economics.&nbsp;<\/td><\/tr><\/tbody><\/table>","institutions_list":"AFIT-DEG"},{"id":"1027","title":"ECONOMICS","de_requirements":"<p>\r\n\r\n<\/p><div>\r\n\r\n<p><span>A' Level\/IJMB\r\nwith 9 points from Economics and any other two social science subjects.<\/span><\/p>\r\n\r\n<span>ND with Upper Credit in any social and\r\nmanagement sciences programme<\/span><b><span>.<\/span><\/b><table><tbody>\r\n<\/tbody><\/table>\r\n\r\n<\/div>\r\n\r\n","utme_requirements":"<p>\r\n\r\n<\/p><div>\r\n\r\n<span>Five (5) credits in English Language,\r\nMathematics, Economics and any other two (2) subjects from Government,\r\nCommerce, Accounting, Geography, Agricultural Science, CRS\/IRS, Further\r\nMathematics and physics<\/span><table><tbody>\r\n<\/tbody><\/table>\r\n\r\n<\/div>\r\n\r\n","subjects":"<span>Mathematics, Economics and any other subject\r\nfrom Government, Commerce, Accounting, Geography, Agricultural Science and\r\nphysics<\/span>","institutions_list":"AFIT-DEG"},{"id":"1036","title":"ELECTRICAL\/ELECTRONICS ENGINEERING TECHNOLOGY","de_requirements":"<p><span>ND\r\nwith Upper Credit in any related Engineering Programme. <\/span><\/p><p><span>HND\r\nwith Upper Credit may be considered for 300 level<\/span><\/p><p>\r\n\r\n\r\n\r\n<\/p><p><span>A' Level\/IJMB\r\nwith 9 Points in Mathematics, Physics and Chemistry&nbsp;<\/span><\/p>","utme_requirements":"<table><tbody><tr>\r\n  <td>Five (5) credits in&nbsp;English,\r\n  Mathematics, Physics, Chemistry and any other subject from Additional\r\n  Mathematics\/Further Mathematics, Tech Drawing, Biology, Geography, Basic Electricity\/Basic\r\n  Electronics and Agricultural Science<\/td><\/tr><\/tbody><\/table>","subjects":"English Language, Mathematics, Physics and Chemistry","institutions_list":"AFIT-DEG"},{"id":"1042","title":"INFORMATION & COMMUNICATION TECHNOLOGY","de_requirements":"<div>ND with Upper Credit in Electrical\/Electronics Engineering<\/div><div>IJMB\/GCE A \u2018Level with at least 9 points in Mathematics, Physics and Chemistry<\/div><div><br><\/div>","utme_requirements":"<span>Five (5) credits in English Language,\r\nMathematics, Physics, Chemistry and any other relevant science subject from\r\nAdditional Mathematics\/Further Mathematics, Tech Drawing, Biology, Geography, Basic Electricity\/Basic\r\nElectronics and Agricultural Science<\/span><br>","subjects":"<table><tbody><tr>\r\n  <td>English Language, Mathematics,\r\n  Physics and Chemistry<\/td><\/tr><\/tbody><\/table>","institutions_list":"AFIT-DEG"},{"id":"1035","title":"INTERNATIONAL RELATIONS","de_requirements":"<span>IJMB with at least 9 points from Government,\r\nEconomics and (Sociology or Geography)<\/span>","utme_requirements":"<span>Five (5) credits in English Language, Mathematics,\r\nGovernment \/History, CRS or IRS, Economics and Civic Education&nbsp;<\/span>","subjects":"<span>Government or History, Economics and Literature\r\nin English, CRS or IRS<\/span>","institutions_list":"AFIT-DEG"},{"id":"1025","title":"MARKETING","de_requirements":"<p>\r\n\r\n<\/p><div>\r\n\r\n<table>\r\n <tbody><tr>\r\n  <td>\r\n  <\/td>\r\n <\/tr>\r\n<\/tbody><\/table><p><span>ND\r\nwith Upper Credit in Business Administration and Management, Accounting,\r\nBanking and Finance, Cooperative Economics and Management and Marketing. <\/span><\/p>\r\n\r\n<span>GCE A\u2019 Level\/IJMB: Min 10 points in relevant subjects.<\/span>\r\n\r\n<\/div>\r\n\r\n","utme_requirements":"<p>\r\n\r\n<\/p><div>\r\n\r\n<table>\r\n <tbody><tr>\r\n  <td>Five (5) credits in English Language,\r\nMathematics, Economics and any other two (2) subjects from Commerce,\r\nAccounting, Book Method\/ Book Keeping and Marketing<br>\r\n  <\/td>\r\n <\/tr>\r\n<\/tbody><\/table>\r\n\r\n<\/div>\r\n\r\n","subjects":"<span>Mathematics, Economics and any other subject from\r\nCommerce, Geography, Government and Principles of Accounts<\/span>","institutions_list":"AFIT-DEG"},{"id":"1032","title":"MATHEMATICS","de_requirements":"<span>Candidates with two passes (graded A-C) at the\r\nGCE\/IJMB. A\u2019Level in relevant subjects (Physics and Mathematics and Further\r\nMathematics)&nbsp;&nbsp;<\/span>","utme_requirements":"<table><tbody><tr>\r\n  <td>Five (5) credits in&nbsp;English,\r\n  Mathematics, Physics, Chemistry and any other subject from Additional\r\n  Mathematics\/Further Mathematics, Tech Drawing, Biology, Geography, Basic Electricity\/Basic\r\n  Electronics and Agricultural Science<\/td><\/tr><\/tbody><\/table>","subjects":"<table><tbody><tr>\r\n  <td>Mathematics,\r\n  Physics any other subject from Biology, Chemistry, Agricultural Science, Economics\r\n  and Geography<\/td><\/tr><\/tbody><\/table>","institutions_list":"AFIT-DEG"},{"id":"1037","title":"MECHANICAL ENGINEERING","de_requirements":"<p><span>ND\r\nwith Upper Credit in any relevant engineering programme<\/span><\/p>\r\n\r\n<p><b><span>A' Level\/IJMB with at least grade 'C' in\r\nMathematics, Physics and Chemistry<\/span><\/b><\/p>\r\n\r\n<b><span>HND with Upper Credit\r\nin any relevant engineering programme may be considered for 300 level<\/span><\/b>","utme_requirements":"<table><tbody><tr>\r\n  <td><span>Five (5) credits in&nbsp;<\/span>English,\r\n  Mathematics, Physics, Chemistry and any other subject from Additional\r\n  Mathematics\/Further Mathematics, Tech Drawing, Biology,&nbsp; Geography, Basic Electricity\/Basic\r\n  Electronics and Agricultural Science<\/td><\/tr><\/tbody><\/table>","subjects":"English Language, Mathematics, Physics and Chemistry.","institutions_list":"AFIT-DEG"},{"id":"1040","title":"MECHATRONICS ENGINEERING","de_requirements":"<p><span>A'\r\nLevel GCE\/IJMB with at least 10 points in Mathematics, Physics and Chemistry.<\/span><\/p>\r\n\r\n<p><span>ND\r\nwith Upper Credit in any relevant engineering programme. <\/span><\/p>\r\n\r\n<p><span>HND\r\nwith Upper Credit in any relevant engineering programme may be considered for\r\n300 level<\/span><\/p>","utme_requirements":"<table><tbody><tr>\r\n  <td>Five (5) credits in&nbsp;English,\r\n  Mathematics, Physics, Chemistry and any other subject from Additional\r\n  Mathematics\/Further Mathematics, Tech Drawing, Biology, Geography, Basic Electricity\/Basic\r\n  Electronics and Agricultural Science<\/td><\/tr><\/tbody><\/table>","subjects":"English Language, Mathematics, Chemistry and Physics.","institutions_list":"AFIT-DEG"},{"id":"1038","title":"METALLURGICAL & MATERIALS ENGINEERING","de_requirements":"<table><tbody><tr>\r\n  <td>(i)\r\n  Two (2) 'A' Level passes with at least grade 'C' in Mathematics and Physics.\r\n  (ii) ND with Upper Credit in Metallurgical Engineering Technology.<\/td><\/tr><\/tbody><\/table>","utme_requirements":"<table><tbody><tr>\r\n  <td>Five (5) credits in&nbsp;English,\r\n  Mathematics, Physics, Chemistry and any other subject from Additional\r\n  Mathematics\/Further Mathematics, Tech Drawing, Biology, Geography, Basic Electricity\/Basic\r\n  Electronics and Agricultural Science<\/td><\/tr><\/tbody><\/table>","subjects":"English Language, Mathematics, Physics and Chemistry&nbsp;","institutions_list":"AFIT-DEG"},{"id":"1028","title":"PHYSICS","de_requirements":"<table><tbody><tr>\r\n  <td>(i)\r\n  Two (2) 'A' Level passes with at least grade 'C' in Mathematics and Physics.<\/td><\/tr><\/tbody><\/table>","utme_requirements":"<table><tbody><tr>\r\n  <td><span>Five (5) credits in&nbsp;<\/span>English,\r\n  Mathematics, Physics, Chemistry and any other subject from Additional\r\n  Mathematics\/Further Mathematics, Tech Drawing, Biology, Geography, Basic Electricity\/Basic\r\n  Electronics and Agricultural Science<\/td><\/tr><\/tbody><\/table>","subjects":"<table><tbody><tr>\r\n  <td>Mathematics,\r\n  Physics and any other subject from Biology, Chemistry, Agric Science,\r\n  Economics and Geography<\/td><\/tr><\/tbody><\/table>","institutions_list":"AFIT-DEG"},{"id":"1029","title":"PHYSICS WITH ELECTRONICS","de_requirements":"<p><span>GCE\r\nA Level with at least grade B in Mathematics and Physics. <\/span><\/p>\r\n\r\n<p><span>At\r\nleast 9 points from Mathematics, Physics and any other science subject in IJMB.&nbsp;<\/span><span>At least an Upper Credit in HND\/ND Mechanical Engineering,\r\nElectrical\/Electronics Engineering, Photogrammetry or Science Laboratory\r\nTechnology with options in Physics or Electronics<\/span><\/p>","utme_requirements":"<span>Five (5) credits in<\/span><table><tbody><tr>\r\n  <td>English,\r\n  Mathematics, Physics, Chemistry and any other subject from Additional\r\n  Mathematics\/Further Mathematics, Tech Drawing, Biology, Geography, Basic Electricity\/Basic\r\n  Electronics and Agricultural Science<\/td><\/tr><\/tbody><\/table>","subjects":"<table><tbody><tr>\r\n  <td>Mathematics,\r\n  Physics and any other subject from Chemistry, Biology, Agric Science,\r\n  Economics and Geography<\/td><\/tr><\/tbody><\/table>","institutions_list":"AFIT-DEG"},{"id":"1031","title":"STATISTICS","de_requirements":"<p><span>Candidates\r\nwith two passes (graded A-C) at the GCE\/IJMB.A \u2018Level in Mathematics and Physics\r\n<\/span><\/p>\r\n\r\n<span>ND with upper credit in Statistics and any other related programme<\/span>","utme_requirements":"<span>Five (5) credits in English Language,\r\nMathematics, Physics and any other science subject from Further Mathematics,\r\nBiology, Chemistry, Geography, Economics and Data Processing.<\/span>","subjects":"<span>Mathematics, Physic and any other subject from\r\nComputer Studies, Biology, Chemistry, Geography and Economics<\/span>","institutions_list":"AFIT-DEG"},{"id":"1039","title":"TELECOMMUNICATION ENGINEERING","de_requirements":"<table><tbody><tr>\r\n  <td><p>(i)\r\n  Two (2) 'A' Level passes with at least grade 'C' in Mathematics and Physics. (ii) ND with Upper Credit in Electrical\/Electronics Engineering<\/p><\/td><\/tr><\/tbody><\/table>","utme_requirements":"<table><tbody><tr>\r\n  <td>Five (5) credits in&nbsp;English,\r\n  Mathematics, Physics, Chemistry and any other subject from Additional\r\n  Mathematics\/Further Mathematics, Tech Drawing, Biology, Geography, Basic Electricity\/Basic\r\n  Electronics and Agricultural Science<\/td><\/tr><\/tbody><\/table>","subjects":"<table><tbody><tr>\r\n  <td>English Language, Mathematics,\r\n  Physics and Chemistry<\/td><\/tr><\/tbody><\/table>","institutions_list":"AFIT-DEG"}]