[{"id":"7084","title":"BIOLOGY\/CHEMISTRY","de_requirements":"","utme_requirements":"<p><span>Five (5) SSC credit\r\npasses, in English Language, Mathematics, Biology, Chemistry and other Science\r\nsubject.<\/span><\/p>","subjects":"Biology, Chemistry any other Science subject.","institutions_list":"ELI-COE"},{"id":"7075","title":"CHRISTIAN RELIGIOUS STUDIES\/ECONOMICS","de_requirements":"","utme_requirements":"<p><span>Five (5) SSC credit passes in English Language, Mathematics, Christian Religious Studies, Economics and any other subject.<\/span>&nbsp;&nbsp;&nbsp;&nbsp;<span><\/span><\/p>","subjects":"Christian Religious Studies, Economics and any other Social Science\/Arts subjects.","institutions_list":"ELI-COE"},{"id":"7074","title":"CHRISTIAN RELIGIOUS STUDIES\/FRENCH","de_requirements":"","utme_requirements":"<p><span>Five (5) SSC credit passes in English Language, Mathematics, Christian Religious Studies, French and one (1) other subject.<\/span><span><\/span><\/p>","subjects":"Christian Religious Studies, French and any other subject.","institutions_list":"ELI-COE"},{"id":"7076","title":"CHRISTIAN RELIGIOUS STUDIES\/IGBO","de_requirements":"","utme_requirements":"<p><span>Five (5) SSC credit passes in English Language, Mathematics, Christian Religious Studies, Igbo and any other subjects.<\/span><span><\/span><\/p>","subjects":"Igbo, Christian Religious Studies and any other Arts subject.","institutions_list":"ELI-COE"},{"id":"7077","title":"CHRISTIAN RELIGIOUS STUDIES\/SOCIAL STUDIES","de_requirements":"","utme_requirements":"<p><span>Five (5) SSC credit passes in English Language, Mathematics, Christian Religious Studies and any other two (2) of Economics\/Commerce, Government\/History, Government\/Social Studies.<\/span><span><\/span><\/p>","subjects":"Christian Religious Studies and any other of History\/Government, Geography, Social Studies, Economics\/Commerce.","institutions_list":"ELI-COE"},{"id":"7079","title":"COMPUTER SCIENCE EDUCATION\/ECONOMICS","de_requirements":"","utme_requirements":"<p><span>Five (5) SSC credit passes in English Language, Mathematics, Economics, Physics and any other Science\/Social Science subject.<\/span><span><\/span><\/p>","subjects":"Any three (3) of Economics, Mathematics\/Physics and Chemistry.","institutions_list":"ELI-COE"},{"id":"7081","title":"COMPUTER SCIENCE EDUCATION\/ECONOMICS","de_requirements":"","utme_requirements":"<p><span>Five (5) SSC credit passes in English Language, Mathematics, Physics, Biology\/Agricultural Science and Chemistry.<\/span>&nbsp; &nbsp;<\/p>","subjects":"Biology\/Agricultural Science, Physics and Chemistry. ","institutions_list":"ELI-COE"},{"id":"7082","title":"COMPUTER SCIENCE EDUCATION\/MATHEMATICS","de_requirements":"","utme_requirements":"<p><span>Five (5) SSC credit passes in English Language, Mathematics, Physics and any two (2) Science subjects.&nbsp;<\/span><span><\/span><\/p>","subjects":"Mathematics and any other two (2) Science subjects.","institutions_list":"ELI-COE"},{"id":"7083","title":"COMPUTER SCIENCE EDUCATION\/MATHEMATICS","de_requirements":"","utme_requirements":"<p><span>Five (5) SSC credit passes in English Language, Mathematics, Physics and any other two (2) Science subjects.<\/span>&nbsp;&nbsp;&nbsp;&nbsp;<span><\/span><\/p>","subjects":"Mathematics, Physics and any other Science subject.","institutions_list":"ELI-COE"},{"id":"7065","title":"ECONOMICS\/SOCIAL STUDIES","de_requirements":"","utme_requirements":"<p><span>Five (5) SSC credit passes in\r\nEnglish Language, Mathematics, Economics, Government\/History and any other\r\nSocial Science subject.<\/span><\/p>","subjects":"Economics, History\/Government and any other Social Science subject.","institutions_list":"ELI-COE"},{"id":"7072","title":"ENGLISH\/CHRISTIAN RELIGIOUS STUDIES","de_requirements":"","utme_requirements":"<p><span>Five (5) SSC credit passes in English Language, Mathematics, Christian Religious Studies, Literature in English and any other Arts subject.<\/span><span><\/span><\/p>","subjects":"Christian Religious Studies, Literature in English Language and Arts subject.","institutions_list":"ELI-COE"},{"id":"7066","title":"ENGLISH\/FRENCH","de_requirements":"","utme_requirements":"<p><span>Five (5) SSC credit passes in\r\nEnglish Language, Mathematics, French, Literature in English and any other Arts\r\nsubjects.<\/span><\/p>","subjects":"French, Literature in English and any other Arts subject.","institutions_list":"ELI-COE"},{"id":"7067","title":"ENGLISH\/IGBO","de_requirements":"","utme_requirements":"<p><span>Five (5) SSC credit passes in\r\nEnglish Language, Mathematics, Literature in English, Igbo Language and any\r\nother Arts&nbsp; subject<\/span><\/p>","subjects":"Igbo, Literature in English,  and any Arts subject","institutions_list":"ELI-COE"},{"id":"7068","title":"ENGLISH\/SOCIAL STUDIES","de_requirements":"","utme_requirements":"<p><span>Five (5) SSC credit\r\npasses in English Language, Mathematics, Literature in English and any two (2)\r\nof Economics, Government\/History, Geography\/Social Studies.<\/span><\/p>","subjects":"Literature in English and any of Arts\/Social Science subjects.","institutions_list":"ELI-COE"},{"id":"7069","title":"GEOGRAPHY\/CHEMISTRY","de_requirements":"","utme_requirements":"<p><span>Five (5) SSC credit\r\npasses in English Language, Mathematics, Geography, Chemistry and any other\r\nScience\/Social Science subject.<\/span><\/p>","subjects":"Chemistry, Geography and any other Science\/Social Science subject.","institutions_list":"ELI-COE"},{"id":"7070","title":"GEOGRAPHY\/SOCIAL STUDIES","de_requirements":"","utme_requirements":"<p><span>Five (5) SSC credit\r\npasses in English Language, Mathematics, Geography and two (2) of\r\nGovernment\/History, Christian Religious Studies\/Christian Religious Studies,\r\nEconomics.<\/span><\/p>","subjects":"Geography and two (2) of Economics, Government\/History, Christian Religious Studies\/Islamic Studies.","institutions_list":"ELI-COE"},{"id":"7073","title":"IGBO\/SOCIAL STUDIES","de_requirements":"","utme_requirements":"<p><span>Five (5) SSC credit\r\npasses in English Language, Mathematics, Igbo, Government\/History and any one\r\n(1) &nbsp;((1) Arts\/Social&nbsp; Science subject.&nbsp;<\/span><\/p>","subjects":"Igbo, History\/Government and any one (1) Arts\/Social Science subject.","institutions_list":"ELI-COE"},{"id":"7080","title":"INTEGRATED SCIENCE (DOUBLE MAJOR)","de_requirements":"","utme_requirements":"<p><span>Five (5) SSC credit passes in English Language, Mathematics, Physics, Biology\/Chemistry and any other Science subject.<\/span>&nbsp;&nbsp;&nbsp;&nbsp;<span><\/span><\/p>","subjects":"Any three (3) of Mathematics, Biology, Physics, Chemistry. ","institutions_list":"ELI-COE"},{"id":"7078","title":"INTEGRATED SCIENCE\/MATHEMATICS EDUCATION","de_requirements":"","utme_requirements":"<p><span>Five (5) SSC credit\r\npasses in English Language, Mathematics and any three (3) of the following<\/span><\/p><p><span>1. Biology\/Agricultural\r\nScience<\/span><\/p><p><span>2. Chemistry<\/span><\/p><p><span>3. Physics and<\/span><\/p><p>\r\n\r\n\r\n\r\n\r\n\r\n\r\n\r\n<\/p><p><span>4. General Science<\/span><\/p>","subjects":"Mathematics and any two (2) of: Biology, Physics and Chemistry.","institutions_list":"ELI-COE"},{"id":"7071","title":"SOCIAL STUDIES(DOUBLE MAJOR)","de_requirements":"","utme_requirements":"<p><span>Five (5) SSC credit\r\npasses in English Language, Mathematics, Government\/History and two (2) Social Science\r\nsubjects.<\/span><\/p>","subjects":"Government\/History and two (2) of Social Science subjects.","institutions_list":"ELI-COE"}]