[{"id":"7182","title":"COMPUTER SOFTWARE ENGINEERING TECHNOLOGY","de_requirements":"","utme_requirements":"<p><span>Five (5) credit passes at SSC or its equivalent\r\nin Mathematics, English Language and any other three (3) relevant subjects<\/span><br><\/p>","subjects":"Mathematics, Physics, Chemistry.","institutions_list":"ENVILLE"},{"id":"7183","title":"ENVIRONMENTAL & SAFETY MGT TECHNOLOGY","de_requirements":"","utme_requirements":"<p><span>Five\r\n(5) credit passes at SSC or its equivalent in Mathematics, English Language and\r\nany other three (3) relevant subjects<\/span><\/p>","subjects":"Any four (4) subjects from Arts\/Social Science","institutions_list":"ENVILLE"}]