[{"id":"7228","title":"AGRICULTURAL SCIENCE (DOUBLE MAJOR)","de_requirements":"","utme_requirements":"<p><span>SSC credit passes in English Language and\r\nany three (3) of <\/span><\/p><p><span>&nbsp;<\/span><\/p><p><span>1. Agricultural Science<\/span><\/p><p><span>2. Mathematics <\/span><\/p><p><span>3. Chemistry<\/span><\/p><p><span>4. Biology<\/span><\/p><p><span>5. Health Science<\/span><\/p><p><span>6. Integrated\/Rural Science<\/span><\/p><p><span>7. Physics<\/span><\/p><p><span>8. Nature Study and<\/span><\/p><p><span>9. General Science.<\/span><\/p><p><span>&nbsp;<\/span><\/p><p><b><span>NB<\/span><\/b><\/p><p><b><span>GROUP A:<\/span><\/b><span><\/span><\/p><p><span>1. Agricultural Science<\/span><\/p><p><span>2. Biology<\/span><\/p><p><span>3. Nutrition<\/span><\/p><p><span>4. Health Science.<\/span><\/p><p><span>5. Applied Biology<\/span><\/p><p><span>&nbsp;<\/span><\/p><p><b><span>GROUP B:<\/span><\/b><span><\/span><\/p><p><span>1. Physics<\/span><\/p><p><span>2. Chemistry<\/span><\/p><p><span>3. Mathematics<\/span><\/p><p><span>4.Basic Mathematics\/Arithmetic Process<\/span><\/p><p><span>5. Economics<\/span><\/p><p><span>6. Geography<\/span><\/p><p><span>7. Social Studies<\/span><\/p><p><span>8. Integrated Science<\/span><\/p><p>\r\n\r\n\r\n\r\n\r\n\r\n\r\n\r\n\r\n\r\n\r\n\r\n\r\n\r\n\r\n\r\n\r\n\r\n\r\n\r\n\r\n\r\n\r\n\r\n\r\n\r\n\r\n\r\n\r\n\r\n\r\n\r\n\r\n\r\n\r\n\r\n\r\n\r\n\r\n\r\n\r\n\r\n\r\n\r\n\r\n\r\n\r\n\r\n\r\n\r\n\r\n\r\n\r\n\r\n\r\n\r\n\r\n\r\n<\/p><p><span>9. General Science<\/span><\/p>","subjects":"Agricultural Science, Chemistry, Biology\/General Science or Mathematics.","institutions_list":"ESCE(T)"},{"id":"7242","title":"BIOLOGY\/CHEMISTRY","de_requirements":"","utme_requirements":"<p><span>Five (5) SSC credit\r\npasses, in English Language, Mathematics, Biology, Chemistry and other Science\r\nsubject.<\/span><\/p>","subjects":"Biology, Chemistry any other Science subject.","institutions_list":"ESCE(T)"},{"id":"7243","title":"BIOLOGY\/INTEGRATED SCIENCE","de_requirements":"","utme_requirements":"<p><span>Five (5) SSC credit\r\npasses in English Language, Mathematics, Biology, Chemistry\/Physics and any\r\nother Science subject.<\/span><\/p>","subjects":"Biology, Chemistry\/Physics and any other Science subject.","institutions_list":"ESCE(T)"},{"id":"7244","title":"BIOLOGY\/MATHEMATICS","de_requirements":"","utme_requirements":"<p><span>Five (5) SSC credit\r\npasses, in English Language, Mathematics, Biology, and any other two (2)\r\nScience subjects.<\/span><\/p>","subjects":"Mathematics, Biology and any other Science subject.","institutions_list":"ESCE(T)"},{"id":"7245","title":"BIOLOGY\/PHYSICS","de_requirements":"","utme_requirements":"<p><span>Five (5)SSC credit\r\npasses, in English Language, Mathematics, Biology, Physics and any other\r\nScience subject.<\/span><\/p>","subjects":"Physics, Biology and any other Science subject.","institutions_list":"ESCE(T)"},{"id":"7227","title":"BUSINESS EDUCATION","de_requirements":"","utme_requirements":"<p><span>SSC credit passes or TC II merits in English\r\nLanguage and any three (3) of:<\/span><\/p><p><span>1. Economics<\/span><\/p><p><span>2. Accounts<\/span><\/p><p><span>3. Government<\/span><\/p><p><span>4. Geography<\/span><\/p><p><span>5. History<\/span><\/p><p><span>6. Business Method<\/span><\/p><p><span>7. Statistics<\/span><\/p><p><span>8. Commerce<\/span><\/p><p><span>9. Any Science subjects <\/span><\/p><p><span>&nbsp;<\/span><\/p><p><b><span>NB: GROUP A:<\/span><\/b><span><\/span><\/p><p><span>Commercial Arithmetic\r\nCosting, Principles of Accounts, Book Keeping Mathematics, Statistics.<\/span><\/p><p><span>&nbsp;<\/span><\/p><p><b><span>GROUP B:<\/span><\/b><span><\/span><\/p><p>\r\n\r\n\r\n\r\n\r\n\r\n\r\n\r\n\r\n\r\n\r\n\r\n\r\n\r\n\r\n\r\n\r\n\r\n\r\n\r\n\r\n\r\n\r\n\r\n\r\n\r\n\r\n\r\n\r\n\r\n<\/p><p><span>Office Practice, Business\r\nMethod, Commerce, Economics.<\/span><\/p>","subjects":"Mathematics, Economics and any of Geography, Commerce and Principles of Accounts.","institutions_list":"ESCE(T)"},{"id":"7224","title":"CHEMISTRY\/INTEGRATED SCIENCE","de_requirements":"","utme_requirements":"<p><span>Five (5) SSC credit passes in English Language, Mathematics, Chemistry, Biology and any other Science subject.<\/span>&nbsp;&nbsp;&nbsp;&nbsp;<span><\/span><\/p>","subjects":"Any three (3) of Chemistry, Biology, Physics, General Science\/Mathematics.","institutions_list":"ESCE(T)"},{"id":"7225","title":"CHEMISTRY\/MATHEMATICS","de_requirements":"","utme_requirements":"<p>&nbsp; &nbsp;&nbsp;<span>Five (5) SSC credit passes in English Language, Mathematics, Chemistry and any other two (2) Science subjects.<\/span><br><\/p><p><span><\/span><\/p>","subjects":"Mathematics, Chemistry and Biology\/Physics.","institutions_list":"ESCE(T)"},{"id":"7226","title":"CHEMISTRY\/PHYSICS","de_requirements":"","utme_requirements":"<p><span>Five (5)SSC credit passes in English Language, Mathematics, Physics and any other Science subject.<\/span>&nbsp;&nbsp;&nbsp;&nbsp;<span>&nbsp;<\/span><span><\/span><\/p>","subjects":"Chemistry, Physics and Mathematics.","institutions_list":"ESCE(T)"},{"id":"26406","title":"CHRISTIAN RELIGIOUS STUDIES\/ENGLISH","de_requirements":"","utme_requirements":"","subjects":"","institutions_list":"ESCE(T)"},{"id":"26409","title":"CHRISTIAN RELIGIOUS STUDIES\/GEOGRAPHY","de_requirements":"","utme_requirements":"","subjects":"","institutions_list":"ESCE(T)"},{"id":"26408","title":"CHRISTIAN RELIGIOUS STUDIES\/HISTORY","de_requirements":"","utme_requirements":"","subjects":"","institutions_list":"ESCE(T)"},{"id":"26405","title":"CHRISTIAN RELIGIOUS STUDIES\/IGBO","de_requirements":"","utme_requirements":"","subjects":"","institutions_list":"ESCE(T)"},{"id":"26410","title":"CHRISTIAN RELIGIOUS STUDIES\/POLITICAL SCIENCE","de_requirements":"","utme_requirements":"","subjects":"","institutions_list":"ESCE(T)"},{"id":"26407","title":"CHRISTIAN RELIGIOUS STUDIES\/SOCIAL STUDIES","de_requirements":"","utme_requirements":"","subjects":"","institutions_list":"ESCE(T)"},{"id":"7233","title":"COMPUTER EDUCATION\/BIOLOGY","de_requirements":"","utme_requirements":"<p><span>Five (5) SSC credit passes in English Language, Mathematics, Physics, Biology\/Integrated Science and any other Science subject.<\/span><span><\/span><\/p>","subjects":"Biology and any two (2) of Chemistry, Mathematics and Physics","institutions_list":"ESCE(T)"},{"id":"7231","title":"COMPUTER EDUCATION\/CHEMISTRY","de_requirements":"","utme_requirements":"<p><span>Five (5) SSC credit passes in English Language, Mathematics, Chemistry, Physics and any other Science subject.<\/span><span><\/span><\/p>","subjects":"Mathematics, Chemistry\/Physics and any other Science subject","institutions_list":"ESCE(T)"},{"id":"7232","title":"COMPUTER EDUCATION\/ECONOMICS","de_requirements":"","utme_requirements":"<p><span>Five (5) SSC credit passes in English Language, Mathematics, Economics, Physics and any other Science\/Social Science subject.<\/span><span><\/span><\/p>","subjects":"Any three (3) of Economics, Mathematics\/Physics and Chemistry.","institutions_list":"ESCE(T)"},{"id":"7236","title":"COMPUTER EDUCATION\/ENGLISH","de_requirements":"","utme_requirements":"<p><span>Five (5)SSC credit passes in English Language, Mathematics, Physics, Literature in English and Arts\/Science subjects.<\/span><span><\/span><\/p>","subjects":"Mathematics\/Physics, Literature in English and any other Arts\/Science subject.","institutions_list":"ESCE(T)"},{"id":"7237","title":"COMPUTER EDUCATION\/PHYSICS","de_requirements":"","utme_requirements":"<p><span>Five (5) SSC credit passes in English Language, Mathematics, Physics and any other two (2) Science subjects.<\/span><span><\/span><\/p>","subjects":"Mathematics, Physics and any other Science subject.","institutions_list":"ESCE(T)"},{"id":"7234","title":"COMPUTER SCIENCE EDUCATION\/INTEGRATED SCIENCE","de_requirements":"","utme_requirements":"<p><span>Five (5) SSC credit passes in English Language, Mathematics, Physics, Biology\/Agricultural Science and Chemistry.<\/span>&nbsp; &nbsp;<\/p>","subjects":"Biology\/Agricultural Science, Physics and Chemistry. ","institutions_list":"ESCE(T)"},{"id":"7235","title":"COMPUTER SCIENCE EDUCATION\/MATHEMATICS","de_requirements":"","utme_requirements":"<p><span>Five (5) SSC credit passes in English Language, Mathematics, Physics and any two (2) Science subjects.&nbsp;<\/span><span><\/span><\/p>","subjects":"Mathematics and any other two (2) Science subjects.","institutions_list":"ESCE(T)"},{"id":"26404","title":"COMPUTER SCIENCE\/ECONOMICS","de_requirements":"","utme_requirements":"","subjects":"","institutions_list":"ESCE(T)"},{"id":"26417","title":"CULTURAL & CREATIVE ART \/IGBO","de_requirements":"","utme_requirements":"","subjects":"","institutions_list":"ESCE(T)"},{"id":"26416","title":"CULTURAL & CREATIVE ARTS\/ENGLISH","de_requirements":"","utme_requirements":"","subjects":"","institutions_list":"ESCE(T)"},{"id":"26403","title":"EARLY CHILDHOOD CARE EDUCATION","de_requirements":"","utme_requirements":"","subjects":"","institutions_list":"ESCE(T)"},{"id":"7216","title":"ECONOMICS\/MATHEMATICS","de_requirements":"","utme_requirements":"<p><span>Five (5) SSC credit passes in\r\nEnglish Language, Mathematics, Economics and any other two (2) Social Science\r\nsubject.<\/span><\/p>","subjects":"Economics, Mathematics and any other Social Science\/Science subject.","institutions_list":"ESCE(T)"},{"id":"7219","title":"ENGLISH\/IGBO","de_requirements":"","utme_requirements":"<p><span>Five (5) SSC credit passes in\r\nEnglish Language, Mathematics, Literature in English, Igbo Language and any\r\nother Arts&nbsp; subject<\/span><\/p>","subjects":"Igbo, Literature in English,  and any Arts subject","institutions_list":"ESCE(T)"},{"id":"7218","title":"ENGLISH\/POLITICAL SCIENCE","de_requirements":"","utme_requirements":"<p><span>Five (5) SSC credit passes in\r\nEnglish Language, Mathematics, Literature in English, Government\/History and\r\nany other Arts\/Social Science subject.<\/span><\/p>","subjects":"Literature in English, Government\/History and any other Arts\/Social Science subject. \r\n\r\n","institutions_list":"ESCE(T)"},{"id":"7220","title":"ENGLISH\/SOCIAL STUDIES","de_requirements":"","utme_requirements":"<p><span>Five (5) SSC credit\r\npasses in English Language, Mathematics, Literature in English and any two (2)\r\nof Economics, Government\/History, Geography\/Social Studies.<\/span><\/p>","subjects":"Literature in English and any of Arts\/Social Science subjects.","institutions_list":"ESCE(T)"},{"id":"7221","title":"FINE & APPLIED ART (DOUBLE MAJOR)","de_requirements":"","utme_requirements":"<table>\r\n <tbody><tr>\r\n  <td>\r\n  <p><span>Five (5) SSC\r\n  credit passes in English Language, Mathematics, Fine Arts and any other two\r\n  (2) subjects from:<\/span><\/p>\r\n  <p><span>1. Craft<\/span><\/p>\r\n  <p><span>2. Textile Clothing<\/span><\/p>\r\n  <p><span>3. Technical\r\n  Drawing<\/span><\/p>\r\n  <p><span>4. A Science\r\n  subject<\/span><\/p>\r\n  <p><span>5. An Arts\r\n  subject<\/span><\/p>\r\n  <p><span>6. Decorative\r\n  Painting<\/span><\/p>\r\n  <p><span>7. Spray\r\n  Painting, <\/span><span>Lining, Sign <\/span><span>and Design<\/span><\/p>\r\n  <p><span>8. Wall\r\n  Hanging, Colour Mixing\/Matching and Glazing<\/span><\/p>\r\n  <p><span>9. Graphic\r\n  Design<\/span><\/p>\r\n  <p><span>10. Graphic\r\n  Printing<\/span><\/p>\r\n  <p><span>11. Ceramics<\/span><\/p>\r\n  <p><span>12. Basic Electricity.<\/span><\/p>\r\n  <p><span>13. General\r\n  Wood work<\/span><\/p>\r\n  <p><span>14.\r\n  General Metal Work<\/span><\/p>\r\n  <p><span>15.\r\n  Men\/Ladies Garment Construction &amp; Finishing<\/span><\/p>\r\n  <p><span>16.\r\n  Spinning 16. Weaving<\/span><\/p>\r\n  <p><span>17.\r\n  Men\/Ladies Textile Design<\/span><\/p>\r\n  <p><span>18.SurfaceDesign\r\n  &amp; Printing<\/span><\/p>\r\n  <p><span>19.&nbsp; Bleaching, Dyeing and Finishing.<\/span><\/p>\r\n  <p><span>20.\r\n  Spraying, Painting, Lining, Sign and Design<\/span><\/p>\r\n  <p><span>&nbsp;<\/span><\/p>\r\n  <\/td>\r\n <\/tr>\r\n<\/tbody><\/table>","subjects":"Fine Arts and any other two (2) subjects","institutions_list":"ESCE(T)"},{"id":"26412","title":"HISTORY\/ENGLISH","de_requirements":"","utme_requirements":"","subjects":"","institutions_list":"ESCE(T)"},{"id":"26411","title":"HISTORY\/IGBO","de_requirements":"","utme_requirements":"","subjects":"","institutions_list":"ESCE(T)"},{"id":"7223","title":"HOME ECONOMICS (DOUBLE MAJOR)","de_requirements":"","utme_requirements":"<table>\r\n <tbody><tr>\r\n  <td>\r\n  <p><span>Five (5) SSC\r\n  credit passes in English Language, Mathematics and any three (3) of the\r\n  followings:<\/span><\/p>\r\n  <p><span>1.&nbsp; Agricultural Science<\/span><\/p>\r\n  <p><span>2.&nbsp; Biology<\/span><\/p>\r\n  <p><span>3.&nbsp; Chemistry<\/span><\/p>\r\n  <p><span>4.&nbsp; General Science<\/span><\/p>\r\n  <p><span>5.&nbsp; Health Science<\/span><\/p>\r\n  <p><span>6.&nbsp; Home Management\/ <\/span><\/p>\r\n  <p><span>7.&nbsp; Hotel and Catering<\/span><\/p>\r\n  <p><span>8.&nbsp; Food and Nutrition<\/span><\/p>\r\n  <p><span>9.&nbsp; Integrated Science<\/span><\/p>\r\n  <p><span>10. Physical and\r\n  Health Education\/Physical Education<\/span><\/p>\r\n  <p><span>11. Physics<\/span><\/p>\r\n  <p><span>12. Economics<\/span><\/p>\r\n  <p><span>13. General Metal\r\n  Work<\/span><\/p>\r\n  <p><span>14. Building\/Engineering\r\n  Drawing<\/span><\/p>\r\n  <p><span>15. Men\/Ladies\r\n  Garment&nbsp;&nbsp;&nbsp;&nbsp; <\/span><\/p>\r\n  <p><span>&nbsp;&nbsp;&nbsp;&nbsp; Construction and Finishing<\/span><\/p>\r\n  <p><span>16. Men\/Ladies\r\n  Textile&nbsp;&nbsp; Design<\/span><\/p>\r\n  <p><span>17. Spinning&nbsp; <\/span><\/p>\r\n  <p><span>18. Weaving<\/span><\/p>\r\n  <p><span>19. Surface Design and\r\n  <\/span><\/p>\r\n  <p><span>&nbsp;&nbsp;&nbsp;&nbsp; Printing<\/span><\/p>\r\n  <p><span>20. Bleaching, Dyeing\r\n  and <\/span><\/p>\r\n  <p><span>&nbsp;&nbsp;&nbsp;&nbsp; Finishing<\/span><\/p>\r\n  <p><span>21. Basic Electricity<\/span><\/p>\r\n  <p><span>&nbsp;<\/span><\/p>\r\n  <p><b><span>GROUP A:<\/span><\/b><span><\/span><\/p>\r\n  <p><span>Home Economics,\r\n  Home Management, Cookery, Needle Work and Dress Making, Clothing and Textile,\r\n  Food and Nutrition, Hotel Management and Catering.<\/span><\/p>\r\n  <p><span>&nbsp;<\/span><\/p>\r\n  <p><b><span>GROUP B:<\/span><\/b><span><\/span><\/p>\r\n  <p><span>Biology, Chemistry, Physics, Integrated\r\n  Science, Health Science, Agricultural Science, Mathematics\/Arithmetic\r\n  Process\/Basic Mathematics, Economics, Physical and Health Education.<\/span><span><\/span><\/p>\r\n  <\/td>\r\n <\/tr>\r\n<\/tbody><\/table>","subjects":"Any three (3) of Chemistry, Agricultural Science, Home Economics, Economics and Mathematics.","institutions_list":"ESCE(T)"},{"id":"7229","title":"INTEGRATED SCIENCE \/ MATHEMATICS EDUCATION","de_requirements":"","utme_requirements":"<p><span>Five (5) SSC credit\r\npasses in English Language, Mathematics and any three (3) of the following<\/span><\/p><p><span>1. Biology\/Agricultural\r\nScience<\/span><\/p><p><span>2. Chemistry<\/span><\/p><p><span>3. Physics and<\/span><\/p><p>\r\n\r\n\r\n\r\n\r\n\r\n\r\n\r\n<\/p><p><span>4. General Science<\/span><\/p>","subjects":"Mathematics and any two (2) of: Biology, Physics and Chemistry.","institutions_list":"ESCE(T)"},{"id":"7230","title":"INTEGRATED SCIENCE\/PHYSICS","de_requirements":"","utme_requirements":"<p><span>Five (5) SSC credit\r\npasses in English Language, Mathematics Physics and any two (2) Science\r\nsubjects<\/span><\/p>","subjects":"Physics and any other  two (2) Science subjects.","institutions_list":"ESCE(T)"},{"id":"7239","title":"MATHEMATICS\/PHYSICS","de_requirements":"","utme_requirements":"<p><span>Five (5) SSC credit\r\npasses in English Language, Mathematics, Physics and two (2) other Science\r\nsubjects.<\/span><\/p>","subjects":"Mathematics, Physics and any other Science subject.","institutions_list":"ESCE(T)"},{"id":"7241","title":"PHYSICAL & HEALTH EDUCATION (DOUBLE MAJOR)","de_requirements":"","utme_requirements":"<p><span>Five\r\n(5) SSC credits\/TC II merit passes in Five (5) subjects including English\r\nLanguage, Biology or its equivalent.<\/span><\/p>","subjects":"Biology and any two (2relevant subjects.","institutions_list":"ESCE(T)"},{"id":"7222","title":"POLITICAL SCIENCE\/ECONOMICS","de_requirements":"","utme_requirements":"<p><span>Five (5) SSC credit\r\npasses in English Language, Mathematics, Government\/History and two (2) Science\r\nsubjects.<\/span><\/p>","subjects":"Government\/History and two (2) of Social Science subjects.","institutions_list":"ESCE(T)"},{"id":"7240","title":"POLITICAL SCIENCE\/ECONOMICS","de_requirements":"","utme_requirements":"<p><span>Five (5)SSC credit passes in English Language, Mathematics, Economics and any other Social Science subjects.<\/span>&nbsp;&nbsp;&nbsp;&nbsp;<span><\/span><\/p>","subjects":"Economics, Government\/History and any other Social Science subject.","institutions_list":"ESCE(T)"},{"id":"7238","title":"PRIMARY EDUCATION STUDIES","de_requirements":"","utme_requirements":"<p><span>Five (5)SSC credits including English\r\nLanguage.<\/span><\/p>","subjects":"English Language and any other three (3) subjects.","institutions_list":"ESCE(T)"},{"id":"7217","title":"SOCIAL STUDIES\/ECONOMICS","de_requirements":"","utme_requirements":"<p><span>Five (5) SSC credit passes in\r\nEnglish Language, Mathematics, Economics, Government\/History and any other\r\nSocial Science subject.<\/span><\/p>","subjects":"Economics, History\/Government and any other Social Science subject.","institutions_list":"ESCE(T)"},{"id":"26414","title":"SOCIAL STUDIES\/GEOGRAPHY","de_requirements":"","utme_requirements":"","subjects":"","institutions_list":"ESCE(T)"},{"id":"26413","title":"SOCIAL STUDIES\/HISTORY","de_requirements":"","utme_requirements":"","subjects":"","institutions_list":"ESCE(T)"},{"id":"26415","title":"SOCIAL STUDIES\/POLITICAL SCIENCE","de_requirements":"","utme_requirements":"","subjects":"","institutions_list":"ESCE(T)"},{"id":"7246","title":"TECHNICAL EDUCATION","de_requirements":"","utme_requirements":"<p><span>Five\r\n(5)SSC credit passes in English Language, Mathematics, Technical Drawing,\r\nPhysics and Chemistry.<\/span><\/p>","subjects":"Mathematics and two (2) of Physics, Chemistry, General Science\/Technical Drawing.","institutions_list":"ESCE(T)"}]