[{"id":"7283","title":"ACCOUNTING","de_requirements":"<p>\r\n\r\n<\/p><div>\r\n\r\n<table>\r\n <tbody><tr>\r\n  <td>\r\n  <p><span>Two\r\n  (2)'A' Level passes including Economics.<\/span><\/p>\r\n  <\/td>\r\n <\/tr>\r\n<\/tbody><\/table>\r\n\r\n<\/div>\r\n\r\n","utme_requirements":"<p>\r\n\r\n<\/p><div>\r\n\r\n<table>\r\n <tbody><tr>\r\n  <td>\r\n  <p><span>Five\r\n  (5) SSC credit passes including English Language, Mathematics, Economics and\r\n  two (2) other relevant subjects.<\/span><\/p>\r\n  <\/td>\r\n <\/tr>\r\n<\/tbody><\/table>\r\n\r\n<\/div>\r\n\r\n","subjects":"Mathematics, Economics and any other Social Science subject","institutions_list":"ESUTECH"},{"id":"7344","title":"ADULT EDUCATION","de_requirements":"<div>\r\n\r\n<table>\r\n <tbody><tr>\r\n  <td>\r\n  <p><span>(i) &nbsp;&nbsp; Two (2) 'A' Level &nbsp;&nbsp;passes.<\/span><\/p>\r\n  <\/td>\r\n <\/tr>\r\n<\/tbody><\/table>\r\n\r\n<\/div><p>\r\n\r\n<span>(ii)&nbsp;&nbsp;&nbsp;&nbsp;&nbsp;&nbsp;&nbsp;&nbsp;&nbsp;&nbsp; NCE merit in two (2) subjects.<\/span><br><\/p>","utme_requirements":"<p><span>Five (5) 'O' Level credit passes including English\r\nLanguage, Mathematics and three (3) of Literature in English, History, French,\r\nYoruba, Igbo, Hausa, Christian Religious Studies, Islamic Studies,\r\nGeography\/Physic, Economics and Government or TC II with pass in English Language\r\nand four (4) other subjects.<\/span><br><\/p>","subjects":"Government\/History, one (1) Social Science subject and any other subject.","institutions_list":"ESUTECH"},{"id":"7300","title":"AGRIC-ECONOMICS & EXTENSION","de_requirements":"<p><span>Two\r\n(2) \u2018A\u2019 Level passes in Chemistry and one of Zoology\/Botany\/Agricultural\r\nScience\/Biology, Geography, Mathematics, Physics, Geology, Economics and Health\r\nScience.<\/span><\/p>","utme_requirements":"<p><span>Five (5) SSC credit passes in English\r\nLanguage, Mathematics, Chemistry, Biology\/Agricultural Science and one of\r\nGeography, Physics and Economics.<\/span><\/p><p><span>&nbsp;<\/span><\/p><p>\r\n\r\n\r\n\r\n<\/p><p><span>&nbsp;<\/span><\/p>","subjects":"Chemistry, Biology\/ Agricultural Science plus Mathematics or Physics.\r\n\r\n\r\n\r\n","institutions_list":"ESUTECH"},{"id":"7284","title":"AGRICULTURAL ENGINEERING","de_requirements":"'A' Level passes or equivalent in Physics and Mathematics.","utme_requirements":"Five (5) SSC credit passes in English Language, Mathematics, Physics, Chemistry and any from Introduction to Agricultural Science, Materials and Workshop Process and Machining, Tractor Layout Power Unit Under Carriage and Auto Electricity; Transmission System; Implement and Machine; Principles of Crop Husbandry and Land Use, Materials and Workshop Processes; Construction and Maintenance of Agricultural Machines; general Metal Work; General Wood Work and Building\/Engineering Drawing. \r\n\r\n","subjects":"Mathematics, Chemistry and Physics.","institutions_list":"ESUTECH"},{"id":"7343","title":"AGRICULTURAL SCIENCE & EDUCATION","de_requirements":"<div>\r\n\r\n<table>\r\n <tbody><tr>\r\n  <td>\r\n  <p><span>(i) Two (2) passes at 'A' Level in Biology \/Zoology\r\n  \/Botany and any other Science subject.<\/span><\/p>\r\n  <p><span>(ii) NCE merit\r\n  in Biology and any other Science subject.<\/span><\/p>\r\n  <\/td>\r\n <\/tr>\r\n<\/tbody><\/table>\r\n\r\n<\/div><p>\r\n\r\n<span>(iii)\r\nNCE merit in Agriculture (Double Major).<\/span><br><\/p>","utme_requirements":"<div>\r\n\r\n<table>\r\n <tbody><tr>\r\n  <td>\r\n  <p><span>Five (5) 'O'\r\n  Level credit passes or equivalents in English Language, Chemistry, Biology\/Agricultural\r\n  Science., Mathematics and another relevant subject.<\/span><\/p>\r\n  <\/td>\r\n <\/tr>\r\n<\/tbody><\/table>\r\n\r\n<\/div>","subjects":"Any three (3) subjects from Chemistry, Biology, Agriculture, Physics, Economics, Geography and Mathematics.","institutions_list":"ESUTECH"},{"id":"7288","title":"AGRICULTURE","de_requirements":"<p><span>Two (2) \u2018A\u2019 Level passes in Chemistry and\r\none from Biology\/Botany\/Zoology\/Agricultural Science, Economics, Physics,\r\nGeography and Geology\/Mathematics (Pure &amp; Applied).<\/span><\/p>","utme_requirements":"<p><span>Five (5) SSC credit passes to include\r\nEnglish Language, Biology\/Agricultural Science, Chemistry and&nbsp; any one of Mathematics, Physics, Geography\r\nand&nbsp; Economics.<\/span><\/p>","subjects":"Chemistry, Biology\/Agriculture and any one of Physics or Mathematics.","institutions_list":"ESUTECH"},{"id":"7305","title":"AGRONOMY & ECOLOGICAL MANAGEMENT","de_requirements":"<p><span>Two (2) \u2018A\u2019 Level passes in Chemistry\/Biology\/Botany\/Zoology\/Agricultural\r\nScience plus one of Mathematics\/Physics and Geology\/ Economics<\/span><\/p>","utme_requirements":"<p><span>Five (5) SSC credit passes in Chemistry,\r\nEnglish Language, Mathematics, Biology and Geography or Economics.<\/span><\/p>","subjects":"Chemistry, Biology or Agriculture and Physics or Mathematics.","institutions_list":"ESUTECH"},{"id":"7287","title":"ANATOMY","de_requirements":"<p><span>Two\r\n(2) 'A' Level passes chosen from Biology, Chemistry and Physics in addition to the\r\nUTME requirements.<\/span><\/p>","utme_requirements":"<p><span>Five\r\n(5) SSC credit passes in English Language, Mathematics, Biology, Chemistry and\r\nPhysics.<\/span><\/p>","subjects":"Biology, Chemistry and Physics.","institutions_list":"ESUTECH"},{"id":"7310","title":"ANIMAL SCIENCE & FISHERIES MANAGEMENT","de_requirements":"<p><span>Two (2) \u2018A\u2019 level passes or its equivalent\r\nin Chemistry and one of Biology\/Botany\/Zoology\/Agriculture Science\/Geography\/Geology\/Mathematics\/Economics.<\/span><\/p>","utme_requirements":"<p><span>Five (5) SSC credit passes in English\r\nLanguage, Chemistry, Mathematics, Biology\/Agric Science and one of Physics,\r\nGeography or Economics.<\/span><\/p>","subjects":"Chemistry, Biology\/Agriculture and Mathematics \/Physics","institutions_list":"ESUTECH"},{"id":"7307","title":"APPLIED BIOCHEMISTRY","de_requirements":"<p><span>Two (2) 'A' Level passes in Chemistry and\r\nBiology or Health Science<\/span><br><\/p>","utme_requirements":"<p><span>Five (5) SSC credit passes in English Language, Mathematics, Chemistry,\r\nBiology and Physics.<\/span><\/p>","subjects":"Chemistry, Biology and Physics or Mathematics.","institutions_list":"ESUTECH"},{"id":"7323","title":"APPLIED BIOLOGY","de_requirements":"<p><span>Two (2) 'A' Level passes in Biology and either Chemistry or Physics.<\/span><\/p>","utme_requirements":"<p><span>Five (5) SSC credit passes&nbsp; in English Language, Biology, Mathematics,\r\nChemistry and any one (1) of&nbsp; Health&nbsp; Science, Statistics, Physics and Geography.<\/span><\/p>","subjects":"Chemistry, Biology and either Physics or Mathematics.","institutions_list":"ESUTECH"},{"id":"7316","title":"APPLIED MICROBIOLOGY","de_requirements":"<p><span>&nbsp; &nbsp; &nbsp; &nbsp; Two\r\n(2) 'A' Level passes in Biology and Chemistry.<\/span><\/p><p><span><o>&nbsp;<\/o:p><\/span><\/p><p><span>(ii)&nbsp;&nbsp; NCE\r\nmerit in Biology and Chemistry.<\/span><\/p><p><span><o>&nbsp;<\/o:p><\/span><\/p><p>\r\n\r\n\r\n\r\n\r\n\r\n\r\n\r\n<span>(iii)\r\nND\/HND in Biology or Food Technology<\/span><br><\/p>","utme_requirements":"<p><span>Five (5)\r\nSSC credit passes to include English Language, Mathematics, chemistry, Physics\r\nand Biology or Health Science.<\/span><\/p>","subjects":"Mathematics, Chemistry and Biology.\r\n\r\n","institutions_list":"ESUTECH"},{"id":"7328","title":"ARCHITECTURE","de_requirements":"<p><span>(i)<span>&nbsp;&nbsp;&nbsp;&nbsp;&nbsp;&nbsp;\r\n<\/span><\/span><span>Two (2) 'A' Level\r\npasses chosen from Mathematics or Physics and Chemistry, Geography or Fine\r\nArts.<\/span><\/p><p>\r\n\r\n<span>ND\/HND\r\nupper credits in relevant field.<\/span><br><\/p>","utme_requirements":"<table>\r\n <tbody><tr>\r\n  <td>\r\n  <p><span>Five (5) SSC credit passes in English\r\n  Language, Mathematics, Physics, Chemistry and any of Fine Art, Geography or\r\n  Wood Work, Biology, Economics, Technical Drawing, Further. Mathematics.,\r\n  Introduction to Building Construction, Bricklaying\/Block laying, Concreting,\r\n  Wall, Floors and Ceiling Finishing, Joinery, Carpentary, Decorative Painting,\r\n  Lining, Sign and Design, Wall Hanging, Colour Mixing\/Matching and Glazing,\r\n  Ceramics, Graphics Design, Graphic Printing, Basic Electricity.<\/span><\/p>\r\n  <p><span>&nbsp;<\/span><\/p>\r\n  <\/td>\r\n <\/tr>\r\n<\/tbody><\/table>","subjects":"Physics, Mathematics, and any of Chemistry, Geography, Art, Biology and Economics.","institutions_list":"ESUTECH"},{"id":"7279","title":"BANKING & FINANCE","de_requirements":"<p><span>Two (2) 'A' Level passes\r\nchosen from Accounting, Economics, Management, Mathematics, Geography and\r\nStatistics.<\/span><\/p>","utme_requirements":"<p><span>Five (5) SSC credit\r\npasses to include: English Language, Mathematics and any other subjects. For\r\nNBC, the other two (2) relevant subjects could be from any of the following;\r\nAccounting, Principles of Accounts, Commerce, Office Practice and Economics.&nbsp;<\/span><\/p>","subjects":"Mathematics, Economics, plus any one (1) of Government and Geography.","institutions_list":"ESUTECH"},{"id":"7299","title":"BIOCHEMISTRY","de_requirements":"<p><span>Two (2) 'A' Level passes chosen from Chemistry, Mathematics, Physics and\r\nBiology.<\/span><\/p><p><span><o>&nbsp;<\/o:p><\/span><\/p><p>\r\n\r\n\r\n\r\n<\/p><p><span>NCE\/ND\/HND in related programmes plus the UTME requirements.<\/span><\/p>","utme_requirements":"<p><span>Five (5) SSC credit passes in English Language, Chemistry, Mathematics,\r\nPhysics and Biology.<\/span><\/p>","subjects":"Biology, Chemistry and Physics or Mathematics.","institutions_list":"ESUTECH"},{"id":"7322","title":"BIOLOGY","de_requirements":"<p><span>i)\r\nTwo (2) 'A' Level passes from Chemistry, Biology, Botany\/Zoology.<\/span><\/p><p>\r\n\r\n<\/p><p><span>(ii)\r\nNCE merit accepted.<\/span><\/p>","utme_requirements":"<p><span>Five (5) SSC credit passes to include English\r\nLanguage, Biology, Chemistry and Mathematics\/Physics.<\/span><\/p>","subjects":"Biology, Chemistry and Physics or Mathematics.","institutions_list":"ESUTECH"},{"id":"7285","title":"BUILDING","de_requirements":"'A' Level passes in Mathematics, Physics and Chemistry.","utme_requirements":"Five (5) SSC credit passes in Mathematics, English Language, Physics, Chemistry and any one of Geography, Economics, Arts and Technical drawing. For holders of NTC,  the other relevant subjects could be Intro. to Building Construction, Bricklaying, Concreting, Walls, Floors and Ceiling Finishing, Building\/Engineering Drawing, Joinery, Carpentry, Gas, Steam Work and Bronze Welding, Cold  \/   Hot Water Supply, Sanitation and Drainage.\r\n\r\n","subjects":"Mathematics, Physics and Chemistry","institutions_list":"ESUTECH"},{"id":"7347","title":"BUILDING\/WOODWORK TECHNOLOGY EDUCATION","de_requirements":"<p>Same as in Electrical Electronics Engineering<\/p><p><br><\/p>","utme_requirements":"<p>Same as in Electrical Electronics Engineering<\/p><p><br><\/p>","subjects":"Same as in Electrical Electronics Engineering\r\n\r\n","institutions_list":"ESUTECH"},{"id":"7280","title":"BUSINESS ADMINISTRATION","de_requirements":"<p><span>Two (2) \u2018A\u2019 Level passes chosen from Economics, Accounts,\r\nBusiness Management, Government, Geography or Statistics.<\/span><\/p>","utme_requirements":"<p><span>Five (5) SSC credit passes including English Language,\r\nMathematics, Economics, plus any two (2) of Accounting, Business Methods,\r\nCommerce, Government, Geography, and Statistics.<\/span><br><\/p>","subjects":"Mathematics, Economics and one (1) other subject.","institutions_list":"ESUTECH"},{"id":"7345","title":"BUSINESS EDUCATION","de_requirements":"<p>(i)<span>\t<\/span>Two (2) 'A' Level passes or NCE merit in two (2) relevant subjects.<\/p><p>(ii)<span>\t<\/span>NCE merit in Business Education Double Major.&nbsp;<\/p><div><br><\/div>","utme_requirements":"<p>Five (5) TC II merit, 'O' Level or NTC\/NBC credit passes including English Language, Mathematics, Economics and two (2) other subjects in the Social Sciences or Arts. For NBC, the other subjects could be from any of the following: Commerce, Office Practice, Principles of Accounts, Secretarial Duties, Typewriting and Shorthand.<\/p><p><br><\/p>","subjects":"Mathematics, Economics plus one (1) of Literature in English, History, Government, Geography, Chemistry and Physics.\r\n\r\n","institutions_list":"ESUTECH"},{"id":"7286","title":"CHEMICAL ENGINEERING","de_requirements":"'A' Level passes in Physics, Chemistry and Mathematics.","utme_requirements":"Five (5) SSC credit passes to include Physics, Chemistry, Mathematics and English Language and any other Science subject.","subjects":"Mathematics, Physics and Chemistry.","institutions_list":"ESUTECH"},{"id":"7289","title":"CIVIL ENGINEERING","de_requirements":"(i)\t'A' Level passes in Physics and Mathematics.\r\n(ii)\tND\/HND upper credit at appropriate levels.\r\n","utme_requirements":"Five (5) SSC credit passes to include Physics, Chemistry, Mathematics, English Language and one Science subject","subjects":"Physics, Chemistry and Mathematics","institutions_list":"ESUTECH"},{"id":"7333","title":"COMPUTER ENGINEERING","de_requirements":"<p><span>Three (3) 'A' Level passes in Pure Mathematics or Pure and Applied Mathematics, Chemistry and Physics.<\/span><br><\/p>","utme_requirements":"<p>Five (5) SSC credit passes to include Mathematics, Further Mathematics, Chemistry, Physics and&nbsp;<\/p><p>English Language.<\/p>","subjects":"\r\nMathematics, Physics and Chemistry.","institutions_list":"ESUTECH"},{"id":"7318","title":"COMPUTER SCIENCE","de_requirements":"<p><span>)&nbsp;&nbsp;&nbsp;&nbsp;&nbsp;&nbsp; Two (2) 'A' Level passes in\r\nscience subjects including Mathematics<\/span><\/p><p><span><o>&nbsp;<\/o:p><\/span><\/p><p>\r\n\r\n\r\n\r\n<\/p><p><span>(ii)&nbsp;&nbsp; NCE merit in Mathematics and\r\none (1) other Science or Social Science subject.<\/span><\/p>","utme_requirements":"<p><span>Five (5) SSC credit passes to include English Language, Mathematics,\r\nPhysics plus two (2) other Science subjects.<\/span><\/p>","subjects":"Mathematics, Physics and one (1) of Biology, Chemistry, Agric Science, Economics and Geography.","institutions_list":"ESUTECH"},{"id":"7281","title":"COOPERATIVE & RURAL DEVELOPMENT","de_requirements":"<p><span>(i)&nbsp;&nbsp;&nbsp;&nbsp;&nbsp; Two\r\n(2) \u2018A\u2019 Level passes.<\/span><\/p><p>\r\n\r\n<\/p><p><span>(ii)&nbsp;&nbsp;&nbsp;&nbsp; HND\r\nin relevant programmes.<\/span><\/p>","utme_requirements":"<p><span>Five (5) SSC credit passes including\r\nEnglish Language and Economics<\/span><\/p>","subjects":"Mathematics, Economics plus one (1) other subject.","institutions_list":"ESUTECH"},{"id":"7296","title":"DOCTOR OF PHARMACY","de_requirements":"<p><span>Three\r\n(3) 'A' Level passes in Chemistry, Biology\/Zoology and Physics or Mathematics\r\nplus UTME requirements.<\/span><\/p>","utme_requirements":"<p><span>Five\r\n(5) SSC credit passes in English Language, Mathematics, Physics, Chemistry and\r\nBiology.<\/span><\/p>","subjects":"Physics, Chemistry and Biology.","institutions_list":"ESUTECH"},{"id":"7291","title":"ECONOMICS","de_requirements":"<p>\r\n\r\n<\/p><div>\r\n\r\n<table>\r\n <tbody><tr>\r\n  <td>\r\n  <p><span>Two (2)'A' Level passes in Economics and any one of\r\n  Mathematics, Statistics, Geography, Physics, Chemistry, Agricultural Science,\r\n  Accounting, Business Management, History and Government.<\/span><\/p>\r\n  <\/td>\r\n <\/tr>\r\n<\/tbody><\/table>\r\n\r\n<\/div>\r\n\r\n","utme_requirements":"<p>\r\n\r\n<\/p><div>\r\n\r\n<table>\r\n <tbody><tr>\r\n  <td>\r\n  <p><span>Five\r\n  (5)SSC credit passes in English Language, Mathematics, Economics and any two\r\n  (2) of Arts or Social Science subjects.<\/span><\/p>\r\n  <\/td>\r\n <\/tr>\r\n<\/tbody><\/table>\r\n\r\n<\/div>\r\n\r\n","subjects":"Economics, Mathematics and any of Government, History, Geography, Literature in English, French and Christian Religious Studies\/Islamic Studies.\t","institutions_list":"ESUTECH"},{"id":"7302","title":"EDUCATION & BIOLOGY","de_requirements":"\r\n\r\n<table>\r\n <tbody><tr>\r\n  <td>\r\n  <p><br><\/p>\r\n  <\/td>\r\n <\/tr>\r\n<\/tbody><\/table><div>\r\n\r\n<table>\r\n <tbody><tr>\r\n  <td>\r\n  <p><span>NCE\/'A' Level\r\n  passes in Biology and one (1) other Science subject.<\/span><\/p>\r\n  <\/td>\r\n <\/tr>\r\n<\/tbody><\/table>\r\n\r\n<\/div>\r\n\r\n","utme_requirements":"\r\n\r\n<table>\r\n <tbody><tr>\r\n  <td>\r\n  <p><br><\/p>\r\n  <\/td>\r\n <\/tr>\r\n<\/tbody><\/table><div>\r\n\r\n<table>\r\n <tbody><tr>\r\n  <td>\r\n  <p><span>Five (5) SSC credit\r\n  passes in English Language, Biology, Chemistry, Mathematics and one (1) other\r\n  subject.<\/span><\/p>\r\n  <\/td>\r\n <\/tr>\r\n<\/tbody><\/table>\r\n\r\n<\/div>\r\n\r\n","subjects":"Biology and two (2) other subjects from Chemistry, Mathematics and Physics.","institutions_list":"ESUTECH"},{"id":"7294","title":"EDUCATION & CHEMISTRY","de_requirements":"<div>\r\n\r\n<table>\r\n <tbody><tr>\r\n  <td>\r\n  <p><span>Two (2) \u2018A\u2019 Level\/NCE\r\n  passes including Chemistry and one (1) other Science subject.<\/span><\/p>\r\n  <\/td>\r\n <\/tr>\r\n<\/tbody><\/table>\r\n\r\n<\/div>","utme_requirements":"<div>\r\n\r\n<table>\r\n <tbody><tr>\r\n  <td>\r\n  <p><span>Five (5) SSC\r\n  credits in Mathematics, Chemistry, English Language and two (2) of Physics,\r\n  Biology and Agricultural Science.<\/span><\/p>\r\n  <\/td>\r\n <\/tr>\r\n<\/tbody><\/table>\r\n\r\n<\/div>","subjects":"Chemistry and two (2) other subjects chosen from Physics, Biology and Mathematics.","institutions_list":"ESUTECH"},{"id":"7297","title":"EDUCATION & COMPUTER SCIENCE","de_requirements":"<div>\r\n\r\n<table>\r\n <tbody><tr>\r\n  <td>\r\n  <p><span>Two (2) \u2018A\u2019 Level passes including Physics or Chemistry.<\/span><\/p>\r\n  <\/td>\r\n <\/tr>\r\n<\/tbody><\/table>\r\n\r\n<\/div>","utme_requirements":"<div>\r\n\r\n<table>\r\n <tbody><tr>\r\n  <td>\r\n  <p><span>Five (5) SSC credit passes or its equivalents including\r\n  Mathematics, English Language and three (3) other Science subjects.<\/span><\/p>\r\n  <\/td>\r\n <\/tr>\r\n<\/tbody><\/table>\r\n\r\n<\/div>","subjects":"Mathematics, Physics and one of Biology, Chemistry and Geography.","institutions_list":"ESUTECH"},{"id":"7301","title":"EDUCATION & INTEGRATED SCIENCE","de_requirements":"<div>\r\n\r\n<table>\r\n <tbody><tr>\r\n  <td>\r\n  <p><span>(i) NCE Integrated&nbsp;&nbsp;&nbsp;&nbsp;&nbsp;&nbsp;&nbsp;&nbsp;\r\n  Science<\/span><\/p>\r\n  <p><span>&nbsp;<\/span><\/p>\r\n  <p><span>(ii)&nbsp;&nbsp; NCE Science<\/span><\/p>\r\n  <p><span>&nbsp;&nbsp;&nbsp;&nbsp;&nbsp;&nbsp; Education<\/span><\/p>\r\n  <p><span>&nbsp;<\/span><\/p>\r\n  <\/td>\r\n <\/tr>\r\n<\/tbody><\/table>\r\n\r\n<\/div><p>\r\n\r\n<span>(iii)\r\n&nbsp;'A' Level&nbsp; &nbsp;&nbsp;&nbsp;&nbsp;&nbsp;&nbsp;&nbsp;passes in two (2)Science subjects<\/span><br><\/p>","utme_requirements":"<p><span>Five (5) SSC credit passes including Biology, Chemistry,\r\nEnglish Language and Mathematics<\/span><br><\/p>","subjects":"Any three (3) of Mathematics, Chemistry, Physics, Biology and Agricultural Science.","institutions_list":"ESUTECH"},{"id":"7303","title":"EDUCATION & MATHEMATICS","de_requirements":"<div>\r\n\r\n<table>\r\n <tbody><tr>\r\n  <td>\r\n  <p><span>Two (2)'A' Level passes\/NCE in\r\n  Mathematics and one (1) Science subject.<\/span><\/p>\r\n  <\/td>\r\n <\/tr>\r\n<\/tbody><\/table>\r\n\r\n<\/div>","utme_requirements":"<div>\r\n\r\n<table>\r\n <tbody><tr>\r\n  <td>\r\n  <p><span>Five (5) SSC credit\r\n  passes to include English Language, Mathematics plus one (1) other Science\r\n  subject.<\/span><\/p>\r\n  <\/td>\r\n <\/tr>\r\n<\/tbody><\/table>\r\n\r\n<\/div>","subjects":"Mathematics and any two (2) of the following Science subjects: Physics, Chemistry and Biology.","institutions_list":"ESUTECH"},{"id":"7306","title":"EDUCATION & PHYSICS","de_requirements":"<div>\r\n\r\n<table>\r\n <tbody><tr>\r\n  <td>\r\n  <p><span>(i)&nbsp; Two (2) 'A'\r\n  Level passes in Physics and Mathematics.<\/span><\/p>\r\n  <p><span>(ii) NCE credit\/merit in relevant subjects.<\/span><\/p>\r\n  <\/td>\r\n <\/tr>\r\n<\/tbody><\/table>\r\n\r\n<\/div>","utme_requirements":"<p><span>Five (5) 'O' Level credits passes to include English\r\nLanguage, Physics, Mathematics and two (2) other Science subjects or NTC\/NBC.<\/span><br><\/p>","subjects":"Physics, Mathematics or Chemistry plus one (1) other subjects.","institutions_list":"ESUTECH"},{"id":"7315","title":"EDUCATION \/MECHANICAL TECHNOLOGY","de_requirements":"<div>\r\n\r\n<table>\r\n <tbody><tr>\r\n  <td>\r\n  <p><span>NCE merit in relevant subjects.<\/span><\/p>\r\n  <p><span><o>&nbsp;<\/o:p><\/span><\/p>\r\n  <p><span>&nbsp;Two (2) 'A'\r\n  Level passes in the subjects listed under the UTME requirements.<\/span><\/p>\r\n  <\/td>\r\n <\/tr>\r\n<\/tbody><\/table>\r\n\r\n<\/div>","utme_requirements":"<div>\r\n\r\n<table>\r\n <tbody><tr>\r\n  <td>\r\n  <p><span>Five (5) 'O' Level credit passes in English Language\r\n  Mathematics and one (1) of Biology \/Agricultural Science; Physics, or\r\n  Chemistry and two (2) from General Science\/IntegratedScience, Technical Drawing\/Fine\r\n  Art, Geography, Health Science Food and Nutrition, Physical and Health Education,\r\n  Auto Technical, Building, Electrical Electronic, Metal Work and Wood Work.<\/span><\/p>\r\n  <\/td>\r\n <\/tr>\r\n<\/tbody><\/table>\r\n\r\n<\/div>","subjects":"Math, Physics and any other subject.","institutions_list":"ESUTECH"},{"id":"7290","title":"EDUCATIONAL ADMINISTRATION & SUPERVISION","de_requirements":"<div>\r\n\r\n<table>\r\n <tbody><tr>\r\n  <td>\r\n  <p><span>(i) Two (2)'A' Level passes from\r\n  Literature in English, History, Christian Religious Studies\/Islamic Studies,\r\n  Hausa, Yoruba and Igbo with 'O' Level pass in Mathematics.<\/span><\/p>\r\n  <\/td>\r\n <\/tr>\r\n<\/tbody><\/table>\r\n\r\n<\/div><p>\r\n\r\n<span>(ii)&nbsp; NCE merit in the subjects listed above.<\/span><br><\/p>","utme_requirements":"<div>\r\n\r\n<table>\r\n <tbody><tr>\r\n  <td>\r\n  <p><span>i) Five (5)'O' Level credit passes\r\n  to include English Language, Mathematics and Economics.<\/span><\/p>\r\n  <p><span>(ii)&nbsp; Five (5)\r\n  TC II merit including English Language and Mathematics<\/span>.<\/p>\r\n  <\/td>\r\n <\/tr>\r\n<\/tbody><\/table>\r\n\r\n<\/div>","subjects":"Any three (3) of Literature In English, History, French, Geography\/Physics, Economics and Mathematics.","institutions_list":"ESUTECH"},{"id":"7339","title":"EDUCATIONAL FOUNDATIONS","de_requirements":"<div>\r\n\r\n<table>\r\n <tbody><tr>\r\n  <td>\r\n  <p><span>Two (2) 'A'\r\n  Level passes to include the subjects to be offered.<\/span><\/p>\r\n  <\/td>\r\n <\/tr>\r\n<\/tbody><\/table>\r\n\r\n<\/div>","utme_requirements":"<div>\r\n\r\n<table>\r\n <tbody><tr>\r\n  <td>\r\n  <p><span>Five (5) SSC\r\n  credit passes in English Language, the subject of study and three (3)\r\n  relevant subjects.<\/span><\/p>\r\n  <\/td>\r\n <\/tr>\r\n<\/tbody><\/table>\r\n\r\n<\/div>","subjects":"The subject of study and two (2) other relevant subjects.","institutions_list":"ESUTECH"},{"id":"7340","title":"EDUCATIONAL MANAGEMENT","de_requirements":"<div>\r\n\r\n<table>\r\n <tbody><tr>\r\n  <td>\r\n  <p><span>Same as in\r\n  Educational Psychology, Guidance and Counseling.<\/span><\/p>\r\n  <\/td>\r\n <\/tr>\r\n<\/tbody><\/table>\r\n\r\n<\/div>","utme_requirements":"<div>\r\n\r\n<table>\r\n <tbody><tr>\r\n  <td>\r\n  <p><span>Same as in\r\n  Educational Psychology, Guidance and Counseling.<\/span><\/p>\r\n  <\/td>\r\n <\/tr>\r\n<\/tbody><\/table>\r\n\r\n<\/div>","subjects":"Economics, Mathematics and one (1) other Social Science\/Arts subject.","institutions_list":"ESUTECH"},{"id":"23775","title":"EDUCATIONAL TECHNOLOGY","de_requirements":"<p>\r\n\r\n<\/p><div>\r\n\r\n<table>\r\n <tbody><tr>\r\n  <td>\r\n  <p><span>(i)<span>&nbsp;&nbsp;&nbsp; <\/span>Two (2) 'A'\r\n  Level passes in Physics and Mathematics.<\/span><\/p>\r\n  <p><span>(ii)<span>&nbsp;&nbsp; <\/span>ND lower\r\n  credit in Civil Engineering, Production\/Electrical Engineering.<\/span><\/p>\r\n  <p><span>(iii)<span>&nbsp;&nbsp;&nbsp; <\/span>Final\r\n  City and Guilds or its equivalent plus National Technical Certificate.<\/span><\/p>\r\n  <\/td>\r\n <\/tr>\r\n<\/tbody><\/table>\r\n\r\n<\/div>\r\n\r\n<b><span>(iv)\r\nNCE credit<span>&nbsp; <\/span>in Technical Education plus<\/span><span> <\/span><\/b><b><span>'O' Level <span>credit\r\n<\/span><\/span><span>passes in Physics or Mathematics.<\/span><\/b>","utme_requirements":"<p>\r\n\r\n<\/p><div>\r\n\r\n<table>\r\n <tbody><tr>\r\n  <td>\r\n  <p><span>Five (5) 'O' Level credit passes to include Physics\r\n  or Mathematics.<\/span><\/p>\r\n  <\/td>\r\n <\/tr>\r\n<\/tbody><\/table>\r\n\r\n<\/div>\r\n\r\n","subjects":"<p>\r\n\r\n<\/p><div>\r\n\r\n<table>\r\n <tbody><tr>\r\n  <td>\r\n  <p><span>Mathematics, Physics and one (1) other Science subject.<\/span><\/p>\r\n  <\/td>\r\n <\/tr>\r\n<\/tbody><\/table>\r\n\r\n<\/div>\r\n\r\n","institutions_list":"ESUTECH"},{"id":"7335","title":"ELECTRICAL \/ELECTRONICS ENGINEERING","de_requirements":"<p><span>Two (2) 'A' Level passes in Mathematics, Physics or Chemistry<\/span><\/p>","utme_requirements":"<p><span>Five (5) SSC credit passes to include Mathematics, Physics,\r\nChemistry, English Language and any other Science subject.<\/span><\/p>","subjects":"Mathematics, Physics and Chemistry","institutions_list":"ESUTECH"},{"id":"7346","title":"ELECTRICAL\/ELECTRONICS TECHNOLOGY  EDUCATION","de_requirements":"<p>Same as in Electrical Electronics Engineering<\/p><p><br><\/p>","utme_requirements":"<p>Same as in Electrical Electronics Engineering<\/p><p><br><\/p>","subjects":"Same as in Electrical Electronics Engineering\r\n\r\n","institutions_list":"ESUTECH"},{"id":"23776","title":"ENGLISH & LITERARY STUDIES","de_requirements":"<p>\r\n\r\n<\/p><p><span>Two (2) \u2018A\u2019 Level passes to include\r\nLiterature in English and one other Arts subject.<\/span><\/p>\r\n\r\n","utme_requirements":"<p>\r\n\r\n<\/p><p><span>Five (5) SSC credit passes to include Literature\r\nin English and English Language.<\/span><\/p>\r\n\r\n","subjects":"<p>\r\n\r\n<\/p><p><span>Literature in English, one other Arts\r\nsubject and another Arts or Social Science subject.<\/span><\/p>\r\n\r\n","institutions_list":"ESUTECH"},{"id":"29607","title":"ENVIRONMENTAL MANAGEMENT","de_requirements":"","utme_requirements":"","subjects":"","institutions_list":"ESUTECH"},{"id":"7336","title":"ESTATE MANAGEMENT","de_requirements":"<p><span>Two (2) \u2018A\u2019 Level\r\npasses in Mathematics, Economics, Geography, Biology and Physics.<\/span><\/p><p>\r\n\r\n<\/p><p><span><o>&nbsp;<\/o:p><\/span><\/p>","utme_requirements":"<p><span>Five (5) SSCE credit\r\npasses including Chemistry, Mathematics and English Language.<\/span><\/p><p>\r\n\r\n<\/p><p><span><o>&nbsp;<\/o:p><\/span><\/p>","subjects":"Mathematics, Economics and one other subject\r\n\r\n","institutions_list":"ESUTECH"},{"id":"7324","title":"FOOD SCIENCE & TECHNOLOGY","de_requirements":"<p><span>(i)<span>&nbsp;&nbsp;&nbsp;&nbsp;&nbsp;&nbsp;\r\n<\/span><\/span><span>'A' Level passes\r\nin two (2) of Physics Chemistry, and Mathematics.<\/span><\/p><p>\r\n\r\n<\/p><p><span>(ii)<span>&nbsp;&nbsp;&nbsp;&nbsp;\r\n<\/span><\/span><span>ND\/HND upper\r\ncredit in relevant programmes.<\/span><\/p>","utme_requirements":"<p><span>Five (5) SSC credit passes to include Physics, Chemistry,\r\nMathematics, English Language and any other Science subject.<\/span><\/p>","subjects":"Mathematics, Chemistry and Physics or Biology.","institutions_list":"ESUTECH"},{"id":"7298","title":"GEOGRAPHY & METEOROLOGY","de_requirements":"<p>\r\n\r\n<\/p><div>\r\n\r\n<table>\r\n <tbody><tr>\r\n  <td>\r\n  <p><span>Two\r\n  (2)'A' Level passes in Geography and any one of Economics., Government,\r\n  Physics, Chemistry, Biology, and Mathematics<\/span><\/p>\r\n  <\/td>\r\n <\/tr>\r\n<\/tbody><\/table>\r\n\r\n<\/div>\r\n\r\n","utme_requirements":"<p>\r\n\r\n<\/p><div>\r\n\r\n<table>\r\n <tbody><tr>\r\n  <td>\r\n  <p><span>Five\r\n  (5) SSC credit passes in English Language, Geography, and any three (3) from\r\n  Arts or Social Science subjects with at least a pass in Mathematics.<\/span><\/p>\r\n  <\/td>\r\n <\/tr>\r\n<\/tbody><\/table>\r\n\r\n<\/div>\r\n\r\n","subjects":"Geography and two (2) other Arts or Social Science subjects","institutions_list":"ESUTECH"},{"id":"7312","title":"GEOLOGY & MINING","de_requirements":"<p><span>(i) Two (2) 'A' Level passes from Geology, Chemistry, Mathematics,\r\nPhysics, Biology and Geography.<\/span><\/p>","utme_requirements":"<p><span>Five (5) SSC credit passes in English Language, Biology, Chemistry,\r\nMathematics and any other subject.<\/span><\/p>","subjects":"Any three (3) of Chemistry, Physics, Mathematics, Biology and Geography. ","institutions_list":"ESUTECH"},{"id":"7342","title":"GUIDANCE & COUNSELLING","de_requirements":"<div>\r\n\r\n<table>\r\n <tbody><tr>\r\n  <td>\r\n  <p><span>'A' Level\r\n  passes or NCE in two (2) subjects plus the UTME requirements.<\/span><\/p>\r\n  <\/td>\r\n <\/tr>\r\n<\/tbody><\/table>\r\n\r\n<\/div>","utme_requirements":"<div>\r\n\r\n<table>\r\n <tbody><tr>\r\n  <td>\r\n  <p><span>Five (5) 'O'\r\n  Level NTC\/NBC credit passes or TC II merit including English Language with 'O'\r\n  Level pass in Mathematics.<\/span><\/p>\r\n  <\/td>\r\n <\/tr>\r\n<\/tbody><\/table>\r\n\r\n<\/div>","subjects":"Any three (3) subjects.\r\n\r\n","institutions_list":"ESUTECH"},{"id":"29609","title":"HISTORY AND INTERNATIONAL STUDIES","de_requirements":"","utme_requirements":"","subjects":"","institutions_list":"ESUTECH"},{"id":"7311","title":"INDUSTRIAL CHEMISTRY","de_requirements":"<p><span>(i)&nbsp;&nbsp;&nbsp; Two\r\n(2) 'A' Level passes in Chemistry and Mathematics<\/span><\/p><p>\r\n\r\n<\/p><p><span>(ii)&nbsp;&nbsp; ND\r\nin Science Technology or ND in relevant programmes with the UTME requirements.<\/span><\/p>","utme_requirements":"<p><span>Five (5) SSC credit passes in English Language, Mathematics, Chemistry,\r\nPhysics and Biology\/Agricultural Science.<\/span><\/p>","subjects":"Chemistry, Mathematics and any of Physics\/Biology\/ Agricultural Science.","institutions_list":"ESUTECH"},{"id":"7309","title":"INDUSTRIAL MATHEMATICS \/STATISTICS","de_requirements":"<p><span>(i)&nbsp;&nbsp;&nbsp; Two\r\n(2) 'A' Level passes from Mathematics, Physics, Economics or Chemistry.<\/span><\/p><p>\r\n\r\n<span>(ii)\r\nNCE merit in relevant subjects<\/span><br><\/p>","utme_requirements":"<p><span>Five (5) SSC credit passes in English Language, Mathematics, Physics and\r\ntwo (2) other Science subjects.<\/span><\/p>","subjects":"Mathematics and any two (2) of Physics, Chemistry, Economics, Biology and Agricultural Science.","institutions_list":"ESUTECH"},{"id":"7304","title":"INDUSTRIAL PHYSICS","de_requirements":"<p><span>Two (2) 'A' Level passes in Physics and Mathematics.<b><\/b><\/span><\/p>","utme_requirements":"<p><span>As for Physics<\/span><\/p>","subjects":"As for Physics","institutions_list":"ESUTECH"},{"id":"7325","title":"INSURANCE AND RISK MANAGEMENT","de_requirements":"<p><span>Two (2) \u2018A\u2019\r\nLevel passes chosen from Economics, Accounts, Business Management, Government,\r\nGeography or Statistics.<\/span><\/p>","utme_requirements":"<p><span>Five (5) SSC\r\ncredit passes&nbsp;&nbsp;&nbsp; including&nbsp;&nbsp;&nbsp;&nbsp;&nbsp;&nbsp;&nbsp;&nbsp;&nbsp; English&nbsp;&nbsp;&nbsp;&nbsp;&nbsp;&nbsp;&nbsp;&nbsp;&nbsp;&nbsp;&nbsp;&nbsp;&nbsp;&nbsp;&nbsp; Language, Mathematics,\r\nEconomics plus any two(2) of Accounting, Business Methods, Commerce,\r\nGovernment, Geography and Statistics.<\/span><\/p>","subjects":"Mathematics, Economics and one (1) other subject.","institutions_list":"ESUTECH"},{"id":"7332","title":"LAND & SURVEYING","de_requirements":"<p><span>(i)<span>&nbsp;&nbsp;&nbsp;&nbsp;&nbsp;&nbsp;\r\n<\/span><\/span><span>Two (2) 'A' Level\r\npasses chosen from Mathematics or Physics and Chemistry, Geography or Fine\r\nArts.<\/span><\/p><p>\r\n\r\n<span>ND\/HND\r\nupper credits in relevant field<\/span><br><\/p>","utme_requirements":"<table>\r\n <tbody><tr>\r\n  <td>\r\n  <p><span>Five (5) SSC credit passes in English\r\n  Language, Mathematics, Physics, Chemistry and any of Fine Art, Geography or\r\n  Wood Work, Biology, Economics, Technical Drawing, Further. Mathematics.,\r\n  Introduction to Building Construction, Bricklaying\/Block laying, Concreting,\r\n  Wall, Floors and Ceiling Finishing, Joinery, Carpentary, Decorative Painting,\r\n  Lining, Sign and Design, Wall Hanging, Colour Mixing\/Matching and Glazing,\r\n  Ceramics, Graphics Design, Graphic Printing, Basic Electricity.<\/span><\/p>\r\n  <p><span>&nbsp;<\/span><\/p>\r\n  <\/td>\r\n <\/tr>\r\n<\/tbody><\/table>","subjects":"Physics, Mathematics, and any of Chemistry, Geography, Art, Biology and Economics.","institutions_list":"ESUTECH"},{"id":"7282","title":"LAW","de_requirements":"<p><span>&nbsp; &nbsp; Two (2)'A' Level passes in Arts or Social\r\nScience subjects.<\/span><\/p><p>\r\n\r\n<span>(ii)&nbsp;&nbsp; NCE\/ND\/First Degree (Second Class Lower).<\/span><br><\/p>","utme_requirements":"<p><span>Five (5)'O' Level credit passes to include English Language,\r\nLiterature in English and\r\nMathematics.<\/span><\/p>","subjects":"Any three (3) Arts or Social Science subjects.","institutions_list":"ESUTECH"},{"id":"7341","title":"LIBRARY & INFORMATION SCIENCE","de_requirements":"<div>\r\n\r\n<table>\r\n <tbody><tr>\r\n  <td>\r\n  <p><span>(i) Two (2) 'A'\r\n  Level passes in relevant subject plus the UTME requirements. <\/span><\/p>\r\n  <p><span>(ii) NCE merit\r\n  in relevant subjects.<\/span><\/p>\r\n  <\/td>\r\n <\/tr>\r\n<\/tbody><\/table>\r\n\r\n<\/div>","utme_requirements":"<div>\r\n\r\n<table>\r\n <tbody><tr>\r\n  <td>\r\n  <p><span>Five (5) SSC\r\n  credit passes in English Language, Mathematics and three (3) other relevant\r\n  Arts\/Sciences\/Social Sciences subjects.<\/span><\/p>\r\n  <\/td>\r\n <\/tr>\r\n<\/tbody><\/table>\r\n\r\n<\/div>","subjects":"Any three (3) subjects.","institutions_list":"ESUTECH"},{"id":"7327","title":"MARKETING","de_requirements":"<p><span>Two (2) \u2018A\u2019 Level passes chosen from Accounting, Management,\r\nGovernment and Geography.<\/span><\/p>","utme_requirements":"<p><span>Five (5) SSC credit passes including English Language, Mathematics\r\nand any three (3) relevant subjects.<\/span><\/p>","subjects":"Mathematics, Economics plus one (1) other subject.","institutions_list":"ESUTECH"},{"id":"7326","title":"MASS COMMUNICATION","de_requirements":"<p><span>Two (2) \u2018A\u2019 Level passes in Literature in English,\r\nEconomics or Government.<\/span><br><\/p>","utme_requirements":"<p><span>Five (5) SSC credit passes to include\r\nEnglish Language, Literature in English and Government plus a pass in\r\nMathematics.<\/span><\/p>","subjects":"Literature in English, Economics and Government.","institutions_list":"ESUTECH"},{"id":"7317","title":"MATHEMATICS","de_requirements":"<p><span>(i)\u00a0\u00a0\u00a0\u00a0 Two\r\n(2) 'A' Level passes in Mathematics and either Physics or Chemistry<\/span><\/p><p>\r\n\r\n<span>(ii)\u00a0\u00a0\u00a0\u00a0\u00a0\u00a0\u00a0\u00a0\u00a0\u00a0 NCE merit in Mathematics and either\r\nPhysics or Chemistry<\/span><br><\/p>","utme_requirements":"<p><span>Five (5) SSC credit passes to include English Language, Mathematics and\r\nat least three(3) of Physics, Chemistry, Biology and Additional\/Further\r\nMathematics.<\/span><\/p>","subjects":"Maths, Physics and Chemistry or Biology","institutions_list":"ESUTECH"},{"id":"7338","title":"MECHANICAL\/PRODUCTION ENGINEERING","de_requirements":"<p><span>'A'\r\nLevel passes in any two (2) of&nbsp;\r\nMathematics, Physics and Chemistry<\/span><\/p>","utme_requirements":"<p><span>Five (5) SSC credit passes to include Mathematics, Physics,\r\nChemistry ,English Language and any other Science subject.<\/span><\/p>","subjects":"Mathematics, Chemistry and Physics.","institutions_list":"ESUTECH"},{"id":"29604","title":"MECHATRONICS ENGINEERING","de_requirements":"","utme_requirements":"","subjects":"","institutions_list":"ESUTECH"},{"id":"7292","title":"MEDICAL LABORATORY SCIENCE","de_requirements":"<p><span>'A' Level passes&nbsp;&nbsp; to include Physics, Chemistry and Biology or\r\nZoology<\/span><br><\/p>","utme_requirements":"<p><span>Five (5) SSC credit passes in English Language,\r\nMathematics, Physics, Chemistry and Biology<\/span><br><\/p>","subjects":"Physics, Chemistry and Biology","institutions_list":"ESUTECH"},{"id":"7295","title":"MEDICINE & SURGERY","de_requirements":"<p><span>(i)\r\n'A' Level passes in Physics, Chemistry and Biology or Zoology in addition to the\r\nUTME requirements.<\/span><\/p><p>\r\n\r\n<\/p><p><span>(ii) BSC, BOS, etc in relevant programme.<\/span><\/p>","utme_requirements":"<p><span>Five\r\n(5) SSC credit passes in English Language, Mathematics, Physics, Chemistry and\r\nBiology.<\/span><\/p>","subjects":"Physics, Chemistry and Biology.","institutions_list":"ESUTECH"},{"id":"7337","title":"METALLURGICAL & MATERIALS ENGINEERING","de_requirements":"<p><span>'A'\r\nLevel passes in any two (2) of Physics, Mathematics and Chemistry<\/span><\/p>","utme_requirements":"<p><span>Five\r\n(5) SSC credit passes to include Physics, Chemistry, Mathematics, English\r\nLanguage and one other Science subject.<\/span><\/p>","subjects":"Physics, Chemistry and Mathematics.","institutions_list":"ESUTECH"},{"id":"7314","title":"MICROBIOLOGY","de_requirements":"<p><span>Two (2) 'A' Level passes in Chemistry and any one (1) from Biology,\r\nZoology or Botany.<\/span><\/p>","utme_requirements":"<p><span>Five (5) SSC credit passes in English Language, Mathematics, Chemistry,\r\nBiology and Physics.<\/span><\/p>","subjects":"Biology, Chemistry and either Physics or Mathematics.","institutions_list":"ESUTECH"},{"id":"24282","title":"NURSING SCIENCE","de_requirements":"<p><span>(i)<span>&nbsp;&nbsp;&nbsp;&nbsp;&nbsp;&nbsp;&nbsp;&nbsp;&nbsp;&nbsp;&nbsp;&nbsp;&nbsp;\r\n<\/span><\/span><span>Two (2)\r\n'A' Level passes in Biology\/ Zoology, Chemistry and Physics plus &nbsp;three (3) other 'O' Level credit passes in Mathematics,\r\nPhysics and English Language.<\/span><span><\/span><\/p><p>\r\n\r\n<\/p><p><span>(ii)<span>&nbsp;&nbsp;&nbsp;&nbsp;&nbsp;&nbsp;&nbsp;&nbsp;&nbsp;&nbsp;&nbsp;\r\n<\/span><\/span><span>NRN or\r\nits approved equivalent plus five (5) 'O' Level credit passes&nbsp; in English Language and four (4) Science subjects\r\nchosen from Mathematics, Physics, Chemistry, Biology, Human Anatomy, Physiology\r\nand Hygiene, Health Science, Further Mathematics and General Science.<\/span><span><\/span><\/p>","utme_requirements":"<p><span>Five\r\n(5) SSC credit passes in Mathematics, Chemistry, Biology, Physics and English\r\nLanguage.<\/span><\/p>","subjects":"<p><span>Physics, Chemistry and Biology.<\/span><\/p>","institutions_list":"ESUTECH"},{"id":"7308","title":"PHYSICAL & HEALTH EDUCATION","de_requirements":"<div>\r\n\r\n<table>\r\n <tbody><tr>\r\n  <td>\r\n  <p><span>(i)&nbsp; Two (2) 'A' Level passes in any of Biology,\r\n  Chemistry, Physics and Mathematics.<\/span><\/p>\r\n  <p><span>&nbsp;<\/span><\/p>\r\n  <p><span>(ii)&nbsp; NCE merit in Physical Education and credit\r\n  in Arithmetical process or Mathematics.<\/span><\/p>\r\n  <p><span>&nbsp;<\/span><\/p>\r\n  <p><span>(iii)&nbsp; Diploma in Health Education, Environmental Sanitation,\r\n  Physical Education, Social work, Health Administration with overall grades of\r\n  merit plus three (3) 'O' Level credit passes\/TC II merit which should include\r\n  English Language.<\/span><\/p>\r\n  <p><span><o>&nbsp;<\/o:p><\/span><\/p>\r\n  <p><span>(iv) NCE in\r\n  Biology, Health Education, and Integrated Science with a pass grade plus two\r\n  (2) 'O' Level credit passes\/TC II merit passes.<\/span><\/p>\r\n  <p><span><o>&nbsp;<\/o:p><\/span><\/p>\r\n  <p><span>(v)&nbsp;&nbsp;&nbsp; Registered Nurse plus five (5) 'O' Level credit\r\n  passes to include English Language.<\/span><\/p>\r\n  <\/td>\r\n <\/tr>\r\n<\/tbody><\/table>\r\n\r\n<\/div>","utme_requirements":"<div>\r\n\r\n<table>\r\n <tbody><tr>\r\n  <td>\r\n  <p><span>i) Five (5) SSC\r\n  credit passes\/TC II merit passes including&nbsp;&nbsp;&nbsp;&nbsp;\r\n  English Language, Biology or its equivalent.<\/span><\/p>\r\n  <p><span>&nbsp;<\/span><\/p>\r\n  <p><span>ii) Five (5) SSC\r\n  credit passes\/TC II merit passes to include English Language and Mathematics.<\/span><\/p>\r\n  <\/td>\r\n <\/tr>\r\n<\/tbody><\/table>\r\n\r\n<\/div>","subjects":"Biology and any two (2) relevant subjects.","institutions_list":"ESUTECH"},{"id":"7319","title":"POLITICAL SCIENCE","de_requirements":"<p><span>Two (2) 'A' Level passes including Government or History.<\/span><span><\/span><\/p>","utme_requirements":"<p><span>Five (5) SSC credit passes in Government or History, English Language and three (3) other subjects. &nbsp;A pass in Mathematics is required.<\/span><span><\/span><\/p>","subjects":"Government or History plus two (2) other Social Science\/Arts subjects.","institutions_list":"ESUTECH"},{"id":"7320","title":"PSYCHOLOGY","de_requirements":"<p><span>Two (2) 'A' Level passes including Government or History.<\/span><\/p>","utme_requirements":"<p><span>Five (5) SSC credit passes in Government or History, English Language and three (3) other subjects. &nbsp;A pass in Mathematics is required.<\/span><\/p>","subjects":"Any three (3) subjects from Arts or Social Science","institutions_list":"ESUTECH"},{"id":"7329","title":"PUBLIC ADMINISTRATION","de_requirements":"<p><span>Two (2) \u2018A\u2019 Level passes chosen from\r\nEconomics, Accounting, Business Management, Government, Geography and\r\nStatistics.<\/span><\/p>","utme_requirements":"<p><span>Five\r\n(5) SSC credit passes to include English Language,&nbsp;&nbsp;&nbsp;&nbsp;&nbsp;&nbsp;&nbsp;&nbsp;&nbsp;&nbsp;&nbsp;&nbsp;&nbsp;&nbsp; <\/span><\/p><p>\r\n\r\n<span>Economics and Government.\r\nFor NBC holders, the&nbsp;&nbsp;&nbsp;&nbsp;&nbsp;&nbsp;&nbsp;&nbsp;&nbsp;&nbsp;&nbsp;&nbsp;&nbsp;&nbsp;&nbsp;&nbsp;&nbsp;&nbsp;&nbsp;&nbsp;&nbsp;&nbsp;&nbsp;&nbsp;&nbsp;&nbsp;&nbsp;&nbsp;\r\nother relevant&nbsp;&nbsp;&nbsp;&nbsp;&nbsp;&nbsp;&nbsp;&nbsp;&nbsp;&nbsp;&nbsp;&nbsp;&nbsp;&nbsp;&nbsp;&nbsp;&nbsp;&nbsp;&nbsp;&nbsp;&nbsp;&nbsp;&nbsp;&nbsp;&nbsp;&nbsp;&nbsp;&nbsp; subjects could\r\nbe&nbsp;&nbsp;&nbsp;&nbsp;&nbsp;&nbsp;&nbsp;&nbsp;&nbsp;&nbsp;&nbsp;&nbsp;&nbsp;&nbsp;&nbsp;&nbsp;&nbsp;&nbsp;&nbsp;&nbsp;&nbsp;&nbsp;&nbsp;&nbsp;&nbsp;&nbsp;&nbsp;&nbsp; from any\r\nof the&nbsp;&nbsp;&nbsp;&nbsp;&nbsp;&nbsp;&nbsp;&nbsp;&nbsp;&nbsp;&nbsp;&nbsp;&nbsp;&nbsp;&nbsp;&nbsp;&nbsp;&nbsp;&nbsp;&nbsp;&nbsp;&nbsp;&nbsp;&nbsp;&nbsp;&nbsp;&nbsp;&nbsp;\r\nfollowing:&nbsp; Accounting, Principles\r\nof Accounts,&nbsp;&nbsp;&nbsp;&nbsp;&nbsp;&nbsp;&nbsp;&nbsp;&nbsp;&nbsp;&nbsp;&nbsp;&nbsp; &nbsp;&nbsp;&nbsp;&nbsp;&nbsp;&nbsp;&nbsp;&nbsp;&nbsp;&nbsp;&nbsp;&nbsp;&nbsp;&nbsp;&nbsp;Commerce, Office&nbsp;&nbsp;&nbsp;&nbsp;&nbsp;&nbsp;&nbsp;&nbsp;&nbsp;&nbsp; Practice and Secretarial&nbsp;&nbsp; Duties.<\/span><br><\/p>","subjects":"Government, \r\nEconomics and any other subject.\r\n","institutions_list":"ESUTECH"},{"id":"7330","title":"QUANTITY SURVEYING","de_requirements":"<p><span>(i)<span>&nbsp;&nbsp;&nbsp;&nbsp;&nbsp;&nbsp;\r\n<\/span><\/span><span>Two (2) 'A' Level\r\npasses chosen from Mathematics or Physics and Chemistry, Geography or Fine\r\nArts.<\/span><\/p><p>\r\n\r\n<span>ND\/HND\r\nupper credits in relevant field.<\/span><br><\/p>","utme_requirements":"<table>\r\n <tbody><tr>\r\n  <td>\r\n  <p><span>Five (5) SSC credit passes in English\r\n  Language, Mathematics, Physics, Chemistry and any of Fine Art, Geography or\r\n  Wood Work, Biology, Economics, Technical Drawing, Further. Mathematics.,\r\n  Introduction to Building Construction, Bricklaying\/Block laying, Concreting,\r\n  Wall, Floors and Ceiling Finishing, Joinery, Carpentary, Decorative Painting,\r\n  Lining, Sign and Design, Wall Hanging, Colour Mixing\/Matching and Glazing,\r\n  Ceramics, Graphics Design, Graphic Printing, Basic Electricity.<\/span><\/p>\r\n  <p><span>&nbsp;<\/span><\/p>\r\n  <\/td>\r\n <\/tr>\r\n<\/tbody><\/table>","subjects":"Physics, Mathematics, and any of Chemistry, Geography, Art, Biology and Economics.","institutions_list":"ESUTECH"},{"id":"7321","title":"SOCIOLOGY & ANTHROPOLOGY","de_requirements":"<p><span>Two (2) 'A' Level passes including Government or History.<\/span><span><\/span><\/p>","utme_requirements":"<p><span>Five (5) SSC credit passes in Government or History, English Language and three (3) other subjects. &nbsp;A pass in Mathematics is required.<\/span><span><\/span><\/p>","subjects":"Three (3) Social Science or Arts Subjects.","institutions_list":"ESUTECH"},{"id":"29614","title":"STATISTICS","de_requirements":"","utme_requirements":"","subjects":"","institutions_list":"ESUTECH"},{"id":"7331","title":"SURVEYING & GEOINFORMATICS","de_requirements":"<p><span>(i)<span>&nbsp;&nbsp;&nbsp;&nbsp;&nbsp;&nbsp;\r\n<\/span><\/span><span>Two (2) 'A' Level\r\npasses chosen from Mathematics or Physics and Chemistry, Geography or Fine\r\nArts.<\/span><\/p><p>\r\n\r\n<span>ND\/HND\r\nupper credits in relevant field.<\/span><br><\/p>","utme_requirements":"<table>\r\n <tbody><tr>\r\n  <td>\r\n  <p><span>Five (5) SSC credit passes in English\r\n  Language, Mathematics, Physics, Chemistry and any of Fine Art, Geography or\r\n  Wood Work, Biology, Economics, Technical Drawing, Further. Mathematics.,\r\n  Introduction to Building Construction, Bricklaying\/Block laying, Concreting,\r\n  Wall, Floors and Ceiling Finishing, Joinery, Carpentary, Decorative Painting,\r\n  Lining, Sign and Design, Wall Hanging, Colour Mixing\/Matching and Glazing,\r\n  Ceramics, Graphics Design, Graphic Printing, Basic Electricity.<\/span><\/p>\r\n  <p><span>&nbsp;<\/span><\/p>\r\n  <\/td>\r\n <\/tr>\r\n<\/tbody><\/table>","subjects":"Physics, Mathematics, and any of Chemistry, Geography, Art, Biology and Economics.","institutions_list":"ESUTECH"},{"id":"7313","title":"TECHNOLOGY & VOCATIONAL EDUCATION","de_requirements":"<div>\r\n\r\n<table>\r\n <tbody><tr>\r\n  <td>\r\n  <p><span>(i)&nbsp;&nbsp;&nbsp;&nbsp; NCE merit in two (2) relevant Science\r\n  subjects plus the UTME requirements.<\/span><\/p>\r\n  <p><span><o>&nbsp;<\/o:p><\/span><\/p>\r\n  <p><span>(ii)&nbsp;&nbsp;&nbsp; Two 'A' Level passes in Physics,\r\n  Mathematics and Chemistry.<\/span><\/p>\r\n  <\/td>\r\n <\/tr>\r\n<\/tbody><\/table>\r\n\r\n<\/div>","utme_requirements":"<div>\r\n\r\n<table>\r\n <tbody><tr>\r\n  <td>\r\n  <p><span>Five (5) 'O'\r\n  Level credit passes in relevant subjects which must include English Language\r\n  and Mathematics or NTC\/NBC.<\/span><\/p>\r\n  <\/td>\r\n <\/tr>\r\n<\/tbody><\/table>\r\n\r\n<\/div>","subjects":" Physics, Mathematics, Chemistry.","institutions_list":"ESUTECH"},{"id":"7334","title":"URBAN & REGIONAL PLANNING","de_requirements":"<p><span>(i)<span>&nbsp;&nbsp;&nbsp;&nbsp;&nbsp;\r\n<\/span><\/span><span>Two (2) A\u2019 LEVEL passes in Geography and Mathematics<\/span><\/p><p>\r\n\r\n<span>ND\/HND\r\nupper credit in Town Planning or related programmes plus UTME requirements are\r\naccepted<\/span><br><\/p>","utme_requirements":"<p><span>Five (5) SSC credit passes in English\r\nLanguage, Mathematics, Geography, and any two (2) of Physics, Chemistry,\r\nEconomics, Government, Biology, Art, History, IRK\/CRK, Social Studies and Tech\r\nDrawing.<\/span><\/p>","subjects":"Mathematics, Geography and one of Economics, Physics, Chemistry.","institutions_list":"ESUTECH"},{"id":"7293","title":"VOCATIONAL & TECHNICAL EDUCATION","de_requirements":"<div>\r\n\r\n<table>\r\n <tbody><tr>\r\n  <td>\r\n  <p><span>(i) NCE merit in\r\n  Technical Education.<\/span><\/p>\r\n  <\/td>\r\n <\/tr>\r\n<\/tbody><\/table>\r\n\r\n<\/div><p>\r\n\r\n<span>(ii)\r\nND in Mechanical\/Electrical or Electronics Engineering.<\/span><br><\/p>","utme_requirements":"<div>\r\n\r\n<table>\r\n <tbody><tr>\r\n  <td>\r\n  <p><span>Five (5) SSC credit passes in NTC, City and Guilds Part I\r\n  or WAEC Technical and Federal Craft Training Certificate including English\r\n  Language, Mathematics, Technical Drawing, Physics, subject of specialization.<\/span><\/p>\r\n  <\/td>\r\n <\/tr>\r\n<\/tbody><\/table>\r\n\r\n<\/div>","subjects":"Subjects of specialization and Mathematics or Physics.","institutions_list":"ESUTECH"}]