[{"id":"7407","title":"ACCOUNTING","de_requirements":"<p>\r\n\r\n<\/p><div>\r\n\r\n<table>\r\n <tbody><tr>\r\n  <td>\r\n  <p><span>(i) Two \u2018A\u2019 level passes including Economics in addition to UTME\r\nrequirements.<br>\r\n(ii) NCE with passes at Merit level in relevant subjects.<br>\r\n(iii) ND\/HND at Credit level in a related discipline<br>\r\n(iv) A good pass in JUPEB\/IJMB with<\/span><span> 5 points and above without an \u201cF\u201d grade will be\r\nadmitted to 200 level. <\/span><\/p><p>\r\n\r\n<span>(v) Candidates with less than 5 points but not lower than 2 points with not more than one&nbsp; <\/span><span>\u201cF\u201d grade will be\r\nadmitted to 100 level. <\/span><\/p><p><span>(vi) A University degree in a related discipline.<\/span><\/p><p><span><b><br><\/b><\/span><\/p><p><span><b><br><\/b><\/span><\/p><p><span><b>TRANSFER FROM OTHER UNIVERSITIES<\/b><\/span><\/p><div>\r\n\r\n<table>\r\n <tbody><tr>\r\n  <td><br><p><span>(i) Minimum entry requirements into the\r\n  desired programme in EDSU<\/span><\/p>\r\n  <p><span>&nbsp;(ii)\r\n  SSCE result (or its equivalent)<\/span><\/p>\r\n  <p><span>(iii) JAMB admission letter of current\r\n  University\/school<\/span><\/p>\r\n  <p><span>(iv)Jamb result used in getting admission into\r\n  current University\/School<\/span><\/p>\r\n  <p><span>(v)transcript\/certificate from current\r\n  University\/school, which should be forwarded to EDSU<\/span><\/p>\r\n  <p><span>&nbsp;<\/span><\/p>\r\n  <\/td>\r\n <\/tr>\r\n<\/tbody><\/table>\r\n\r\n<\/div><p><span><\/span><br><\/p>\r\n  <\/td>\r\n <\/tr>\r\n<\/tbody><\/table>\r\n\r\n<\/div>\r\n\r\n","utme_requirements":"<p>\r\n\r\n<\/p><div><span>Five Credit passes at SSCE (or its equivalent) including English\r\nLanguage, Mathematics, Economics\/ Principle of Accounts\/Commerce\/ Principle of Finance and two other social subjects at not more\r\nthan two sittings<\/span><br><table><tbody>\r\n<\/tbody><\/table>\r\n\r\n<\/div>\r\n\r\n","subjects":"<span>Mathematics, Economics and any other Social Science subject<\/span>","institutions_list":"EUI"},{"id":"7410","title":"ANATOMY","de_requirements":"<p><span>(i) Two \u2018A\u2019 level passes chosen from Physics, Chemistry and Biology or\r\nZoology in addition to UTME requirements.<br>\r\n(ii) A University degree in a relevant field.<br>\r\n(iii) OND\/HND in related courses with Credit pass plus O' level entry\r\nrequirement.<br>\r\n(iv) IJMB\/JUPEB<\/span><\/p><p><span><b>TRANSFER FROM OTHER UNIVERSITIES<\/b><\/span><\/p><div>\r\n\r\n<table>\r\n <tbody><tr>\r\n  <td>\r\n  <p><span>(i) Minimum entry requirements into the\r\n  desired programme in EDSU<\/span><\/p>\r\n  <p><span>(ii) JAMB admission letter of current\r\n  University\/school<\/span><\/p>\r\n  <p><span>(iii)Jamb result used in getting admission\r\n  into current University\/School<\/span><\/p>\r\n  <\/td>\r\n <\/tr>\r\n<\/tbody><\/table>\r\n\r\n<\/div><p>\r\n\r\n<span>(iv)transcript\/certificate\r\nfrom current University\/school, which should be forwarded to EDSU<\/span><br><\/p>","utme_requirements":"<p><span>Five Credit passes at SSCE (or its equivalent) in English Language,\r\nMathematics, Biology, Chemistry, Physics at not more than two sittings<\/span><br><\/p>","subjects":"<span>Biology, Chemistry and Physics<\/span>","institutions_list":"EUI"},{"id":"7434","title":"ANIMAL & ENVIRONMENTAL BIOLOGY","de_requirements":"<p><span>(i) Two (2) 'A' level passes or NCE in Biology, Zoology or Botany and\r\none other Science subject in addition to UTME requirements.<br>\r\n(ii) OND\/HND with Credit passes from a recognized institution in addition to O\u2019\r\nlevel requirements.<br>\r\n(iii) A good pass in JUPEB subjects: Biology, Chemistry and Physics<br>\r\n(iv) IJMB passes in Biology, Chemistry, Physics<\/span><\/p><p><span><b>TRANSFER FROM OTHER UNIVERSITIES<\/b><\/span><\/p><div>\r\n\r\n<table>\r\n <tbody><tr>\r\n  <td>\r\n  <p><span>&nbsp; (i)\r\n  Minimum entry requirements into the desired programme in EDSU<\/span><\/p>\r\n  <p><span>&nbsp;(ii)\r\n  SSCE result (or its equivalent)<\/span><\/p>\r\n  <p><span>(iii) JAMB admission letter of current\r\n  University\/school<\/span><\/p>\r\n  <p><span>(iv)Jamb result used in getting admission\r\n  into current University\/School<\/span><\/p>\r\n  <p><span>(v) Transcript\/certificate from current\r\n  University\/school, which should be forwarded to EDSU<\/span><\/p>\r\n  <\/td>\r\n <\/tr>\r\n<\/tbody><\/table>\r\n\r\n<\/div><p><span>\r\n\r\n<span>&nbsp;<\/span><b><br><\/b><\/span><\/p><p><span><b><br><\/b><\/span><\/p><p><span><br><\/span><br><\/p>","utme_requirements":"<p><span>Five (5) SSCE credit passes in English Language, Mathematics, Biology,\r\nChemistry and one (1) other science subject at not more than two sittings<\/span><br><\/p>","subjects":"<span>Biology and any two (2) of Physics, Chemistry Mathematics and <\/span><span>Agricultural science<span>.<\/span><\/span>","institutions_list":"EUI"},{"id":"7421","title":"ARABIC STUDIES","de_requirements":"<p><span>Two (2) \u2018A\u2019 Level passes in Arabic and any other Arts\r\nsubject.<\/span><\/p>","utme_requirements":"<p><span>Five (5) SSC credit passes in English Language,\r\nArabic and three (3) other relevant subjects.<\/span><\/p>","subjects":"Arabic and two (2) subjects from Arts and\/or Social Sciences.","institutions_list":"EUI"},{"id":"7413","title":"BANKING AND FINANCE","de_requirements":"<p>\r\n\r\n<\/p><div>\r\n\r\n<table>\r\n <tbody><tr>\r\n  <td>\r\n  <p><span>(i) Two \u2018A\u2019 level passes including Economics in addition to UTME\r\nrequirements.<br>\r\n(ii) NCE with passes at Merit level in relevant subjects.<br>\r\n(iii) ND\/HND at Credit level in a related discipline<br>\r\n(iv) A good pass in JUPEB\/IJMB Subjects<\/span><span> with 5 points and above without an \u201cF\u201d grade will be\r\nadmitted to 200 level. <br><\/span><\/p><p><span>(v) Candidate with less than 5 points but not lower than 2 points and with not more than one&nbsp; <\/span><span>\u201cF\u201d grade will be\r\nadmitted to 100 level. <\/span><\/p><p><span>(vi) A University degree in a related discipline.<\/span><\/p><p><span><br><\/span><\/p><p><span><b>TRANSFER FROM&nbsp; OTHER UNIVERSITIES<\/b><\/span><\/p><div>\r\n\r\n<table>\r\n <tbody><tr>\r\n  <td>\r\n  <p><span>(i) Minimum entry requirements into the\r\n  desired programme in EDSU<\/span><\/p>\r\n  <p><span>&nbsp;(ii)\r\n  SSCE result (or its equivalent)<\/span><\/p>\r\n  <p><span>(iii) JAMB admission letter of current\r\n  University\/school<\/span><\/p>\r\n  <p><span>(iv)Jamb result used in getting admission into\r\n  current University\/School<\/span><\/p>\r\n  <p><span>(v)transcript\/certificate from current\r\n  University\/school, which should be forwarded to EDSU<\/span><\/p>\r\n  <p><span>&nbsp;<\/span><\/p>\r\n  <\/td>\r\n <\/tr>\r\n<\/tbody><\/table>\r\n\r\n<\/div><\/td><\/tr><\/tbody><\/table><\/div>","utme_requirements":"<p>\r\n\r\n<\/p><div>\r\n\r\n<table>\r\n <tbody><tr>\r\n  <td>\r\n  <p><span>Five Credit passes at SSCE (or its equivalent) including English\r\nLanguage, Mathematics, Economics\/Principle of Accounts\/Commerce\/Principle of Finance and two other social subjects at not more\r\nthan two sittings<\/span><br><\/p><\/td><\/tr><\/tbody><\/table><\/div>","subjects":"<span>Mathematics, Economics and any other Social Science subject<\/span>","institutions_list":"EUI"},{"id":"7420","title":"BIOCHEMISTRY","de_requirements":"<p><span>(i) Two \u2018A\u2019 level passes chosen from Chemistry, Physics\/Mathematics and\r\nBiology\/Botany\/Zoology in addition to UTME requirements.<br>\r\n(ii)NCE\/ND\/HND with Credit passes in related field plus UTME requirement.<br>\r\n(iii) IJMB\/JUPEB<\/span><\/p><p><span><b>TRANSFER FROM OTHER UNIVERSITIES<\/b><\/span><\/p><div>\r\n\r\n<table>\r\n <tbody><tr>\r\n  <td>\r\n  <p><span>(i) Minimum entry requirements into the\r\n  desired programme in EDSU<\/span><\/p>\r\n  <p><span>(ii) JAMB admission letter of current\r\n  University\/school<\/span><\/p>\r\n  <p><span>(iii)Jamb result used in getting admission\r\n  into current University\/School<\/span><\/p>\r\n  <\/td>\r\n <\/tr>\r\n<\/tbody><\/table>\r\n\r\n<\/div><p><span>\r\n\r\n<span>(iv)transcript\/certificate\r\nfrom current University\/school, which should be forwarded to EDSU<\/span><br><\/span><br><\/p>","utme_requirements":"<p><span>Five Credit passes at SSCE (or its equivalent) in English Language,\r\nMathematics, Biology, Chemistry, Physics at not more than two sittings<\/span><br><\/p>","subjects":"<span>Biology, Chemistry and Physics\/<\/span><span>Mathematics<span>.<\/span><\/span>","institutions_list":"EUI"},{"id":"7445","title":"BIOLOGY","de_requirements":"<p><span>i)\r\nTwo (2) 'A' Level passes from Chemistry, Biology, Botany\/Zoology.<\/span><\/p><p>\r\n\r\n<\/p><p><span>(ii)\r\nNCE merit accepted.<\/span><\/p>","utme_requirements":"<p><span>Five (5) SSC credit passes to include English\r\nLanguage, Biology, Chemistry and Mathematics\/Physics.<\/span><\/p>","subjects":"Biology, Chemistry and Physics or Mathematics.","institutions_list":"EUI"},{"id":"29456","title":"BROADCASTING","de_requirements":"","utme_requirements":"","subjects":"","institutions_list":"EUI"},{"id":"7408","title":"BUSINESS ADMINISTRATION","de_requirements":"<p>\r\n\r\n<\/p><div>\r\n\r\n<table>\r\n <tbody><tr>\r\n  <td>\r\n  <p><span>(i) Two \u2018A\u2019 level passes including Economics in addition to UTME\r\nrequirements.<br>\r\n(ii) NCE with passes at Merit level in relevant subjects.<br>\r\n(iii) ND\/HND at Credit level in a related discipline<br>\r\n(iv) A good pass in JUPEB\/IJMB with 5\r\npoints and above without an \u201cF\u201d grade will be admitted to 200 level. <br><\/span><\/p><p><span>(v) Candidate with less than <\/span><span>5\r\npoints but not lower than 2 points with not more than one <\/span><span>\u201cF\u201d grade will be admitted to 100 level. <\/span><\/p><p><span>(vi) A University degree in a related discipline.<\/span><\/p><p><span><b><br><\/b><\/span><\/p><p><span><b><br><\/b><\/span><\/p><p><span><b>TRANSFER FROM OTHER UNIVERSITIES<\/b><\/span><\/p><div>\r\n\r\n<table>\r\n <tbody><tr>\r\n  <td>\r\n  <p><span>(i) Minimum entry requirements into the\r\n  desired programme in EDSU<\/span><\/p>\r\n  <p><span>&nbsp;(ii)\r\n  SSCE result (or its equivalent)<\/span><\/p>\r\n  <p><span>(iii) JAMB admission letter of current\r\n  University\/school<\/span><\/p>\r\n  <p><span>(iv)Jamb result used in getting admission into\r\n  current University\/School<\/span><\/p>\r\n  <p><span>(v)transcript\/certificate from current\r\n  University\/school, which should be forwarded to EDSU<\/span><\/p>\r\n  <p><span>&nbsp;<\/span><\/p>\r\n  <\/td>\r\n <\/tr>\r\n<\/tbody><\/table>\r\n\r\n<\/div>\r\n  <\/td>\r\n <\/tr>\r\n<\/tbody><\/table>\r\n\r\n<\/div>\r\n\r\n","utme_requirements":"<p>\r\n\r\n<\/p><div>\r\n\r\n<table>\r\n <tbody><tr>\r\n  <td>\r\n  <p><span>Five Credit passes at SSCE (or its equivalent) including English\r\nLanguage, Mathematics, Economics\/Principle of Accounts\/ Commerce\/ Principle of Finance and two other social science subjects at not more\r\nthan two sittings<\/span><br><\/p>\r\n  <\/td>\r\n <\/tr>\r\n<\/tbody><\/table>\r\n\r\n<\/div>\r\n\r\n","subjects":"Mathematics, Economics and any other Social Science subject","institutions_list":"EUI"},{"id":"7409","title":"CHEMICAL ENGINEERING","de_requirements":"<div>\r\n\r\n<table>\r\n <tbody><tr>\r\n  <td>\r\n  <p><span>(i) Two `A\u2019 level passes in Physics,\r\n  Chemistry and Mathematics in addition to UTME requirements.<br>\r\n  (ii) OND\/HND not below Credit level.<br>\r\n  (iii) JUPEB\/IJMB passes in Physics, Chemistry and Mathematics <br>\r\n  (iv) BSc. in a relevant field.<\/span><\/p><p><span><b>TRANSFER FROM OTHER UNIVERSITIES<\/b><\/span><\/p><div>\r\n\r\n<table>\r\n <tbody><tr>\r\n  <td>\r\n  <p><span>(i) Minimum entry requirements into the\r\n  desired programme in EDSU<\/span><\/p>\r\n  <p><span>&nbsp;(ii)\r\n  SSCE result (or its equivalent)<\/span><\/p>\r\n  <p><span>(iii) JAMB admission letter of current\r\n  University\/school<\/span><\/p>\r\n  <p><span>(iv)Jamb result used in getting admission\r\n  into current University\/School<\/span><\/p>\r\n  <p><span>(v)transcript\/certificate from current\r\n  University\/school, which should be forwarded to EDSU<\/span><\/p>\r\n  <\/td>\r\n <\/tr>\r\n<\/tbody><\/table>\r\n\r\n<\/div><p>\r\n\r\n<span>&nbsp;<\/span><span><b><br><\/b><\/span><\/p><p><span><b><br><\/b><\/span><\/p><p><span><\/span><\/p>\r\n  <\/td>\r\n <\/tr>\r\n<\/tbody><\/table>\r\n\r\n<\/div>","utme_requirements":"<span>Five Credit passes at SSCE (or its equivalent) to include Physics,\r\nChemistry, Mathematics and English Language and any other Science subject at\r\nnot more than two sittings.<\/span>","subjects":"Mathematics, Physics and Chemistry.","institutions_list":"EUI"},{"id":"25097","title":"CHEMICAL ENGINEERING:","de_requirements":"<div>\r\n\r\n<table>\r\n <tbody><tr>\r\n  <td>\r\n  <p><span>(i) Two `A\u2019 level passes in Physics,\r\n  Chemistry and Mathematics in addition to UTME requirements.<br>\r\n  (ii) OND\/HND not below Credit level.<br>\r\n  (iii) JUPEB\/IJMB passes in Physics, Chemistry and Mathematics <br>\r\n  (iv) BSc. in a relevant field.<\/span><\/p><p><span><b>TRANSFER FROM OTHER UNIVERSITES<\/b><\/span><\/p><div>\r\n\r\n<table>\r\n <tbody><tr>\r\n  <td>\r\n  <p><span>(i) Minimum entry requirements into the\r\n  desired programme in EDSU<\/span><\/p>\r\n  <p><span>&nbsp;(ii)\r\n  SSCE result (or its equivalent)<\/span><\/p>\r\n  <p><span>(iii) JAMB admission letter of current\r\n  University\/school<\/span><\/p>\r\n  <p><span>(iv)Jamb result used in getting admission\r\n  into current University\/School<\/span><\/p>\r\n  <p><span>(v)transcript\/certificate from current\r\n  University\/school, which should be forwarded to EDSU<\/span><\/p>\r\n  <\/td>\r\n <\/tr>\r\n<\/tbody><\/table>\r\n\r\n<\/div><p>\r\n\r\n<span>&nbsp;<\/span><span><b><br><\/b><\/span><\/p><p><span><b><br><\/b><\/span><\/p><p><span><\/span><\/p>\r\n  <\/td>\r\n <\/tr>\r\n<\/tbody><\/table>\r\n\r\n<\/div>","utme_requirements":"<p><span>Five Credit passes at SSCE (or its equivalent) to include Physics,\r\nChemistry, Mathematics and English Language and any other Science subject at\r\nnot more than two sittings.<\/span><br><\/p>","subjects":"<p><span>Mathematics, Physics and Chemistry<\/span><br><\/p>","institutions_list":"EUI"},{"id":"25099","title":"CHEMICAL ENGINEERING:","de_requirements":"<div>\r\n\r\n<table>\r\n <tbody><tr>\r\n  <td>\r\n  <p><span>(i) Two `A\u2019 level passes in Physics,\r\n  Chemistry and Mathematics in addition to UTME requirements.<br>\r\n  (ii) OND\/HND not below Credit level.<br>\r\n  (iii) JUPEB\/IJMB passes in Physics, Chemistry and Mathematics <br>\r\n  (iv) BSc. in a relevant field.<\/span><\/p><p><span><b>TRANSFER FROM OTHER UNIVERSITES<\/b><\/span><\/p><div>\r\n\r\n<table>\r\n <tbody><tr>\r\n  <td>\r\n  <p><span>(i) Minimum entry requirements into the\r\n  desired programme in EDSU<\/span><\/p>\r\n  <p><span>&nbsp;(ii)\r\n  SSCE result (or its equivalent)<\/span><\/p>\r\n  <p><span>(iii) JAMB admission letter of current\r\n  University\/school<\/span><\/p>\r\n  <p><span>(iv)Jamb result used in getting admission\r\n  into current University\/School<\/span><\/p>\r\n  <p><span>(v)transcript\/certificate from current\r\n  University\/school, which should be forwarded to EDSU<\/span><\/p>\r\n  <\/td>\r\n <\/tr>\r\n<\/tbody><\/table>\r\n\r\n<\/div><p>\r\n\r\n<span>&nbsp;<\/span><span><b><br><\/b><\/span><\/p><p><span><b><br><\/b><\/span><\/p><p><span><\/span><\/p>\r\n  <\/td>\r\n <\/tr>\r\n<\/tbody><\/table>\r\n\r\n<\/div>","utme_requirements":"<p><span>Five Credit passes at SSCE (or its equivalent) to include Physics,\r\nChemistry, Mathematics and English Language and any other Science subject at\r\nnot more than two sittings.<\/span><br><\/p>","subjects":"<p><span>Mathematics, Physics and Chemistry<\/span><br><\/p>","institutions_list":"EUI"},{"id":"7430","title":"CHEMISTRY","de_requirements":"<p><span>i)&nbsp; Two (2) 'A' Level passes in Chemistry and any\r\none (1) of Physics, Mathematics or Biology.<\/span><\/p><p><span><o>&nbsp;<\/o:p><\/span><\/p><p>\r\n\r\n\r\n\r\n<\/p><p><span>(ii)&nbsp;&nbsp; ND\/NCE\r\nwith good grades in relevant 'O' Level subjects.<\/span><\/p>","utme_requirements":"<p><span>Five (5) SSC credit passes in English Language, Mathematics, Physics,\r\nChemistry and Biology.<\/span><\/p>","subjects":"Chemistry and two (2) of Physics, Biology and Mathematics.\r\n\r\n","institutions_list":"EUI"},{"id":"7422","title":"CHRISTIAN RELIGIOUS  STUDIES","de_requirements":"<p><span>Two (2) \u2018A\u2019 Level passes\/NCE to include CRS\/Religious\r\nStudies.<\/span><\/p>","utme_requirements":"<p><span>Five (5) SSC credit passes in English Language, CRS and three\r\n(3) other relevant subjects.<\/span><\/p>","subjects":"Two (2) Arts subjects including CRS and any other subject.","institutions_list":"EUI"},{"id":"25098","title":"CIVIL ENGINEERING","de_requirements":"<div>\r\n\r\n<table>\r\n <tbody><tr>\r\n  <td>\r\n  <p><span>(i) Two `A\u2019 level passes in Physics,\r\n  Chemistry and Mathematics in addition to UTME requirements.<br>\r\n  (ii) OND\/HND not below Credit level.<br>\r\n  (iii) JUPEB\/IJMB passes in Physics, Chemistry and Mathematics <br>\r\n  (iv) BSc. in a relevant field.<\/span><\/p><p><span><b>TRANSFER FROM OTHER UNIVERSITIES<\/b><\/span><\/p><div>\r\n\r\n<table>\r\n <tbody><tr>\r\n  <td>\r\n  <p><span>(i) Minimum entry requirements into the\r\n  desired programme in EDSU<\/span><\/p>\r\n  <p><span>&nbsp;(ii)\r\n  SSCE result (or its equivalent)<\/span><\/p>\r\n  <p><span>(iii) JAMB admission letter of current\r\n  University\/school<\/span><\/p>\r\n  <p><span>(iv)Jamb result used in getting admission\r\n  into current University\/School<\/span><\/p>\r\n  <p><span>(v)transcript\/certificate from current\r\n  University\/school, which should be forwarded to EDSU<\/span><\/p>\r\n  <\/td>\r\n <\/tr>\r\n<\/tbody><\/table>\r\n\r\n<\/div><p>\r\n\r\n<span>&nbsp;<\/span><span><b><br><\/b><\/span><\/p><p><span><b><br><\/b><\/span><\/p><p><span><\/span><\/p>\r\n  <\/td>\r\n <\/tr>\r\n<\/tbody><\/table>\r\n\r\n<\/div>","utme_requirements":"<p><span>Five Credit passes at SSCE (or its equivalent) to include Physics,\r\nChemistry, Mathematics and English Language and any other Science subject at\r\nnot more than two sittings.<\/span><br><\/p>","subjects":"<p><span>Mathematics, Physics and Chemistry<\/span><br><\/p>","institutions_list":"EUI"},{"id":"25100","title":"CIVIL ENGINEERING","de_requirements":"<div>\r\n\r\n<table>\r\n <tbody><tr>\r\n  <td>\r\n  <p><span>(i) Two `A\u2019 level passes in Physics,\r\n  Chemistry and Mathematics in addition to UTME requirements.<br>\r\n  (ii) OND\/HND not below Credit level.<br>\r\n  (iii) JUPEB\/IJMB passes in Physics, Chemistry and Mathematics <br>\r\n  (iv) BSc. in a relevant field.<\/span><\/p><p><span><b>TRANSFER FROM OTHER UNIVERSITIES<\/b><\/span><\/p><div>\r\n\r\n<table>\r\n <tbody><tr>\r\n  <td>\r\n  <p><span>(i) Minimum entry requirements into the\r\n  desired programme in EDSU<\/span><\/p>\r\n  <p><span>&nbsp;(ii)\r\n  SSCE result (or its equivalent)<\/span><\/p>\r\n  <p><span>(iii) JAMB admission letter of current\r\n  University\/school<\/span><\/p>\r\n  <p><span>(iv)Jamb result used in getting admission\r\n  into current University\/School<\/span><\/p>\r\n  <p><span>(v)transcript\/certificate from current\r\n  University\/school, which should be forwarded to EDSU<\/span><\/p>\r\n  <\/td>\r\n <\/tr>\r\n<\/tbody><\/table>\r\n\r\n<\/div><p>\r\n\r\n<span>&nbsp;<\/span><span><b><br><\/b><\/span><\/p><p><span><b><br><\/b><\/span><\/p><p><span><\/span><\/p>\r\n  <\/td>\r\n <\/tr>\r\n<\/tbody><\/table>\r\n\r\n<\/div>","utme_requirements":"<p><span>Five Credit passes at SSCE (or its equivalent) to include Physics,\r\nChemistry, Mathematics and English Language and any other Science subject at\r\nnot more than two sittings.<\/span><br><\/p>","subjects":"<p><span>Mathematics, Physics and Chemistry<\/span><br><\/p>","institutions_list":"EUI"},{"id":"7412","title":"CIVIL ENGINEERING","de_requirements":"<div>\r\n\r\n<table>\r\n <tbody><tr>\r\n  <td>\r\n  <p><span>(i) Two `A\u2019 level passes in Physics,\r\n  Chemistry and Mathematics in addition to UTME requirements.<br>\r\n  (ii) OND\/HND not below Credit level.<br>\r\n  (iii) JUPEB\/IJMB passes in Physics, Chemistry and Mathematics <br>\r\n  (iv) BSc. in a relevant field.<\/span><\/p><p><span><b>TRANSFER FROM OTHER UNIVERSITIES<\/b><\/span><\/p><div>\r\n\r\n<table>\r\n <tbody><tr>\r\n  <td>\r\n  <p><span>(i) Minimum entry requirements into the\r\n  desired programme in EDSU<\/span><\/p>\r\n  <p><span>&nbsp;(ii)\r\n  SSCE result (or its equivalent)<\/span><\/p>\r\n  <p><span>(iii) JAMB admission letter of current\r\n  University\/school<\/span><\/p>\r\n  <p><span>(iv)Jamb result used in getting admission\r\n  into current University\/School<\/span><\/p>\r\n  <p><span>(v)transcript\/certificate from current\r\n  University\/school, which should be forwarded to EDSU<\/span><\/p>\r\n  <\/td>\r\n <\/tr>\r\n<\/tbody><\/table>\r\n\r\n<\/div><p><span><b><br><\/b><\/span><\/p><p><span><\/span><\/p>\r\n  <\/td>\r\n <\/tr>\r\n<\/tbody><\/table>\r\n\r\n<\/div>","utme_requirements":"<span>Five Credit passes at SSCE (or its equivalent) to include Physics,\r\nChemistry, Mathematics and English Language and any other Science subject at\r\nnot more than two sittings.<\/span>","subjects":"Physics, Chemistry and Mathematics","institutions_list":"EUI"},{"id":"7447","title":"COMPUTER ENGINEERING","de_requirements":"<div>\r\n\r\n<table>\r\n <tbody><tr>\r\n  <td>\r\n  <p><span>(i) Two `A\u2019 level passes in Physics,\r\n  Chemistry and Mathematics in addition to UTME requirements.<br>\r\n  (ii) OND\/HND not below Credit level.<br>\r\n  (iii) JUPEB\/IJMB passes in Physics, Chemistry and Mathematics <br>\r\n  (iv) BSc. in a relevant field.<\/span><\/p><p><span><b>TRANSFER FROM OTHER UNIVERSITIES<\/b><\/span><\/p><div>\r\n\r\n<table>\r\n <tbody><tr>\r\n  <td>\r\n  <p><span>(i) Minimum entry requirements into the\r\n  desired programme in EDSU<\/span><\/p>\r\n  <p><span>&nbsp;(ii)\r\n  SSCE result (or its equivalent)<\/span><\/p>\r\n  <p><span>(iii) JAMB admission letter of current\r\n  University\/school<\/span><\/p>\r\n  <p><span>(iv)Jamb result used in getting admission\r\n  into current University\/School<\/span><\/p>\r\n  <p><span>(v)transcript\/certificate from current\r\n  University\/school, which should be forwarded to EDSU<\/span><\/p>\r\n  <\/td>\r\n <\/tr>\r\n<\/tbody><\/table>\r\n\r\n<\/div><p>\r\n\r\n<span>&nbsp;<\/span><span><b><br><\/b><\/span><\/p><p><span><b><br><\/b><\/span><\/p><p><span><\/span><\/p>\r\n  <\/td>\r\n <\/tr>\r\n<\/tbody><\/table>\r\n\r\n<\/div>","utme_requirements":"<p><span>Five Credit passes at SSCE (or its equivalent) to include Physics,\r\nChemistry, Mathematics and English Language and any other Science subject at\r\nnot more than two sittings.<\/span><br><\/p>","subjects":"Mathematics, Physics and Chemistry.","institutions_list":"EUI"},{"id":"7438","title":"COMPUTER SCIENCE","de_requirements":"<p><span>(i) Two A\/L passes in science subjects including Mathematics in addition\r\nto UTME requirements.<br>\r\n(ii) NCE with at least Merit in Mathematics and one other Science or Social\r\nScience subject.<br>\r\n(iii) OND\/HND with Credit passes from a recognized institution in addition to\r\nO\u2019 level requirements<br>\r\n(iv) IJMB\/JUPEB<\/span><\/p><p><span><br><\/span><\/p><p><span><br><\/span><\/p><p><span><b>TRANSFER FROM OTHER UNIVERSITIES<\/b><\/span><\/p><div>\r\n\r\n<table>\r\n <tbody><tr>\r\n  <td>\r\n  <p><span>&nbsp; (i)\r\n  Minimum entry requirements into the desired programme in EDSU<\/span><\/p>\r\n  <p><span>&nbsp;(ii)\r\n  SSCE result (or its equivalent)<\/span><\/p>\r\n  <p><span>(iii) JAMB admission letter of current\r\n  University\/school<\/span><\/p>\r\n  <p><span>(iv)Jamb result used in getting admission\r\n  into current University\/School<\/span><\/p>\r\n  <p><span>(v) Transcript\/certificate from current\r\n  University\/school, which should be forwarded to EDSU<\/span><\/p>\r\n  <\/td>\r\n <\/tr>\r\n<\/tbody><\/table>\r\n\r\n<\/div><p><span>\r\n\r\n<span>&nbsp;<\/span><b><br><\/b><\/span><\/p><p><span><b><br><\/b><\/span><\/p><p><span><br><\/span><br><\/p>","utme_requirements":"<p><span>Five Credit passes at SSCE (or its equivalent) to include English\r\nLanguage, Mathematics, Physics plus two other science subjects at not more than\r\ntwo sittings<\/span><br><\/p>","subjects":"<span>Mathematics, Physics and one of Biology, Chemistry, <\/span><span>Agricultural science<span>,\r\nEconomics and Geography.<\/span><\/span>","institutions_list":"EUI"},{"id":"29461","title":"CYBER SECURITY","de_requirements":"","utme_requirements":"","subjects":"","institutions_list":"EUI"},{"id":"7414","title":"ECONOMICS","de_requirements":"<p>\r\n\r\n<\/p><div>\r\n\r\n<table>\r\n <tbody><tr>\r\n  <td>\r\n  <p><span>(i) Two \u2018A\u2019 level passes in Economics and any one of Mathematics,\r\nStatistics, Geography, Physics, Chemistry, Agricultural Science, Accounting,\r\nBusiness Management, History and Government in addition to UTME requirements.<br>\r\n(ii) NCE with passes at Merit level in relevant subjects.<br>\r\n(iii) ND\/HND at credit level in a related discipline<br>\r\n(iv) A good pass in JUPEB\/IJMB Subject<\/span><\/p><p><span><b>TRANSFER FROM OTHER UNIVERSITIES<\/b><\/span><\/p><p><span><\/span><\/p><div>\r\n\r\n<table>\r\n <tbody><tr>\r\n  <td>\r\n  <p><span>(i) Minimum entry requirements into the\r\n  desired programme in EDSU<\/span><\/p>\r\n  <p><span>&nbsp;(ii)\r\n  SSCE result (or its equivalent)<\/span><\/p>\r\n  <p><span>(iii) JAMB admission letter of current\r\n  University\/school<\/span><\/p>\r\n  <p><span>(iv)Jamb result used in getting admission into\r\n  current University\/School<\/span><\/p>\r\n  <p><span>(v)transcript\/certificate from current\r\n  University\/school, which should be forwarded to EDSU<\/span><\/p>\r\n  <\/td>\r\n <\/tr>\r\n<\/tbody><\/table>\r\n\r\n<\/div><p><span><b><br><\/b><\/span><\/p><p><span><br><\/span><br><\/p>\r\n  <\/td>\r\n <\/tr>\r\n<\/tbody><\/table>\r\n\r\n<\/div>\r\n\r\n","utme_requirements":"<p>\r\n\r\n<\/p><div>\r\n\r\n<table>\r\n <tbody><tr>\r\n  <td>\r\n  <p><span>Five Credit passes at SSCE (or its equivalent) including English\r\nLanguage, Mathematics, Economics and two other relevant subjects at not more\r\nthan two sittings<\/span><br><\/p>\r\n  <\/td>\r\n <\/tr>\r\n<\/tbody><\/table>\r\n\r\n<\/div>\r\n\r\n","subjects":"<span>Economics, Mathematics and any of Government, History, Geography,\r\nLit-in-English, French and CRK\/IRK.<\/span>","institutions_list":"EUI"},{"id":"7450","title":"EDUCATION & ARABIC","de_requirements":"<div>\r\n\r\n<table>\r\n <tbody><tr>\r\n  <td>\r\n  <p><span>Two (2) 'A'\r\n  Level passes or NCE in relevant subjects including Arabic.<\/span><\/p>\r\n  <\/td>\r\n <\/tr>\r\n<\/tbody><\/table>\r\n\r\n<\/div>","utme_requirements":"<div>\r\n\r\n<table>\r\n <tbody><tr>\r\n  <td>\r\n  <p><span>Five (5) 'O'\r\n  Level credit passes in relevant subjects including English Language and\r\n  Arabic.<\/span><\/p>\r\n  <\/td>\r\n <\/tr>\r\n<\/tbody><\/table>\r\n\r\n<\/div>","subjects":"Arabic and any two (2) relevant Arts\/Social Science subjects.","institutions_list":"EUI"},{"id":"7423","title":"EDUCATION & BIOLOGY","de_requirements":"\r\n\r\n<table>\r\n <tbody><tr>\r\n  <td>\r\n  <p><br><\/p>\r\n  <\/td>\r\n <\/tr>\r\n<\/tbody><\/table><div>\r\n\r\n<table>\r\n <tbody><tr>\r\n  <td>\r\n  <p><span>NCE\/'A' Level\r\n  passes in Biology and one (1) other Science subject.<\/span><\/p>\r\n  <\/td>\r\n <\/tr>\r\n<\/tbody><\/table>\r\n\r\n<\/div>\r\n\r\n","utme_requirements":"\r\n\r\n<table>\r\n <tbody><tr>\r\n  <td>\r\n  <p><br><\/p>\r\n  <\/td>\r\n <\/tr>\r\n<\/tbody><\/table><div>\r\n\r\n<table>\r\n <tbody><tr>\r\n  <td>\r\n  <p><span>Five (5) SSC credit\r\n  passes in English Language, Biology, Chemistry, Mathematics and one (1) other\r\n  subject.<\/span><\/p>\r\n  <\/td>\r\n <\/tr>\r\n<\/tbody><\/table>\r\n\r\n<\/div>\r\n\r\n","subjects":"Biology and two (2) other subjects from Chemistry, Mathematics and Physics.","institutions_list":"EUI"},{"id":"7417","title":"EDUCATION & CHEMISTRY","de_requirements":"<div>\r\n\r\n<table>\r\n <tbody><tr>\r\n  <td>\r\n  <p><span>Two (2) \u2018A\u2019 Level\/NCE\r\n  passes including Chemistry and one (1) other Science subject.<\/span><\/p>\r\n  <\/td>\r\n <\/tr>\r\n<\/tbody><\/table>\r\n\r\n<\/div>","utme_requirements":"<div>\r\n\r\n<table>\r\n <tbody><tr>\r\n  <td>\r\n  <p><span>Five (5) SSC\r\n  credits in Mathematics, Chemistry, English Language and two (2) of Physics,\r\n  Biology and Agricultural Science.<\/span><\/p>\r\n  <\/td>\r\n <\/tr>\r\n<\/tbody><\/table>\r\n\r\n<\/div>","subjects":"Chemistry and two (2) other subjects chosen from Physics, Biology and Mathematics.","institutions_list":"EUI"},{"id":"7442","title":"EDUCATION & CHRISTIAN RELIGIOUS STUDIES","de_requirements":"<div>\r\n\r\n<table>\r\n <tbody><tr>\r\n  <td>\r\n  <p><span>Two (2) 'A'\r\n  Level passes\/NCE merit in Religious Studies and one (1) other Arts subject.<\/span><\/p>\r\n  <\/td>\r\n <\/tr>\r\n<\/tbody><\/table>\r\n\r\n<\/div>","utme_requirements":"<div>\r\n\r\n<table>\r\n <tbody><tr>\r\n  <td>\r\n  <p><span>Five (5) 'O'\r\n  Level credit passes or TC II merit in five (5) subjects including English\r\n  Language, Religious Studies and three (3) other Arts subjects.<\/span><\/p>\r\n  <\/td>\r\n <\/tr>\r\n<\/tbody><\/table>\r\n\r\n<\/div>","subjects":"Two (2) Arts subject including Religious studies and one (1) other subject.","institutions_list":"EUI"},{"id":"7451","title":"EDUCATION & ECONOMICS","de_requirements":"<p>(i)<span>\t<\/span>Two (2) 'A' Level passes in Economics and one (1) other relevant subject.<\/p><p>(ii) <span>\t<\/span>NCE merit\/credit in Economics and one (1) other subject.<\/p><p><br><\/p>","utme_requirements":"<p>Five (5) 'O' Level credit passes to include English Language, Economics and Mathematics.<\/p><p><br><\/p>","subjects":"Economics, Mathematics and one (1) other subject from Geography\/Physics, History, Government and Literature in English.\r\n\r\n","institutions_list":"EUI"},{"id":"7440","title":"EDUCATION & ENGLISH LANGUAGE","de_requirements":"<div>\r\n\r\n<table>\r\n <tbody><tr>\r\n  <td>\r\n  <p><span>(i)&nbsp; Two (2) 'A' Level passes in relevant\r\n  teaching subjects including Literature in English.<\/span><\/p>\r\n  <p><span>(ii)&nbsp; NCE\r\n  credit or merit in two(2)relevant subjects.<\/span><\/p>\r\n  <\/td>\r\n <\/tr>\r\n<\/tbody><\/table>\r\n\r\n<\/div>","utme_requirements":"<div>\r\n\r\n<table>\r\n <tbody><tr>\r\n  <td>\r\n  <p><span>Five (5) 'O'\r\n  Level credit passes to include English Language and Literature in English plus\r\n  three (3) other Arts or Social Science subjects.<\/span><\/p>\r\n  <\/td>\r\n <\/tr>\r\n<\/tbody><\/table>\r\n\r\n<\/div>","subjects":"Literature in English and one (1) Art and any other subject.","institutions_list":"EUI"},{"id":"7424","title":"EDUCATION & MATHEMATICS","de_requirements":"<div>\r\n\r\n<table>\r\n <tbody><tr>\r\n  <td>\r\n  <p><span>Two (2)'A' Level passes\/NCE in\r\n  Mathematics and one (1) Science subject.<\/span><\/p>\r\n  <\/td>\r\n <\/tr>\r\n<\/tbody><\/table>\r\n\r\n<\/div>","utme_requirements":"<div>\r\n\r\n<table>\r\n <tbody><tr>\r\n  <td>\r\n  <p><span>Five (5) SSC credit\r\n  passes to include English Language, Mathematics plus one (1) other Science\r\n  subject.<\/span><\/p>\r\n  <\/td>\r\n <\/tr>\r\n<\/tbody><\/table>\r\n\r\n<\/div>","subjects":"Mathematics and any two (2) of the following Science subjects: Physics, Chemistry and Biology.","institutions_list":"EUI"},{"id":"7428","title":"EDUCATION & PHYSICS","de_requirements":"<div>\r\n\r\n<table>\r\n <tbody><tr>\r\n  <td>\r\n  <p><span>(i)&nbsp; Two (2) 'A'\r\n  Level passes in Physics and Mathematics.<\/span><\/p>\r\n  <p><span>(ii) NCE credit\/merit in relevant subjects.<\/span><\/p>\r\n  <\/td>\r\n <\/tr>\r\n<\/tbody><\/table>\r\n\r\n<\/div>","utme_requirements":"<p><span>Five (5) 'O' Level credits passes to include English\r\nLanguage, Physics, Mathematics and two (2) other Science subjects or NTC\/NBC.<\/span><br><\/p>","subjects":"Physics, Mathematics or Chemistry plus one (1) other subjects.","institutions_list":"EUI"},{"id":"7448","title":"ELECTRICAL \/ELECTRONICS ENGINEERING","de_requirements":"<div>\r\n\r\n<table>\r\n <tbody><tr>\r\n  <td>\r\n  <p><span>i) Two `A\u2019 level passes in Physics,\r\n  Chemistry and Mathematics in addition to UTME requirements.<br>\r\n  (ii) OND\/HND not below Credit level.<br>\r\n  (iii) JUPEB\/IJMB passes in Physics, Chemistry and Mathematics <br>\r\n  (iv) BSc. in a relevant field.<\/span><\/p><p><span><b>TRANSFER FROM OTHER UNIVERSITIES<\/b><\/span><\/p><div>\r\n\r\n<table>\r\n <tbody><tr>\r\n  <td>\r\n  <p><span>(i) Minimum entry requirements into the\r\n  desired programme in EDSU<\/span><\/p>\r\n  <p><span>&nbsp;(ii)\r\n  SSCE result (or its equivalent)<\/span><\/p>\r\n  <p><span>(iii) JAMB admission letter of current\r\n  University\/school<\/span><\/p>\r\n  <p><span>(iv)Jamb result used in getting admission\r\n  into current University\/School<\/span><\/p>\r\n  <p><span>(v)transcript\/certificate from current\r\n  University\/school, which should be forwarded to EDSU<\/span><\/p>\r\n  <\/td>\r\n <\/tr>\r\n<\/tbody><\/table>\r\n\r\n<\/div><p>\r\n\r\n<span>&nbsp;<\/span><span><b><br><\/b><\/span><\/p><p><span><b><br><\/b><\/span><\/p><p><span><\/span><\/p>\r\n  <\/td>\r\n <\/tr>\r\n<\/tbody><\/table>\r\n\r\n<\/div>","utme_requirements":"<p><span>Five Credit passes at SSCE (or its equivalent) to include Physics,\r\nChemistry, Mathematics and English Language and any other Science subject at\r\nnot more than two sittings.<\/span><br><\/p>","subjects":"Mathematics, Physics and Chemistry","institutions_list":"EUI"},{"id":"7427","title":"ENGLISH LANGUAGE","de_requirements":"<p><span>(i)Two \u2018A\u2019 level passes to include Literature-in-English and one other\r\nArts subject in addition to UTME requirements.<br>\r\n(ii) NCE with passes at Merit level in relevant subjects.<br>\r\n(iii) ND\/HND at Credit level in a related discipline<br>\r\n(iv) A good pass in JUPEB\/IJMB Subjects: Literature in English and any two of\r\nReligious studies, History, Government, Music, Fine Arts and French<\/span><\/p><p><span><b>TRANSFER FROM OTHER UNIVERSITIES<\/b><\/span><\/p><div>\r\n\r\n<table>\r\n <tbody><tr>\r\n  <td>\r\n  <p><span>(i) Minimum entry requirements into the\r\n  desired programme in EDSU<\/span><\/p>\r\n  <p><span>&nbsp;(ii)\r\n  SSCE result (or its equivalent)<\/span><\/p>\r\n  <p><span>(iii) JAMB admission letter of current\r\n  University\/school<\/span><\/p>\r\n  <p><span>(iv)Jamb result used in getting admission into\r\n  current University\/School<\/span><\/p>\r\n  <p><span>(v)transcript\/certificate from current\r\n  University\/school, which should be forwarded to EDSU<\/span><\/p>\r\n  <p><span>&nbsp;<\/span><\/p>\r\n  <\/td>\r\n <\/tr>\r\n<\/tbody><\/table>\r\n\r\n<\/div><p><span>\r\n\r\n<span>&nbsp;<\/span><br><\/span><br><\/p>","utme_requirements":"<p><span>Five Credit passes at SSCE (or its equivalent) to include Literature in\r\nEnglish, English Language, Mathematics and two other Arts or Social Science\r\nsubjects at not more than two sittings.<\/span><br><\/p>","subjects":"<span>Literature in English, one other Arts subject and another Arts or Social\r\nScience subject<\/span>","institutions_list":"EUI"},{"id":"7446","title":"ENTREPRENEURSHIP","de_requirements":"<p><span>(i) Two (2) 'A' level passes to include Economics and one (1) of,\r\nAccounts, Business Management, Government, Geography or Mathematics<br>\r\n(ii) NCE with passes at Merit level in relevant subjects.<br>\r\n(iii) ND\/HND at Credit level in a related discipline<br>\r\n(iv) Very good passes in JUPEB\/IJMB Subjects<\/span><\/p><p><span><b>TRANSFER FROM OTHER UNIVERSITIES<\/b><\/span><\/p><p><span><\/span><\/p><div>\r\n\r\n<table>\r\n <tbody><tr>\r\n  <td>\r\n  <p><span>(i) Minimum entry requirements into the\r\n  desired programme in EDSU<\/span><\/p>\r\n  <p><span>&nbsp;(ii)\r\n  SSCE result (or its equivalent)<\/span><\/p>\r\n  <p><span>(iii) JAMB admission letter of current\r\n  University\/school<\/span><\/p>\r\n  <p><span>(iv)Jamb result used in getting admission into\r\n  current University\/School<\/span><\/p>\r\n  <p><span>(v)transcript\/certificate from current\r\n  University\/school, which should be forwarded to EDSU<\/span><\/p>\r\n  <p><span>&nbsp;<\/span><\/p>\r\n  <\/td>\r\n <\/tr>\r\n<\/tbody><\/table>\r\n\r\n<\/div><p><span><b><br><\/b><\/span><\/p><p><span><br><\/span><br><\/p>","utme_requirements":"<p><span>Five (5) SSCE credit passes to include English Language, Mathematics,\r\nEconomics, one (1) Science subject and one (1) other Social Science or\r\nCommercial subject at not more than two sittings.<\/span><br><\/p>","subjects":"<span>Mathematics, Economics and any other Social Science subject<\/span>","institutions_list":"EUI"},{"id":"7429","title":"HISTORY & INTERNATIONAL STUDIES","de_requirements":"<p><span>(i) Two `A` level Credit passes in History\/Government and any other\r\nrelated subject in addition to UTME requirements.<br>\r\n(ii) NCE with passes at Merit level in relevant subjects.<br>\r\n(iii) ND\/HND at Credit level in a related discipline<br>\r\n(iv) A good pass in JUPEB\/IJMB Subjects<\/span><\/p><p><span><b>TRANSFER FROM OTHER UNIVERSITIES<\/b><\/span><\/p><div>\r\n\r\n<table>\r\n <tbody><tr>\r\n  <td>\r\n  <p><span>(i) Minimum entry requirements into the\r\n  desired programme in EDSU<\/span><\/p>\r\n  <p><span>&nbsp;(ii)\r\n  SSCE result (or its equivalent)<\/span><\/p>\r\n  <p><span>(iii) JAMB admission letter of current\r\n  University\/school<\/span><\/p>\r\n  <p><span>(iv)Jamb result used in getting admission into\r\n  current University\/School<\/span><\/p>\r\n  <p><span>(v)transcript\/certificate from current\r\n  University\/school, which should be forwarded to EDSU<\/span><\/p>\r\n  <p><span>&nbsp;<\/span><\/p>\r\n  <\/td>\r\n <\/tr>\r\n<\/tbody><\/table>\r\n\r\n<\/div><p><span><br><\/span><br><\/p>","utme_requirements":"<p><span>Five Credit passes at SSCE (or its equivalent) including English\r\nlanguage, Mathematics and History\/Government at not more than two sittings.<\/span><br><\/p>","subjects":"<span>History\/ Government and any other two subjects from Arts &amp; Social\r\nscience<\/span>.","institutions_list":"EUI"},{"id":"7431","title":"INDUSTRIAL CHEMISTRY","de_requirements":"<p><span>(i) 'A' level passes in Chemistry and any one (1) of Physics and\r\nMathematics, plus the UTME Requirements.<br>\r\n(ii) ND\/HND with Credit passes in relevant programmes from a recognized\r\ninstitution in addition to O\u2019 level requirements.<br>\r\n(iii) IJMB\/JUPEB in relevant subjects.<\/span><\/p><p><span><b>TRANSFER FROM OTHER UNIVERSITIES<\/b><\/span><\/p><div>\r\n\r\n<table>\r\n <tbody><tr>\r\n  <td>\r\n  <p><span>&nbsp; (i)\r\n  Minimum entry requirements into the desired programme in EDSU<\/span><\/p>\r\n  <p><span>&nbsp;(ii)\r\n  SSCE result (or its equivalent)<\/span><\/p>\r\n  <p><span>(iii) JAMB admission letter of current\r\n  University\/school<\/span><\/p>\r\n  <p><span>(iv)Jamb result used in getting admission\r\n  into current University\/School<\/span><\/p>\r\n  <p><span>(v) Transcript\/certificate from current\r\n  University\/school, which should be forwarded to EDSU<\/span><\/p>\r\n  <\/td>\r\n <\/tr>\r\n<\/tbody><\/table>\r\n\r\n<\/div><p><span>\r\n\r\n<span>&nbsp;<\/span><b><br><\/b><\/span><\/p><p><span><b><br><\/b><\/span><\/p><p><span><br><\/span><br><\/p>","utme_requirements":"<p><span>Five (5) SSCE credit passes in English Language, Mathematics, Chemistry,\r\nPhysics and Biology\/Agricultural Science at not more than two sittings<\/span><br><\/p>","subjects":"\r\n\r\n<table>\r\n <tbody><tr>\r\n  <td>\r\n  <div>\r\n\r\n<table>\r\n <tbody><tr>\r\n  <td>\r\n  <p><span>Chemistry,&nbsp;<\/span><span>Mathematics and Any of Physics\/Biology\/<\/span><\/p>\r\n  <\/td>\r\n <\/tr>\r\n<\/tbody><\/table>\r\n\r\n<\/div><p>\r\n\r\n<span>Agricultural Science<\/span><br><\/p><\/td><\/tr><\/tbody><\/table>","institutions_list":"EUI"},{"id":"29457","title":"JOURNALISM AND MEDIA STUDIES","de_requirements":"","utme_requirements":"","subjects":"","institutions_list":"EUI"},{"id":"7406","title":"LAW","de_requirements":"<p><p><span>\u00a0<\/span><span>(i) Two \u2018A\u2019 level passes in Arts or Social Science subjects including\r\nLiterature-in-English in addition to UTME requirements.<\/span><\/p><span>\r\n(ii) NCE\/OND\/HND not below Credit level.<br>\r\n(iii) A Good pass in JUPEB\/IJMB subjects: Literature in English and any two\r\nArts or Social Sciences <br>\r\n(iv) BSc. in a relevant field.<\/span><\/p><p><span><b>TRANSFER FROM OTHER UNIVERSITIES<\/b><\/span><\/p><div>\r\n\r\n<table>\r\n <tbody><tr>\r\n  <td>\r\n  <p><span>(i)All the requirements for UTME admission\r\n  which include 5 credit pass in, mathematics, English language, Government,\r\n  Religious studies, Economics.<\/span><\/p>\r\n  <\/td>\r\n <\/tr>\r\n<\/tbody><\/table>\r\n\r\n<\/div><p><span>\r\n\r\n<span>(ii) transcripts\/academic\r\nrecords from your current school to be sent to EDSU<\/span><b><br><\/b><\/span><\/p>","utme_requirements":"<p><span>Five credit passes at SSCE (or its equivalent) to include English\r\nLanguage, Literature-in-English and Mathematics at not more than two sittings.<\/span><br><\/p>","subjects":"<span>English Language, Literature<span> in English&nbsp; with any other two Arts or Social Science\r\nsubjects<\/span><\/span>","institutions_list":"EUI"},{"id":"7437","title":"MASS COMMUNICATION","de_requirements":"<p><span>(i) Two 'A' level passes in English and any other relevant subjects.<br>\r\n(ii) NCE with passes at Merit level in relevant subjects.<br>\r\n(iii) ND\/HND at Credit level in a related discipline <br>\r\n(iv) Very good passes in JUPEB\/IJMB Subjects <br>\r\n(v) A University degree in a related discipline.<\/span><\/p><p><span><b>TRANSFER FROM OTHER UNIVERSITIES<\/b><\/span><\/p><p><span><\/span><\/p><div>\r\n\r\n<table>\r\n <tbody><tr>\r\n  <td>\r\n  <p><span>(i) Minimum entry requirements into the\r\n  desired programme in EDSU<\/span><\/p>\r\n  <p><span>&nbsp;(ii)\r\n  SSCE result (or its equivalent)<\/span><\/p>\r\n  <p><span>(iii) JAMB admission letter of current\r\n  University\/school<\/span><\/p>\r\n  <p><span>(iv)Jamb result used in getting admission into\r\n  current University\/School<\/span><\/p>\r\n  <p><span>(v)transcript\/certificate from current\r\n  University\/school, which should be forwarded to EDSU<\/span><\/p>\r\n  <p><span>&nbsp;<\/span><\/p>\r\n  <\/td>\r\n <\/tr>\r\n<\/tbody><\/table>\r\n\r\n<\/div><p><span><b><br><\/b><\/span><\/p><p><span><br><\/span><br><\/p>","utme_requirements":"<p><span>Five Credit passes at SSCE (or its equivalent) in English language,\r\nMathematics and any other three Social Science subjects at not more than two\r\nsittings<\/span><br><\/p>","subjects":"<span>Any three Arts and Social Science subjects.&nbsp;<\/span>","institutions_list":"EUI"},{"id":"7435","title":"MATHEMATICS","de_requirements":"<p><span>) Two\r\n(2) 'A' Level passes in Mathematics and any other science subject.<\/span><\/p><p>\r\n\r\n<span>(ii)&nbsp;&nbsp;&nbsp;&nbsp;&nbsp;&nbsp;&nbsp;&nbsp;&nbsp;&nbsp; NCE merit in Mathematics and one (1)\r\nof Physics, Chemistry or Economics<\/span><br><\/p>","utme_requirements":"<p><span>Five (5) SSC credit passes including English Language, Mathematics and\r\nPhysics or Chemistry.<\/span><\/p>","subjects":"Mathematics and any two (2) of Physics, Chemistry and Economics or Geography.","institutions_list":"EUI"},{"id":"7449","title":"MECHANICAL ENGINEERING","de_requirements":"<div>\r\n\r\n<table>\r\n <tbody><tr>\r\n  <td>\r\n  <p><span>(i) Two `A\u2019 level passes in Physics,\r\n  Chemistry and Mathematics in addition to UTME requirements.<br>\r\n  (ii) OND\/HND not below Credit level.<br>\r\n  (iii) JUPEB\/IJMB passes in Physics, Chemistry and Mathematics <br>\r\n  (iv) BSc. in a relevant field.<\/span><\/p><p><span><b>TRANSFER FROM OTHER UNIVERSITIES<\/b><\/span><\/p><div>\r\n\r\n<table>\r\n <tbody><tr>\r\n  <td>\r\n  <p><span>(i) Minimum entry requirements into the\r\n  desired programme in EDSU<\/span><\/p>\r\n  <p><span>&nbsp;(ii)\r\n  SSCE result (or its equivalent)<\/span><\/p>\r\n  <p><span>(iii) JAMB admission letter of current\r\n  University\/school<\/span><\/p>\r\n  <p><span>(iv)Jamb result used in getting admission\r\n  into current University\/School<\/span><\/p>\r\n  <p><span>(v)transcript\/certificate from current\r\n  University\/school, which should be forwarded to EDSU<\/span><\/p>\r\n  <\/td>\r\n <\/tr>\r\n<\/tbody><\/table>\r\n\r\n<\/div><p>\r\n\r\n<span>&nbsp;<\/span><span><b><br><\/b><\/span><\/p><p><span><b><br><\/b><\/span><\/p><p><span><\/span><\/p>\r\n  <\/td>\r\n <\/tr>\r\n<\/tbody><\/table>\r\n\r\n<\/div>","utme_requirements":"<p><span>Five Credit passes at SSCE (or its equivalent) to include Physics,\r\nChemistry, Mathematics and English Language and any other Science subject at\r\nnot more than two sittings.<\/span><br><\/p>","subjects":"Mathematics, Physics and Chemistry.","institutions_list":"EUI"},{"id":"29460","title":"MECHATRONICS ENGINEERING","de_requirements":"","utme_requirements":"","subjects":"","institutions_list":"EUI"},{"id":"7415","title":"MEDICAL LABORATORY SCIENCE","de_requirements":"<p><span>i) \u2018A\u2019 level passes in Physics, Chemistry and Biology or Zoology in\r\naddition to UTME requirements.<br>\r\n(ii) A University degree in a relevant field.<br>\r\n(iii) OND\/HND in related courses with Credit pass plus O' level entry\r\nrequirement.<br>\r\n(iv) IJMB\/JUPEB<\/span><\/p><p><span><b>TRANSFER FROM OTHER UNIVERSITIES<\/b><\/span><\/p><div>\r\n\r\n<table>\r\n <tbody><tr>\r\n  <td>\r\n  <p><span>(i)Minimum entry requirements into the\r\n  desired programme in EDSU<\/span><\/p>\r\n  <p><span>(ii) JAMB admission letter of current\r\n  University\/school<\/span><\/p>\r\n  <p><span>(iii)JAMB result used in getting admission\r\n  into current University\/School<\/span><\/p>\r\n  <\/td>\r\n <\/tr>\r\n<\/tbody><\/table>\r\n\r\n<\/div><p><span>\r\n\r\n<span>(iv)transcript\/certificate\r\nfrom current University\/school, which should be forwarded to EDSU<\/span><b><br><\/b><br><\/span><br><\/p>","utme_requirements":"<p><span>Five Credit passes at SSCE (or its equivalent) in English Language,\r\nMathematics, Biology, Chemistry, Physics at not more than two sittings<\/span><br><\/p>","subjects":"Physics, Chemistry and Biology","institutions_list":"EUI"},{"id":"7418","title":"MEDICINE & SURGERY","de_requirements":"<p><span>(i) \u2018A\u2019 level passes in Physics, Chemistry and Biology or Zoology in\r\naddition to UTME requirements.<br>\r\n(ii) A University degree in a relevant field.<br>\r\n(iii) IJMB\/JUPEB<\/span><\/p><p><span><b>TRANSFER FROM OTHER UNIVERSITIES<\/b><\/span><\/p><div>\r\n\r\n<table>\r\n <tbody><tr>\r\n  <td>\r\n  <p><span>(I)Minimum entry requirements into MBBS\r\n  programme in EDSU<\/span><\/p>\r\n  <p><span>(ii)&nbsp;\r\n  JAMB admission Letter<\/span><\/p>\r\n  <p><span>(iii)Submission of Academic records haven\r\n  passed courses in his or her previous University, for 100L,&nbsp; 200L,&nbsp;&nbsp;&nbsp;&nbsp;&nbsp;&nbsp;&nbsp;&nbsp;&nbsp;&nbsp;&nbsp;&nbsp;&nbsp;&nbsp;&nbsp;&nbsp;&nbsp;&nbsp;&nbsp;&nbsp;&nbsp;&nbsp;&nbsp;&nbsp;&nbsp;&nbsp;&nbsp;&nbsp;&nbsp;&nbsp;&nbsp;&nbsp;&nbsp;&nbsp;&nbsp;&nbsp;&nbsp;&nbsp;&nbsp;&nbsp;&nbsp;&nbsp;&nbsp;&nbsp;&nbsp;&nbsp;&nbsp;&nbsp;&nbsp;&nbsp;&nbsp;&nbsp;&nbsp;&nbsp;&nbsp;&nbsp;&nbsp;&nbsp;&nbsp;&nbsp;&nbsp;&nbsp;&nbsp;&nbsp;&nbsp;&nbsp;&nbsp;&nbsp;&nbsp;&nbsp;&nbsp;&nbsp;&nbsp;&nbsp;&nbsp;&nbsp;&nbsp;&nbsp;&nbsp;&nbsp;&nbsp;&nbsp;&nbsp;&nbsp;&nbsp;&nbsp;&nbsp;&nbsp;&nbsp;&nbsp;&nbsp;&nbsp;&nbsp;&nbsp;&nbsp;&nbsp;&nbsp;&nbsp;&nbsp;&nbsp;&nbsp;&nbsp;&nbsp;&nbsp;&nbsp;&nbsp;&nbsp;&nbsp;&nbsp;&nbsp;&nbsp;&nbsp;\r\n  300L,&nbsp; 400L as the case may be<\/span><\/p>\r\n  <\/td>\r\n <\/tr>\r\n<\/tbody><\/table>\r\n\r\n<\/div><p>\r\n\r\n<span>(iv) Transcript must be\r\npresented before admission\/transfer is confirmed<\/span><\/p><p><span><br><\/span><br><\/p>","utme_requirements":"<p><span>Five Credit passes at SSCE (or its equivalent) in English Language,\r\nMathematics, Biology, Chemistry and Physics at one sitting only.<\/span><br><\/p>","subjects":"<span>Biology, Chemistry and Physics.<\/span>","institutions_list":"EUI"},{"id":"7436","title":"MICROBIOLOGY","de_requirements":"<p><span>(i) Two \u2018A\u2019 level passes in Chemistry and any one from Biology, Zoology\r\nor Botany in addition to UTME requirements.<br>\r\n(ii) NCE\/OND\/HND with Credit passes from a recognized institution in addition\r\nto O\u2019 level requirements.<br>\r\n(iii) A good pass in JUPEB in Biology, Chemistry and Physics<br>\r\n(iv) IJMB passes in Biology, Chemistry, Physics<\/span><\/p><p><span><b>TRANSFER FROM OTHER UNIVERSITIES<\/b><\/span><\/p><div>\r\n\r\n<table>\r\n <tbody><tr>\r\n  <td>\r\n  <p><span>&nbsp; (i)\r\n  Minimum entry requirements into the desired programme in EDSU<\/span><\/p>\r\n  <p><span>&nbsp;(ii)\r\n  SSCE result (or its equivalent)<\/span><\/p>\r\n  <p><span>(iii) JAMB admission letter of current\r\n  University\/school<\/span><\/p>\r\n  <p><span>(iv)Jamb result used in getting admission\r\n  into current University\/School<\/span><\/p>\r\n  <p><span>(v) Transcript\/certificate from current\r\n  University\/school, which should be forwarded to EDSU<\/span><\/p>\r\n  <\/td>\r\n <\/tr>\r\n<\/tbody><\/table>\r\n\r\n<\/div><p><span>\r\n\r\n<span>&nbsp;<\/span><b><br><\/b><\/span><\/p><p><span><b><br><\/b><\/span><\/p><p><span><br><\/span><br><\/p>","utme_requirements":"<p><span>Five Credit passes at SSCE (or its equivalent) in English Language,\r\nMathematics, Chemistry, Physics and Biology at not more than two sittings<\/span><br><\/p>","subjects":"<p><span>Biology, Chemistry and Physics\/ <\/span><span>Mathematics<\/span><br><\/p>","institutions_list":"EUI"},{"id":"29458","title":"MINING ENGINEERING","de_requirements":"","utme_requirements":"","subjects":"","institutions_list":"EUI"},{"id":"7416","title":"NURSING\/NURSING SCIENCE","de_requirements":"<p><span>(i) Two \u2018A\u2019 level passes in Biology\/Zoology, Chemistry and Physics in\r\naddition to UTME requirements.<br>\r\n(ii) A University degree in a relevant field. (iii) NRN or its approved\r\nequivalent plus five \u2018O\u2019 level credit passes in English Language and one\r\nScience subjects chosen from Mathematics, Physics, Chemistry, Biology, Human\r\nAnatomy, Physiology and Hygiene, Health Science, Further Mathematics and\r\nGeneral Science.<br>\r\n(iv) IJMB\/JUPEB<\/span><\/p><p><span><b>TRANSFER FROM OTHER UNIVERSITIES<\/b><br><\/span><\/p><div>\r\n\r\n<table>\r\n <tbody><tr>\r\n  <td>\r\n  <p><span>(i)Minimum entry requirements into the\r\n  desired programme in EDSU<\/span><\/p>\r\n  <p><span>(ii) JAMB admission letter of current\r\n  University\/school<\/span><\/p>\r\n  <p><span>(iii)JAMB result used in getting admission\r\n  into current University\/School<\/span><\/p>\r\n  <\/td>\r\n <\/tr>\r\n<\/tbody><\/table>\r\n\r\n<\/div><p>\r\n\r\n<span>(iv)transcript\/certificate\r\nfrom current University\/school, which should be forwarded to EDSU<\/span><br><\/p>","utme_requirements":"<p><span>Five Credit passes at SSCE (or its equivalent) in English Language,\r\nMathematics, Physics, Chemistry and Biology at not more than two sittings.<\/span><br><\/p>","subjects":"Chemistry, Biology and Physics.","institutions_list":"EUI"},{"id":"7443","title":"PEACE & CONFLICT RESOLUTION","de_requirements":"<p><span>(i) Two `A` level passes including Government or History and one Social\r\nScience subject.<br>\r\n(ii) ND\/HND with Credit passes in relevant field (iii) NCE with a minimum of\r\nMerit in any related Art\/Social\/Management Science <br>\r\n(iv) Very good passes in JUPEB\/IJMB Subjects: Government, and any two of\r\nLiterature in English, Economics, History and Religious studies.<br>\r\n(v) B.Sc. in a related discipline with minimum of a Second Class Lower<\/span><\/p><p><font><span><b>TRANSFER FROM OTHER UNIVERSITY<\/b><\/span><\/font><\/p><div>\r\n\r\n<table>\r\n <tbody><tr>\r\n  <td>\r\n  <p><span>(i) Minimum entry requirements into the\r\n  desired programme in EDSU<\/span><\/p>\r\n  <p><span>&nbsp;(ii)\r\n  SSCE result (or its equivalent)<\/span><\/p>\r\n  <p><span>(iii) JAMB admission letter of current\r\n  University\/school<\/span><\/p>\r\n  <p><span>(iv)Jamb result used in getting admission into\r\n  current University\/School<\/span><\/p>\r\n  <p><span>(v)transcript\/certificate from current\r\n  University\/school, which should be forwarded to EDSU<\/span><\/p>\r\n  <p><span>&nbsp;<\/span><\/p>\r\n  <\/td>\r\n <\/tr>\r\n<\/tbody><\/table>\r\n\r\n<\/div><p><font><span><b><br><\/b><\/span><\/font><\/p><p><span><br><\/span><br><\/p>","utme_requirements":"<p><span>Five Credit passes at SSCE (or its equivalent) in English Language,\r\nMathematics, Government or History and any other two Arts or Social Science\r\nsubjects at not more than two sittings<\/span><br><\/p>","subjects":"<span>Three (3) Arts or Social Science subjects<\/span>","institutions_list":"EUI"},{"id":"7425","title":"PHYSICS","de_requirements":"<p><span>NCE\/Two (2) 'A' Level passes in Physics and Mathematics or Chemistry.<\/span><\/p>","utme_requirements":"<p><span>Five (5) SSC credit passes in English Language, Physics, Chemistry,\r\nMathematics and any other Science subject from Further Mathematics and Biology\r\nor Agricultural Science.<\/span><\/p>","subjects":"Physics, Mathematics and Chemistry or Biology.","institutions_list":"EUI"},{"id":"7426","title":"PHYSICS WITH ELECTRONICS","de_requirements":"<p><span>(i) Two (2) 'A' level passes in Physics and Mathematics or Chemistry.<br>\r\n(ii) ND\/HND with Credit passes in relevant programmes from a recognized\r\ninstitution in addition to O\u2019 level requirements.<br>\r\n(iii) IJMB\/JUPEB in relevant subjects<\/span><\/p><p><span><b>TRANSFER FROM OTHER UNIVERSITIES<\/b><\/span><\/p><div>\r\n\r\n<table>\r\n <tbody><tr>\r\n  <td>\r\n  <p><span>&nbsp; (i)\r\n  Minimum entry requirements into the desired programme in EDSU<\/span><\/p>\r\n  <p><span>&nbsp;(ii)\r\n  SSCE result (or its equivalent)<\/span><\/p>\r\n  <p><span>(iii) JAMB admission letter of current\r\n  University\/school<\/span><\/p>\r\n  <p><span>(iv)Jamb result used in getting admission\r\n  into current University\/School<\/span><\/p>\r\n  <p><span>(v) Transcript\/certificate from current\r\n  University\/school, which should be forwarded to EDSU<\/span><\/p>\r\n  <\/td>\r\n <\/tr>\r\n<\/tbody><\/table>\r\n\r\n<\/div><p><span>\r\n\r\n<span>&nbsp;<\/span><br><\/span><br><\/p>","utme_requirements":"<p><span>Five (5) SSCE credit passes in English Language, Physics, Chemistry,\r\nMathematics and any other Science subject from Further Mathematics and Biology\r\nor Agricultural Science.<\/span><br><\/p>","subjects":"<span>Physics, Mathematics and Chemistry or Biology\/ <\/span><span>Agricultural science.<\/span>","institutions_list":"EUI"},{"id":"7419","title":"PHYSIOLOGY","de_requirements":"<p><span>i) Two \u2018A\u2019 level passes chosen from Physics, Chemistry and Biology or\r\nZoology in addition to UTME requirements.<br>\r\n(ii) A University degree in a relevant field.<br>\r\n(iii) OND\/HND in related courses with Credit pass plus O' level entry\r\nrequirement.<br>\r\n(iv) IJMB\/JUPEB<\/span><\/p><p><span><b>TRANSFER FROM OTHER UNIVERSITIES<\/b><\/span><\/p><div>\r\n\r\n<table>\r\n <tbody><tr>\r\n  <td>\r\n  <p><span>(i) Minimum entry requirements into the\r\n  desired programme in EDSU<\/span><\/p>\r\n  <p><span>(ii) JAMB admission letter of current\r\n  University\/school<\/span><\/p>\r\n  <p><span>(iii)Jamb result used in getting admission\r\n  into current University\/School<\/span><\/p>\r\n  <\/td>\r\n <\/tr>\r\n<\/tbody><\/table>\r\n\r\n<\/div><p><span>\r\n\r\n<span>(iv)transcript\/certificate\r\nfrom current University\/school, which should be forwarded to EDSU<\/span><b><br><\/b><\/span><\/p><p><span><b><br><\/b><\/span><\/p><p><span><br><\/span><br><\/p>","utme_requirements":"<p><span>Five Credit passes at SSCE (or its equivalent) in English Language,\r\nMathematics, Biology, Chemistry, Physics at not more than two sittings<\/span><br><\/p>","subjects":"Physics, Chemistry and Biology","institutions_list":"EUI"},{"id":"7433","title":"PLANT SCIENCE & BIOTECHNOLOGY","de_requirements":"<p><span>(i) Two (2) 'A' level passes in Biology\/Botany\/ Zoology and Chemistry or\r\nPhysics in addition to UTME requirements.<br>\r\n(ii) NCE with at least Merit in Mathematics and one other Science or Social\r\nScience subject.<br>\r\n(iii) OND\/HND with Credit passes from a recognized institution in addition to\r\nO\u2019 level requirements<br>\r\n(iv) IJMB\/JUPEB<\/span><\/p><p><span><b>TRANSFER FROM OTHER UNIVERSITIES<\/b><\/span><\/p><div>\r\n\r\n<table>\r\n <tbody><tr>\r\n  <td>\r\n  <p><span>&nbsp; (i)\r\n  Minimum entry requirements into the desired programme in EDSU<\/span><\/p>\r\n  <p><span>&nbsp;(ii)\r\n  SSCE result (or its equivalent)<\/span><\/p>\r\n  <p><span>(iii) JAMB admission letter of current\r\n  University\/school<\/span><\/p>\r\n  <p><span>(iv)Jamb result used in getting admission\r\n  into current University\/School<\/span><\/p>\r\n  <p><span>(v) Transcript\/certificate from current\r\n  University\/school, which should be forwarded to EDSU<\/span><\/p>\r\n  <\/td>\r\n <\/tr>\r\n<\/tbody><\/table>\r\n\r\n<\/div><p><span>\r\n\r\n<span>&nbsp;<\/span><b><br><\/b><\/span><\/p><p><span><b><br><\/b><\/span><\/p><p><span><br><\/span><br><\/p>","utme_requirements":"<p><span>Five (5) SSCE Credit passes in English Language, Mathematics, Biology,\r\nChemistry and Physics at not more than two sittings<\/span><br><\/p>","subjects":"<span>Biology, Chemistry and any other Science subject.(<\/span><span>Agricultural science&nbsp; or Physics)<b><span><\/span><\/b><\/span>","institutions_list":"EUI"},{"id":"7441","title":"POLITICAL SCIENCE","de_requirements":"<p><span>(i) Two `A` level passes including Government or History and one Social\r\nScience subject in addition to UTME requirements.<br>\r\n(ii) ND\/HND with Credit passes in relevant field (iii) NCE with a minimum of\r\nMerit in any related Social\/Management Science<br>\r\n(iv) A good pass in JUPEB\/IJMB Subjects: Government, and any two of Literature\r\nin English, Economics, History and Religious studies.<br>\r\n(v) A University degree in a related discipline.<\/span><\/p><p><span><b>TRANFER FROM OTHER UNIVERSITIES<\/b><\/span><\/p><p><span><\/span><\/p><div>\r\n\r\n<table>\r\n <tbody><tr>\r\n  <td>\r\n  <p><span>(i) Minimum entry requirements into the\r\n  desired programme in EDSU<\/span><\/p>\r\n  <p><span>&nbsp;(ii)\r\n  SSCE result (or its equivalent)<\/span><\/p>\r\n  <p><span>(iii) JAMB admission letter of current\r\n  University\/school<\/span><\/p>\r\n  <p><span>(iv)Jamb result used in getting admission into\r\n  current University\/School<\/span><\/p>\r\n  <p><span>(v)transcript\/certificate from current\r\n  University\/school, which should be forwarded to EDSU<\/span><\/p>\r\n  <\/td>\r\n <\/tr>\r\n<\/tbody><\/table>\r\n\r\n<\/div><p><span><b><br><\/b><\/span><\/p><p><span><br><\/span><br><\/p>","utme_requirements":"<p><span>Five Credit passes at SSCE (or its equivalent) in English Language,\r\nMathematics, Government or History and any other two Arts or Social Science\r\nsubjects at not more than two sittings<\/span><br><\/p>","subjects":"<span>Government or History plus two other Social Science\/Arts subjects.<\/span>","institutions_list":"EUI"},{"id":"29459","title":"PRODUCTION ENGINEERING","de_requirements":"","utme_requirements":"","subjects":"","institutions_list":"EUI"},{"id":"7411","title":"PUBLIC ADMINISTRATION","de_requirements":"<p>\r\n\r\n<\/p><div>\r\n\r\n<table>\r\n <tbody><tr>\r\n  <td>\r\n  <p><span>Two\r\n  (2)'A' Level passes including Economics.<\/span><\/p>\r\n  <\/td>\r\n <\/tr>\r\n<\/tbody><\/table>\r\n\r\n<\/div>\r\n\r\n","utme_requirements":"<p>\r\n\r\n<\/p><div>\r\n\r\n<table>\r\n <tbody><tr>\r\n  <td>\r\n  <p><span>Five\r\n  (5) SSC credit passes including English Language, Mathematics, Economics and\r\n  two (2) other relevant subjects.<\/span><\/p>\r\n  <\/td>\r\n <\/tr>\r\n<\/tbody><\/table>\r\n\r\n<\/div>\r\n\r\n","subjects":"Mathematics, Economics and any other Social Science subject","institutions_list":"EUI"},{"id":"7444","title":"SOCIOLOGY","de_requirements":"<div>\r\n\r\n<table>\r\n <tbody><tr>\r\n  <td>\r\n  <p><span>(i) Two `A` level passes including Government or History and one Social\r\nScience subject.<br>\r\n(ii) ND\/HND with Credit passes in relevant field (iii) NCE with a minimum of\r\nMerit in any related Art\/Social\/Management Science <br>\r\n(iv) Very good passes in JUPEB\/IJMB Subjects: Government, and any two of\r\nLiterature in English, Economics, History and Religious studies.<br>\r\n(v) B.Sc. in a related discipline with minimum of a Second Class Lower<\/span><\/p><p><br><\/p><p><span><b>TRANSFER FROM OTHER UNIVERSITIES<\/b><\/span><\/p><p><span>(i) Minimum entry requirements into the\r\n  desired programme in EDSU<\/span><\/p>\r\n  <p><span>&nbsp;(ii)\r\n  SSCE result (or its equivalent)<\/span><\/p>\r\n  <p><span>(iii) JAMB admission letter of current\r\n  University\/school<\/span><\/p>\r\n  <p><span>(iv)Jamb result used in getting admission into\r\n  current University\/School<\/span><\/p>\r\n  <p><span>(v)transcript\/certificate from current\r\n  University\/school, which should be forwarded to EDSU<\/span><\/p>\r\n  <p><span>&nbsp;<\/span><\/p>\r\n  <\/td>\r\n <\/tr>\r\n<\/tbody><\/table>\r\n\r\n<\/div><p>\r\n\r\n<span>&nbsp;<\/span><br><\/p>","utme_requirements":"<p><span>Five (5) SSC credit passes in Government or History, English Language and three (3) other subjects. \u00a0A pass in Mathematics is required.<\/span><span><\/span><\/p>","subjects":"Three (3) Social Science or Arts subjects.","institutions_list":"EUI"},{"id":"29455","title":"SOFTWARE ENGINEERING","de_requirements":"","utme_requirements":"","subjects":"","institutions_list":"EUI"},{"id":"7432","title":"STATISTICS","de_requirements":"<p><span>Two (2) 'A' Level passes to include Mathematics or Statistics.<\/span><\/p><p>\r\n\r\n<\/p><p><span>NCE credit in relevant subjects.<\/span><\/p>","utme_requirements":"<p><span>Five (5) SSC credit passes to include English Language, Mathematics and\r\nat least three (3) subjects from Physics, Statistics, Chemistry, Further Mathematics,\r\nEconomics and Geography.<\/span><\/p>","subjects":"Mathematics and any two (2) of Physics, Chemistry and Economics.","institutions_list":"EUI"},{"id":"7439","title":"TEACHER EDUCATION SCIENCE:","de_requirements":"<div>\r\n\r\n<table>\r\n <tbody><tr>\r\n  <td>\r\n  <p><span>(i)&nbsp; Two (2) 'A' Level passes in relevant\r\n  teaching subjects including Literature in English.<\/span><\/p>\r\n  <p><span>(ii)&nbsp; NCE\r\n  credit or merit in two(2)relevant subjects.<\/span><\/p>\r\n  <\/td>\r\n <\/tr>\r\n<\/tbody><\/table>\r\n\r\n<\/div>","utme_requirements":"<div>\r\n\r\n<table>\r\n <tbody><tr>\r\n  <td>\r\n  <p><span>Five (5) 'O'\r\n  Level credit passes to include English Language and Literature in English plus\r\n  three (3) other Arts or Social Science subjects.<\/span><\/p>\r\n  <\/td>\r\n <\/tr>\r\n<\/tbody><\/table>\r\n\r\n<\/div>","subjects":"Literature in English and one (1) Art and any other subject.","institutions_list":"EUI"}]