[{"id":"7469","title":"ACCOUNTING","de_requirements":"<p><span>Two (2) \u2018A\u2019 Level passes chosen from Economics, Accounting,\r\nBusiness Management, Government and Geography.<\/span><\/p>","utme_requirements":"<p><span>Five (5) SSC credit passes including\r\nEnglish Language, Mathematics, Economics and any other two (2) other subjects.<\/span><\/p><p>\r\n\r\n<\/p><p><span>For\r\nNBC holders, the other two (2) relevant subjects could be from any of Principles\r\nof Accounts, Commerce, Office Practice and Secretarial Duties.?<\/span><\/p>","subjects":"Mathematics, Economics plus any Social Science subject.","institutions_list":"EVANGEL"},{"id":"7470","title":"BANKING & FINANCE","de_requirements":"<p><span>Two (2) 'A' Level passes\r\nchosen from Accounting, Economics, Management, Mathematics, Geography and\r\nStatistics.<\/span><\/p>","utme_requirements":"<p><span>Five (5) SSC credit\r\npasses to include: English Language, Mathematics and any other subjects. For\r\nNBC, the other two (2) relevant subjects could be from any of the following;\r\nAccounting, Principles of Accounts, Commerce, Office Practice and Economics.&nbsp;<\/span><\/p>","subjects":"Mathematics, Economics, plus any one (1) of Government and Geography.","institutions_list":"EVANGEL"},{"id":"7477","title":"BIOCHEMISTRY","de_requirements":"<p><span>Two (2) 'A' Level passes chosen from Chemistry, Mathematics, Physics and\r\nBiology.<\/span><\/p><p><span><o>&nbsp;<\/o:p><\/span><\/p><p>\r\n\r\n\r\n\r\n<\/p><p><span>NCE\/ND\/HND in related programmes plus the UTME requirements.<\/span><\/p>","utme_requirements":"<p><span>Five (5) SSC credit passes in English Language, Chemistry, Mathematics,\r\nPhysics and Biology.<\/span><\/p>","subjects":"Biology, Chemistry and Physics or Mathematics.","institutions_list":"EVANGEL"},{"id":"7494","title":"BIOLOGY","de_requirements":"<p><span>i)\r\nTwo (2) 'A' Level passes from Chemistry, Biology, Botany\/Zoology.<\/span><\/p><p>\r\n\r\n<\/p><p><span>(ii)\r\nNCE merit accepted.<\/span><\/p>","utme_requirements":"<p><span>Five (5) SSC credit passes to include English\r\nLanguage, Biology, Chemistry and Mathematics\/Physics.<\/span><\/p>","subjects":"Biology, Chemistry and Physics or Mathematics.","institutions_list":"EVANGEL"},{"id":"7485","title":"BIOTECHNOLOGY","de_requirements":"<p><span>Two\r\n(2) 'A' Level passes in Biology\/Botany\/Zoology and Chemistry or Physics.<\/span><\/p>","utme_requirements":"<p><span>Five\r\n(5) SSC Credit passes in English Language, Mathematics, Biology, Chemistry and\r\nPhysics.<\/span><\/p>","subjects":"Biology, Chemistry and any other Science subject.","institutions_list":"EVANGEL"},{"id":"7471","title":"BUSINESS MANAGEMENT","de_requirements":"<p><span>Two (2) \u2018A\u2019 Level passes chosen from Economics, Accounts,\r\nBusiness Management, Government, Geography or Statistics.<\/span><\/p>","utme_requirements":"<span>Five (5) SSC credit passes including English Language,\r\nMathematics, Economics, plus any two (2) of Accounting, Business Methods,\r\nCommerce, Government, Geography, and Statistics.<\/span><br>","subjects":"Mathematics, Economics and one (1) other subject.","institutions_list":"EVANGEL"},{"id":"7482","title":"CHEMISTRY","de_requirements":"<p><span>i)&nbsp; Two (2) 'A' Level passes in Chemistry and any\r\none (1) of Physics, Mathematics or Biology.<\/span><\/p><p><span><o>&nbsp;<\/o:p><\/span><\/p><p>\r\n\r\n\r\n\r\n<\/p><p><span>(ii)&nbsp;&nbsp; ND\/NCE\r\nwith good grades in relevant 'O' Level subjects.<\/span><\/p>","utme_requirements":"<p><span>Five (5) SSC credit passes in English Language, Mathematics, Physics,\r\nChemistry and Biology.<\/span><\/p>","subjects":"Chemistry and two (2) of Physics, Biology and Mathematics.\r\n\r\n","institutions_list":"EVANGEL"},{"id":"7493","title":"COMPUTER SCIENCE","de_requirements":"<p><span>)&nbsp;&nbsp;&nbsp;&nbsp;&nbsp;&nbsp; Two (2) 'A' Level passes in\r\nscience subjects including Mathematics<\/span><\/p><p><span><o>&nbsp;<\/o:p><\/span><\/p><p>\r\n\r\n\r\n\r\n<\/p><p><span>(ii)&nbsp;&nbsp; NCE merit in Mathematics and\r\none (1) other Science or Social Science subject.<\/span><\/p>","utme_requirements":"<p><span>Five (5) SSC credit passes to include English Language, Mathematics,\r\nPhysics plus two (2) other Science subjects.<\/span><\/p>","subjects":"Mathematics, Physics and one (1) of Biology, Chemistry, Agric Science, Economics and Geography.","institutions_list":"EVANGEL"},{"id":"7492","title":"CRIMINOLOGY AND SECURITY STUDIES","de_requirements":"<p><b><span>Five <\/span><span>(5) '<\/span><span>O<\/span><span>' <\/span><span>level <\/span><span>c<\/span><span>redit\r\npasses or equivalent including English Language, Mathematics, Economics, and\r\nany two<\/span><span> (2)<\/span><span> Arts or Social Sciences<\/span><span>,<\/span><span>\r\nHistory, Civics or Geography <\/span><span>at<\/span><span> not more than two <\/span><span>(2)\r\n<\/span><span>sittings.<\/span><\/b><br><\/p>","utme_requirements":"<p><b><span>Five <\/span><span>(5) '<\/span><span>O<\/span><span>' <\/span><span>level <\/span><span>c<\/span><span>redit\r\npasses or equivalent including English Language, Mathematics, Economics, and\r\nany two<\/span><span> (2)<\/span><span> Arts or Social Sciences<\/span><span>,<\/span><span>\r\nHistory, Civics or Geography <\/span><span>at<\/span><span> not more than two <\/span><span>(2)\r\n<\/span><span>sittings.<\/span><\/b><br><\/p>","subjects":"Economics, Government, and any one of the following: History, Geography, Literature in English, French, IS, Hausa.","institutions_list":"EVANGEL"},{"id":"7484","title":"ECONOMICS","de_requirements":"<p><span>ND\/NCE with upper\/merit&nbsp;\r\ncredit in the relevant programme in addition to five (5) credit\r\npasses&nbsp; at &nbsp;SSC&nbsp; at\r\nnot more than two (2) sittings<\/span><\/p>","utme_requirements":"<p><span>Five (5) SSC credit passes to include English Language,\r\nMathematics, Economics and at least two (2) other&nbsp; relevant&nbsp;\r\nsubjects from&nbsp;&nbsp; Commerce,\r\nGovernment and Accounting .<\/span><\/p>","subjects":"Economics, Mathematics and any of Government, History, Geography, Literature in English, French and CRS\/IRS.\t\t\r\n\r\n\r\n","institutions_list":"EVANGEL"},{"id":"7480","title":"ENGLISH LANGUAGE","de_requirements":"<p><span>Two\r\n(2) \u2018A\u2019 Level passes to include Literature in English and one other Arts\r\nsubject.<\/span><\/p>","utme_requirements":"<p><span>Five\r\n(5) SSC credit passes to include Literature in English, English Language and\r\nthree other Arts or Social Science subjects.<\/span><\/p>","subjects":"Literature in English, one other Arts subject and another Arts or Social Science subject.","institutions_list":"EVANGEL"},{"id":"7481","title":"HISTORY & INTERNATIONAL STUDIES","de_requirements":"<p><span>credit) in History\/ Government and any other related\r\nsubject.<\/span><br><\/p>","utme_requirements":"<p><span>Language, Geography, Government\/History.<\/span><br><\/p>","subjects":"subjects from the Arts and Social Sciences.","institutions_list":"EVANGEL"},{"id":"7483","title":"INDUSTRIAL CHEMISTRY","de_requirements":"<p><span>(i)&nbsp;&nbsp;&nbsp; Two\r\n(2) 'A' Level passes in Chemistry and Mathematics<\/span><\/p><p>\r\n\r\n<\/p><p><span>(ii)&nbsp;&nbsp; ND\r\nin Science Technology or ND in relevant programmes with the UTME requirements.<\/span><\/p>","utme_requirements":"<p><span>Five (5) SSC credit passes in English Language, Mathematics, Chemistry,\r\nPhysics and Biology\/Agricultural Science.<\/span><\/p>","subjects":"Chemistry, Mathematics and any of Physics\/Biology\/ Agricultural Science.","institutions_list":"EVANGEL"},{"id":"7495","title":"MARKETING","de_requirements":"<p><span>Two (2) \u2018A\u2019 Level passes chosen from Accounting, Management,\r\nGovernment and Geography.<\/span><\/p>","utme_requirements":"<p><span>Five (5) SSC credit passes including English Language, Mathematics\r\nand any three (3) relevant subjects.<\/span><\/p>","subjects":"Mathematics, Economics plus one (1) other subject.","institutions_list":"EVANGEL"},{"id":"7486","title":"MASS COMMUNICATION","de_requirements":"<p><span>Two (2) 'A' Level passes in relevant\r\nsubjects.<\/span><\/p>","utme_requirements":"<p><span>Five (5) SSC credit passes to include\r\nEnglish Language.<\/span><\/p>","subjects":"Any three (3) Arts and Social Science subjects.","institutions_list":"EVANGEL"},{"id":"7489","title":"MATHEMATICS","de_requirements":"<p><span>) Two\r\n(2) 'A' Level passes in Mathematics and any other science subject.<\/span><\/p><p>\r\n\r\n<span>(ii)&nbsp;&nbsp;&nbsp;&nbsp;&nbsp;&nbsp;&nbsp;&nbsp;&nbsp;&nbsp; NCE merit in Mathematics and one (1)\r\nof Physics, Chemistry or Economics<\/span><br><\/p>","utme_requirements":"<p><span>Five (5) SSC credit passes including English Language, Mathematics and\r\nPhysics or Chemistry.<\/span><\/p>","subjects":"Mathematics and any two (2) of Physics, Chemistry and Economics or Geography.","institutions_list":"EVANGEL"},{"id":"7472","title":"MEDICAL LABORATORY SCIENCE","de_requirements":"<p><span>'A' Level passes&nbsp;&nbsp; to include Physics, Chemistry and Biology or\r\nZoology<\/span><br><\/p>","utme_requirements":"<p><span>Five (5) SSC credit passes in English Language,\r\nMathematics, Physics, Chemistry and Biology<\/span><br><\/p>","subjects":"Physics, Chemistry and Biology","institutions_list":"EVANGEL"},{"id":"7490","title":"MICROBIOLOGY","de_requirements":"<p><span>Two (2) 'A' Level passes in Chemistry and any one (1) from Biology,\r\nZoology or Botany.<\/span><\/p>","utme_requirements":"<p><span>Five (5) SSC credit passes in English Language, Mathematics, Chemistry,\r\nBiology and Physics.<\/span><\/p>","subjects":"Biology, Chemistry and either Physics or Mathematics.","institutions_list":"EVANGEL"},{"id":"7473","title":"NURSING SCIENCE","de_requirements":"<table>\r\n <tbody><tr>\r\n  <td>\r\n  <p><span>(i)<span>&nbsp;&nbsp;&nbsp;&nbsp;&nbsp;&nbsp;&nbsp;&nbsp;&nbsp;&nbsp;&nbsp;&nbsp;&nbsp;\r\n  <\/span><\/span><span>'A' Level passes in any two (2) of Physics, Chemistry,\r\n  Biology and Mathematics<\/span><\/p>\r\n  <p><span>(ii)<span>&nbsp;&nbsp;&nbsp;&nbsp;&nbsp;&nbsp;&nbsp;&nbsp;&nbsp;&nbsp;&nbsp;\r\n  <\/span><\/span><span>ND Upper Credit in Prosthesis and Orthopaedic\r\n  Technology. <\/span><\/p>\r\n  <\/td>\r\n <\/tr>\r\n <tr>\r\n  <td>\r\n  <p><span>(i)<span>&nbsp;&nbsp;&nbsp;&nbsp;&nbsp;&nbsp;&nbsp;&nbsp;&nbsp;&nbsp;&nbsp;&nbsp;&nbsp;\r\n  <\/span><\/span><span>Two\r\n  (2) 'A' Level passes in Biology\/ Zoology, Chemistry and Physics plus &nbsp;three (3) other 'O' Level credit passes in\r\n  Mathematics, Physics and English Language.<\/span><span><\/span><\/p>\r\n  <p><span>(ii)<span>&nbsp;&nbsp;&nbsp;&nbsp;&nbsp;&nbsp;&nbsp;&nbsp;&nbsp;&nbsp;&nbsp;\r\n  <\/span><\/span><span>NRN\r\n  or its approved equivalent plus five (5) 'O' Level credit passes&nbsp; in English Language and four (4) Science\r\n  subjects chosen from Mathematics, Physics, Chemistry, Biology, Human Anatomy,\r\n  Physiology and Hygiene, Health Science, Further Mathematics and General\r\n  Science.<\/span><span><\/span><\/p>\r\n  <p><span><o>&nbsp;<\/o:p><\/span><\/p>\r\n  <\/td>\r\n <\/tr>\r\n<\/tbody><\/table>","utme_requirements":"<p><span>Five (5) SSC credit passes\r\nincluding English Language, Physics, Mathematics, Chemistry and Biology.<\/span><\/p>","subjects":"Chemistry, Biology and Physics.","institutions_list":"EVANGEL"},{"id":"7487","title":"PHILOSOPHY","de_requirements":"<p><span>Any\r\ntwo (2) \u2018A\u2019 Level passes.<\/span><\/p>","utme_requirements":"<p><span>Five\r\n(5) SSC credit passes to include English Language and four (4) other relevant\r\nsubjects.<\/span><\/p>","subjects":"Any three (3) subjects.","institutions_list":"EVANGEL"},{"id":"7478","title":"PHYSICS","de_requirements":"<p><span>NCE\/Two (2) 'A' Level passes in Physics and Mathematics or Chemistry.<\/span><\/p>","utme_requirements":"<p><span>Five (5) SSC credit passes in English Language, Physics, Chemistry,\r\nMathematics and any other Science subject from Further Mathematics and Biology\r\nor Agricultural Science.<\/span><\/p>","subjects":"Physics, Mathematics and Chemistry or Biology.","institutions_list":"EVANGEL"},{"id":"7475","title":"PHYSIOTHERAPY","de_requirements":"<p><span>Two (2) \u2018A\u2019 Level passes\r\nchosen from Physics, Chemistry and Biology.<\/span><\/p>","utme_requirements":"<p><span>Five (5) SSC credit passes\r\nin English Language, Maths, Biology, Physics and Chemistry.<\/span><\/p>","subjects":"Physics, Chemistry and Biology.","institutions_list":"EVANGEL"},{"id":"7491","title":"POLITICAL SCIENCE","de_requirements":"<p><span>Two (2)\r\nA' Level passes to include Government or History.<\/span><\/p>","utme_requirements":"<p><b><span>Five (5) SSC credit passes to include English\r\nLanguage, Government\/History and any other three (3) subjects from Arts\/Social\r\nSciences with at least 'O' Level pass in Mathematics.<\/span><\/b><br><\/p>","subjects":"Government\/History and two (2)  other Social Sciences or Arts subjects.","institutions_list":"EVANGEL"},{"id":"7496","title":"PSYCHOLOGY","de_requirements":"<p>-<\/p>","utme_requirements":"<p><span>Five (5)\r\nSSC credit passes to include English Language, Mathematics, Biology and any two\r\n(2) relevant subjects from Arts, Social Sciences or Sciences as specified by\r\nthe institution<\/span><\/p>","subjects":"Government and any other two (2)Arts and Science subjects","institutions_list":"EVANGEL"},{"id":"7474","title":"PUBLIC HEALTH","de_requirements":"<table>\r\n <tbody><tr>\r\n  <td>\r\n  <p><span>(i)<span>&nbsp;&nbsp;&nbsp;&nbsp;&nbsp;&nbsp;&nbsp;&nbsp;&nbsp;&nbsp;&nbsp;&nbsp;&nbsp;\r\n  <\/span><\/span><span>'A' Level passes in any two (2) of Physics, Chemistry,\r\n  Biology and Mathematics<\/span><\/p>\r\n  <p><span>(ii)<span>&nbsp;&nbsp;&nbsp;&nbsp;&nbsp;&nbsp;&nbsp;&nbsp;&nbsp;&nbsp;&nbsp;\r\n  <\/span><\/span><span>ND Upper Credit in Prosthesis and Orthopaedic\r\n  Technology. <\/span><\/p>\r\n  <\/td>\r\n <\/tr>\r\n <tr>\r\n  <td>\r\n  <p><span>(i)<span>&nbsp;&nbsp;&nbsp;&nbsp;&nbsp;&nbsp;&nbsp;&nbsp;&nbsp;&nbsp;&nbsp;&nbsp;&nbsp;\r\n  <\/span><\/span><span>Two\r\n  (2) 'A' Level passes in Biology\/ Zoology, Chemistry and Physics plus &nbsp;three (3) other 'O' Level credit passes in\r\n  Mathematics, Physics and English Language.<\/span><span><\/span><\/p>\r\n  <p><span>(ii)<span>&nbsp;&nbsp;&nbsp;&nbsp;&nbsp;&nbsp;&nbsp;&nbsp;&nbsp;&nbsp;&nbsp;\r\n  <\/span><\/span><span>NRN\r\n  or its approved equivalent plus five (5) 'O' Level credit passes&nbsp; in English Language and four (4) Science\r\n  subjects chosen from Mathematics, Physics, Chemistry, Biology, Human Anatomy,\r\n  Physiology and Hygiene, Health Science, Further Mathematics and General\r\n  Science.<\/span><span><\/span><\/p>\r\n  <p><span><o>&nbsp;<\/o:p><\/span><\/p>\r\n  <\/td>\r\n <\/tr>\r\n<\/tbody><\/table>","utme_requirements":"<p><span>Five (5) SSC credit passes\r\nincluding English Language, Physics, Mathematics, Chemistry and Biology.<\/span><\/p>","subjects":"Chemistry, Biology and Physics.","institutions_list":"EVANGEL"},{"id":"7476","title":"RADIOGRAPHY & RADIATION SCIENCE","de_requirements":"<p><span>(i)&nbsp;&nbsp;&nbsp;&nbsp; Two (2) 'A' Level passes chosen from Physics, Chemistry and\r\nBiology.<\/span><\/p>","utme_requirements":"<p><span>Five (5) SSC credit passes in English Language, Mathematics,\r\nBiology, Physics and Chemistry.<\/span><\/p>","subjects":"Physics, Chemistry and Biology.","institutions_list":"EVANGEL"},{"id":"7488","title":"RELIGIOUS STUDIES","de_requirements":"<p><span>Two (2) \u2018A\u2019 Level subjects to include Religious Studies\r\n(CRS\/IRS).<\/span><\/p>","utme_requirements":"<p><span>Five (5) SSC credit passes to include English Language and\r\nCRS\/IRS.<\/span><\/p>","subjects":"CRS\/IRS and any other two (2) subjects.","institutions_list":"EVANGEL"},{"id":"7497","title":"SOCIOLOGY","de_requirements":"<p>-<\/p>","utme_requirements":"<p><span>Five\r\n(5) SSC credit passes to include English Language, Mathematics,\r\nHistory\/Government\/Economics one Science subject and any Arts or Social Science\r\nsubject<\/span><\/p>","subjects":"Government\/ History plus two (2)  other Social Sciences\/Arts subject","institutions_list":"EVANGEL"},{"id":"7479","title":"THEATRE ARTS","de_requirements":"<p><span>Two\r\n(2) \u2018A\u2019 Level passes in Arts, Social Sciences or Science subjects.<\/span><\/p>","utme_requirements":"<p><span>Five\r\n(5) SSC credit passes to include English Language and Arts subjects.<\/span><\/p>","subjects":"Literature in English and two (2) other relevant subjects.","institutions_list":"EVANGEL"}]