[{"id":"7502","title":"FILM & TV PRODUCTION","de_requirements":"","utme_requirements":"<p><span>Five (5) credit passes at\r\nSSC or its equivalent in Mathematics, English Language and any other three (3)&nbsp; from Arts, Science and Social Science\r\nsubjects<\/span><br><\/p>","subjects":"Any three (3) subjects from Arts\/Social Science\/Physical Science.","institutions_list":"FABA"},{"id":"7503","title":"MUSIC","de_requirements":"","utme_requirements":"<p><span>Five (5) credit passes at SSC or its equivalent in\r\nMathematics, English Language and any other three (3) from Arts and Social\r\nScience subjects<\/span><\/p>","subjects":"Any three (3) subjects from Arts\/Social Science\/Physical Science.","institutions_list":"FABA"},{"id":"7501","title":"PERFORMING & MEDIA ARTS","de_requirements":"","utme_requirements":"<p><span>Five (5) credit passes at\r\nSSC&nbsp; or its equivalent in Mathematics,\r\nEnglish Language and any other three (3) from Arts and Social Science subjects<\/span><br><\/p>","subjects":"Any three (3) subjects from Arts\/Social Science\/Physical Science","institutions_list":"FABA"},{"id":"7500","title":"PETROLEUM GEO-SCIENCES","de_requirements":"","utme_requirements":"<p><span>Five (5) credit passes<\/span><span> at SSC&nbsp; or its equivalent in\r\nMathematics, English Language, Physics, Chemistry and any other relevant\r\nsubject<\/span><br><\/p>","subjects":"Mathematics, Physics, Chemistry.","institutions_list":"FABA"}]