[{"id":"7635","title":"EDUCATION & BIOLOGY","de_requirements":"\r\n\r\n<table>\r\n <tbody><tr>\r\n  <td>\r\n  <p><br><\/p>\r\n  <\/td>\r\n <\/tr>\r\n<\/tbody><\/table><div>\r\n\r\n<table>\r\n <tbody><tr>\r\n  <td>\r\n  <p><span>NCE\/'A' Level\r\n  passes in Biology and one (1) other Science subject.<\/span><\/p>\r\n  <\/td>\r\n <\/tr>\r\n<\/tbody><\/table>\r\n\r\n<\/div>\r\n\r\n","utme_requirements":"\r\n\r\n<table>\r\n <tbody><tr>\r\n  <td>\r\n  <p><br><\/p>\r\n  <\/td>\r\n <\/tr>\r\n<\/tbody><\/table><div>\r\n\r\n<table>\r\n <tbody><tr>\r\n  <td>\r\n  <p><span>Five (5) SSC credit\r\n  passes in English Language, Biology, Chemistry, Mathematics and one (1) other\r\n  subject.<\/span><\/p>\r\n  <\/td>\r\n <\/tr>\r\n<\/tbody><\/table>\r\n\r\n<\/div>\r\n\r\n","subjects":"Biology and two (2) other subjects from Chemistry, Mathematics and Physics.","institutions_list":"FCABEODEG"},{"id":"7634","title":"EDUCATION & CHEMISTRY","de_requirements":"<div>\r\n\r\n<table>\r\n <tbody><tr>\r\n  <td>\r\n  <p><span>Two (2) \u2018A\u2019 Level\/NCE\r\n  passes including Chemistry and one (1) other Science subject.<\/span><\/p>\r\n  <\/td>\r\n <\/tr>\r\n<\/tbody><\/table>\r\n\r\n<\/div>","utme_requirements":"<div>\r\n\r\n<table>\r\n <tbody><tr>\r\n  <td>\r\n  <p><span>Five (5) SSC\r\n  credits in Mathematics, Chemistry, English Language and two (2) of Physics,\r\n  Biology and Agricultural Science.<\/span><\/p>\r\n  <\/td>\r\n <\/tr>\r\n<\/tbody><\/table>\r\n\r\n<\/div>","subjects":"Chemistry and two (2) other subjects chosen from Physics, Biology and Mathematics.","institutions_list":"FCABEODEG"},{"id":"7644","title":"EDUCATION & CHRISTIAN RELIGIOUS STUDIES","de_requirements":"<div>\r\n\r\n<table>\r\n <tbody><tr>\r\n  <td>\r\n  <p><span>Two (2) 'A'\r\n  Level passes\/NCE merit in Religious Studies and one (1) other Arts subject.<\/span><\/p>\r\n  <\/td>\r\n <\/tr>\r\n<\/tbody><\/table>\r\n\r\n<\/div>","utme_requirements":"<div>\r\n\r\n<table>\r\n <tbody><tr>\r\n  <td>\r\n  <p><span>Five (5) 'O'\r\n  Level credit passes or TC II merit in five (5) subjects including English\r\n  Language, Religious Studies and three (3) other Arts subjects.<\/span><\/p>\r\n  <\/td>\r\n <\/tr>\r\n<\/tbody><\/table>\r\n\r\n<\/div>","subjects":"Two (2) Arts subject including Religious studies and one (1) other subject.","institutions_list":"FCABEODEG"},{"id":"7643","title":"EDUCATION & ENGLISH LANGUAGE","de_requirements":"<div>\r\n\r\n<table>\r\n <tbody><tr>\r\n  <td>\r\n  <p><span>(i)&nbsp; Two (2) 'A' Level passes in relevant\r\n  teaching subjects including Literature in English.<\/span><\/p>\r\n  <p><span>(ii)&nbsp; NCE\r\n  credit or merit in two(2)relevant subjects.<\/span><\/p>\r\n  <\/td>\r\n <\/tr>\r\n<\/tbody><\/table>\r\n\r\n<\/div>","utme_requirements":"<div>\r\n\r\n<table>\r\n <tbody><tr>\r\n  <td>\r\n  <p><span>Five (5) 'O'\r\n  Level credit passes to include English Language and Literature in English plus\r\n  three (3) other Arts or Social Science subjects.<\/span><\/p>\r\n  <\/td>\r\n <\/tr>\r\n<\/tbody><\/table>\r\n\r\n<\/div>","subjects":"Literature in English and one (1) Art and any other subject.","institutions_list":"FCABEODEG"},{"id":"7638","title":"EDUCATION & FRENCH","de_requirements":"<div>\r\n\r\n<table>\r\n <tbody><tr>\r\n  <td>\r\n  <p><span>Two (2) 'A' Level\r\n  passes\/NCE merit in French and one(1) other Arts subject.<\/span><\/p>\r\n  <\/td>\r\n <\/tr>\r\n<\/tbody><\/table>\r\n\r\n<\/div>","utme_requirements":"<div>\r\n\r\n<table>\r\n <tbody><tr>\r\n  <td>\r\n  <p><span>Five (5) SSC credit\r\n  passes to include English Language and French.<\/span><\/p>\r\n  <\/td>\r\n <\/tr>\r\n<\/tbody><\/table>\r\n\r\n<\/div>","subjects":"French plus two (2) other Arts subjects.","institutions_list":"FCABEODEG"},{"id":"7637","title":"EDUCATION & ISLAMIC STUDIES","de_requirements":"<div>\r\n\r\n<table>\r\n <tbody><tr>\r\n  <td>\r\n  <p><span>(i) NCE merit in Islamic\r\n  Studies and Education.<\/span><\/p>\r\n  <p><span>&nbsp;<\/span><\/p>\r\n  <\/td>\r\n <\/tr>\r\n<\/tbody><\/table>\r\n\r\n<\/div><p>\r\n\r\n<span>(ii)\r\n'A' Level passes in Arabic\/ Islamic Studies and any other relevant subject.<\/span><br><\/p>","utme_requirements":"<div>\r\n\r\n<table>\r\n <tbody><tr>\r\n  <td>\r\n  <p><span>Five (5) SSC credit\r\n  passes including English Language, Islamic Studies and three (3) other\r\n  relevant subjects.<\/span><\/p>\r\n  <\/td>\r\n <\/tr>\r\n<\/tbody><\/table>\r\n\r\n<\/div>","subjects":"Islamic Studies\/Arabic and two (2) other Social Science or Arts subjects.","institutions_list":"FCABEODEG"},{"id":"7636","title":"EDUCATION & MATHEMATICS","de_requirements":"<div>\r\n\r\n<table>\r\n <tbody><tr>\r\n  <td>\r\n  <p><span>Two (2)'A' Level passes\/NCE in\r\n  Mathematics and one (1) Science subject.<\/span><\/p>\r\n  <\/td>\r\n <\/tr>\r\n<\/tbody><\/table>\r\n\r\n<\/div>","utme_requirements":"<div>\r\n\r\n<table>\r\n <tbody><tr>\r\n  <td>\r\n  <p><span>Five (5) SSC credit\r\n  passes to include English Language, Mathematics plus one (1) other Science\r\n  subject.<\/span><\/p>\r\n  <\/td>\r\n <\/tr>\r\n<\/tbody><\/table>\r\n\r\n<\/div>","subjects":"Mathematics and any two (2) of the following Science subjects: Physics, Chemistry and Biology.","institutions_list":"FCABEODEG"},{"id":"7639","title":"EDUCATION & PHYSICS","de_requirements":"<div>\r\n\r\n<table>\r\n <tbody><tr>\r\n  <td>\r\n  <p><span>(i)&nbsp; Two (2) 'A'\r\n  Level passes in Physics and Mathematics.<\/span><\/p>\r\n  <p><span>(ii) NCE credit\/merit in relevant subjects.<\/span><\/p>\r\n  <\/td>\r\n <\/tr>\r\n<\/tbody><\/table>\r\n\r\n<\/div>","utme_requirements":"<p><span>Five (5) 'O' Level credits passes to include English\r\nLanguage, Physics, Mathematics and two (2) other Science subjects or NTC\/NBC.<\/span><br><\/p>","subjects":"Physics, Mathematics or Chemistry plus one (1) other subjects.","institutions_list":"FCABEODEG"},{"id":"7641","title":"HOME ECONOMICS & EDUCATION","de_requirements":"<div>\r\n\r\n<table>\r\n <tbody><tr>\r\n  <td>\r\n  <p><span>(i)&nbsp;&nbsp;&nbsp; NCE merit in Home Economics <\/span><\/p>\r\n  <p><span>(ii) 'A' Level\r\n  passes in two (2) of Chemistry or any Biology, Botany and Agricultural\r\n  Science.<\/span><\/p>\r\n  <\/td>\r\n <\/tr>\r\n<\/tbody><\/table>\r\n\r\n<\/div><p>\r\n\r\n<span>(iii)\r\nND\/HND credit in Home Economics or Food Science or Hotel and Catering\r\nManagement or any other related programme<\/span><br><\/p>","utme_requirements":"<div>\r\n\r\n<table>\r\n <tbody><tr>\r\n  <td>\r\n  <p><span>Five (5) 'O' Level NTC\/NBC credit passes or TC II merit\r\n  including English Language, Mathematics, Home Economics, Biology and\r\n  Chemistry.<\/span><\/p>\r\n  <\/td>\r\n <\/tr>\r\n<\/tbody><\/table>\r\n\r\n<\/div>","subjects":"Chemistry, Biology or Agricultural Science and one (1) other subject.","institutions_list":"FCABEODEG"},{"id":"7640","title":"HUMAN KINETICS & HEALTH EDUCATION","de_requirements":"<div>\r\n\r\n<table>\r\n <tbody><tr>\r\n  <td>\r\n  <p><span>No Direct Entry<\/span><\/p>\r\n  <\/td>\r\n <\/tr>\r\n<\/tbody><\/table>\r\n\r\n<\/div>","utme_requirements":"<div>\r\n\r\n<table>\r\n <tbody><tr>\r\n  <td>\r\n  <p><span>As in Physical and Health Education<\/span><\/p>\r\n  <\/td>\r\n <\/tr>\r\n<\/tbody><\/table>\r\n\r\n<\/div>","subjects":"As in Physical and Health Education","institutions_list":"FCABEODEG"},{"id":"7642","title":"TEACHER EDUCATION SCIENCE:","de_requirements":"<div>\r\n\r\n<table>\r\n <tbody><tr>\r\n  <td>\r\n  <p><span>(i)&nbsp; Two (2) 'A' Level passes in relevant\r\n  teaching subjects including Literature in English.<\/span><\/p>\r\n  <p><span>(ii)&nbsp; NCE\r\n  credit or merit in two(2)relevant subjects.<\/span><\/p>\r\n  <\/td>\r\n <\/tr>\r\n<\/tbody><\/table>\r\n\r\n<\/div>","utme_requirements":"<div>\r\n\r\n<table>\r\n <tbody><tr>\r\n  <td>\r\n  <p><span>Five (5) 'O'\r\n  Level credit passes to include English Language and Literature in English plus\r\n  three (3) other Arts or Social Science subjects.<\/span><\/p>\r\n  <\/td>\r\n <\/tr>\r\n<\/tbody><\/table>\r\n\r\n<\/div>","subjects":"Literature in English and one (1) Art and any other subject.","institutions_list":"FCABEODEG"}]