[{"id":"1057","title":"ACCOUNTANCY","de_requirements":"","utme_requirements":"<p><span>Five (5) SSC credit passes in English\r\nLanguage not Literature in English and Mathematics and any three (3) subjects\r\nfrom the following<\/span><span><\/span><\/p><p><span>Economics\/Commerce,<\/span><\/p><p><span>Business Methods,<\/span><\/p><p><span>Principles of Accounts,<\/span><\/p><p><span>Literature in English<\/span><\/p><p><span>Geography<\/span><\/p><p><span>Office Practice<\/span><\/p><p><span>Government,<\/span><\/p><p><span>Biology\/Agricultural Science,<\/span><\/p><p><span>Chemistry,<\/span><\/p><p><span>Physics,<\/span><\/p><p><span>History\/Government<\/span><\/p><p><span>Typewriting <\/span><\/p><p>\r\n\r\n\r\n\r\n\r\n\r\n\r\n\r\n\r\n\r\n\r\n\r\n\r\n\r\n\r\n\r\n\r\n\r\n\r\n\r\n\r\n\r\n\r\n\r\n\r\n\r\n<\/p><p><span>Shorthand<\/span><\/p>","subjects":"Mathematics and two (2) of Geography, Commerce, Government, Principles of Accounts and Economics.","institutions_list":"AG-POLY"},{"id":"1058","title":"ARCHITECTURAL TECHNOLOGY","de_requirements":"","utme_requirements":"<p><span>Five (5) SSC credit passes in Mathematics,\r\nPhysics, <\/span><span>English Language and\r\nany two (2) subjects from the following:<\/span><\/p><p><span>Biology,<\/span><\/p><p><span>Fine Art,<\/span><\/p><p><span>Chemistry,<\/span><\/p><p><span>History<\/span><\/p><p><span>English Language,<\/span><\/p><p><span>Geography,<\/span><\/p><p><span>Further Mathematics<\/span><\/p><p><span>Economics\/Commerce,<\/span><\/p><p><span>Religious Knowledge,<\/span><\/p><p><span>Technical Drawing,<\/span><\/p><p><span>Business Method.<\/span><\/p><p>\r\n\r\n\r\n\r\n\r\n\r\n\r\n\r\n\r\n\r\n\r\n\r\n\r\n\r\n\r\n\r\n\r\n\r\n\r\n\r\n\r\n\r\n\r\n\r\n<\/p><p><span>'O' Level pass in Fine Art or Technical Drawing\r\nwill be an advantage.<\/span><\/p>","subjects":"Mathematics and any two (2) of Physics, Chemistry and Technical Drawing.","institutions_list":"AG-POLY"},{"id":"1059","title":"ART & DESIGN","de_requirements":"","utme_requirements":"<p><span>Five (5)\r\nSSC credit passes in English Language, Fine Art Mathematics and any two <\/span><span>(2) <\/span><span>of the following:<\/span><\/p><p><span>History\/Government<\/span><\/p><p><span>Chemistry\/Physical\r\nScience,<\/span><\/p><p><span>Biology\/Agricultural\r\nScience,<\/span><\/p><p><span>Literature\r\nin English,<\/span><\/p><p><span>Clothing\r\nand Textiles,<\/span><\/p><p><span>Religious\r\nKnowledge,<\/span><\/p><p><span>Economics\/Commerce<\/span><\/p><p>\r\n\r\n\r\n\r\n\r\n\r\n\r\n\r\n\r\n\r\n\r\n\r\n\r\n\r\n\r\n\r\n<\/p><p><span>Geography,\r\nHome Economics<\/span><\/p>","subjects":"Fine Art and any two (2) of History, Chemistry, Mathematics, Biology and a Nigerian Language.","institutions_list":"AG-POLY"},{"id":"1060","title":"BANKING & FINANCE","de_requirements":"","utme_requirements":"<p><span>Five (5) SSC credit passes in English Language (not Literature in\r\nEnglish) and Mathematics and any three (3) subjects from the following:<\/span><span><\/span><\/p><p><span>Economics\/Commerce,<\/span><\/p><p><span>Business\r\nMethods,<\/span><\/p><p><span>Principles\r\nof Accounts,<\/span><\/p><p><span>Literature\r\nin English<\/span><\/p><p><span>Geography<\/span><\/p><p><span>Office\r\nPractice<\/span><\/p><p><span>Biology\/Agricultural\r\nScience,<\/span><\/p><p><span>Chemistry,<\/span><\/p><p><span>Physics,<\/span><\/p><p><span>History\/Government<\/span><\/p><p><span>Typewriting\r\n<\/span><\/p><p>\r\n\r\n\r\n\r\n\r\n\r\n\r\n\r\n\r\n\r\n\r\n\r\n\r\n\r\n\r\n\r\n\r\n\r\n\r\n\r\n\r\n\r\n\r\n\r\n<\/p><p><span>Shorthand<\/span><\/p>","subjects":"Mathematics and any two (2) of Economics, Geography, History, Government, Commerce or Principles of Accounts.","institutions_list":"AG-POLY"},{"id":"1061","title":"BUILDING TECHNOLOGY","de_requirements":"","utme_requirements":"<table>\r\n <tbody><tr>\r\n  <td>\r\n  <p><span>Five (5) SSC credit passes in Mathematics and Physics and any three\r\n  (3) of the following:<\/span><span><\/span><\/p>\r\n  <p><span>Economics\/Commerce,<\/span><\/p>\r\n  <p><span>Technical Drawing\/Fine Art,<\/span><\/p>\r\n  <p><span>Chemistry,<\/span><\/p>\r\n  <p><span>Geography,<\/span><\/p>\r\n  <p><span>Further Mathematics<\/span><\/p>\r\n  <p><span>Woodwork,<\/span><\/p>\r\n  <p><span>Biology,<\/span><\/p>\r\n  <p><span>Religious Knowledge,<\/span><\/p>\r\n  <p><span>Metal Work,<\/span><\/p>\r\n  <p><span>And at least a credit pass in English Language is Compulsory.&nbsp; A pass in Art or Technical Drawing will be\r\n  an advantage.<\/span><\/p>\r\n  <\/td>\r\n <\/tr>\r\n<\/tbody><\/table>","subjects":"Mathematics, Physics and Chemistry or Fine Arts.","institutions_list":"AG-POLY"},{"id":"1062","title":"BUSINESS ADMINISTRATION & MANAGEMENT","de_requirements":"","utme_requirements":"<p><span>Five (5) SSC credit passes in English Language, not\r\nLiterature in English and Mathematics and any three (3) subjects from the\r\nfollowing:<\/span><\/p><p><span>Economics\/Commerce,<\/span><\/p><p><span>Business Methods,<\/span><\/p><p><span>Principles of Accounts,<\/span><\/p><p><span>Literature in English<\/span><\/p><p><span>Geography<\/span><\/p><p><span>Office Practice<\/span><\/p><p><span>Biology\/Agricultural Science,<\/span><\/p><p><span>Chemistry,<\/span><\/p><p><span>Physics,<\/span><\/p><p><span>History\/Government<\/span><\/p><p><span>Typewriting <\/span><\/p><p>\r\n\r\n\r\n\r\n\r\n\r\n\r\n\r\n\r\n\r\n\r\n\r\n\r\n\r\n\r\n\r\n\r\n\r\n\r\n\r\n\r\n\r\n\r\n\r\n<span>Shorthand<\/span><br><\/p>","subjects":"Mathematics and two (2) of Geography, Commerce, Government, Principles of Accounts and Economics","institutions_list":"AG-POLY"},{"id":"1067","title":"CIVIL ENGINEERING TECHNOLOGY","de_requirements":"","utme_requirements":"<table>\r\n <tbody><tr>\r\n  <td>\r\n  <p><span>Five (5) SSC credit passes in Mathematics, Physics\r\n  and Chemistry and any two (2) subjects from:<\/span><\/p>\r\n  <p><span>Biology\/Agricultural Science <\/span><\/p>\r\n  <p><span>Technical Drawing,<\/span><\/p>\r\n  <p><span>Basic Electronics\/Basic Electricity,<\/span><\/p>\r\n  <p><span>Auto Mechanics,<\/span><\/p>\r\n  <p><span>Metal Work,<\/span><\/p>\r\n  <p><span>Woodwork for Civil Engineering Technology,<\/span><\/p>\r\n  <p><span>Further Mathematics<\/span><\/p>\r\n  <p><span>English Language,<\/span><\/p>\r\n  <p><span>Geography,<\/span><\/p>\r\n  <p><span>Economics\/Commerce.<\/span><\/p>\r\n  <p><span>For Marine Engineering and Industrial Safety &amp;\r\n  Environmental Engineering a pass in Biology is required.<\/span><\/p>\r\n  <p><span>At least 'O' Level credit pass in English Language\r\n  is required.<\/span><\/p>\r\n  <\/td>\r\n <\/tr>\r\n<\/tbody><\/table>","subjects":"Mathematics, Physics and Chemistry.","institutions_list":"AG-POLY"},{"id":"1069","title":"COMPUTER ENGINEERING","de_requirements":"","utme_requirements":"<table>\r\n <tbody><tr>\r\n  <td>\r\n  <p><span>Five (5) SSC credit passes in Mathematics, Physics\r\n  and Chemistry and any two (2) subjects from:<\/span><\/p>\r\n  <p><span>Biology\/Agricultural Science <\/span><\/p>\r\n  <p><span>Technical Drawing,<\/span><\/p>\r\n  <p><span>Basic Electronics\/Basic Electricity,<\/span><\/p>\r\n  <p><span>Auto Mechanics,<\/span><\/p>\r\n  <p><span>Metal Work,<\/span><\/p>\r\n  <p><span>Woodwork (for Civil Engineering Tech.),<\/span><\/p>\r\n  <p><span>Further Mathematics<\/span><\/p>\r\n  <p><span>English Language,<\/span><\/p>\r\n  <p><span>Geography,<\/span><\/p>\r\n  <p><span>Economics\/Commerce.<\/span><\/p>\r\n  <p><span>For Marine Engineering and Industrial Safety &amp;\r\n  Environmental Engineering a pass in Biology is required.<\/span><\/p>\r\n  <p><span>'O' Level credit pass in English Language is\r\n  required.<\/span><\/p>\r\n  <p><span>&nbsp;<\/span><\/p>\r\n  <\/td>\r\n <\/tr>\r\n<\/tbody><\/table>","subjects":"Mathematics, Physics and Chemistry.","institutions_list":"AG-POLY"},{"id":"1068","title":"COMPUTER SCIENCE","de_requirements":"","utme_requirements":"<p><span>Five (5)\r\nSSC credit passes in Mathematics, a basic science and three (3) other subjects\r\nchosen from the following:<\/span><\/p><p><span>Economics,<\/span><\/p><p><span>Geography,<\/span><\/p><p><span>Government\/History,<\/span><\/p><p><span>Further\r\nMathematics,<\/span><\/p><p><span>Physics,<\/span><\/p><p><span>Chemistry,<\/span><\/p><p><span>Biology\/Agricultural\r\nScience.<\/span><\/p><p><span>English\r\nLanguage,<\/span><\/p><p><span>Typewriting,<\/span><\/p><p>\r\n\r\n\r\n\r\n\r\n\r\n\r\n\r\n\r\n\r\n\r\n\r\n\r\n\r\n\r\n\r\n\r\n\r\n\r\n\r\n<\/p><p><span>'O'\r\nLevel credit passes in English Language and Physics is compulsory.<\/span><\/p>","subjects":"Mathematics and any two (2) of Geography, Physics, Economics or Chemistry.","institutions_list":"AG-POLY"},{"id":"1070","title":"ELECTRICAL\/ELECTRONIC ENGINEERING\/ TECHNOLOGY","de_requirements":"","utme_requirements":"<table>\r\n <tbody><tr>\r\n  <td>\r\n  <p><span>Five (5) 'O' Level credit passes in Mathematics, Physics\r\n  and Chemistry and any two (2) subjects from:<\/span><\/p>\r\n  <p><span>Biology\/Agricultural Science <\/span><\/p>\r\n  <p><span>Technical Drawing,<\/span><\/p>\r\n  <p><span>Basic Electronics\/Basic Electricity,<\/span><\/p>\r\n  <p><span>Auto Mechanics,<\/span><\/p>\r\n  <p><span>Metal Work,<\/span><\/p>\r\n  <p><span>Woodwork (for Civil Engineering Tech.),<\/span><\/p>\r\n  <p><span>Further Mathematics<\/span><\/p>\r\n  <p><span>English Language,<\/span><\/p>\r\n  <p><span>Geography,<\/span><\/p>\r\n  <p><span>Economics\/Commerce.<\/span><\/p>\r\n  <p><span>For Marine Engineering and Industrial Safety &amp;\r\n  Environmental Engineering. 'O' Level pass in Biology is required.<\/span><\/p>\r\n  <p><span>At least 'O' Level credit pass in English Language\r\n  is required.<\/span><\/p>\r\n  <p><span>&nbsp;<\/span><\/p>\r\n  <\/td>\r\n <\/tr>\r\n<\/tbody><\/table>","subjects":"Mathematics, Physics, Chemistry","institutions_list":"AG-POLY"},{"id":"28486","title":"ESTATE MANAGEMENT AND VALUATION","de_requirements":"","utme_requirements":"","subjects":"","institutions_list":"AG-POLY"},{"id":"26287","title":"LIBRARY & INFORMATION SCIENCE","de_requirements":"","utme_requirements":"","subjects":"","institutions_list":"AG-POLY"},{"id":"26591","title":"MASS COMMUNICATION","de_requirements":"","utme_requirements":"","subjects":"","institutions_list":"AG-POLY"},{"id":"1056","title":"MECHANICAL ENGINEERING TECHNOLOGY","de_requirements":"","utme_requirements":"<p><span>Five (5) SSC credit passes in English Language, Mathematics, Physics, Chemistry and any one (1) subject from:<\/span><span><\/span><\/p><p><span>Biology\/Agricultural Science <\/span><span><\/span><\/p><p><span>Technical Drawing,<\/span><span><\/span><\/p><p><span>Basic Electronics\/Basic Electricity,<\/span><span><\/span><\/p><p><span>Auto Mechanics,<\/span><span><\/span><\/p><p><span>Metal Work,<\/span><span><\/span><\/p><p><span>Woodwork (for Civil Engineering Tech.),<\/span><span><\/span><\/p><p><span>Further Mathematics<\/span><span><\/span><\/p><p><span>English Language,<\/span><span><\/span><\/p><p><span>Geography,<\/span><span><\/span><\/p><p><span>Economics\/Commerce.<\/span><span><\/span><\/p><p><span>For Marine Engineering and Industrial Safety &amp; Environmental Engineering. 'O' Level pass in Biology is required.<\/span><\/p>","subjects":"Mathematics, Chemistry and Physics.","institutions_list":"AG-POLY"},{"id":"26286","title":"MECHATRONICS ENGINEERING TECHNOLOGY","de_requirements":"","utme_requirements":"","subjects":"","institutions_list":"AG-POLY"},{"id":"1065","title":"OFFICE TECHNOLOGY & MANAGEMENT","de_requirements":"","utme_requirements":"<p><span>Five (5) SSC credit passes in English Language (not Literature in English) and Mathematics and any three (3) of the following: Economics\/Commerce, Business Methods, Principles of Accounts, Literature in English, Geography, Office Practice, Biology\/Agricultural Science, Chemistry, Physics, History\/Government, Typewriting, Shorthand<\/span><\/p>","subjects":"Any three (3) of: \r\n1. Mathematics\r\n2. Economics\r\n3. Commerce\r\n4. History\/Govt.\r\n5. Geography\r\n6. CRS\/IS\r\n7. Principles   of \r\n     Accounts.","institutions_list":"AG-POLY"},{"id":"1063","title":"QUANTITY SURVEYING","de_requirements":"","utme_requirements":"<p>&nbsp; &nbsp;&nbsp;<span>Five (5) SSC credit passes in Mathematics and Physics and any three (3) of the following Economics\/Commerce, Technical Drawing\/Fine Arts, Chemistry, Geography, Further Mathematics Woodwork, Biology, Religious Knowledge, Metal Work, and 'O' Level credit pass in English Language is Compulsory. &nbsp;'O' Level pass in Art or Technical Drawing is required.<\/span><br><\/p><p><span><\/span><\/p>","subjects":"Any three (3) of Physics, Mathematics, Geography, Economics, Biology\/Agricultural Science","institutions_list":"AG-POLY"},{"id":"1064","title":"SCIENCE LABORATORY TECHNOLOGY","de_requirements":"","utme_requirements":"<p><span>Five (5) SSC credit passes in Mathematics and two (2) of Physics,<\/span><span><\/span><\/p><p><span>Biology\/Agricultural Science\/Health Science, Chemistry,<\/span><span><\/span><\/p><p><span>and two (2) other subjects from Technical Drawing, Metal or Wood Work, Basic Electricity, Geography, Further Mathematics, and Fine Arts. <\/span><span><\/span><\/p><p><span>'O' Level credit pass in each of the three (3) Basic Science subjects - Biology, Chemistry, Physics and a 'O' Level credit pass in English Language is compulsory.<\/span><span><\/span><\/p>","subjects":"Any three (3) of Mathematics, Biology\/Agricultural Science or Physics","institutions_list":"AG-POLY"},{"id":"1066","title":"STATISTICS","de_requirements":"","utme_requirements":"<p><span>Five (5) SSC credit passes in Mathematics, Basic Science and any three (3) of the following:<\/span><span><\/span><\/p><p><span>Economics,<\/span><span><\/span><\/p><p><span>Geography,<\/span><span><\/span><\/p><p><span>Government\/History,<\/span><span><\/span><\/p><p><span>Further Mathematics,<\/span><span><\/span><\/p><p><span>Physics,<\/span><span><\/span><\/p><p><span>Chemistry,<\/span><span><\/span><\/p><p><span>Biology\/Agricultural Science.<\/span><span><\/span><\/p><p><span>English Language,<\/span><span><\/span><\/p><p><span>Typewriting, <\/span><span><\/span><\/p><p><span>'O' Level credit passes in English Language and Physics are compulsory.<\/span><\/p>","subjects":"Any of the three (3): \r\n1. Economics\/  \r\n     Commerce\r\n2. History\/Government\r\n3. CRS\/IS\r\n4. Mathematics","institutions_list":"AG-POLY"},{"id":"28472","title":"URBAN AND REGIONAL PLANNING","de_requirements":"","utme_requirements":"","subjects":"","institutions_list":"AG-POLY"}]