[{"id":"7900","title":"ADULT EDUCATION","de_requirements":"","utme_requirements":"<p><span>Five (5) SSC credit\r\npasses in English Language, Mathematics and three (3) subjects.<\/span><\/p>","subjects":"English Language and any three (3) subjects.\r\n\r\n","institutions_list":"FC-KAT"},{"id":"7879","title":"AGRICULTURAL SCIENCE (DOUBLE MAJOR)","de_requirements":"","utme_requirements":"<p><span>SSC credit passes in English Language and\r\nany three (3) of <\/span><\/p><p><span>&nbsp;<\/span><\/p><p><span>1. Agricultural Science<\/span><\/p><p><span>2. Mathematics <\/span><\/p><p><span>3. Chemistry<\/span><\/p><p><span>4. Biology<\/span><\/p><p><span>5. Health Science<\/span><\/p><p><span>6. Integrated\/Rural Science<\/span><\/p><p><span>7. Physics<\/span><\/p><p><span>8. Nature Study and<\/span><\/p><p><span>9. General Science.<\/span><\/p><p><span>&nbsp;<\/span><\/p><p><b><span>NB<\/span><\/b><\/p><p><b><span>GROUP A:<\/span><\/b><span><\/span><\/p><p><span>1. Agricultural Science<\/span><\/p><p><span>2. Biology<\/span><\/p><p><span>3. Nutrition<\/span><\/p><p><span>4. Health Science.<\/span><\/p><p><span>5. Applied Biology<\/span><\/p><p><span>&nbsp;<\/span><\/p><p><b><span>GROUP B:<\/span><\/b><span><\/span><\/p><p><span>1. Physics<\/span><\/p><p><span>2. Chemistry<\/span><\/p><p><span>3. Mathematics<\/span><\/p><p><span>4.Basic Mathematics\/Arithmetic Process<\/span><\/p><p><span>5. Economics<\/span><\/p><p><span>6. Geography<\/span><\/p><p><span>7. Social Studies<\/span><\/p><p><span>8. Integrated Science<\/span><\/p><p>\r\n\r\n\r\n\r\n\r\n\r\n\r\n\r\n\r\n\r\n\r\n\r\n\r\n\r\n\r\n\r\n\r\n\r\n\r\n\r\n\r\n\r\n\r\n\r\n\r\n\r\n\r\n\r\n\r\n\r\n\r\n\r\n\r\n\r\n\r\n\r\n\r\n\r\n\r\n\r\n\r\n\r\n\r\n\r\n\r\n\r\n\r\n\r\n\r\n\r\n\r\n\r\n\r\n\r\n\r\n\r\n\r\n\r\n<\/p><p><span>9. General Science<\/span><\/p>","subjects":"Agricultural Science, Chemistry, Biology\/General Science or Mathematics.","institutions_list":"FC-KAT"},{"id":"7891","title":"ARABIC\/FRENCH","de_requirements":"","utme_requirements":"<p><span>Five (5) SSC credit passes in English Language,\r\nMathematics, Arabic, French and any other subject.<\/span><\/p>","subjects":"Arabic, French and any other Arts subject.","institutions_list":"FC-KAT"},{"id":"7894","title":"ARABIC\/HAUSA","de_requirements":"","utme_requirements":"<p><span>Five (5)SSC credit passes in English Language,\r\nMathematics, Arabic, Hausa and any other subject.<\/span><\/p>","subjects":"Arabic, Hausa and any  subject.","institutions_list":"FC-KAT"},{"id":"7895","title":"ARABIC\/ISLAMIC STUDIES","de_requirements":"","utme_requirements":"<p><span>Five (5) SSC credit passes in English Language,\r\nMathematics, Arabic, Islamic Studies and any other subject.<\/span><\/p>","subjects":"Arabic, Islamic Studies and any other Arts subject.","institutions_list":"FC-KAT"},{"id":"7897","title":"BIOLOGY\/CHEMISTRY","de_requirements":"","utme_requirements":"<p><span>Five (5) SSC credit\r\npasses, in English Language, Mathematics, Biology, Chemistry and other Science\r\nsubject.<\/span><\/p>","subjects":"Biology, Chemistry any other Science subject.","institutions_list":"FC-KAT"},{"id":"7898","title":"BIOLOGY\/INTEGRATED SCIENCE","de_requirements":"","utme_requirements":"<p><span>Five (5) SSC credit\r\npasses in English Language, Mathematics, Biology, Chemistry\/Physics and any\r\nother Science subject.<\/span><\/p>","subjects":"Biology, Chemistry\/Physics and any other Science subject.","institutions_list":"FC-KAT"},{"id":"7899","title":"BIOLOGY\/PHYSICS","de_requirements":"","utme_requirements":"<p><span>Five (5)SSC credit\r\npasses, in English Language, Mathematics, Biology, Physics and any other\r\nScience subject.<\/span><\/p>","subjects":"Physics, Biology and any other Science subject.","institutions_list":"FC-KAT"},{"id":"7878","title":"BUSINESS EDUCATION","de_requirements":"","utme_requirements":"<p><span>SSC credit passes or TC II merits in English\r\nLanguage and any three (3) of:<\/span><\/p><p><span>1. Economics<\/span><\/p><p><span>2. Accounts<\/span><\/p><p><span>3. Government<\/span><\/p><p><span>4. Geography<\/span><\/p><p><span>5. History<\/span><\/p><p><span>6. Business Method<\/span><\/p><p><span>7. Statistics<\/span><\/p><p><span>8. Commerce<\/span><\/p><p><span>9. Any Science subjects <\/span><\/p><p><span>&nbsp;<\/span><\/p><p><b><span>NB: GROUP A:<\/span><\/b><span><\/span><\/p><p><span>Commercial Arithmetic\r\nCosting, Principles of Accounts, Book Keeping Mathematics, Statistics.<\/span><\/p><p><span>&nbsp;<\/span><\/p><p><b><span>GROUP B:<\/span><\/b><span><\/span><\/p><p>\r\n\r\n\r\n\r\n\r\n\r\n\r\n\r\n\r\n\r\n\r\n\r\n\r\n\r\n\r\n\r\n\r\n\r\n\r\n\r\n\r\n\r\n\r\n\r\n\r\n\r\n\r\n\r\n\r\n\r\n<\/p><p><span>Office Practice, Business\r\nMethod, Commerce, Economics.<\/span><\/p>","subjects":"Mathematics, Economics and any of Geography, Commerce and Principles of Accounts.","institutions_list":"FC-KAT"},{"id":"7875","title":"CHEMISTRY\/INTEGRATED SCIENCE","de_requirements":"","utme_requirements":"<p><span>Five (5) SSC credit passes in English Language, Mathematics, Chemistry, Biology and any other Science subject.<\/span>&nbsp;&nbsp;&nbsp;&nbsp;<span><\/span><\/p>","subjects":"Any three (3) of Chemistry, Biology, Physics, General Science\/Mathematics.","institutions_list":"FC-KAT"},{"id":"7876","title":"CHEMISTRY\/PHYSICS","de_requirements":"","utme_requirements":"<p><span>Five (5)SSC credit passes in English Language, Mathematics, Physics and any other Science subject.<\/span>&nbsp;&nbsp;&nbsp;&nbsp;<span>&nbsp;<\/span><span><\/span><\/p>","subjects":"Chemistry, Physics and Mathematics.","institutions_list":"FC-KAT"},{"id":"23853","title":"CHRISTIAN RELIGIOUS STUDIES \/ SOCIAL STUDIES","de_requirements":"<p>NIL<br><\/p>","utme_requirements":"<p>\r\n\r\n<\/p><p><span>Five (5) SSC credit\r\npasses in English Language, Mathematics, Christian Religious Studies, Economics\r\nand any other subject.<\/span><\/p>\r\n\r\n","subjects":"<p>\r\n\r\n<\/p><p><span>Christian Religious\r\nStudies, Economics and any other Social Science\/Arts subjects.<\/span><\/p>\r\n\r\n","institutions_list":"FC-KAT"},{"id":"7877","title":"CHRISTIAN RELIGIOUS STUDIES\/ECONOMICS","de_requirements":"","utme_requirements":"<p><span>Five (5) SSC credit passes in English Language, Mathematics, Christian Religious Studies, Literature in English and any other Arts subject.<\/span><span><\/span><\/p>","subjects":"Christian Religious Studies, Literature in English Language and Arts subject.","institutions_list":"FC-KAT"},{"id":"23852","title":"CHRISTIAN RELIGIOUS STUDIES\/ENGLISH","de_requirements":"<p>NIL<br><\/p>","utme_requirements":"<p>\r\n\r\n<\/p><p><span>Five (5) SSC credit\r\npasses in English Language, Mathematics, Christian Religious Studies, Geography\r\nand one (1) other subject.<\/span><\/p>\r\n\r\n","subjects":"<p>\r\n\r\n<\/p><p><span>Christian Religious\r\nStudies, Geography and any other subject.<\/span><\/p>\r\n\r\n","institutions_list":"FC-KAT"},{"id":"23851","title":"CHRISTIAN RELIGIOUS STUDIES\/GEOGRAPHY","de_requirements":"<p>NIL<br><\/p>","utme_requirements":"<p>\r\n\r\n<\/p><p><span>Five (5) SSC credit\r\npasses in English Language, Mathematics, Christian Religious Studies and any\r\nother<span>&nbsp; <\/span>Arts subjects.<\/span><\/p>\r\n\r\n","subjects":"<p>\r\n\r\n<\/p><p><span>History,\r\nChristian Religious Studies and any other Arts subjects.<\/span><\/p>\r\n\r\n","institutions_list":"FC-KAT"},{"id":"7880","title":"CHRISTIAN RELIGIOUS STUDIES\/HISTORY","de_requirements":"","utme_requirements":"<p><span>Five (5) SSC credit passes in English Language, Mathematics, Christian Religious Studies and any other two (2) of Economics\/Commerce, Government\/History, Government\/Social Studies.<\/span><span><\/span><\/p>","subjects":"Christian Religious Studies and any other of History\/Government, Geography, Social Studies, Economics\/Commerce.","institutions_list":"FC-KAT"},{"id":"7888","title":"COMPUTER EDUCATION\/PHYSICS","de_requirements":"","utme_requirements":"<p><span>Five (5) SSC credit passes in English Language, Mathematics, Physics and any other two (2) Science subjects.<\/span><span><\/span><\/p>","subjects":"Mathematics, Physics and any other Science subject.","institutions_list":"FC-KAT"},{"id":"7886","title":"COMPUTER SCIENCE EDUCATION\/INTEGRATED SCIENCE","de_requirements":"","utme_requirements":"<p><span>Five (5) SSC credit passes in English Language, Mathematics, Physics, Biology\/Agricultural Science and Chemistry.<\/span>&nbsp; &nbsp;<\/p>","subjects":"Biology\/Agricultural Science, Physics and Chemistry. ","institutions_list":"FC-KAT"},{"id":"7887","title":"COMPUTER SCIENCE EDUCATION\/MATHEMATICS","de_requirements":"","utme_requirements":"<p><span>Five (5) SSC credit passes in English Language, Mathematics, Physics and any two (2) Science subjects.&nbsp;<\/span><span><\/span><\/p>","subjects":"Mathematics and any other two (2) Science subjects.","institutions_list":"FC-KAT"},{"id":"7884","title":"COMPUTER SCIENCE\/BIOLOGY","de_requirements":"","utme_requirements":"<p><span>Five (5) SSC credit passes in English Language, Mathematics, Chemistry, Physics and any other Science subject.<\/span><span><\/span><\/p>","subjects":"Mathematics, Chemistry\/Physics and any other Science subject","institutions_list":"FC-KAT"},{"id":"7883","title":"COMPUTER SCIENCE\/CHEMISTRY","de_requirements":"","utme_requirements":"<p><span>Five (5) SSC credit passes in English Language, Mathematics, Chemistry, Physics and any other Science subject.<\/span><span><\/span><\/p>","subjects":"Mathematics, Chemistry\/Physics and any other Science subject","institutions_list":"FC-KAT"},{"id":"7874","title":"EARLY CHILDHOOD CARE EDUCATION","de_requirements":"","utme_requirements":"<p><span>Five (5) SSC credits including English Language.<\/span>&nbsp;&nbsp;&nbsp;&nbsp;<span><\/span><\/p>","subjects":"English Language and any other three (3) subjects.","institutions_list":"FC-KAT"},{"id":"7854","title":"ENGLISH (DOUBLE MAJOR)","de_requirements":"","utme_requirements":"<p><span>Five (5) SSC credit passes in\r\nEnglish Language, Mathematics, Literature in English and any other two (2) Arts\r\nsubjects.<\/span><\/p>","subjects":"Literature in English and any two (2) Arts subjects.","institutions_list":"FC-KAT"},{"id":"23864","title":"ENGLISH\/ECONOMICS","de_requirements":"<p>NIL<br><\/p>","utme_requirements":"<p>\r\n\r\n<\/p><p><span>Five (5) SSC credit\r\npasses in English Language, Mathematics, Economics, Literature in English and\r\nany other Arts\/Social Science subject.<\/span><\/p>\r\n\r\n","subjects":"<p>\r\n\r\n<\/p><p><span>Economics, Literature\r\nin English and any other subject.<\/span><\/p>\r\n\r\n","institutions_list":"FC-KAT"},{"id":"7855","title":"ENGLISH\/FRENCH","de_requirements":"","utme_requirements":"<p><span>Five (5) SSC credit passes in\r\nEnglish Language, Mathematics, French, Literature in English and any other Arts\r\nsubjects.<\/span><\/p>","subjects":"French, Literature in English and any other Arts subject.","institutions_list":"FC-KAT"},{"id":"23865","title":"ENGLISH\/GEOGRAPHY","de_requirements":"<p>NIL<br><\/p>","utme_requirements":"<p>\r\n\r\n<\/p><p><span>Five (5) SSC credit passes in English Language,\r\nMathematics, Geography, Literature in English and any other Arts\/Social Science\r\nsubject.<\/span><\/p>\r\n\r\n","subjects":"<p>\r\n\r\n<\/p><p><span>Geography, Literature\r\nin English and one (1) other Arts\/Social Science subject.<\/span><\/p>\r\n\r\n","institutions_list":"FC-KAT"},{"id":"7856","title":"ENGLISH\/HAUSA","de_requirements":"","utme_requirements":"<p><span>Five (5) SSC credit passes in\r\nEnglish Language, Mathematics,&nbsp; Hausa,\r\nLiterature in English and any other Arts&nbsp;\r\nsubject.<\/span><\/p>","subjects":"Literature in English and any other Arts subject\r\n\r\n","institutions_list":"FC-KAT"},{"id":"23863","title":"ENGLISH\/HISTORY","de_requirements":"<p>NIL<br><\/p>","utme_requirements":"<p>\r\n\r\n<\/p><p><span>Five (5) SSC credit passes in English Language,\r\nMathematics, Literature in English, History\/Government and any other Arts\r\nsubject.<\/span><\/p>\r\n\r\n","subjects":"<p>\r\n\r\n<\/p><p><span>Literature in\r\nEnglish, History\/Government and any other Arts subject<\/span><\/p>\r\n\r\n","institutions_list":"FC-KAT"},{"id":"7857","title":"ENGLISH\/IGBO","de_requirements":"","utme_requirements":"<p><span>Five (5) SSC credit passes in\r\nEnglish Language, Mathematics, Literature in English, Igbo Language and any\r\nother Arts&nbsp; subject<\/span><\/p>","subjects":"Igbo, Literature in English,  and any Arts subject","institutions_list":"FC-KAT"},{"id":"7858","title":"ENGLISH\/INTEGRATED SCIENCE","de_requirements":"","utme_requirements":"<p><span>Five (5) SSC credit\r\npasses in English Language, Mathematics, Literature in English, Biology and any\r\nArts\/Science subject.<\/span><\/p>","subjects":"Literature in English, Biology and any Science subject.","institutions_list":"FC-KAT"},{"id":"7859","title":"ENGLISH\/ISLAMIC STUDIES","de_requirements":"","utme_requirements":"<p><span>Five (5) SSC credit\r\npasses in English Language, Mathematics, Islamic Studies, Literature in English\r\nand any other Arts subject.<\/span><\/p>","subjects":"Islamic Studies, Literature in English and one (1) Arts subject. ","institutions_list":"FC-KAT"},{"id":"7860","title":"ENGLISH\/MATHEMATICS","de_requirements":"","utme_requirements":"<p><span>Five (5) SSC credit\r\npasses in English Language, Mathematics, Literature in English and any other two\r\n(2)&nbsp; Arts subjects.<\/span><\/p>","subjects":"Literature in English, Mathematics and any other Arts\/Science subject","institutions_list":"FC-KAT"},{"id":"7861","title":"ENGLISH\/SOCIAL STUDIES","de_requirements":"","utme_requirements":"<p><span>Five (5) SSC credit\r\npasses in English Language, Mathematics, Literature in English and any two (2)\r\nof Economics, Government\/History, Geography\/Social Studies.<\/span><\/p>","subjects":"Literature in English and any of Arts\/Social Science subjects.","institutions_list":"FC-KAT"},{"id":"7862","title":"ENGLISH\/YORUBA","de_requirements":"","utme_requirements":"<p><span>Five (5) SSC credit\r\npasses in English Language, Mathematics, Literature in English, Yoruba and any\r\nArts subject.<\/span><\/p>","subjects":"Literature in English, Yoruba and any Arts subjects\r\n\r\n","institutions_list":"FC-KAT"},{"id":"7863","title":"FINE & APPLIED ART (DOUBLE MAJOR)","de_requirements":"","utme_requirements":"<table>\r\n <tbody><tr>\r\n  <td>\r\n  <p><span>Five (5) SSC\r\n  credit passes in English Language, Mathematics, Fine Arts and any other two\r\n  (2) subjects from:<\/span><\/p>\r\n  <p><span>1. Craft<\/span><\/p>\r\n  <p><span>2. Textile Clothing<\/span><\/p>\r\n  <p><span>3. Technical\r\n  Drawing<\/span><\/p>\r\n  <p><span>4. A Science\r\n  subject<\/span><\/p>\r\n  <p><span>5. An Arts\r\n  subject<\/span><\/p>\r\n  <p><span>6. Decorative\r\n  Painting<\/span><\/p>\r\n  <p><span>7. Spray\r\n  Painting, <\/span><span>Lining, Sign <\/span><span>and Design<\/span><\/p>\r\n  <p><span>8. Wall\r\n  Hanging, Colour Mixing\/Matching and Glazing<\/span><\/p>\r\n  <p><span>9. Graphic\r\n  Design<\/span><\/p>\r\n  <p><span>10. Graphic\r\n  Printing<\/span><\/p>\r\n  <p><span>11. Ceramics<\/span><\/p>\r\n  <p><span>12. Basic Electricity.<\/span><\/p>\r\n  <p><span>13. General\r\n  Wood work<\/span><\/p>\r\n  <p><span>14.\r\n  General Metal Work<\/span><\/p>\r\n  <p><span>15.\r\n  Men\/Ladies Garment Construction &amp; Finishing<\/span><\/p>\r\n  <p><span>16.\r\n  Spinning 16. Weaving<\/span><\/p>\r\n  <p><span>17.\r\n  Men\/Ladies Textile Design<\/span><\/p>\r\n  <p><span>18.SurfaceDesign\r\n  &amp; Printing<\/span><\/p>\r\n  <p><span>19.&nbsp; Bleaching, Dyeing and Finishing.<\/span><\/p>\r\n  <p><span>20.\r\n  Spraying, Painting, Lining, Sign and Design<\/span><\/p>\r\n  <p><span>&nbsp;<\/span><\/p>\r\n  <\/td>\r\n <\/tr>\r\n<\/tbody><\/table>","subjects":"Fine Arts and any other two (2) subjects","institutions_list":"FC-KAT"},{"id":"23867","title":"FRENCH\/ECONOMICS","de_requirements":"<p>NIL<br><\/p>","utme_requirements":"<p>\r\n\r\n<\/p><p><span>Five (5)SSC credit passes in English Language,\r\nMathematics, Economics, French and any other Arts\/Social Science subject.<\/span><\/p>\r\n\r\n","subjects":"<p>\r\n\r\n<\/p><p><span>Economics, French and any other Arts\/Social Science.<\/span><\/p>\r\n\r\n","institutions_list":"FC-KAT"},{"id":"7864","title":"FRENCH\/HAUSA","de_requirements":"","utme_requirements":"<p><span>Five (5) SSC credit\r\npasses in English Language, Mathematics, French, Hausa, and any other Arts\r\nsubject.<\/span><\/p>","subjects":"French, Hausa   and any other Arts subject.\r\n\r\n","institutions_list":"FC-KAT"},{"id":"23866","title":"FRENCH\/HISTORY","de_requirements":"<p>NIL<br><\/p>","utme_requirements":"<p>\r\n\r\n<\/p><p><span>Five (5) SSC credit\r\npasses in English Language, Mathematics, French, History\/Government and any\r\nother Arts<span>&nbsp;&nbsp; <\/span>subject.<\/span><\/p>\r\n\r\n","subjects":"<p>\r\n\r\n<\/p><p><span>French, History\/Government\r\nand any other Arts subject.<\/span><\/p>\r\n\r\n","institutions_list":"FC-KAT"},{"id":"7865","title":"FRENCH\/IGBO","de_requirements":"","utme_requirements":"<p><span>Five (5) SSC credit\r\npasses in English Language, Mathematics, French, Igbo and any other Arts&nbsp; subject.<\/span><\/p>","subjects":"French, Igbo and any Arts subject.","institutions_list":"FC-KAT"},{"id":"7866","title":"FRENCH\/YORUBA","de_requirements":"","utme_requirements":"<p><span>Five (5) SSC credit\r\npasses&nbsp;&nbsp; in English Language,\r\nMathematics, French, Yoruba and any other Arts subjects.<\/span><\/p>","subjects":"French, Yoruba and any other Arts subjects.\r\n\r\n","institutions_list":"FC-KAT"},{"id":"23868","title":"HAUSA\/HISTORY","de_requirements":"<p>NIL<br><\/p>","utme_requirements":"<p>\r\n\r\n<\/p><p><span>Five (5) SSC credit\r\npasses in English Language, Mathematics, Hausa, History and one (1) Arts\r\nsubject.<\/span><\/p>\r\n\r\n","subjects":"<p>\r\n\r\n<\/p><p><span>Hausa, History and\r\nany Arts subject.<\/span><\/p>\r\n\r\n","institutions_list":"FC-KAT"},{"id":"7868","title":"HAUSA\/IGBO L4","de_requirements":"","utme_requirements":"<p><span>Five\r\n(5) SSC credit passes in English Language, Mathematics, Hausa and any other two\r\n(2) Arts subjects.<\/span><\/p>","subjects":"Hausa and other two (2) ((2) Arts subjects.","institutions_list":"FC-KAT"},{"id":"7870","title":"HAUSA\/ISLAMIC STUDIES","de_requirements":"","utme_requirements":"<p><span>Five\r\n(5) SSC credit passes in English Language, Mathematics, Hausa, Islamic Studies&nbsp; and any Arts subject.<\/span><\/p>","subjects":"Hausa, Islamic Studies and any other Arts subject.","institutions_list":"FC-KAT"},{"id":"7869","title":"HAUSA\/SOCIAL STUDIES","de_requirements":"","utme_requirements":"<p><span>Five (5) SSC credit passes in\r\nEnglish Language, Mathematics, Hausa and any two (2) of<\/span><\/p><p><span>1.\r\nGeography<\/span><\/p><p><span>2.\r\nHistory\/Government<\/span><\/p><p><span>3.\r\nIslamic Studies\/Christian Religious Studies<\/span><\/p><p><span>4.\r\nEconomics<\/span><\/p><p>\r\n\r\n\r\n\r\n\r\n\r\n\r\n\r\n\r\n\r\n<\/p><p><span>&nbsp;<\/span><\/p>","subjects":"Hausa and any other two (2) Arts\/Social Science subjects.","institutions_list":"FC-KAT"},{"id":"7871","title":"HAUSA\/YORUBA","de_requirements":"","utme_requirements":"<p><span>Five\r\n(5) SSC credit passes in English Language, Mathematics, Yoruba\/Hausa and any two\r\n(2) Arts subjects.<\/span><\/p>","subjects":"Hausa\/Yoruba and any other Arts subject.\r\n\r\n","institutions_list":"FC-KAT"},{"id":"23861","title":"HISTORY\/ECONOMICS","de_requirements":"<p>NIL<br><\/p>","utme_requirements":"<p>\r\n\r\n<\/p><p><span>Five (5) SSC credit passes in English Language,\r\nMathematics, Economics, History and any other Arts\/Social Science subjects.<\/span><\/p>\r\n\r\n","subjects":"<p>\r\n\r\n<\/p><p><span>History, Economics and any other Arts\/Social Science\r\nsubject.<\/span><\/p>\r\n\r\n","institutions_list":"FC-KAT"},{"id":"23860","title":"HISTORY\/GEOGRAPHY","de_requirements":"<p>NIL<br><\/p>","utme_requirements":"<p>\r\n\r\n<\/p><p><span>Five (5) SSC credit\r\npasses in English Language, Mathematics, Geography, History\/Government and any\r\nother Arts\/Social Science subject.<\/span><\/p>\r\n\r\n","subjects":"<p>\r\n\r\n<\/p><p><span>Geography,\r\nHistory\/Government and any other Arts\/Social Science subject.<\/span><\/p>\r\n\r\n","institutions_list":"FC-KAT"},{"id":"23862","title":"HISTORY\/POLITICAL SCIENCE","de_requirements":"<p>NIL<br><\/p>","utme_requirements":"<p>\r\n\r\n<\/p><p><span>Five (5) SSC credit passes in English Language,\r\nMathematics, History and any two (2) Social Science subjects.<\/span><\/p>\r\n\r\n","subjects":"<p>\r\n\r\n<\/p><p><span>History and any two\r\n(2) Social Science subjects.<\/span><\/p>\r\n\r\n","institutions_list":"FC-KAT"},{"id":"23858","title":"HISTORY\/SOCIAL STUDIES","de_requirements":"<p>NIL<br><\/p>","utme_requirements":"<p><span>Five\r\n(5) SSC credit passes in English Language, Mathematics, History and any two (2)\r\nof Geography, Government, Economics and Christian Religious Studies\/Islamic\r\nStudies.<\/span><\/p>","subjects":"<p><span>History\r\nand any one (1) <span>&nbsp;<\/span>Arts and one (1) <span>&nbsp;<\/span>Social Science subject.<\/span><\/p>","institutions_list":"FC-KAT"},{"id":"7873","title":"HOME ECONOMICS (DOUBLE MAJOR)","de_requirements":"","utme_requirements":"<table>\r\n <tbody><tr>\r\n  <td>\r\n  <p><span>Five (5) SSC\r\n  credit passes in English Language, Mathematics and any three (3) of the\r\n  followings:<\/span><\/p>\r\n  <p><span>1.&nbsp; Agricultural Science<\/span><\/p>\r\n  <p><span>2.&nbsp; Biology<\/span><\/p>\r\n  <p><span>3.&nbsp; Chemistry<\/span><\/p>\r\n  <p><span>4.&nbsp; General Science<\/span><\/p>\r\n  <p><span>5.&nbsp; Health Science<\/span><\/p>\r\n  <p><span>6.&nbsp; Home Management\/ <\/span><\/p>\r\n  <p><span>7.&nbsp; Hotel and Catering<\/span><\/p>\r\n  <p><span>8.&nbsp; Food and Nutrition<\/span><\/p>\r\n  <p><span>9.&nbsp; Integrated Science<\/span><\/p>\r\n  <p><span>10. Physical and\r\n  Health Education\/Physical Education<\/span><\/p>\r\n  <p><span>11. Physics<\/span><\/p>\r\n  <p><span>12. Economics<\/span><\/p>\r\n  <p><span>13. General Metal\r\n  Work<\/span><\/p>\r\n  <p><span>14. Building\/Engineering\r\n  Drawing<\/span><\/p>\r\n  <p><span>15. Men\/Ladies\r\n  Garment&nbsp;&nbsp;&nbsp;&nbsp; <\/span><\/p>\r\n  <p><span>&nbsp;&nbsp;&nbsp;&nbsp; Construction and Finishing<\/span><\/p>\r\n  <p><span>16. Men\/Ladies\r\n  Textile&nbsp;&nbsp; Design<\/span><\/p>\r\n  <p><span>17. Spinning&nbsp; <\/span><\/p>\r\n  <p><span>18. Weaving<\/span><\/p>\r\n  <p><span>19. Surface Design and\r\n  <\/span><\/p>\r\n  <p><span>&nbsp;&nbsp;&nbsp;&nbsp; Printing<\/span><\/p>\r\n  <p><span>20. Bleaching, Dyeing\r\n  and <\/span><\/p>\r\n  <p><span>&nbsp;&nbsp;&nbsp;&nbsp; Finishing<\/span><\/p>\r\n  <p><span>21. Basic Electricity<\/span><\/p>\r\n  <p><span>&nbsp;<\/span><\/p>\r\n  <p><b><span>GROUP A:<\/span><\/b><span><\/span><\/p>\r\n  <p><span>Home Economics,\r\n  Home Management, Cookery, Needle Work and Dress Making, Clothing and Textile,\r\n  Food and Nutrition, Hotel Management and Catering.<\/span><\/p>\r\n  <p><span>&nbsp;<\/span><\/p>\r\n  <p><b><span>GROUP B:<\/span><\/b><span><\/span><\/p>\r\n  <p><span>Biology, Chemistry, Physics, Integrated\r\n  Science, Health Science, Agricultural Science, Mathematics\/Arithmetic\r\n  Process\/Basic Mathematics, Economics, Physical and Health Education.<\/span><span><\/span><\/p>\r\n  <\/td>\r\n <\/tr>\r\n<\/tbody><\/table>","subjects":"Any three (3) of Chemistry, Agricultural Science, Home Economics, Economics and Mathematics.","institutions_list":"FC-KAT"},{"id":"23870","title":"IGBO\/HISTORY","de_requirements":"<p>NIL<br><\/p>","utme_requirements":"<p>\r\n\r\n<\/p><p><span>Five (5) SSC credit passes in English Language,\r\nMathematics, History, Igbo and any Arts subject.<\/span><\/p>\r\n\r\n","subjects":"<p>\r\n\r\n<\/p><p><span>History and any other\r\ntwo (2) Arts subjects.<\/span><\/p>\r\n\r\n","institutions_list":"FC-KAT"},{"id":"7885","title":"INTEGRATED SCIENCE (DOUBLE MAJOR)","de_requirements":"","utme_requirements":"<p><span>Five (5) SSC credit passes in English Language, Mathematics, Physics, Biology\/Chemistry and any other Science subject.<\/span>&nbsp;&nbsp;&nbsp;&nbsp;<span><\/span><\/p>","subjects":"Any three (3) of Mathematics, Biology, Physics, Chemistry. ","institutions_list":"FC-KAT"},{"id":"7881","title":"INTEGRATED SCIENCE \/ MATHEMATICS EDUCATION","de_requirements":"","utme_requirements":"<p><span>Five (5) SSC credit\r\npasses in English Language, Mathematics and any three (3) of the following<\/span><\/p><p><span>1. Biology\/Agricultural\r\nScience<\/span><\/p><p><span>2. Chemistry<\/span><\/p><p><span>3. Physics and<\/span><\/p><p>\r\n\r\n\r\n\r\n\r\n\r\n\r\n\r\n<\/p><p><span>4. General Science<\/span><\/p>","subjects":"Mathematics and any two (2) of: Biology, Physics and Chemistry.","institutions_list":"FC-KAT"},{"id":"7882","title":"INTEGRATED SCIENCE\/PHYSICS","de_requirements":"","utme_requirements":"<p><span>Five (5) SSC credit\r\npasses in English Language, Mathematics Physics and any two (2) Science\r\nsubjects<\/span><\/p>","subjects":"Physics and any other  two (2) Science subjects.","institutions_list":"FC-KAT"},{"id":"23856","title":"ISLAMIC STUDIES\/ECONOMICS","de_requirements":"<p>NIL<br><\/p>","utme_requirements":"<p>\r\n\r\n<\/p><p><span>Five (5) SSC credit\r\npasses in English Language, Mathematics, Economics and any one (1) Arts\/Social\r\nScience subject.<\/span><\/p>\r\n\r\n","subjects":"<p>\r\n\r\n<\/p><p><span>Islamic Studies, Economics and any Arts\/Social Science\r\nsubject.<\/span><\/p>\r\n\r\n","institutions_list":"FC-KAT"},{"id":"23855","title":"ISLAMIC STUDIES\/GEOGRAPHY","de_requirements":"<p>NIL<br><\/p>","utme_requirements":"<p>\r\n\r\n<\/p><p><span>Five (5) SSC credit\r\npasses in English Language, Mathematics, Islamic Studies, Geography, one (1) <span>&nbsp;<\/span>Arts\/Social Science subject.<\/span><\/p>\r\n\r\n","subjects":"<p>\r\n\r\n<\/p><p><span>Islamic Studies, Geography and one (1) <span>&nbsp;<\/span>Arts\/Social Science subject.<\/span><\/p>\r\n\r\n","institutions_list":"FC-KAT"},{"id":"23854","title":"ISLAMIC STUDIES\/HISTORY","de_requirements":"<p>NIL<br><\/p>","utme_requirements":"<p>\r\n\r\n<\/p><p><span>Five (5) SSC credit passes in English Language,\r\nMathematics, History, Islamic Studies and any Arts subject.<\/span><\/p>\r\n\r\n","subjects":"<p>\r\n\r\n<\/p><p><span>History, Islamic\r\nStudies and any other Arts subject.<\/span><\/p>\r\n\r\n","institutions_list":"FC-KAT"},{"id":"7890","title":"ISLAMIC STUDIES\/SOCIAL STUDIES","de_requirements":"","utme_requirements":"<p><span>Five (5) SSC credit\r\npasses in English Language, Mathematics, Islamic Studies and any two (2) of<\/span><\/p><p><span>1. Economics<\/span><\/p><p><span>2. Government\/History<\/span><\/p><p>\r\n\r\n\r\n\r\n\r\n\r\n<\/p><p><span>3. Geography<\/span><\/p>","subjects":"Islamic Studies, Government\/History and any one (1)  Social\/Arts Subject.","institutions_list":"FC-KAT"},{"id":"7892","title":"MATHEMATICS\/PHYSICS","de_requirements":"","utme_requirements":"<p><span>Five (5) SSC credit\r\npasses in English Language, Mathematics, Physics and two (2) other Science\r\nsubjects.<\/span><\/p>","subjects":"Mathematics, Physics and any other Science subject.","institutions_list":"FC-KAT"},{"id":"7893","title":"MATHEMATICS\/SOCIAL STUDIES","de_requirements":"","utme_requirements":"<p><span>Five (5) SSC credit\r\npasses in English Language, Mathematics, Government\/History, one (1) &nbsp;&nbsp;&nbsp;Science and one (1) &nbsp;&nbsp;&nbsp;Social Science subject.<\/span><\/p>","subjects":"Mathematics, one (1)  Science and one (1)  Social Science subject.","institutions_list":"FC-KAT"},{"id":"7896","title":"PHYSICAL & HEALTH EDUCATION (DOUBLE MAJOR)","de_requirements":"","utme_requirements":"<p><span>Five\r\n(5) SSC credits\/TC II merit passes in Five (5) subjects including English\r\nLanguage, Biology or its equivalent.<\/span><\/p>","subjects":"Biology and any two (2relevant subjects.","institutions_list":"FC-KAT"},{"id":"7889","title":"PRIMARY EDUCATION STUDIES","de_requirements":"","utme_requirements":"<p><span>Five (5)SSC credits including English\r\nLanguage.<\/span><\/p>","subjects":"English Language and any other three (3) subjects.","institutions_list":"FC-KAT"},{"id":"7867","title":"SOCIAL STUDIES (DOUBLE MAJOR)","de_requirements":"","utme_requirements":"<p><span>Five (5) SSC credit\r\npasses in English Language, Mathematics, Government\/History and two (2) Social Science\r\nsubjects.<\/span><\/p>","subjects":"Government\/History and two (2) of Social Science subjects.","institutions_list":"FC-KAT"},{"id":"23857","title":"SOCIAL STUDIES\/ECONOMICS","de_requirements":"<p>NIL<br><\/p>","utme_requirements":"<p>\r\n\r\n<\/p><p><span>Five (5) SSC credit passes in English Language,\r\nMathematics, Economics, Government\/History and any other Social Science subject.<\/span><\/p>\r\n\r\n","subjects":"<p>\r\n\r\n<\/p><p><span>Economics,\r\nHistory\/Government and any other Social Science subject.<\/span><\/p>\r\n\r\n","institutions_list":"FC-KAT"},{"id":"23859","title":"SOCIAL STUDIES\/GEOGRAPHY","de_requirements":"<p>NIL<br><\/p>","utme_requirements":"<p>\r\n\r\n<\/p><p><span>Five (5) SSC credit\r\npasses in English Language, Mathematics, Geography and two (2) of\r\nGovernment\/History, Christian Religious Studies\/Christian Religious Studies,\r\nEconomics.<\/span><\/p>\r\n\r\n","subjects":"<p>\r\n\r\n<\/p><p><span>Geography and two (2)\r\nof Economics, Government\/History, Christian Religious Studies\/Islamic Studies.<\/span><\/p>\r\n\r\n","institutions_list":"FC-KAT"},{"id":"7872","title":"SOCIAL STUDIES\/HISTORY","de_requirements":"","utme_requirements":"<table>\r\n <tbody><tr>\r\n  <td>\r\n  <p><span>Five (5) SSC\r\n  credit passes in English Language, Mathematics, History and any two (2) of\r\n  Geography, Government, Economics and Christian Religious Studies\/Islamic\r\n  Studies.<\/span><\/p>\r\n  <\/td>\r\n <\/tr>\r\n<\/tbody><\/table>","subjects":"History and any one (1)  Arts and one (1)  Social Science subject.","institutions_list":"FC-KAT"},{"id":"23869","title":"YORUBA\/HISTORY","de_requirements":"<p>NIL<br><\/p>","utme_requirements":"<p>\r\n\r\n<\/p><p><span>Five (5) SSC credit passes in English Language,\r\nMathematics, History, Yoruba and any one (1)Arts subject.<\/span><\/p>\r\n\r\n","subjects":"<p>\r\n\r\n<\/p><p><span>History, Yoruba and\r\nany one (1) Arts subject.<\/span><\/p>\r\n\r\n","institutions_list":"FC-KAT"}]