[{"id":"8009","title":"ADULT & NON FORMAL EDUCATION","de_requirements":"","utme_requirements":"<p><span>Five (5) SSC credit\r\npasses in English Language, Mathematics and three (3) subjects.<\/span><\/p>","subjects":"English Language and any three (3) subjects.\r\n\r\n","institutions_list":"FC-KONTA"},{"id":"7975","title":"AGRICULTURAL SCIENCE (DOUBLE MAJOR)","de_requirements":"","utme_requirements":"<p><span>SSC credit passes in English Language and\r\nany three (3) of <\/span><\/p><p><span>&nbsp;<\/span><\/p><p><span>1. Agricultural Science<\/span><\/p><p><span>2. Mathematics <\/span><\/p><p><span>3. Chemistry<\/span><\/p><p><span>4. Biology<\/span><\/p><p><span>5. Health Science<\/span><\/p><p><span>6. Integrated\/Rural Science<\/span><\/p><p><span>7. Physics<\/span><\/p><p><span>8. Nature Study and<\/span><\/p><p><span>9. General Science.<\/span><\/p><p><span>&nbsp;<\/span><\/p><p><b><span>NB<\/span><\/b><\/p><p><b><span>GROUP A:<\/span><\/b><span><\/span><\/p><p><span>1. Agricultural Science<\/span><\/p><p><span>2. Biology<\/span><\/p><p><span>3. Nutrition<\/span><\/p><p><span>4. Health Science.<\/span><\/p><p><span>5. Applied Biology<\/span><\/p><p><span>&nbsp;<\/span><\/p><p><b><span>GROUP B:<\/span><\/b><span><\/span><\/p><p><span>1. Physics<\/span><\/p><p><span>2. Chemistry<\/span><\/p><p><span>3. Mathematics<\/span><\/p><p><span>4.Basic Mathematics\/Arithmetic Process<\/span><\/p><p><span>5. Economics<\/span><\/p><p><span>6. Geography<\/span><\/p><p><span>7. Social Studies<\/span><\/p><p><span>8. Integrated Science<\/span><\/p><p>\r\n\r\n\r\n\r\n\r\n\r\n\r\n\r\n\r\n\r\n\r\n\r\n\r\n\r\n\r\n\r\n\r\n\r\n\r\n\r\n\r\n\r\n\r\n\r\n\r\n\r\n\r\n\r\n\r\n\r\n\r\n\r\n\r\n\r\n\r\n\r\n\r\n\r\n\r\n\r\n\r\n\r\n\r\n\r\n\r\n\r\n\r\n\r\n\r\n\r\n\r\n\r\n\r\n\r\n\r\n\r\n\r\n\r\n<\/p><p><span>9. General Science<\/span><\/p>","subjects":"Agricultural Science, Chemistry, Biology\/General Science or Mathematics.","institutions_list":"FC-KONTA"},{"id":"8003","title":"ARABIC \/ IGBO","de_requirements":"","utme_requirements":"<p><span>Five (5) SSC credit passes in English Language,\r\nMathematics, Arabic and any two (2) other subject.<\/span><\/p>","subjects":"Arabic, Igbo and any Arts subject.","institutions_list":"FC-KONTA"},{"id":"7984","title":"ARABIC\/CHRISTIAN RELIGIOUS STUDIES","de_requirements":"","utme_requirements":"<p><span>SSC credit passes to include English Language,\r\nMathematics, Arabic, Christian Religious Studies\/Islamic Studies and any other\r\nsubjects<\/span><br><\/p>","subjects":"Arabic, Christian Religious Studies and any other from Arts\/Social Science subjects.","institutions_list":"FC-KONTA"},{"id":"7986","title":"ARABIC\/ENGLISH","de_requirements":"<p>&nbsp; &nbsp;<\/p>","utme_requirements":"<p><span>Five (5) SSC credit passes\r\nincluding Arabic and English Language, Mathematics, Literature in English, any\r\nother subject.&nbsp; &nbsp;<\/span><\/p>","subjects":"Arabic and two (2) subjects from Arts\/Social Science&nbsp; &nbsp;","institutions_list":"FC-KONTA"},{"id":"7995","title":"ARABIC\/FRENCH","de_requirements":"","utme_requirements":"<p><span>Five (5) SSC credit passes in English Language,\r\nMathematics, Arabic, French and any other subject.<\/span><\/p>","subjects":"Arabic, French and any other Arts subject.","institutions_list":"FC-KONTA"},{"id":"7998","title":"ARABIC\/HAUSA","de_requirements":"<p>&nbsp;&nbsp;<\/p>","utme_requirements":"<p><span>Five (5)SSC credit passes in English Language,\r\nMathematics, Arabic, Hausa and any other subject.&nbsp; &nbsp;<\/span><\/p>","subjects":"Arabic, Hausa and any  subject.&nbsp; &nbsp;","institutions_list":"FC-KONTA"},{"id":"8000","title":"ARABIC\/ISLAMIC STUDIES","de_requirements":"<p>&nbsp; &nbsp;&nbsp;<\/p>","utme_requirements":"<p><span>Five (5) SSC credit passes in English Language,\r\nMathematics, Arabic, Islamic Studies and any other subject.&nbsp; &nbsp;<\/span><\/p>","subjects":"Islamic Studies, Arabic and any other Arts subject.","institutions_list":"FC-KONTA"},{"id":"8002","title":"ARABIC\/SOCIAL STUDIES","de_requirements":"<p>&nbsp;&nbsp;&nbsp;&nbsp;&nbsp;&nbsp;&nbsp;&nbsp;&nbsp;&nbsp;&nbsp;&nbsp;&nbsp;&nbsp;&nbsp;&nbsp;&nbsp;&nbsp;&nbsp;&nbsp;<br><\/p>","utme_requirements":"<p><span>Five (5) SSC credit passes in English Language,\r\nMathematics, Arabic and two (2) of Economics, Government, Geography and Social\r\nstudies<\/span><br><\/p>","subjects":"Arabic and any two (2) of Geography, History\/ Government and Economics.","institutions_list":"FC-KONTA"},{"id":"8004","title":"ARABIC\/YORUBA","de_requirements":"","utme_requirements":"<p><span>Five (5) SSC credit passes in English Language,\r\nMathematics, Arabic, Yoruba and any other subject<\/span><\/p>","subjects":"Arabic, Yoruba and any other Arts subject.","institutions_list":"FC-KONTA"},{"id":"8005","title":"BIOLOGY\/CHEMISTRY","de_requirements":"","utme_requirements":"<p><span>Five (5) SSC credit\r\npasses, in English Language, Mathematics, Biology, Chemistry and other Science\r\nsubject.<\/span><\/p>","subjects":"Biology, Chemistry any other Science subject.","institutions_list":"FC-KONTA"},{"id":"8006","title":"BIOLOGY\/INTEGRATED SCIENCE","de_requirements":"","utme_requirements":"<p><span>Five (5) SSC credit\r\npasses in English Language, Mathematics, Biology, Chemistry\/Physics and any\r\nother Science subject.<\/span><\/p>","subjects":"Biology, Chemistry\/Physics and any other Science subject.","institutions_list":"FC-KONTA"},{"id":"8007","title":"BIOLOGY\/MATHEMATICS","de_requirements":"<p>&nbsp;&nbsp;<\/p>","utme_requirements":"<p><span>Five (5) SSC credit\r\npasses, in English Language, Mathematics, Biology, and any other two (2)\r\nScience subjects.&nbsp; &nbsp;<\/span><\/p>","subjects":"Mathematics, Biology and any other Science subject.&nbsp; &nbsp;","institutions_list":"FC-KONTA"},{"id":"8008","title":"BIOLOGY\/PHYSICS","de_requirements":"","utme_requirements":"<p><span>Five (5)SSC credit\r\npasses, in English Language, Mathematics, Biology, Physics and any other\r\nScience subject.<\/span><\/p>","subjects":"Physics, Biology and any other Science subject.","institutions_list":"FC-KONTA"},{"id":"7973","title":"BUSINESS EDUCATION","de_requirements":"","utme_requirements":"<p><span>SSC credit passes or TC II merits in English\r\nLanguage and any three (3) of:<\/span><\/p><p><span>1. Economics<\/span><\/p><p><span>2. Accounts<\/span><\/p><p><span>3. Government<\/span><\/p><p><span>4. Geography<\/span><\/p><p><span>5. History<\/span><\/p><p><span>6. Business Method<\/span><\/p><p><span>7. Statistics<\/span><\/p><p><span>8. Commerce<\/span><\/p><p><span>9. Any Science subjects <\/span><\/p><p><span>&nbsp;<\/span><\/p><p><b><span>NB: GROUP A:<\/span><\/b><span><\/span><\/p><p><span>Commercial Arithmetic\r\nCosting, Principles of Accounts, Book Keeping Mathematics, Statistics.<\/span><\/p><p><span>&nbsp;<\/span><\/p><p><b><span>GROUP B:<\/span><\/b><span><\/span><\/p><p>\r\n\r\n\r\n\r\n\r\n\r\n\r\n\r\n\r\n\r\n\r\n\r\n\r\n\r\n\r\n\r\n\r\n\r\n\r\n\r\n\r\n\r\n\r\n\r\n\r\n\r\n\r\n\r\n\r\n\r\n<\/p><p><span>Office Practice, Business\r\nMethod, Commerce, Economics.<\/span><\/p>","subjects":"Mathematics, Economics and any of Geography, Commerce and Principles of Accounts.","institutions_list":"FC-KONTA"},{"id":"7963","title":"CHEMISTRY\/INTEGRATED SCIENCE","de_requirements":"<p>&nbsp; &nbsp;<\/p>","utme_requirements":"<p><span>Five (5) SSC credit passes in English Language, Mathematics, Chemistry, Biology and any other Science subject.<\/span>&nbsp; &nbsp; &nbsp;&nbsp;<span><\/span><\/p>","subjects":"Any three (3) of Chemistry, Biology, Physics, General Science\/Mathematics.&nbsp;&nbsp;","institutions_list":"FC-KONTA"},{"id":"7965","title":"CHEMISTRY\/INTEGRATED SCIENCE","de_requirements":"","utme_requirements":"<p><span>Five (5)SSC credit passes in English Language, Mathematics, Physics and any other Science subject.<\/span>&nbsp;&nbsp;&nbsp;&nbsp;<span>&nbsp;<\/span><span><\/span><\/p>","subjects":"Chemistry, Physics and Mathematics.","institutions_list":"FC-KONTA"},{"id":"7964","title":"CHEMISTRY\/MATHEMATICS","de_requirements":"<p>&nbsp;&nbsp;<\/p>","utme_requirements":"<p>&nbsp; &nbsp;&nbsp;<span>Five (5) SSC credit passes in English Language, Mathematics, Chemistry and any other two (2) Science subjects.&nbsp; &nbsp;<\/span><br><\/p><p><span><\/span><\/p>","subjects":"Mathematics, Chemistry and Biology\/Physics.&nbsp;&nbsp;","institutions_list":"FC-KONTA"},{"id":"7970","title":"CHEMISTRY\/PHYSICS","de_requirements":"","utme_requirements":"<p><span>Five (5) SSC credit passes in English Language, Mathematics, Christian Religious Studies, Economics and any other subject.<\/span>&nbsp;&nbsp;&nbsp;&nbsp;<span><\/span><\/p>","subjects":"Christian Religious Studies, Economics and any other Social Science\/Arts subjects.","institutions_list":"FC-KONTA"},{"id":"7976","title":"CHRISTIAN RELIGIOUS STUDIES \/ SOCIAL STUDIES","de_requirements":"","utme_requirements":"<p><span>Five (5) SSC credit passes in English Language, Mathematics, Christian Religious Studies and any other two (2) of Economics\/Commerce, Government\/History, Government\/Social Studies.<\/span><span><\/span><\/p>","subjects":"Christian Religious Studies and any other of History\/Government, Geography, Social Studies, Economics\/Commerce.","institutions_list":"FC-KONTA"},{"id":"7966","title":"CHRISTIAN RELIGIOUS STUDIES\/ENGLISH","de_requirements":"","utme_requirements":"<p><span>Five (5) SSC credit passes in English Language, Mathematics, Christian Religious Studies, Literature in English and any other Arts subject.<\/span><span><\/span><\/p>","subjects":"Christian Religious Studies, Literature in English Language and Arts subject.","institutions_list":"FC-KONTA"},{"id":"7968","title":"CHRISTIAN RELIGIOUS STUDIES\/FRENCH","de_requirements":"","utme_requirements":"<p><span>Five (5) SSC credit passes in English Language, Mathematics, Christian Religious Studies, French and one (1) other subject.<\/span><span><\/span><\/p>","subjects":"Christian Religious Studies, French and any other subject.","institutions_list":"FC-KONTA"},{"id":"7969","title":"CHRISTIAN RELIGIOUS STUDIES\/GEOGRAPHY","de_requirements":"","utme_requirements":"<p><span>Five (5) SSC credit passes in English Language, Mathematics, Christian Religious Studies, Geography and one (1) other subject.<\/span><span><\/span><\/p>","subjects":"Christian Religious Studies, Geography and any other subject.","institutions_list":"FC-KONTA"},{"id":"7972","title":"CHRISTIAN RELIGIOUS STUDIES\/HAUSA","de_requirements":"","utme_requirements":"<p><span>Five (5)SSC credit passes in English Language, Mathematics, Government, Christian Religious Studies, Hausa and any other &nbsp;Arts subject.<\/span><span><\/span><\/p>","subjects":"Hausa, Christian Religious Studies and any other Arts subject.","institutions_list":"FC-KONTA"},{"id":"7974","title":"CHRISTIAN RELIGIOUS STUDIES\/HISTORY","de_requirements":"","utme_requirements":"<p><span>Five (5) SSC credit passes in English Language, Mathematics, Christian Religious Studies and any other &nbsp;Arts subjects.<\/span><span><\/span><\/p>","subjects":"History, Christian Religious Studies and any other Arts subjects.","institutions_list":"FC-KONTA"},{"id":"25938","title":"CHRISTIAN RELIGIOUS STUDIES\/IGBO","de_requirements":"<p>&nbsp;<\/p>","utme_requirements":"<p>Five (5) SSC credit passes in English Language, Mathematics, Christian Religious Studies, Yoruba, and any other subject....<\/p><p><br><\/p>","subjects":"<p>Yoruba, Christian Religious Studies and any other Arts subject.<\/p><div><br><\/div>","institutions_list":"FC-KONTA"},{"id":"25978","title":"CHRISTIAN RELIGIOUS STUDIES\/IGBO","de_requirements":"<p>&nbsp;<\/p>","utme_requirements":"<p>Five (5) SSC credit passes in English Language, Mathematics, Christian Religious Studies, Yoruba, and any other subject....<\/p><p><br><\/p>","subjects":"<p>Yoruba, Christian Religious Studies and any other Arts subject.<\/p><div><br><\/div>","institutions_list":"FC-KONTA"},{"id":"25937","title":"CHRISTIAN RELIGIOUS STUDIES\/POLITICAL SCIENCE","de_requirements":"<p>&nbsp;&nbsp;<\/p>","utme_requirements":"<p>Five (5) SSC credit passes in English Language, Mathematics, Christian Religious Studies and Government\/History\/Civic Education and two (2) Science subjects.<br><\/p>","subjects":"Christian Religious Studies and&nbsp;<span>Government\/History\/Civic Education<\/span>&nbsp;and two (2) of Social Science subjects.","institutions_list":"FC-KONTA"},{"id":"25977","title":"CHRISTIAN RELIGIOUS STUDIES\/POLITICAL SCIENCE","de_requirements":"<p>&nbsp;&nbsp;<\/p>","utme_requirements":"<p>Five (5) SSC credit passes in English Language, Mathematics, Christian Religious Studies and Government\/History\/Civic Education and two (2) Science subjects.<br><\/p>","subjects":"Christian Religious Studies and&nbsp;<span>Government\/History\/Civic Education<\/span>&nbsp;and two (2) of Social Science subjects.","institutions_list":"FC-KONTA"},{"id":"7978","title":"CHRISTIAN RELIGIOUS STUDIES\/YORUBA","de_requirements":"","utme_requirements":"<p><span>Five (5) SSC credit passes in English Language, Mathematics, Christian Religious Studies, Yoruba, and any other subject.<\/span><span><\/span><\/p>","subjects":"Yoruba, Christian Religious Studies and any other Arts subject.","institutions_list":"FC-KONTA"},{"id":"7982","title":"COMPUTER EDUCATION\/BIOLOGY","de_requirements":"<p>&nbsp; &nbsp;<\/p>","utme_requirements":"<p><span>Five (5) SSC credit passes in English Language, Mathematics, Chemistry, Physics and any other Science subject.&nbsp; &nbsp;&nbsp;<\/span><span><\/span><\/p>","subjects":"Mathematics, Chemistry\/Physics and any other Science subject&nbsp; &nbsp;","institutions_list":"FC-KONTA"},{"id":"7985","title":"COMPUTER SCIENCE EDUCATION\/INTEGRATED SCIENCE","de_requirements":"<p>&nbsp;<\/p>","utme_requirements":"<p><span>Five (5) SSC credit passes in English Language, Mathematics, Physics, Biology\/Agricultural Science and Chemistry.<\/span>&nbsp; &nbsp; &nbsp;<\/p>","subjects":"Biology\/Agricultural Science, Physics and Chemistry.&nbsp; &nbsp;","institutions_list":"FC-KONTA"},{"id":"7987","title":"COMPUTER SCIENCE EDUCATION\/MATHEMATICS","de_requirements":"","utme_requirements":"<p><span>Five (5) SSC credit passes in English Language, Mathematics, Physics and any two (2) Science subjects.&nbsp;<\/span><span><\/span><\/p>","subjects":"Mathematics and any other two (2) Science subjects.","institutions_list":"FC-KONTA"},{"id":"7981","title":"COMPUTER SCIENCE\/CHEMISTRY","de_requirements":"<p>&nbsp;&nbsp;<\/p>","utme_requirements":"<p><span>Five (5) SSC credit passes in English Language, Mathematics, Chemistry, Physics and any other Science subject.&nbsp; &nbsp;<\/span><span><\/span><\/p>","subjects":"Mathematics, Chemistry\/Physics and any other Science subject&nbsp; &nbsp;","institutions_list":"FC-KONTA"},{"id":"7983","title":"COMPUTER SCIENCE\/PHYSICS","de_requirements":"<p>&nbsp; &nbsp;<\/p>","utme_requirements":"<p><span>Five (5) SSC credit passes in English Language, Mathematics, Chemistry, Physics and any other Science subject.&nbsp; &nbsp;<\/span><span><\/span><\/p>","subjects":"Mathematics, Chemistry\/Physics and any other Science subject&nbsp; &nbsp;","institutions_list":"FC-KONTA"},{"id":"7962","title":"EARLY CHILDHOOD CARE & EDUCATION","de_requirements":"","utme_requirements":"<p><span>Five (5) SSC credits including English Language.<\/span>&nbsp;&nbsp;&nbsp;&nbsp;<span><\/span><\/p>","subjects":"English Language and any other three (3) subjects.","institutions_list":"FC-KONTA"},{"id":"25935","title":"ENGLISH (DOUBLE MAJOR)","de_requirements":"<p>&nbsp; &nbsp;<\/p>","utme_requirements":"<p>Five (5) SSC credit passes in English Language, Mathematics,&nbsp;<\/p><p>Literature in English and any two (2) of Economics, Government\/History, Geography\/Social Studies....<\/p><div><br><\/div>","subjects":"<p>Literature in English and any of Arts\/Social Science subjects.<br><\/p>","institutions_list":"FC-KONTA"},{"id":"25975","title":"ENGLISH (DOUBLE MAJOR)","de_requirements":"<p>&nbsp; &nbsp;<\/p>","utme_requirements":"<p>Five (5) SSC credit passes in English Language, Mathematics,&nbsp;<\/p><p>Literature in English and any two (2) of Economics, Government\/History, Geography\/Social Studies....<\/p><div><br><\/div>","subjects":"<p>Literature in English and any of Arts\/Social Science subjects.<br><\/p>","institutions_list":"FC-KONTA"},{"id":"7994","title":"ENGLISH\/ECONOMICS","de_requirements":"<p>&nbsp;&nbsp;<\/p>","utme_requirements":"<p><span>Five (5) SSC credit passes in English Language, Mathematics, Economics, Literature in English and any other Arts\/Social Science subject.<\/span>&nbsp; &nbsp; &nbsp;<span><\/span><\/p>","subjects":"Literature in English, Economics and any other subject.&nbsp;","institutions_list":"FC-KONTA"},{"id":"7934","title":"ENGLISH\/FRENCH","de_requirements":"","utme_requirements":"<p><span>Five (5) SSC credit passes in\r\nEnglish Language, Mathematics, French, Literature in English and any other Arts\r\nsubjects.<\/span><\/p>","subjects":"French, Literature in English and any other Arts subject.","institutions_list":"FC-KONTA"},{"id":"25933","title":"ENGLISH\/GEOGRAPHY","de_requirements":"<p>&nbsp; &nbsp; &nbsp;<\/p>","utme_requirements":"<p>Five (5) SSC credit passes in English Language, Mathematics, Geography and any other Social Sciences OR English Literature.<\/p><div><br><\/div>","subjects":"<p>English, Mathematics, Geography, and any other Social Science subject OR English Literature.&nbsp;<br><\/p>","institutions_list":"FC-KONTA"},{"id":"25973","title":"ENGLISH\/GEOGRAPHY","de_requirements":"<p>&nbsp; &nbsp; &nbsp;<\/p>","utme_requirements":"<p>Five (5) SSC credit passes in English Language, Mathematics, Geography and any other Social Sciences OR English Literature.<\/p><div><br><\/div>","subjects":"<p>English, Mathematics, Geography, and any other Social Science subject OR English Literature.&nbsp;<br><\/p>","institutions_list":"FC-KONTA"},{"id":"7936","title":"ENGLISH\/HAUSA","de_requirements":"","utme_requirements":"<p><span>Five (5) SSC credit passes in\r\nEnglish Language, Mathematics,&nbsp; Hausa,\r\nLiterature in English and any other Arts&nbsp;\r\nsubject.<\/span><\/p>","subjects":"Literature in English and any other Arts subject\r\n\r\n","institutions_list":"FC-KONTA"},{"id":"7937","title":"ENGLISH\/HISTORY","de_requirements":"<p>&nbsp; &nbsp; &nbsp;<\/p>","utme_requirements":"<p><span>Five (5) SSC credit passes in\r\nEnglish Language, Mathematics, Literature in English, History\/Government and\r\nany other Arts subject.&nbsp; &nbsp;<\/span><\/p>","subjects":"History\/Government, Literature in English and any other Arts subject.","institutions_list":"FC-KONTA"},{"id":"7938","title":"ENGLISH\/IGBO","de_requirements":"","utme_requirements":"<p><span>Five (5) SSC credit passes in\r\nEnglish Language, Mathematics, Literature in English, Igbo Language and any\r\nother Arts&nbsp; subject<\/span><\/p>","subjects":"Igbo, Literature in English,  and any Arts subject","institutions_list":"FC-KONTA"},{"id":"7939","title":"ENGLISH\/INTEGRATED SCIENCE","de_requirements":"","utme_requirements":"<p><span>Five (5) SSC credit\r\npasses in English Language, Mathematics, Literature in English, Biology and any\r\nArts\/Science subject.<\/span><\/p>","subjects":"Literature in English, Biology and any Science subject.","institutions_list":"FC-KONTA"},{"id":"7940","title":"ENGLISH\/ISLAMIC STUDIES","de_requirements":"<p>&nbsp; &nbsp;&nbsp;<\/p>","utme_requirements":"<p><span>Five (5) SSC credit\r\npasses in English Language, Mathematics, Islamic Studies, Literature in English\r\nand any other Arts subject.&nbsp; &nbsp;<\/span><\/p>","subjects":"Islamic Studies,&nbsp;Literature in English and one (1) Arts subject. ","institutions_list":"FC-KONTA"},{"id":"7941","title":"ENGLISH\/MATHEMATICS","de_requirements":"","utme_requirements":"<p><span>Five (5) SSC credit\r\npasses in English Language, Mathematics, Literature in English and any other two\r\n(2)&nbsp; Arts subjects.<\/span><\/p>","subjects":"Literature in English, Mathematics and any other Arts\/Science subject","institutions_list":"FC-KONTA"},{"id":"7935","title":"ENGLISH\/POLITICAL SCIENCE","de_requirements":"","utme_requirements":"<p><span>Five (5) SSC credit passes in\r\nEnglish Language, Mathematics, Literature in English, Government\/History and\r\nany other Arts\/Social Science subject.<\/span><\/p>","subjects":"Literature in English, Government\/History and any other Arts\/Social Science subject. \r\n\r\n","institutions_list":"FC-KONTA"},{"id":"7942","title":"ENGLISH\/SOCIAL STUDIES","de_requirements":"","utme_requirements":"<p><span>Five (5) SSC credit\r\npasses in English Language, Mathematics, Literature in English and any two (2)\r\nof Economics, Government\/History, Geography\/Social Studies.<\/span><\/p>","subjects":"Literature in English and any of Arts\/Social Science subjects.","institutions_list":"FC-KONTA"},{"id":"7943","title":"ENGLISH\/YORUBA","de_requirements":"","utme_requirements":"<p><span>Five (5) SSC credit\r\npasses in English Language, Mathematics, Literature in English, Yoruba and any\r\nArts subject.<\/span><\/p>","subjects":"Literature in English, Yoruba and any Arts subjects\r\n\r\n","institutions_list":"FC-KONTA"},{"id":"7944","title":"FINE & APPLIED ART (DOUBLE MAJOR)","de_requirements":"","utme_requirements":"<table>\r\n <tbody><tr>\r\n  <td>\r\n  <p><span>Five (5) SSC\r\n  credit passes in English Language, Mathematics, Fine Arts and any other two\r\n  (2) subjects from:<\/span><\/p>\r\n  <p><span>1. Craft<\/span><\/p>\r\n  <p><span>2. Textile Clothing<\/span><\/p>\r\n  <p><span>3. Technical\r\n  Drawing<\/span><\/p>\r\n  <p><span>4. A Science\r\n  subject<\/span><\/p>\r\n  <p><span>5. An Arts\r\n  subject<\/span><\/p>\r\n  <p><span>6. Decorative\r\n  Painting<\/span><\/p>\r\n  <p><span>7. Spray\r\n  Painting, <\/span><span>Lining, Sign <\/span><span>and Design<\/span><\/p>\r\n  <p><span>8. Wall\r\n  Hanging, Colour Mixing\/Matching and Glazing<\/span><\/p>\r\n  <p><span>9. Graphic\r\n  Design<\/span><\/p>\r\n  <p><span>10. Graphic\r\n  Printing<\/span><\/p>\r\n  <p><span>11. Ceramics<\/span><\/p>\r\n  <p><span>12. Basic Electricity.<\/span><\/p>\r\n  <p><span>13. General\r\n  Wood work<\/span><\/p>\r\n  <p><span>14.\r\n  General Metal Work<\/span><\/p>\r\n  <p><span>15.\r\n  Men\/Ladies Garment Construction &amp; Finishing<\/span><\/p>\r\n  <p><span>16.\r\n  Spinning 16. Weaving<\/span><\/p>\r\n  <p><span>17.\r\n  Men\/Ladies Textile Design<\/span><\/p>\r\n  <p><span>18.SurfaceDesign\r\n  &amp; Printing<\/span><\/p>\r\n  <p><span>19.&nbsp; Bleaching, Dyeing and Finishing.<\/span><\/p>\r\n  <p><span>20.\r\n  Spraying, Painting, Lining, Sign and Design<\/span><\/p>\r\n  <p><span>&nbsp;<\/span><\/p>\r\n  <\/td>\r\n <\/tr>\r\n<\/tbody><\/table>","subjects":"Fine Arts and any other two (2) subjects","institutions_list":"FC-KONTA"},{"id":"25934","title":"FRENCH (DOUBLE MAJOR)","de_requirements":"<p>&nbsp; &nbsp;<\/p>","utme_requirements":"<p>Five (5) SSC credit passes in English Language, Mathematics, French and any two other subject.<\/p><div><br><\/div>","subjects":"<p><span>French and any two other Arts subject.<\/span><br><\/p>","institutions_list":"FC-KONTA"},{"id":"25974","title":"FRENCH (DOUBLE MAJOR)","de_requirements":"<p>&nbsp; &nbsp;<\/p>","utme_requirements":"<p>Five (5) SSC credit passes in English Language, Mathematics, French and any two other subject.<\/p><div><br><\/div>","subjects":"<p><span>French and any two other Arts subject.<\/span><br><\/p>","institutions_list":"FC-KONTA"},{"id":"7945","title":"FRENCH\/HAUSA","de_requirements":"","utme_requirements":"<p><span>Five (5) SSC credit\r\npasses in English Language, Mathematics, French, Hausa, and any other Arts\r\nsubject.<\/span><\/p>","subjects":"French, Hausa   and any other Arts subject.\r\n\r\n","institutions_list":"FC-KONTA"},{"id":"7946","title":"FRENCH\/HISTORY","de_requirements":"<p>&nbsp; &nbsp;<\/p>","utme_requirements":"<p><span>Five (5) SSC credit\r\npasses in English Language, Mathematics, French, History\/Government and any\r\nother Arts&nbsp;&nbsp; subject.&nbsp;<\/span><\/p>","subjects":"<p>History\/Government,&nbsp;<span>French<\/span><span>&nbsp;<\/span><span>and any other Arts subject.<\/span><\/p><p><br><\/p>","institutions_list":"FC-KONTA"},{"id":"7947","title":"FRENCH\/IGBO","de_requirements":"","utme_requirements":"<p><span>Five (5) SSC credit\r\npasses in English Language, Mathematics, French, Igbo and any other Arts&nbsp; subject.<\/span><\/p>","subjects":"French, Igbo and any Arts subject.","institutions_list":"FC-KONTA"},{"id":"7948","title":"FRENCH\/SOCIAL STUDIES","de_requirements":"","utme_requirements":"<table>\r\n <tbody><tr>\r\n  <td>\r\n  <p><span>Five (5) SSC credit\r\n  passesin English Language, Mathematics, French and any two (2) of the\r\n  following<\/span><\/p>\r\n  <p><span>1. Geography<\/span><\/p>\r\n  <p><span>2. Economics<\/span><\/p>\r\n  <p><span>3. Government<\/span><\/p>\r\n  <p><span>4. History<\/span><\/p>\r\n  <p><span>&nbsp;<\/span><\/p>\r\n  <\/td>\r\n <\/tr>\r\n<\/tbody><\/table>","subjects":"French and any two (2) of Geography, History, Economics and Government.","institutions_list":"FC-KONTA"},{"id":"7949","title":"FRENCH\/YORUBA","de_requirements":"","utme_requirements":"<p><span>Five (5) SSC credit\r\npasses&nbsp;&nbsp; in English Language,\r\nMathematics, French, Yoruba and any other Arts subjects.<\/span><\/p>","subjects":"French, Yoruba and any other Arts subjects.\r\n\r\n","institutions_list":"FC-KONTA"},{"id":"7954","title":"HAUSA\/IGBO","de_requirements":"","utme_requirements":"<p><span>Five (5) SSC credit\r\npasses in English Language, Mathematics, Hausa\/Igbo and any other two (2) Arts\r\nsubjects.<\/span><\/p>","subjects":"Hausa\/Igbo and any two (2) Arts subjects.\r\n\r\n","institutions_list":"FC-KONTA"},{"id":"7957","title":"HAUSA\/ISLAMIC STUDIES","de_requirements":"<p>&nbsp; &nbsp; &nbsp;<\/p>","utme_requirements":"<p><span>Five\r\n(5) SSC credit passes in English Language, Mathematics, Hausa, Islamic Studies&nbsp; and any Arts subject.&nbsp; &nbsp;&nbsp;<\/span><\/p>","subjects":"Islamic Studies, Hausa and any other Arts subject.","institutions_list":"FC-KONTA"},{"id":"7956","title":"HAUSA\/POLITICAL SCIENCE","de_requirements":"","utme_requirements":"<p><span>Five (5) SSC credit passes in\r\nEnglish Language, Mathematics, Hausa and any two (2) of:<\/span><\/p><p><span>1.\r\nGeography<\/span><\/p><p><span>2.\r\nHistory\/Government<\/span><\/p><p><span>3.\r\nIslamic Studies\/Christian Religious Studies<\/span><\/p><p><span>4.\r\nEconomics<\/span><\/p><p>\r\n\r\n\r\n\r\n\r\n\r\n\r\n\r\n\r\n\r\n<\/p><p><span>&nbsp;<\/span><\/p>","subjects":"Hausa and any other two (2) Arts\/Social Science subjects.","institutions_list":"FC-KONTA"},{"id":"7960","title":"HAUSA\/SOCIAL STUDIES","de_requirements":"","utme_requirements":"<table>\r\n <tbody><tr>\r\n  <td>\r\n  <p><span>Five (5) SSC\r\n  credit passes in English Language, Mathematics, History and any two (2) of\r\n  Geography, Government, Economics and Christian Religious Studies\/Islamic\r\n  Studies.<\/span><\/p>\r\n  <\/td>\r\n <\/tr>\r\n<\/tbody><\/table>","subjects":"History and any one (1)  Arts and one (1)  Social Science subject.","institutions_list":"FC-KONTA"},{"id":"7958","title":"HAUSA\/YORUBA","de_requirements":"","utme_requirements":"<p><span>Five\r\n(5) SSC credit passes in English Language, Mathematics, Yoruba\/Hausa and any two\r\n(2) Arts subjects.<\/span><\/p>","subjects":"Hausa\/Yoruba and any other Arts subject.\r\n\r\n","institutions_list":"FC-KONTA"},{"id":"7961","title":"HOME ECONOMICS (DOUBLE MAJOR)","de_requirements":"","utme_requirements":"<table>\r\n <tbody><tr>\r\n  <td>\r\n  <p><span>Five (5) SSC\r\n  credit passes in English Language, Mathematics and any three (3) of the\r\n  followings:<\/span><\/p>\r\n  <p><span>1.&nbsp; Agricultural Science<\/span><\/p>\r\n  <p><span>2.&nbsp; Biology<\/span><\/p>\r\n  <p><span>3.&nbsp; Chemistry<\/span><\/p>\r\n  <p><span>4.&nbsp; General Science<\/span><\/p>\r\n  <p><span>5.&nbsp; Health Science<\/span><\/p>\r\n  <p><span>6.&nbsp; Home Management\/ <\/span><\/p>\r\n  <p><span>7.&nbsp; Hotel and Catering<\/span><\/p>\r\n  <p><span>8.&nbsp; Food and Nutrition<\/span><\/p>\r\n  <p><span>9.&nbsp; Integrated Science<\/span><\/p>\r\n  <p><span>10. Physical and\r\n  Health Education\/Physical Education<\/span><\/p>\r\n  <p><span>11. Physics<\/span><\/p>\r\n  <p><span>12. Economics<\/span><\/p>\r\n  <p><span>13. General Metal\r\n  Work<\/span><\/p>\r\n  <p><span>14. Building\/Engineering\r\n  Drawing<\/span><\/p>\r\n  <p><span>15. Men\/Ladies\r\n  Garment&nbsp;&nbsp;&nbsp;&nbsp; <\/span><\/p>\r\n  <p><span>&nbsp;&nbsp;&nbsp;&nbsp; Construction and Finishing<\/span><\/p>\r\n  <p><span>16. Men\/Ladies\r\n  Textile&nbsp;&nbsp; Design<\/span><\/p>\r\n  <p><span>17. Spinning&nbsp; <\/span><\/p>\r\n  <p><span>18. Weaving<\/span><\/p>\r\n  <p><span>19. Surface Design and\r\n  <\/span><\/p>\r\n  <p><span>&nbsp;&nbsp;&nbsp;&nbsp; Printing<\/span><\/p>\r\n  <p><span>20. Bleaching, Dyeing\r\n  and <\/span><\/p>\r\n  <p><span>&nbsp;&nbsp;&nbsp;&nbsp; Finishing<\/span><\/p>\r\n  <p><span>21. Basic Electricity<\/span><\/p>\r\n  <p><span>&nbsp;<\/span><\/p>\r\n  <p><b><span>GROUP A:<\/span><\/b><span><\/span><\/p>\r\n  <p><span>Home Economics,\r\n  Home Management, Cookery, Needle Work and Dress Making, Clothing and Textile,\r\n  Food and Nutrition, Hotel Management and Catering.<\/span><\/p>\r\n  <p><span>&nbsp;<\/span><\/p>\r\n  <p><b><span>GROUP B:<\/span><\/b><span><\/span><\/p>\r\n  <p><span>Biology, Chemistry, Physics, Integrated\r\n  Science, Health Science, Agricultural Science, Mathematics\/Arithmetic\r\n  Process\/Basic Mathematics, Economics, Physical and Health Education.<\/span><span><\/span><\/p>\r\n  <\/td>\r\n <\/tr>\r\n<\/tbody><\/table>","subjects":"Any three (3) of Chemistry, Agricultural Science, Home Economics, Economics and Mathematics.","institutions_list":"FC-KONTA"},{"id":"7967","title":"IGBO\/SOCIAL STUDIES","de_requirements":"<p>&nbsp; &nbsp;&nbsp;<\/p>","utme_requirements":"<p><span>Five (5) SSC credit\r\npasses in English Language, Mathematics, Igbo, Government\/History and any one\r\n(1) &nbsp;((1) Arts\/Social&nbsp; Science subject.&nbsp; &nbsp;<\/span><\/p>","subjects":"History\/Government, Igbo and any one (1) Arts\/Social Science subject.","institutions_list":"FC-KONTA"},{"id":"7971","title":"IGBO\/YORUBA","de_requirements":"","utme_requirements":"<p><span>Five (5) SSC credit\r\npasses in English Language, Mathematics, Igbo\/Yoruba and two (2) Arts subjects.&nbsp;<\/span><\/p>","subjects":"Igbo\/Yoruba and any two (2) Arts subjects.","institutions_list":"FC-KONTA"},{"id":"25932","title":"INTEGRATED SCIENCE (DOUBLE MAJOR)","de_requirements":"<p>&nbsp; &nbsp;<\/p>","utme_requirements":"<p>Five (5) SSC credit passes in English Language, Mathematics, Biology, Chemistry\/Physics and Agric Science\/Health Science\/General Science\/Integrated Science\/Geography.<\/p><div><br><\/div>","subjects":"<p>Biology, Chemistry\/Physics and Agric Science\/Health Science\/General Science\/Integrated Science\/Geography.<br><\/p>","institutions_list":"FC-KONTA"},{"id":"25972","title":"INTEGRATED SCIENCE (DOUBLE MAJOR)","de_requirements":"<p>&nbsp; &nbsp;<\/p>","utme_requirements":"<p>Five (5) SSC credit passes in English Language, Mathematics, Biology, Chemistry\/Physics and Agric Science\/Health Science\/General Science\/Integrated Science\/Geography.<\/p><div><br><\/div>","subjects":"<p>Biology, Chemistry\/Physics and Agric Science\/Health Science\/General Science\/Integrated Science\/Geography.<br><\/p>","institutions_list":"FC-KONTA"},{"id":"7977","title":"INTEGRATED SCIENCE \/ MATHEMATICS EDUCATION","de_requirements":"","utme_requirements":"<p><span>Five (5) SSC credit\r\npasses in English Language, Mathematics and any three (3) of the following<\/span><\/p><p><span>1. Biology\/Agricultural\r\nScience<\/span><\/p><p><span>2. Chemistry<\/span><\/p><p><span>3. Physics and<\/span><\/p><p>\r\n\r\n\r\n\r\n\r\n\r\n\r\n\r\n<\/p><p><span>4. General Science<\/span><\/p>","subjects":"Mathematics and any two (2) of: Biology, Physics and Chemistry.","institutions_list":"FC-KONTA"},{"id":"7979","title":"INTEGRATED SCIENCE\/PHYSICS","de_requirements":"","utme_requirements":"<p><span>Five (5) SSC credit\r\npasses in English Language, Mathematics Physics and any two (2) Science\r\nsubjects<\/span><\/p>","subjects":"Physics and any other  two (2) Science subjects.","institutions_list":"FC-KONTA"},{"id":"7980","title":"INTEGRATED SCIENCE\/YORUBA","de_requirements":"","utme_requirements":"<table>\r\n <tbody><tr>\r\n  <td>\r\n  <p><span>Five (5)SSC credit\r\n  passes in English Language, Mathematics, Yoruba, one (1) &nbsp;Science and one (1) &nbsp;Arts subject.<\/span><\/p>\r\n  <\/td>\r\n <\/tr>\r\n<\/tbody><\/table>","subjects":"Yoruba, one (1)  Science and one (1)  Arts subjects.\r\n\r\n","institutions_list":"FC-KONTA"},{"id":"7991","title":"ISLAMIC STUDIES\/ECONOMICS","de_requirements":"","utme_requirements":"<p><span>Five (5) SSC credit\r\npasses in English Language, Mathematics, Economics and any one (1) Arts\/Social\r\nScience subject.<\/span><\/p>","subjects":"Islamic Studies, Economics and any Arts\/Social Science subject.","institutions_list":"FC-KONTA"},{"id":"7992","title":"ISLAMIC STUDIES\/GEOGRAPHY","de_requirements":"","utme_requirements":"<p><span>Five (5) SSC credit\r\npasses in English Language, Mathematics, Islamic Studies, Geography, one (1) &nbsp;Arts\/Social Science subject.<\/span><\/p>","subjects":"Islamic Studies, Geography and one (1)  Arts\/Social Science subject.","institutions_list":"FC-KONTA"},{"id":"7959","title":"ISLAMIC STUDIES\/HISTORY","de_requirements":"<p>&nbsp; &nbsp;<\/p>","utme_requirements":"<p><span>Five (5) SSC credit passes in\r\nEnglish Language, Mathematics, History, Islamic Studies and any Arts subject.&nbsp;&nbsp;<\/span><\/p>","subjects":"Islamic Studies, History and any other Arts subject.","institutions_list":"FC-KONTA"},{"id":"25936","title":"ISLAMIC STUDIES\/POLITICAL SCIENCE","de_requirements":"<p>&nbsp; &nbsp;<\/p>","utme_requirements":"<p>Five (5) SSC credit passes in English Language, Mathematics, Islamic Studies and any two (2) of: 1. Geography 2.&nbsp;<span>History\/Government 3. Islamic Studies 4. Economics&nbsp; ...<\/span><\/p><div><br><\/div>","subjects":"<p>Islamic Studies and any other two (2) Arts\/Social Science subjects.<br><\/p>","institutions_list":"FC-KONTA"},{"id":"25976","title":"ISLAMIC STUDIES\/POLITICAL SCIENCE","de_requirements":"<p>&nbsp; &nbsp;<\/p>","utme_requirements":"<p>Five (5) SSC credit passes in English Language, Mathematics, Islamic Studies and any two (2) of: 1. Geography 2.&nbsp;<span>History\/Government 3. Islamic Studies 4. Economics&nbsp; ...<\/span><\/p><div><br><\/div>","subjects":"<p>Islamic Studies and any other two (2) Arts\/Social Science subjects.<br><\/p>","institutions_list":"FC-KONTA"},{"id":"7990","title":"ISLAMIC STUDIES\/SOCIAL STUDIES","de_requirements":"","utme_requirements":"<p><span>Five (5) SSC credit\r\npasses in English Language, Mathematics, Islamic Studies and any two (2) of<\/span><\/p><p><span>1. Economics<\/span><\/p><p><span>2. Government\/History<\/span><\/p><p>\r\n\r\n\r\n\r\n\r\n\r\n<\/p><p><span>3. Geography<\/span><\/p>","subjects":"Islamic Studies, Government\/History and any one (1)  Social\/Arts Subject.","institutions_list":"FC-KONTA"},{"id":"7993","title":"ISLAMIC STUDIES\/YORUBA","de_requirements":"","utme_requirements":"<p><span>Five (5) SSC credit\r\npasses in English Language, Mathematics, Islamic Studies, Yoruba and one (1) &nbsp;Arts subject.<\/span><\/p>","subjects":"Yoruba, Islamic Studies and one (1)  Arts subject.\r\n\r\n","institutions_list":"FC-KONTA"},{"id":"7932","title":"MATHEMATICS\/ECONOMICS","de_requirements":"<p>&nbsp;&nbsp;<\/p>","utme_requirements":"<p><span>Five (5) SSC credit passes in\r\nEnglish Language, Mathematics, Economics and any other two (2) Social Science\r\nsubject.&nbsp;&nbsp;<\/span><\/p>","subjects":"Economics, Mathematics and any other Social Science\/Science subject.&nbsp; &nbsp;","institutions_list":"FC-KONTA"},{"id":"7950","title":"MATHEMATICS\/GEOGRAPHY","de_requirements":"<p>&nbsp; &nbsp;<\/p>","utme_requirements":"<p><span>Five (5) SSC credit\r\npasses in English Language, Mathematics, Geography and any two (2) of\r\nScience\/Social Sciences.&nbsp; &nbsp;<\/span><\/p>","subjects":"Mathematics, Geography and any other Science\/Social Science subject.&nbsp; &nbsp;","institutions_list":"FC-KONTA"},{"id":"7996","title":"MATHEMATICS\/PHYSICS","de_requirements":"","utme_requirements":"<p><span>Five (5) SSC credit\r\npasses in English Language, Mathematics, Physics and two (2) other Science\r\nsubjects.<\/span><\/p>","subjects":"Mathematics, Physics and any other Science subject.","institutions_list":"FC-KONTA"},{"id":"7997","title":"MATHEMATICS\/SOCIAL STUDIES","de_requirements":"","utme_requirements":"<p><span>Five (5) SSC credit\r\npasses in English Language, Mathematics, Government\/History, one (1) &nbsp;&nbsp;&nbsp;Science and one (1) &nbsp;&nbsp;&nbsp;Social Science subject.<\/span><\/p>","subjects":"Mathematics, one (1)  Science and one (1)  Social Science subject.","institutions_list":"FC-KONTA"},{"id":"8001","title":"PHYSICAL & HEALTH EDUCATION (DOUBLE MAJOR)","de_requirements":"","utme_requirements":"<p><span>Five\r\n(5) SSC credits\/TC II merit passes in Five (5) subjects including English\r\nLanguage, Biology or its equivalent.<\/span><\/p>","subjects":"Biology and any two (2relevant subjects.","institutions_list":"FC-KONTA"},{"id":"7989","title":"PRIMARY EDUCATION (DOUBLE MAJOR)","de_requirements":"","utme_requirements":"<p><span>Five (5)SSC credits including English\r\nLanguage.<\/span><\/p>","subjects":"English Language and any other three (3) subjects.","institutions_list":"FC-KONTA"},{"id":"7988","title":"PRIMARY EDUCATION STUDIES","de_requirements":"","utme_requirements":"<p><span>Five (5)SSC credits including English\r\nLanguage.<\/span><\/p>","subjects":"English Language and any other three (3) subjects.","institutions_list":"FC-KONTA"},{"id":"7953","title":"SOCIAL STUDIES (DOUBLE MAJOR)","de_requirements":"","utme_requirements":"<p><span>Five (5) SSC credit\r\npasses in English Language, Mathematics, Government\/History and two (2) Social Science\r\nsubjects.<\/span><\/p>","subjects":"Government\/History and two (2) of Social Science subjects.","institutions_list":"FC-KONTA"},{"id":"25939","title":"SOCIAL STUDIES (DOUBLE MAJOR)","de_requirements":"<p>&nbsp; &nbsp;<\/p>","utme_requirements":"<p>A SSC or GCE 'O' Level with passes in Four subjects including English Language,&nbsp;<span>which must be at credit level in the same sitting or at two sittings.&nbsp;<\/span><span>Two of the credits must be relevant to the course the candidate wishes to offer.&nbsp;<\/span><span>Credit in English and Mathematics are required.<\/span><\/p><div><br><\/div>","subjects":"<p>English Language and Mathematics and Any three (3) of Christian<\/p><p>Religious Studies, Economics,<\/p><p>Geography\/Physics,<\/p><p>Government, History and<\/p><p>Islamic Studies.<\/p>","institutions_list":"FC-KONTA"},{"id":"25979","title":"SOCIAL STUDIES (DOUBLE MAJOR)","de_requirements":"<p>&nbsp; &nbsp;<\/p>","utme_requirements":"<p>A SSC or GCE 'O' Level with passes in Four subjects including English Language,&nbsp;<span>which must be at credit level in the same sitting or at two sittings.&nbsp;<\/span><span>Two of the credits must be relevant to the course the candidate wishes to offer.&nbsp;<\/span><span>Credit in English and Mathematics are required.<\/span><\/p><div><br><\/div>","subjects":"<p>English Language and Mathematics and Any three (3) of Christian<\/p><p>Religious Studies, Economics,<\/p><p>Geography\/Physics,<\/p><p>Government, History and<\/p><p>Islamic Studies.<\/p>","institutions_list":"FC-KONTA"},{"id":"7933","title":"SOCIAL STUDIES\/ECONOMICS","de_requirements":"<p>&nbsp; &nbsp;&nbsp;<\/p>","utme_requirements":"<p><span>Five (5) SSC credit passes in\r\nEnglish Language, Mathematics, Economics, Government\/History and any other\r\nSocial Science subject.&nbsp;&nbsp;<\/span><\/p>","subjects":"Economics, History\/Government and any other Social Science subject.&nbsp;&nbsp;","institutions_list":"FC-KONTA"},{"id":"7951","title":"SOCIAL STUDIES\/GEOGRAPHY","de_requirements":"<p>&nbsp; &nbsp;<\/p>","utme_requirements":"<p><span>Five (5) SSC credit\r\npasses in English Language, Mathematics, Geography and two (2) of\r\nGovernment\/History, Christian Religious Studies\/Christian Religious Studies,\r\nEconomics.&nbsp;<\/span><\/p>","subjects":"Geography and two (2) of Economics, Government\/History, Christian Religious Studies\/Islamic Studies.&nbsp;&nbsp;","institutions_list":"FC-KONTA"},{"id":"7955","title":"SOCIAL STUDIES\/HAUSA","de_requirements":"<p>&nbsp; &nbsp;<\/p>","utme_requirements":"<p><span>Five (5) SSC credit passes in\r\nEnglish Language, Mathematics, Hausa and any two (2) of<\/span><\/p><p><span>1.\r\nGeography<\/span><\/p><p><span>2.\r\nHistory\/Government<\/span><\/p><p><span>3.\r\nIslamic Studies\/Christian Religious Studies<\/span><\/p><p><span>4.\r\nEconomics<\/span><\/p><p>\r\n\r\n\r\n\r\n\r\n\r\n\r\n\r\n\r\n\r\n<\/p><p><span>&nbsp;&nbsp;<\/span><\/p>","subjects":"&nbsp; &nbsp;Hausa and any other two (2) Arts\/Social Science subjects.&nbsp; &nbsp;","institutions_list":"FC-KONTA"},{"id":"7952","title":"SOCIAL STUDIES\/POLITICAL SCIENCE","de_requirements":"<p>&nbsp; &nbsp;<\/p>","utme_requirements":"<p><span>Five (5) SSC credit\r\npasses in English Language, Mathematics, Government\/History and two (2) Science\r\nsubjects.&nbsp;&nbsp;<\/span><\/p>","subjects":"Government\/History and two (2) of Social Science subjects.&nbsp;","institutions_list":"FC-KONTA"},{"id":"7999","title":"SOCIAL STUDIES\/YORUBA","de_requirements":"","utme_requirements":"<p><span>Five (5) SSC credit\r\npasses in English Language, Mathematics, Government\/History, Yoruba, one (1) &nbsp;&nbsp;Arts\/Social Science subject.<\/span><\/p>","subjects":"Government\/History, Yoruba, one (1) Arts\/Social Science subject.","institutions_list":"FC-KONTA"}]