[{"id":"8177","title":"ADULT & NON FORMAL EDUCATION","de_requirements":"","utme_requirements":"<p><span>Five (5) SSC credit\r\npasses in English Language, Mathematics and three (3) subjects.<\/span><\/p>","subjects":"English Language and any three (3) subjects.\r\n\r\n","institutions_list":"FC-OBUDU"},{"id":"8145","title":"AGRICULTURAL SCIENCE (DOUBLE MAJOR)","de_requirements":"","utme_requirements":"<p><span>SSC credit passes in English Language and\r\nany three (3) of <\/span><\/p><p><span>&nbsp;<\/span><\/p><p><span>1. Agricultural Science<\/span><\/p><p><span>2. Mathematics <\/span><\/p><p><span>3. Chemistry<\/span><\/p><p><span>4. Biology<\/span><\/p><p><span>5. Health Science<\/span><\/p><p><span>6. Integrated\/Rural Science<\/span><\/p><p><span>7. Physics<\/span><\/p><p><span>8. Nature Study and<\/span><\/p><p><span>9. General Science.<\/span><\/p><p><span>&nbsp;<\/span><\/p><p><b><span>NB<\/span><\/b><\/p><p><b><span>GROUP A:<\/span><\/b><span><\/span><\/p><p><span>1. Agricultural Science<\/span><\/p><p><span>2. Biology<\/span><\/p><p><span>3. Nutrition<\/span><\/p><p><span>4. Health Science.<\/span><\/p><p><span>5. Applied Biology<\/span><\/p><p><span>&nbsp;<\/span><\/p><p><b><span>GROUP B:<\/span><\/b><span><\/span><\/p><p><span>1. Physics<\/span><\/p><p><span>2. Chemistry<\/span><\/p><p><span>3. Mathematics<\/span><\/p><p><span>4.Basic Mathematics\/Arithmetic Process<\/span><\/p><p><span>5. Economics<\/span><\/p><p><span>6. Geography<\/span><\/p><p><span>7. Social Studies<\/span><\/p><p><span>8. Integrated Science<\/span><\/p><p>\r\n\r\n\r\n\r\n\r\n\r\n\r\n\r\n\r\n\r\n\r\n\r\n\r\n\r\n\r\n\r\n\r\n\r\n\r\n\r\n\r\n\r\n\r\n\r\n\r\n\r\n\r\n\r\n\r\n\r\n\r\n\r\n\r\n\r\n\r\n\r\n\r\n\r\n\r\n\r\n\r\n\r\n\r\n\r\n\r\n\r\n\r\n\r\n\r\n\r\n\r\n\r\n\r\n\r\n\r\n\r\n\r\n\r\n<\/p><p><span>9. General Science<\/span><\/p>","subjects":"Agricultural Science, Chemistry, Biology\/General Science or Mathematics.","institutions_list":"FC-OBUDU"},{"id":"8170","title":"BIOLOGY\/CHEMISTRY","de_requirements":"","utme_requirements":"<p><span>Five (5) SSC credit\r\npasses, in English Language, Mathematics, Biology, Chemistry and other Science\r\nsubject.<\/span><\/p>","subjects":"Biology, Chemistry any other Science subject.","institutions_list":"FC-OBUDU"},{"id":"8171","title":"BIOLOGY\/INTEGRATED SCIENCE","de_requirements":"","utme_requirements":"<p><span>Five (5) SSC credit\r\npasses in English Language, Mathematics, Biology, Chemistry\/Physics and any\r\nother Science subject.<\/span><\/p>","subjects":"Biology, Chemistry\/Physics and any other Science subject.","institutions_list":"FC-OBUDU"},{"id":"8172","title":"BIOLOGY\/MATHEMATICS","de_requirements":"","utme_requirements":"<p><span>Five (5) SSC credit\r\npasses, in English Language, Mathematics, Biology, and any other two (2)\r\nScience subjects.<\/span><\/p>","subjects":"Mathematics, Biology and any other Science subject.","institutions_list":"FC-OBUDU"},{"id":"8142","title":"BUSINESS EDUCATION","de_requirements":"","utme_requirements":"<p><span>SSC credit passes or TC II merits in English\r\nLanguage and any three (3) of:<\/span><\/p><p><span>1. Economics<\/span><\/p><p><span>2. Accounts<\/span><\/p><p><span>3. Government<\/span><\/p><p><span>4. Geography<\/span><\/p><p><span>5. History<\/span><\/p><p><span>6. Business Method<\/span><\/p><p><span>7. Statistics<\/span><\/p><p><span>8. Commerce<\/span><\/p><p><span>9. Any Science subjects <\/span><\/p><p><span>&nbsp;<\/span><\/p><p><b><span>NB: GROUP A:<\/span><\/b><span><\/span><\/p><p><span>Commercial Arithmetic\r\nCosting, Principles of Accounts, Book Keeping Mathematics, Statistics.<\/span><\/p><p><span>&nbsp;<\/span><\/p><p><b><span>GROUP B:<\/span><\/b><span><\/span><\/p><p>\r\n\r\n\r\n\r\n\r\n\r\n\r\n\r\n\r\n\r\n\r\n\r\n\r\n\r\n\r\n\r\n\r\n\r\n\r\n\r\n\r\n\r\n\r\n\r\n\r\n\r\n\r\n\r\n\r\n\r\n<\/p><p><span>Office Practice, Business\r\nMethod, Commerce, Economics.<\/span><\/p>","subjects":"Mathematics, Economics and any of Geography, Commerce and Principles of Accounts.","institutions_list":"FC-OBUDU"},{"id":"8133","title":"CHEMISTRY\/INTEGRATED SCIENCE","de_requirements":"","utme_requirements":"<p><span>Five (5) SSC credit passes in English Language, Mathematics, Chemistry, Biology and any other Science subject.<\/span>&nbsp;&nbsp;&nbsp;&nbsp;<span><\/span><\/p>","subjects":"Any three (3) of Chemistry, Biology, Physics, General Science\/Mathematics.","institutions_list":"FC-OBUDU"},{"id":"8134","title":"CHRISTIAN RELIGIOUS STUDIES\/ENGLISH","de_requirements":"","utme_requirements":"<p><span>Five (5) SSC credit passes in English Language, Mathematics, Christian Religious Studies, Literature in English and any other Arts subject.<\/span><span><\/span><\/p>","subjects":"Christian Religious Studies, Literature in English Language and Arts subject.","institutions_list":"FC-OBUDU"},{"id":"8136","title":"CHRISTIAN RELIGIOUS STUDIES\/FRENCH","de_requirements":"","utme_requirements":"<p><span>Five (5) SSC credit passes in English Language, Mathematics, Christian Religious Studies, French and one (1) other subject.<\/span><span><\/span><\/p>","subjects":"Christian Religious Studies, French and any other subject.","institutions_list":"FC-OBUDU"},{"id":"8143","title":"CHRISTIAN RELIGIOUS STUDIES\/HAUSA L2.","de_requirements":"","utme_requirements":"<p><span>Five (5) SSC credit passes in English Language, Mathematics, Christian Religious Studies and any other two (2) Arts \/Social Science subjects<\/span><span><\/span><\/p>","subjects":"Christian Religious Studies, Hausa and any other subject.","institutions_list":"FC-OBUDU"},{"id":"8146","title":"CHRISTIAN RELIGIOUS STUDIES\/IGBO","de_requirements":"","utme_requirements":"<p><span>Five (5) SSC credit passes in English Language, Mathematics, Christian Religious Studies, Igbo and any other subjects.<\/span><span><\/span><\/p>","subjects":"Igbo, Christian Religious Studies and any other Arts subject.","institutions_list":"FC-OBUDU"},{"id":"8147","title":"CHRISTIAN RELIGIOUS STUDIES\/IGBO L3","de_requirements":"","utme_requirements":"<p><span>Five (5) SSC credit passes in English Language, Mathematics, Christian Religious Studies and any two (2) other subjects.<\/span><span><\/span><\/p>","subjects":"Christian Religious Studies and two (2) other subjects.","institutions_list":"FC-OBUDU"},{"id":"8139","title":"CHRISTIAN RELIGIOUS STUDIES\/YORUBA","de_requirements":"","utme_requirements":"<p><span>Five (5) SSC credit passes in English Language, Mathematics, Government, Christian Religious Studies and any other Social Science subject.<\/span><span><\/span><\/p>","subjects":"Christian Religious Studies, Government and any other subject.","institutions_list":"FC-OBUDU"},{"id":"8150","title":"CHRISTIAN RELIGIOUS STUDIES\/YORUBA","de_requirements":"","utme_requirements":"<p><span>Five (5) SSC credit passes in English Language, Mathematics, Christian Religious Studies, Yoruba, and any other subject.<\/span><span><\/span><\/p>","subjects":"Yoruba, Christian Religious Studies and any other Arts subject.","institutions_list":"FC-OBUDU"},{"id":"8148","title":"CHRISTIAN RELIGIOUS STUDIES\/YORUBA L2","de_requirements":"","utme_requirements":"<p><span>Five (5) SSC credit passes in English Language, Mathematics, Christian Religious Studies and any other two (2) of Economics\/Commerce, Government\/History, Government\/Social Studies.<\/span><span><\/span><\/p>","subjects":"Christian Religious Studies and any other of History\/Government, Geography, Social Studies, Economics\/Commerce.","institutions_list":"FC-OBUDU"},{"id":"8151","title":"CHRISTIAN RELIGIOUS STUDIES\/YORUBA L2","de_requirements":"","utme_requirements":"<p><span>Five (5)SSC credit passes in English Language, Mathematics, Christian Religious Studies and any other two (2) Arts\/Social Science subjects.<\/span><span><\/span><\/p>","subjects":"Christian Religious Studies and any other two (2) Arts\/Social Science subjects.","institutions_list":"FC-OBUDU"},{"id":"8155","title":"COMPUTER EDUCATION\/BIOLOGY","de_requirements":"","utme_requirements":"<p><span>Five (5) SSC credit passes in English Language, Mathematics, Physics, Biology\/Integrated Science and any other Science subject.<\/span><span><\/span><\/p>","subjects":"Biology and any two (2) of Chemistry, Mathematics and Physics","institutions_list":"FC-OBUDU"},{"id":"8153","title":"COMPUTER EDUCATION\/CHEMISTRY","de_requirements":"","utme_requirements":"<p><span>Five (5) SSC credit passes in English Language, Mathematics, Chemistry, Physics and any other Science subject.<\/span><span><\/span><\/p>","subjects":"Mathematics, Chemistry\/Physics and any other Science subject","institutions_list":"FC-OBUDU"},{"id":"8154","title":"COMPUTER EDUCATION\/ECONOMICS","de_requirements":"","utme_requirements":"<p><span>Five (5) SSC credit passes in English Language, Mathematics, Economics, Physics and any other Science\/Social Science subject.<\/span><span><\/span><\/p>","subjects":"Any three (3) of Economics, Mathematics\/Physics and Chemistry.","institutions_list":"FC-OBUDU"},{"id":"8159","title":"COMPUTER EDUCATION\/ENGLISH","de_requirements":"","utme_requirements":"<p><span>Five (5)SSC credit passes in English Language, Mathematics, Physics, Literature in English and Arts\/Science subjects.<\/span><span><\/span><\/p>","subjects":"Mathematics\/Physics, Literature in English and any other Arts\/Science subject.","institutions_list":"FC-OBUDU"},{"id":"8164","title":"COMPUTER EDUCATION\/GEOGRAPHY","de_requirements":"","utme_requirements":"<p><span>Five (5)SSC credit passes in English language, Mathematics, Geography, Physics and any one (1) of Science\/Social Science subject.<\/span><span><\/span><\/p>","subjects":"Mathematics\/Physics, Geography and any other Science\/Social Science subject.\t","institutions_list":"FC-OBUDU"},{"id":"8161","title":"COMPUTER EDUCATION\/PHYSICS","de_requirements":"","utme_requirements":"<p><span>Five (5) SSC credit passes in English Language, Mathematics, Physics and any other two (2) Science subjects.<\/span><span><\/span><\/p>","subjects":"Mathematics, Physics and any other Science subject.","institutions_list":"FC-OBUDU"},{"id":"8157","title":"COMPUTER SCIENCE EDUCATION\/INTEGRATED SCIENCE","de_requirements":"","utme_requirements":"<p><span>Five (5) SSC credit passes in English Language, Mathematics, Physics, Biology\/Agricultural Science and Chemistry.<\/span>&nbsp; &nbsp;<\/p>","subjects":"Biology\/Agricultural Science, Physics and Chemistry. ","institutions_list":"FC-OBUDU"},{"id":"8162","title":"COMPUTER SCIENCE EDUCATION\/INTEGRATED SCIENCE","de_requirements":"","utme_requirements":"<p><span>Five (5) SSC credit passes in English Language, Mathematics, Physics and any other two (2) Science subjects.<\/span><span><\/span><\/p>","subjects":"Mathematics, Physics and any other Science subject.","institutions_list":"FC-OBUDU"},{"id":"8158","title":"COMPUTER SCIENCE EDUCATION\/MATHEMATICS","de_requirements":"","utme_requirements":"<p><span>Five (5) SSC credit passes in English Language, Mathematics, Physics and any two (2) Science subjects.&nbsp;<\/span><span><\/span><\/p>","subjects":"Mathematics and any other two (2) Science subjects.","institutions_list":"FC-OBUDU"},{"id":"8160","title":"COMPUTER SCIENCE EDUCATION\/MATHEMATICS","de_requirements":"","utme_requirements":"<p><span>Five (5) SSC credit passes in English Language, Mathematics, Physics and any other two (2) Science subjects.<\/span>&nbsp;&nbsp;&nbsp;&nbsp;<span><\/span><\/p>","subjects":"Mathematics, Physics and any other Science subject.","institutions_list":"FC-OBUDU"},{"id":"8165","title":"COMPUTER SCIENCE\/POLITICAL SCIENCE","de_requirements":"","utme_requirements":"<p>Five (5)SSC credit passes in English Language, Mathematics, Physics, Government and any other Science\/Social Science subject.<br><\/p>","subjects":"Mathematics\/Physics, Government and any other Science\/Social Science subject.","institutions_list":"FC-OBUDU"},{"id":"8132","title":"EARLY CHILDHOOD CARE EDUCATION","de_requirements":"","utme_requirements":"<p><span>Five (5) SSC credits including English Language.<\/span>&nbsp;&nbsp;&nbsp;&nbsp;<span><\/span><\/p>","subjects":"English Language and any other three (3) subjects.","institutions_list":"FC-OBUDU"},{"id":"8166","title":"ECONOMICS\/ENGLISH","de_requirements":"","utme_requirements":"<p><span>Five (5) SSC credit passes in English Language, Mathematics, Economics, Literature in English and any other Arts\/Social Science subject.<\/span>&nbsp;&nbsp;&nbsp;&nbsp;<span><\/span><\/p>","subjects":"Economics, Literature in English and any other subject.","institutions_list":"FC-OBUDU"},{"id":"8093","title":"ECONOMICS\/FRENCH","de_requirements":"","utme_requirements":"<p><i><span>AKSCOE<\/span><\/i><\/p><p><i><span>ASSCOED&nbsp;&nbsp;&nbsp;&nbsp;&nbsp;&nbsp;&nbsp;&nbsp;&nbsp;&nbsp;&nbsp; <\/span><\/i><\/p><p><i><span>COE-BILLIRI<\/span><\/i><\/p><p><i><span>CORNER&nbsp;&nbsp;&nbsp;&nbsp;&nbsp;&nbsp;&nbsp;&nbsp;&nbsp;&nbsp;&nbsp;&nbsp;&nbsp; <\/span><\/i><\/p><p><i><span>EKIADOLOR&nbsp;&nbsp;&nbsp;&nbsp;&nbsp;&nbsp;&nbsp;&nbsp; <\/span><\/i><\/p><p><i><span>FC-ZARIA<\/span><\/i><\/p><p><i><span>ILORIN_COL&nbsp;&nbsp;&nbsp;&nbsp;&nbsp;&nbsp;&nbsp;&nbsp;&nbsp;&nbsp;&nbsp;&nbsp;&nbsp;&nbsp;&nbsp;&nbsp;&nbsp;&nbsp;&nbsp;&nbsp;&nbsp;&nbsp;&nbsp; <\/span><\/i><\/p><p><i><span>KAT-ALA&nbsp;&nbsp;&nbsp;&nbsp;&nbsp;&nbsp;&nbsp;&nbsp;&nbsp;&nbsp;&nbsp;&nbsp;&nbsp;&nbsp; <\/span><\/i><\/p><p><i><span>MOCPED<\/span><\/i><\/p><p><i><span>MOJE-COE<\/span><\/i><\/p><p><i><span>OTTO\/IJANIKIN<\/span><\/i><\/p><p>\r\n\r\n\r\n\r\n\r\n\r\n\r\n\r\n\r\n\r\n\r\n\r\n\r\n\r\n\r\n\r\n\r\n\r\n\r\n\r\n\r\n\r\n<\/p><p><i><span>PIAGET<\/span><span><\/span><\/i><\/p>","subjects":"Economics, French and any other Arts\/Social Science.","institutions_list":"FC-OBUDU"},{"id":"8091","title":"ECONOMICS\/IGBO","de_requirements":"","utme_requirements":"<p><span>Five (5)SSC credit passes in\r\nEnglish Language, Mathematics, Economics, Igbo and any other Arts\/Social\r\nScience subject.<\/span><\/p>","subjects":"Economics, Igbo and any other Arts\/Social Science subject.","institutions_list":"FC-OBUDU"},{"id":"8094","title":"ECONOMICS\/MATHEMATICS","de_requirements":"","utme_requirements":"<p><span>Five (5) SSC credit passes in\r\nEnglish Language, Mathematics, Economics and any other two (2) Social Science\r\nsubject.<\/span><\/p>","subjects":"Economics, Mathematics and any other Social Science\/Science subject.","institutions_list":"FC-OBUDU"},{"id":"8095","title":"ECONOMICS\/SOCIAL STUDIES","de_requirements":"","utme_requirements":"<p><span>Five (5) SSC credit passes in\r\nEnglish Language, Mathematics, Economics, Government\/History and any other\r\nSocial Science subject.<\/span><\/p>","subjects":"Economics, History\/Government and any other Social Science subject.","institutions_list":"FC-OBUDU"},{"id":"8092","title":"ECONOMICS\/YORUBA","de_requirements":"","utme_requirements":"<p><span>Five (5)SSC credit passes in\r\nEnglish Language, Mathematics, Economics, Yoruba and any other Arts\/Social\r\nScience subject.<\/span><\/p>","subjects":"Economics, Yoruba and any other Arts\/Social Science subject.","institutions_list":"FC-OBUDU"},{"id":"8096","title":"ENGLISH (DOUBLE MAJOR)","de_requirements":"","utme_requirements":"<p><span>Five (5) SSC credit passes in\r\nEnglish Language, Mathematics, Literature in English and any other two (2) Arts\r\nsubjects.<\/span><\/p>","subjects":"Literature in English and any two (2) Arts subjects.","institutions_list":"FC-OBUDU"},{"id":"8097","title":"ENGLISH\/FRENCH","de_requirements":"","utme_requirements":"<p><span>Five (5) SSC credit passes in\r\nEnglish Language, Mathematics, French, Literature in English and any other Arts\r\nsubjects.<\/span><\/p>","subjects":"French, Literature in English and any other Arts subject.","institutions_list":"FC-OBUDU"},{"id":"8098","title":"ENGLISH\/GEOGRAPHY","de_requirements":"","utme_requirements":"<p><span>Five (5) SSC credit passes in\r\nEnglish Language, Mathematics, Geography, Literature in English and any other\r\nArts\/Social Science subject.<\/span><\/p>","subjects":"Geography, Literature in English and one (1) other Arts\/Social Science subject.","institutions_list":"FC-OBUDU"},{"id":"8100","title":"ENGLISH\/IGBO","de_requirements":"","utme_requirements":"<p><span>Five (5) SSC credit passes in\r\nEnglish Language, Mathematics, Literature in English, Igbo Language and any\r\nother Arts&nbsp; subject<\/span><\/p>","subjects":"Igbo, Literature in English,  and any Arts subject","institutions_list":"FC-OBUDU"},{"id":"8101","title":"ENGLISH\/INTEGRATED SCIENCE","de_requirements":"","utme_requirements":"<p><span>Five (5) SSC credit\r\npasses in English Language, Mathematics, Literature in English, Biology and any\r\nArts\/Science subject.<\/span><\/p>","subjects":"Literature in English, Biology and any Science subject.","institutions_list":"FC-OBUDU"},{"id":"8102","title":"ENGLISH\/MATHEMATICS","de_requirements":"","utme_requirements":"<p><span>Five (5) SSC credit\r\npasses in English Language, Mathematics, Literature in English and any other two\r\n(2)&nbsp; Arts subjects.<\/span><\/p>","subjects":"Literature in English, Mathematics and any other Arts\/Science subject","institutions_list":"FC-OBUDU"},{"id":"8099","title":"ENGLISH\/POLITICAL SCIENCE","de_requirements":"","utme_requirements":"<p><span>Five (5) SSC credit passes in\r\nEnglish Language, Mathematics, Literature in English, Government\/History and\r\nany other Arts\/Social Science subject.<\/span><\/p>","subjects":"Literature in English, Government\/History and any other Arts\/Social Science subject. \r\n\r\n","institutions_list":"FC-OBUDU"},{"id":"8103","title":"ENGLISH\/SOCIAL STUDIES","de_requirements":"","utme_requirements":"<p><span>Five (5) SSC credit\r\npasses in English Language, Mathematics, Literature in English and any two (2)\r\nof Economics, Government\/History, Geography\/Social Studies.<\/span><\/p>","subjects":"Literature in English and any of Arts\/Social Science subjects.","institutions_list":"FC-OBUDU"},{"id":"8104","title":"ENGLISH\/THEATRE ARTS","de_requirements":"","utme_requirements":"<p><span>Five (5) SSC credit\r\npasses in English Language, Mathematics, Literature in English and any two (2)\r\nArts subjects.<\/span><\/p>","subjects":"Literature in English and any two (2) Arts subjects,\r\n\r\n","institutions_list":"FC-OBUDU"},{"id":"8105","title":"ENGLISH\/YORUBA L2","de_requirements":"","utme_requirements":"<p><span>Five (5) SSC credit\r\npasses in English Language, Mathematics, Literature in English and any two (2)\r\nArts subjects.<\/span><\/p>","subjects":"Literature in English and any two (2) Arts subjects.","institutions_list":"FC-OBUDU"},{"id":"8106","title":"FINE & APPLIED ART (DOUBLE MAJOR)","de_requirements":"","utme_requirements":"<table>\r\n <tbody><tr>\r\n  <td>\r\n  <p><span>Five (5) SSC\r\n  credit passes in English Language, Mathematics, Fine Arts and any other two\r\n  (2) subjects from:<\/span><\/p>\r\n  <p><span>1. Craft<\/span><\/p>\r\n  <p><span>2. Textile Clothing<\/span><\/p>\r\n  <p><span>3. Technical\r\n  Drawing<\/span><\/p>\r\n  <p><span>4. A Science\r\n  subject<\/span><\/p>\r\n  <p><span>5. An Arts\r\n  subject<\/span><\/p>\r\n  <p><span>6. Decorative\r\n  Painting<\/span><\/p>\r\n  <p><span>7. Spray\r\n  Painting, <\/span><span>Lining, Sign <\/span><span>and Design<\/span><\/p>\r\n  <p><span>8. Wall\r\n  Hanging, Colour Mixing\/Matching and Glazing<\/span><\/p>\r\n  <p><span>9. Graphic\r\n  Design<\/span><\/p>\r\n  <p><span>10. Graphic\r\n  Printing<\/span><\/p>\r\n  <p><span>11. Ceramics<\/span><\/p>\r\n  <p><span>12. Basic Electricity.<\/span><\/p>\r\n  <p><span>13. General\r\n  Wood work<\/span><\/p>\r\n  <p><span>14.\r\n  General Metal Work<\/span><\/p>\r\n  <p><span>15.\r\n  Men\/Ladies Garment Construction &amp; Finishing<\/span><\/p>\r\n  <p><span>16.\r\n  Spinning 16. Weaving<\/span><\/p>\r\n  <p><span>17.\r\n  Men\/Ladies Textile Design<\/span><\/p>\r\n  <p><span>18.SurfaceDesign\r\n  &amp; Printing<\/span><\/p>\r\n  <p><span>19.&nbsp; Bleaching, Dyeing and Finishing.<\/span><\/p>\r\n  <p><span>20.\r\n  Spraying, Painting, Lining, Sign and Design<\/span><\/p>\r\n  <p><span>&nbsp;<\/span><\/p>\r\n  <\/td>\r\n <\/tr>\r\n<\/tbody><\/table>","subjects":"Fine Arts and any other two (2) subjects","institutions_list":"FC-OBUDU"},{"id":"8107","title":"FRENCH\/HAUSA L4","de_requirements":"","utme_requirements":"<p><span>Five (5) SSC credit\r\npasses in English Language, Mathematics, French and any two (2) Arts subjects.<\/span><\/p>","subjects":"French and any two (2) Arts subjects.","institutions_list":"FC-OBUDU"},{"id":"8108","title":"FRENCH\/IGBO","de_requirements":"","utme_requirements":"<p><span>Five (5) SSC credit\r\npasses in English Language, Mathematics, French, Igbo and any other Arts&nbsp; subject.<\/span><\/p>","subjects":"French, Igbo and any Arts subject.","institutions_list":"FC-OBUDU"},{"id":"8109","title":"FRENCH\/IGBO L2","de_requirements":"","utme_requirements":"<p><span>Five (5) SSC credit\r\npasses in English Language, Mathematics, French and any two (2) Arts&nbsp; subjects.<\/span><\/p>","subjects":"French and any two (2) Arts subjects.","institutions_list":"FC-OBUDU"},{"id":"8110","title":"FRENCH\/MATHEMATICS","de_requirements":"","utme_requirements":"<p><span>Five (5) SSC credit\r\npasses in English Language, Mathematics, French, one (1) Science and one (1) &nbsp;Arts subject.<\/span><\/p>","subjects":"Mathematics, French and one (1) Arts\/Science subject.","institutions_list":"FC-OBUDU"},{"id":"8111","title":"FRENCH\/POLITICAL SCIENCE","de_requirements":"","utme_requirements":"<p><span>Five (5) SSC credit\r\npasses in English Language, Mathematics, French, Government\/History and any\r\nother Arts\/Social Science subject.<\/span><\/p>","subjects":"French, Government\/History and any other Arts\/Social Science subject.","institutions_list":"FC-OBUDU"},{"id":"8112","title":"FRENCH\/SOCIAL STUDIES","de_requirements":"","utme_requirements":"<table>\r\n <tbody><tr>\r\n  <td>\r\n  <p><span>Five (5) SSC credit\r\n  passesin English Language, Mathematics, French and any two (2) of the\r\n  following<\/span><\/p>\r\n  <p><span>1. Geography<\/span><\/p>\r\n  <p><span>2. Economics<\/span><\/p>\r\n  <p><span>3. Government<\/span><\/p>\r\n  <p><span>4. History<\/span><\/p>\r\n  <p><span>&nbsp;<\/span><\/p>\r\n  <\/td>\r\n <\/tr>\r\n<\/tbody><\/table>","subjects":"French and any two (2) of Geography, History, Economics and Government.","institutions_list":"FC-OBUDU"},{"id":"8113","title":"FRENCH\/THEATRE ARTS","de_requirements":"","utme_requirements":"<p><span>Five (5) SSC credit\r\npasses in English Language, Mathematics, French, Literature in English and any one\r\n(1) Arts subject.<\/span><\/p>","subjects":"French, Literature in English and one (1) Arts subject.","institutions_list":"FC-OBUDU"},{"id":"8114","title":"FRENCH\/YORUBA L2","de_requirements":"","utme_requirements":"<p><span>Five (5) SSC credit\r\npasses in English Language, Mathematics, French and any two (2) Arts subjects.<\/span><\/p>","subjects":"French and any two (2) other subjects.\r\n\r\n","institutions_list":"FC-OBUDU"},{"id":"8118","title":"GEOGRAPHY\/FRENCH","de_requirements":"","utme_requirements":"<p><span>Five (5) SSC credit\r\npasses in English Language, Mathematics, Geography, French and one (1) Arts\/Social\r\nScience subject.<\/span><\/p>","subjects":"French, Geography and any one (1) ofArts\/Social Science subject.","institutions_list":"FC-OBUDU"},{"id":"8115","title":"GEOGRAPHY\/IGBO","de_requirements":"","utme_requirements":"<p><span>Five (5) SSC credit\r\npasses in English Language, Mathematics, Geography, Igbo and one (1) &nbsp;Arts\/Social Science subject.<\/span><\/p>","subjects":"Geography, Igbo and one (1)  Arts\/Social Science subject.","institutions_list":"FC-OBUDU"},{"id":"8116","title":"GEOGRAPHY\/INTEGRATED SCIENCE","de_requirements":"","utme_requirements":"<p><span>Five (5) SSC credit\r\npasses in English Language, Mathematics, Geography and two (2) of <\/span><\/p><p><span>1. Integrated\r\nScience\/General Science<\/span><\/p><p><span>2. Physics<\/span><\/p><p><span>3. Chemistry<\/span><\/p><p>\r\n\r\n\r\n\r\n\r\n\r\n\r\n\r\n<\/p><p><span>4. Biology\/Health\r\nScience<\/span><\/p>","subjects":"Geography and two (2) of Biology, Physics and Chemistry.","institutions_list":"FC-OBUDU"},{"id":"8117","title":"GEOGRAPHY\/MATHEMATICS","de_requirements":"","utme_requirements":"<p><span>Five (5) SSC credit\r\npasses in English Language, Mathematics, Geography and any two (2) of\r\nScience\/Social Sciences.<\/span><\/p>","subjects":"Mathematics, Geography and any other Science\/Social Science subject.","institutions_list":"FC-OBUDU"},{"id":"8119","title":"GEOGRAPHY\/YORUBA","de_requirements":"","utme_requirements":"<p><span>Five (5) SSC credit\r\npasses in English Language, Mathematics, Geography, Yoruba and any one (1) &nbsp;Arts\/Social Science subject.<\/span><\/p>","subjects":"Geography, Yoruba and any one (1) Arts\/Social Science subject.","institutions_list":"FC-OBUDU"},{"id":"8129","title":"HAUSA L2\/SOCIAL STUDIES","de_requirements":"","utme_requirements":"<p><span>Five (5) SSC credit passes in\r\nEnglish Language, Mathematics, Government\/History and any one (1) Art and one\r\n(1) Social Science subject.<\/span><\/p>","subjects":"Government\/History and any one (1) Arts and one (1)  Social Science subject.","institutions_list":"FC-OBUDU"},{"id":"8127","title":"HAUSA\/ECONOMICS","de_requirements":"","utme_requirements":"<p><span>Five\r\n(5) SSC credit passes in English Language, Mathematics, Economics, Hausa, and\r\nany one (1) &nbsp;Arts\/Social Science subject.<\/span><\/p>","subjects":"Hausa, Economics and any one (1) Arts\/Social Science subject.","institutions_list":"FC-OBUDU"},{"id":"8126","title":"HAUSA\/GEOGRAPHY","de_requirements":"","utme_requirements":"<p><span>Five (5) SSC credit passes in\r\nEnglish Language, Mathematics, Hausa, Geography and any one (1) &nbsp;Arts\/Social Science subject.<\/span><\/p>","subjects":"Hausa, Geography and any other Arts\/Social Science subject.","institutions_list":"FC-OBUDU"},{"id":"8123","title":"HAUSA\/IGBO","de_requirements":"","utme_requirements":"<p><span>Five (5) SSC credit\r\npasses in English Language, Mathematics, Hausa\/Igbo and any other two (2) Arts\r\nsubjects.<\/span><\/p>","subjects":"Hausa\/Igbo and any two (2) Arts subjects.\r\n\r\n","institutions_list":"FC-OBUDU"},{"id":"8141","title":"HAUSA\/IGBO","de_requirements":"","utme_requirements":"<p><span>Five (5) SSC credit\r\npasses in English Language, Mathematics, Igbo and two (2) Arts subjects.<\/span><\/p>","subjects":"Igbo and any two (2) Arts subjects.","institutions_list":"FC-OBUDU"},{"id":"8124","title":"HAUSA\/POLITICAL SCIENCE","de_requirements":"","utme_requirements":"<p><span>Five (5) SSC credit passes in\r\nEnglish Language, Mathematics, Hausa and any two (2) of:<\/span><\/p><p><span>1.\r\nGeography<\/span><\/p><p><span>2.\r\nHistory\/Government<\/span><\/p><p><span>3.\r\nIslamic Studies\/Christian Religious Studies<\/span><\/p><p><span>4.\r\nEconomics<\/span><\/p><p>\r\n\r\n\r\n\r\n\r\n\r\n\r\n\r\n\r\n\r\n<\/p><p><span>&nbsp;<\/span><\/p>","subjects":"Hausa and any other two (2) Arts\/Social Science subjects.","institutions_list":"FC-OBUDU"},{"id":"8125","title":"HAUSA\/THEATRE ARTS","de_requirements":"","utme_requirements":"<p><span>Five (5) SSC credit passes in\r\nEnglish Language, Mathematics, Hausa, Literature in English and any one (1) &nbsp;Arts subject.<\/span><\/p>","subjects":"Hausa, Literature in English and any one (1)  Arts subject.","institutions_list":"FC-OBUDU"},{"id":"8128","title":"HAUSA\/YORUBA L2","de_requirements":"","utme_requirements":"<p><span>Five (5) SSC credit passes in\r\nEnglish Language, Mathematics, Hausa and other two (2) Arts subjects.<\/span><\/p>","subjects":"Hausa and any two (2) Arts subjects.\r\n\r\n","institutions_list":"FC-OBUDU"},{"id":"8130","title":"HOME ECONOMICS (DOUBLE MAJOR)","de_requirements":"","utme_requirements":"<table>\r\n <tbody><tr>\r\n  <td>\r\n  <p><span>Five (5) SSC\r\n  credit passes in English Language, Mathematics and any three (3) of the\r\n  followings:<\/span><\/p>\r\n  <p><span>1.&nbsp; Agricultural Science<\/span><\/p>\r\n  <p><span>2.&nbsp; Biology<\/span><\/p>\r\n  <p><span>3.&nbsp; Chemistry<\/span><\/p>\r\n  <p><span>4.&nbsp; General Science<\/span><\/p>\r\n  <p><span>5.&nbsp; Health Science<\/span><\/p>\r\n  <p><span>6.&nbsp; Home Management\/ <\/span><\/p>\r\n  <p><span>7.&nbsp; Hotel and Catering<\/span><\/p>\r\n  <p><span>8.&nbsp; Food and Nutrition<\/span><\/p>\r\n  <p><span>9.&nbsp; Integrated Science<\/span><\/p>\r\n  <p><span>10. Physical and\r\n  Health Education\/Physical Education<\/span><\/p>\r\n  <p><span>11. Physics<\/span><\/p>\r\n  <p><span>12. Economics<\/span><\/p>\r\n  <p><span>13. General Metal\r\n  Work<\/span><\/p>\r\n  <p><span>14. Building\/Engineering\r\n  Drawing<\/span><\/p>\r\n  <p><span>15. Men\/Ladies\r\n  Garment&nbsp;&nbsp;&nbsp;&nbsp; <\/span><\/p>\r\n  <p><span>&nbsp;&nbsp;&nbsp;&nbsp; Construction and Finishing<\/span><\/p>\r\n  <p><span>16. Men\/Ladies\r\n  Textile&nbsp;&nbsp; Design<\/span><\/p>\r\n  <p><span>17. Spinning&nbsp; <\/span><\/p>\r\n  <p><span>18. Weaving<\/span><\/p>\r\n  <p><span>19. Surface Design and\r\n  <\/span><\/p>\r\n  <p><span>&nbsp;&nbsp;&nbsp;&nbsp; Printing<\/span><\/p>\r\n  <p><span>20. Bleaching, Dyeing\r\n  and <\/span><\/p>\r\n  <p><span>&nbsp;&nbsp;&nbsp;&nbsp; Finishing<\/span><\/p>\r\n  <p><span>21. Basic Electricity<\/span><\/p>\r\n  <p><span>&nbsp;<\/span><\/p>\r\n  <p><b><span>GROUP A:<\/span><\/b><span><\/span><\/p>\r\n  <p><span>Home Economics,\r\n  Home Management, Cookery, Needle Work and Dress Making, Clothing and Textile,\r\n  Food and Nutrition, Hotel Management and Catering.<\/span><\/p>\r\n  <p><span>&nbsp;<\/span><\/p>\r\n  <p><b><span>GROUP B:<\/span><\/b><span><\/span><\/p>\r\n  <p><span>Biology, Chemistry, Physics, Integrated\r\n  Science, Health Science, Agricultural Science, Mathematics\/Arithmetic\r\n  Process\/Basic Mathematics, Economics, Physical and Health Education.<\/span><span><\/span><\/p>\r\n  <\/td>\r\n <\/tr>\r\n<\/tbody><\/table>","subjects":"Any three (3) of Chemistry, Agricultural Science, Home Economics, Economics and Mathematics.","institutions_list":"FC-OBUDU"},{"id":"8137","title":"IGBO L2\/SOCIAL STUDIES","de_requirements":"","utme_requirements":"<p><span>Five (5) SSC credit\r\npasses in English Language, Mathematics, Igbo, Government\/History and&nbsp; any one (1) &nbsp;Arts and one (1) &nbsp;Social&nbsp;\r\nScience subject.<\/span><\/p>","subjects":"Government\/History and any one (1) Arts, one (1)  Social Science subject.","institutions_list":"FC-OBUDU"},{"id":"8138","title":"IGBO\/POLITICAL SCIENCE","de_requirements":"","utme_requirements":"<p><span>Five (5) SSC credit\r\npasses in English Language, Mathematics, Igbo, Government\/History and&nbsp; any one (1) &nbsp;Arts and one (1) &nbsp;Social&nbsp;\r\nScience subject.<\/span><\/p>","subjects":"Government\/History and any one (1) Arts, one (1)  Social Science subject.","institutions_list":"FC-OBUDU"},{"id":"8135","title":"IGBO\/SOCIAL STUDIES","de_requirements":"","utme_requirements":"<p><span>Five (5) SSC credit\r\npasses in English Language, Mathematics, Igbo, Government\/History and any one\r\n(1) &nbsp;((1) Arts\/Social&nbsp; Science subject.&nbsp;<\/span><\/p>","subjects":"Igbo, History\/Government and any one (1) Arts\/Social Science subject.","institutions_list":"FC-OBUDU"},{"id":"8131","title":"IGBO\/THEATRE ART","de_requirements":"","utme_requirements":"<table>\r\n <tbody><tr>\r\n  <td>\r\n  <p><span>Five (5) SSC\r\n  credit passes in English Language, Mathematics, Igbo, Literature in English\r\n  and any other&nbsp;&nbsp; Arts subject.<\/span><\/p>\r\n  <p><span>&nbsp;<\/span><\/p>\r\n  <\/td>\r\n <\/tr>\r\n<\/tbody><\/table>","subjects":"Literature in English, Igbo and one (1)  Arts subject.","institutions_list":"FC-OBUDU"},{"id":"8140","title":"IGBO\/YORUBA","de_requirements":"","utme_requirements":"<p><span>Five (5) SSC credit\r\npasses in English Language, Mathematics, Igbo\/Yoruba and two (2) Arts subjects.&nbsp;<\/span><\/p>","subjects":"Igbo\/Yoruba and any two (2) Arts subjects.","institutions_list":"FC-OBUDU"},{"id":"8144","title":"IGBO\/YORUBA","de_requirements":"","utme_requirements":"<p><span>Five (5) SSC credit\r\npasses in English Language, Mathematics, Igbo and two (2) Arts subjects.<\/span><\/p>","subjects":"Igbo and any two (2) Arts subjects","institutions_list":"FC-OBUDU"},{"id":"8156","title":"INTEGRATED SCIENCE (DOUBLE MAJOR)","de_requirements":"","utme_requirements":"<p><span>Five (5) SSC credit passes in English Language, Mathematics, Physics, Biology\/Chemistry and any other Science subject.<\/span>&nbsp;&nbsp;&nbsp;&nbsp;<span><\/span><\/p>","subjects":"Any three (3) of Mathematics, Biology, Physics, Chemistry. ","institutions_list":"FC-OBUDU"},{"id":"8149","title":"INTEGRATED SCIENCE \/ MATHEMATICS EDUCATION","de_requirements":"","utme_requirements":"<p><span>Five (5) SSC credit\r\npasses in English Language, Mathematics and any three (3) of the following<\/span><\/p><p><span>1. Biology\/Agricultural\r\nScience<\/span><\/p><p><span>2. Chemistry<\/span><\/p><p><span>3. Physics and<\/span><\/p><p>\r\n\r\n\r\n\r\n\r\n\r\n\r\n\r\n<\/p><p><span>4. General Science<\/span><\/p>","subjects":"Mathematics and any two (2) of: Biology, Physics and Chemistry.","institutions_list":"FC-OBUDU"},{"id":"8152","title":"INTEGRATED SCIENCE\/PHYSICS","de_requirements":"","utme_requirements":"<p><span>Five (5) SSC credit\r\npasses in English Language, Mathematics Physics and any two (2) Science\r\nsubjects<\/span><\/p>","subjects":"Physics and any other  two (2) Science subjects.","institutions_list":"FC-OBUDU"},{"id":"8167","title":"MATHEMATICS\/PHYSICS","de_requirements":"","utme_requirements":"<p><span>Five (5) SSC credit\r\npasses in English Language, Mathematics, Physics and two (2) other Science\r\nsubjects.<\/span><\/p>","subjects":"Mathematics, Physics and any other Science subject.","institutions_list":"FC-OBUDU"},{"id":"8168","title":"MATHEMATICS\/SOCIAL STUDIES","de_requirements":"","utme_requirements":"<p><span>Five (5) SSC credit\r\npasses in English Language, Mathematics, Government\/History, one (1) &nbsp;&nbsp;&nbsp;Science and one (1) &nbsp;&nbsp;&nbsp;Social Science subject.<\/span><\/p>","subjects":"Mathematics, one (1)  Science and one (1)  Social Science subject.","institutions_list":"FC-OBUDU"},{"id":"8169","title":"PHYSICAL & HEALTH EDUCATION (DOUBLE MAJOR)","de_requirements":"","utme_requirements":"<p><span>Five\r\n(5) SSC credits\/TC II merit passes in Five (5) subjects including English\r\nLanguage, Biology or its equivalent.<\/span><\/p>","subjects":"Biology and any two (2relevant subjects.","institutions_list":"FC-OBUDU"},{"id":"8121","title":"POLITICAL SCIENCE\/SOCIAL STUDIES","de_requirements":"","utme_requirements":"<p><span>Five (5) SSC credit\r\npasses in English Language, Mathematics, Government\/History and two (2) Science\r\nsubjects.<\/span><\/p>","subjects":"Government\/History and two (2) of Social Science subjects.","institutions_list":"FC-OBUDU"},{"id":"8120","title":"POLITICAL SCIENCE\/YORUBA","de_requirements":"","utme_requirements":"<p><span>Five (5) SSC credit\r\npasses in English Language, Mathematics, Government\/History, Yoruba and any one\r\n(1) Arts\/Social Science subject.<\/span><\/p>","subjects":"Government\/History and two (2) Arts\/Social Science subject.","institutions_list":"FC-OBUDU"},{"id":"8090","title":"PRIMARY EDUCATION STUDIES","de_requirements":"<div>\r\n\r\n<table>\r\n <tbody><tr>\r\n  <td>\r\n  <p><span>Two (2) 'A' Level passes chosen from relevant subjects.<\/span><\/p>\r\n  <\/td>\r\n <\/tr>\r\n<\/tbody><\/table>\r\n\r\n<\/div>","utme_requirements":"<div>\r\n\r\n<table>\r\n <tbody><tr>\r\n  <td>\r\n  <p><span>Five (5) 'O'\r\n  Level credit passes including English Language.<\/span><\/p>\r\n  <\/td>\r\n <\/tr>\r\n<\/tbody><\/table>\r\n\r\n<\/div>","subjects":"Any three (3) subjects.","institutions_list":"FC-OBUDU"},{"id":"8163","title":"PRIMARY EDUCATION STUDIES","de_requirements":"","utme_requirements":"<p><span>Five (5)SSC credits including English\r\nLanguage.<\/span><\/p>","subjects":"English Language and any other three (3) subjects.","institutions_list":"FC-OBUDU"},{"id":"8122","title":"SOCIAL STUDIES (DOUBLE MAJOR)","de_requirements":"","utme_requirements":"<p><span>Five (5) SSC credit\r\npasses in English Language, Mathematics, Government\/History and two (2) Social Science\r\nsubjects.<\/span><\/p>","subjects":"Government\/History and two (2) of Social Science subjects.","institutions_list":"FC-OBUDU"},{"id":"8173","title":"THEATRE ARTS (DOUBLE MAJOR)","de_requirements":"","utme_requirements":"<p><span>Five (5) SSC credit\r\npasses in English Language, Mathematics, Literature in English and two (2) Arts\r\nsubject.<\/span><\/p>","subjects":"Literature in English and two (2) Arts subjects.","institutions_list":"FC-OBUDU"},{"id":"8174","title":"THEATRE ARTS \/ YORUBA","de_requirements":"","utme_requirements":"<p><span>Five (5) SSC credit\r\npasses in English Language, Mathematics, Yoruba, Literature in English and any one\r\n(1) &nbsp;&nbsp;Arts subject.<\/span><\/p>","subjects":"Yoruba and one (1) other Arts subject.","institutions_list":"FC-OBUDU"},{"id":"8175","title":"THEATRE ARTS\/SOCIAL STUDIES","de_requirements":"","utme_requirements":"<p><span>Five (5) SSC credit\r\npasses in English Language, Mathematics, Literature in English,\r\nGovernment\/History and any one (1) &nbsp;&nbsp;&nbsp;Arts\/Social Science subject.<\/span><\/p>","subjects":"Literature in English, Government\/History and one (1)  Arts\/Social Science subject.","institutions_list":"FC-OBUDU"},{"id":"8176","title":"YORUBA \/ SOCIAL STUDIES","de_requirements":"","utme_requirements":"<p><span>Five (5) SSC credit\r\npasses in English Language, Mathematics, Government\/History, Yoruba and one (1)\r\n&nbsp;&nbsp;Arts\/subject.<\/span><\/p>","subjects":"Yoruba, Government\/History and one (1)Arts\/Social Science.","institutions_list":"FC-OBUDU"}]