[{"id":"8761","title":"CULTURAL & CREATIVE ART (DM)","de_requirements":"","utme_requirements":"<table>\r\n <tbody><tr>\r\n  <td>\r\n  <p><span>Five (5) SSC credit\r\n  passes in English Language, Mathematics and any other three Arts subjects.<\/span><\/p>\r\n  <\/td>\r\n <\/tr>\r\n<\/tbody><\/table>","subjects":"Any three (3) subjects from Arts or Social Science.","institutions_list":"FCS-OYO"},{"id":"8733","title":"HISTORY (DM)","de_requirements":"","utme_requirements":"<p><span>Five (5) SSC credit passes in English Language,\r\nHistory and any other three (3) subjects.<\/span><br><\/p>","subjects":"History and any other two (2) Arts subjects.","institutions_list":"FCS-OYO"},{"id":"8757","title":"PHYSICS (DM)","de_requirements":"","utme_requirements":"<p><span>Five (5)SSC credit passes, in English Language,\r\nMathematics, Physics and any other Science subject<\/span><br><\/p>","subjects":"Physics and any other Science subject.","institutions_list":"FCS-OYO"},{"id":"8732","title":"PRIMARY EDUCATION STUDIES","de_requirements":"","utme_requirements":"<p><span>Five (5)SSC credits including English\r\nLanguage.<\/span><\/p>","subjects":"English Language and any other three (3) subjects.","institutions_list":"FCS-OYO"},{"id":"8734","title":"SPECIAL EDUCATION\/ADULT & NON FORMAL EDUCATION","de_requirements":"","utme_requirements":"<p><span>Five (5) SSC credit\r\npasses in English Language, Mathematics and three (3) subjects.<\/span><\/p>","subjects":"English Language and any three (3) subjects.","institutions_list":"FCS-OYO"},{"id":"8736","title":"SPECIAL EDUCATION\/AGRICULTURAL SCI (DOUBLE MAJOR)","de_requirements":"","utme_requirements":"<p><span>Five (5) SSC credit\r\npasses in English Language, Mathematics, Agricultural Science and any two (2)&nbsp; of the following:<\/span><\/p><p><span>1. Chemistry&nbsp;&nbsp;&nbsp;&nbsp;&nbsp;&nbsp; 2. Geography.&nbsp; 3. Physics&nbsp;&nbsp;&nbsp;&nbsp;\r\n<\/span><\/p><p>\r\n\r\n\r\n\r\n<span>4.\r\nHealth Science\/Biology&nbsp; 5. Mathematics.&nbsp;&nbsp;&nbsp;&nbsp; 6. Physical &nbsp;Health Education<\/span><br><\/p>","subjects":"Agricultural Science and any two (2) of Chemistry, Geography, Physics, General Science Mathematics and Biology.","institutions_list":"FCS-OYO"},{"id":"8737","title":"SPECIAL EDUCATION\/ARABIC","de_requirements":"","utme_requirements":"<p><span>Five (5) SSC credit\r\npasses in English Language, Mathematics, Islamic Studies\/Arabic and two (2)\r\nArts subjects.<\/span><\/p>","subjects":"Arabic and any two (2) other Arts subjects.","institutions_list":"FCS-OYO"},{"id":"8753","title":"SPECIAL EDUCATION\/BIOLOGY","de_requirements":"","utme_requirements":"<p><span>Five (5) SSC credit\r\npasses in English Language, Mathematics, Biology and two (2) other Science\r\nsubjects.<\/span><\/p>","subjects":"Biology and any two (2) of Geography, Chemistry and Physics.","institutions_list":"FCS-OYO"},{"id":"8752","title":"SPECIAL EDUCATION\/BUSINESS EDUCATION","de_requirements":"","utme_requirements":"<p><span>Five (5) SSC credit\r\npasses in English Language, Mathematics, Economics and any two (2) from the\r\nfollowing: Government, Geography, Commerce, History, Business Method, Principle\r\nof Account and Typewriting, Office Practice, Secretarial Duties, Shorthand.<\/span><\/p>","subjects":"Economics and any two (2) of Commerce, Accounts, Business Methods and Mathematics.","institutions_list":"FCS-OYO"},{"id":"8760","title":"SPECIAL EDUCATION\/CHEMISTRY","de_requirements":"","utme_requirements":"<p><span>Five (5) SSC credit\r\npasses in English Language, Mathematics, Chemistry and two (2) other Science\r\nsubjects.<\/span><\/p>","subjects":"Any three (3) of Chemistry, Physics\/Mathematics, General Science\/Biology.","institutions_list":"FCS-OYO"},{"id":"8738","title":"SPECIAL EDUCATION\/CHRISTIAN RELIGIOUS STUDIES","de_requirements":"","utme_requirements":"<p><span>Five (5) SSC credit\r\npasses in English Language, Mathematics, Christian Religious Studies and any two\r\n(2) Arts subjects.<\/span><\/p>","subjects":"Christian Religious Studies and any two (2) Arts subjects.","institutions_list":"FCS-OYO"},{"id":"8754","title":"SPECIAL EDUCATION\/COMPUTER SCIENCE","de_requirements":"","utme_requirements":"<p><span>Five (5) SSC credit\r\npasses in English Language, Mathematics, Physics and two (2) other Science\r\nsubjects.<\/span><\/p>","subjects":"Mathematics, Physics and Chemistry.","institutions_list":"FCS-OYO"},{"id":"8735","title":"SPECIAL EDUCATION\/EARLY CHILDHOOD CARE EDUCATION","de_requirements":"","utme_requirements":"<p><span>Five (5) SSC credit\r\npasses in English Language, Mathematics and three (3)&nbsp;&nbsp; subjects.<\/span><\/p>","subjects":"English Language and any three (3) subjects.","institutions_list":"FCS-OYO"},{"id":"8758","title":"SPECIAL EDUCATION\/ECONOMICS","de_requirements":"","utme_requirements":"<table>\r\n <tbody><tr>\r\n  <td>\r\n  <p><span>Five (5) SSC credit\r\n  passes in English Language, Mathematics, Economics and two (2) Social Science\r\n  subjects.<\/span><\/p>\r\n  <\/td>\r\n <\/tr>\r\n<\/tbody><\/table>","subjects":"Economics and any two (2) Social Science subjects.\r\n\r\n","institutions_list":"FCS-OYO"},{"id":"8739","title":"SPECIAL EDUCATION\/ENGLISH","de_requirements":"","utme_requirements":"<p><span>Five (5) SSC credit\r\npasses in English Language, Mathematics, Literature in English and any two (2)&nbsp;&nbsp; Arts subjects.<\/span><\/p>","subjects":"Literature in English and any two (2) Arts subjects.","institutions_list":"FCS-OYO"},{"id":"8740","title":"SPECIAL EDUCATION\/FINE ART (D\/M)","de_requirements":"","utme_requirements":"<p><span>Five (5) SSC credit\r\npasses in English Language, Mathematics, Literature in English and any two (2)\r\nArts subjects.<\/span><\/p>","subjects":"Fine Art and any two (2) Arts subjects.","institutions_list":"FCS-OYO"},{"id":"8755","title":"SPECIAL EDUCATION\/FRENCH","de_requirements":"","utme_requirements":"<p><span>Five (5) SSC credit\r\npasses in English Language, Mathematics, French and two (2) Arts subjects.<\/span><\/p>","subjects":"French and any two (2) Arts subjects.","institutions_list":"FCS-OYO"},{"id":"8759","title":"SPECIAL EDUCATION\/GEOGRAPHY","de_requirements":"","utme_requirements":"<p><span>Five (5) SSC credit\r\npasses in English Language, Mathematics, Geography and two (2) other Science\r\nsubjects.<\/span><\/p>","subjects":"Geography and any two (2)  of Science subjects.","institutions_list":"FCS-OYO"},{"id":"8741","title":"SPECIAL EDUCATION\/HAUSA","de_requirements":"","utme_requirements":"<p><span>Five (5) SSC credit\r\npasses in English Language, Mathematics, Hausa and any two (2) Arts subjects.<\/span><\/p>","subjects":"Hausa and any two (2) Arts subjects.","institutions_list":"FCS-OYO"},{"id":"8743","title":"SPECIAL EDUCATION\/HOME ECONOMICS (DOUBLE MAJOR)","de_requirements":"","utme_requirements":"<p><span>Five (5) SSC credit\r\npasses in English Language, Mathematics, Home Economics and any two (2) of the\r\nfollowings: Home Management, Biology, Chemistry, Needle and Dress Making.<\/span><\/p>","subjects":"Any three (3) of Biology, Chemistry, General Science, Economics, Mathematics and Commerce.","institutions_list":"FCS-OYO"},{"id":"8742","title":"SPECIAL EDUCATION\/IGBO","de_requirements":"","utme_requirements":"<p><span>Five (5) SSC credit\r\npasses in English Language, Mathematics, Igbo and any two (2) Arts subjects.<\/span><\/p>","subjects":"Igbo and any two (2) Arts subjects.","institutions_list":"FCS-OYO"},{"id":"8744","title":"SPECIAL EDUCATION\/INTEGRATED SCIENCE","de_requirements":"","utme_requirements":"<p><span>Five (5) SSC credit\r\npasses in English Language, Mathematics and any three (3) Science subjects.<\/span><\/p>","subjects":"Any three (3) subjects from Biology, Agricultural Science, Physics, Chemistry and General Science.","institutions_list":"FCS-OYO"},{"id":"8745","title":"SPECIAL EDUCATION\/ISLAMIC STUDIES","de_requirements":"","utme_requirements":"<p><span>Five (5) SSC credit\r\npasses in English Language, Mathematics, Islamic Studies and any two (2) Arts\r\nsubjects.<\/span><\/p>","subjects":"Islamic Studies and any two (2) Arts subjects.\r\n\r\n","institutions_list":"FCS-OYO"},{"id":"8746","title":"SPECIAL EDUCATION\/MATHEMATICS","de_requirements":"","utme_requirements":"<p><span>Five (5) SSC credit\r\npasses in English Language, Mathematics and any three (3) Science subjects.<\/span><\/p>","subjects":"Any three (3) of Mathematics, Physics\/Chemistry, General Science\/Biology.","institutions_list":"FCS-OYO"},{"id":"8747","title":"SPECIAL EDUCATION\/MUSIC","de_requirements":"","utme_requirements":"<p><span>Five (5) SSC credit\r\npasses in English Language, Mathematics and any three (3) Arts subjects.<\/span><\/p>","subjects":"Any three (3) Arts subjects.","institutions_list":"FCS-OYO"},{"id":"8748","title":"SPECIAL EDUCATION\/PHYSICAL & HEALTH EDUCATION","de_requirements":"","utme_requirements":"<p><span>Five (5) SSC credit\r\npasses in English Language, Mathematics and any three (3) of the followings:\r\nBiology, Chemistry, General Science, Health Science, Agricultural Science and\r\nany other subject.<\/span><\/p>","subjects":"One (1) Science subject and any other two (2) subjects.","institutions_list":"FCS-OYO"},{"id":"8750","title":"SPECIAL EDUCATION\/POLITICAL SCIENCE","de_requirements":"","utme_requirements":"<p><span>Five (5) SSC credit\r\npasses in English Language, Mathematics, Government\/History and any two (2)\r\nSocial Science subjects.<\/span><\/p>","subjects":"Any one (1) of History\/Government and two (2) Social Science.","institutions_list":"FCS-OYO"},{"id":"8749","title":"SPECIAL EDUCATION\/SOCIAL STUDIES","de_requirements":"","utme_requirements":"<p><span>Five (5) SSC credit\r\npasses in English Language, Mathematics, Government\/History and any two (2)\r\nSocial Science subjects.<\/span><\/p>","subjects":"Any one (1) of History\/Government and two (2) Social Science subjects.\r\n\r\n","institutions_list":"FCS-OYO"},{"id":"8756","title":"SPECIAL EDUCATION\/THEATRE ARTS","de_requirements":"","utme_requirements":"<p><span>Five (5) SSC credit\r\npasses in English Language, Mathematics, Literature in English and two (2) Arts\r\nsubjects.<\/span><\/p>","subjects":"Literature in English and any two (2) Arts subjects.","institutions_list":"FCS-OYO"},{"id":"8751","title":"SPECIAL EDUCATION\/YORUBA","de_requirements":"","utme_requirements":"<p><span>Five (5) SSC credit\r\npasses in English Language, Mathematics, Yoruba and two (2) Arts subjects.<\/span><\/p>","subjects":"Yoruba and any two (2) Arts subjects","institutions_list":"FCS-OYO"}]