[{"id":"8764","title":"COMPUTER HARDWARE ENGINEERING\/ TECHNOLOGY","de_requirements":"","utme_requirements":"<p><span>Five\r\n(5) credit passes at SSC or its equivalent in Mathematics, English Language and\r\nany other three (3) relevant subjects<\/span><\/p>","subjects":"Mathematics, Physics, Chemistry.","institutions_list":"FCTI"},{"id":"8763","title":"COMPUTER SOFTWARE ENGINEERING TECHNOLOGY","de_requirements":"","utme_requirements":"<p><span>Five (5) credit passes at SSC or its equivalent\r\nin Mathematics, English Language and any other three (3) relevant subjects<\/span><br><\/p>","subjects":"Mathematics, Physics, Chemistry.","institutions_list":"FCTI"},{"id":"8765","title":"NETWORKING & SYSTEM SECURITY","de_requirements":"","utme_requirements":"<p><span>Five\r\n(5) credit passes at SSC or its equivalent, in Mathematics, English Language and\r\nany other three (3)&nbsp; relevant subjects.<\/span><\/p>","subjects":"Mathematics, Physics, Chemistry.","institutions_list":"FCTI"}]