[{"id":"8766","title":"ORTHOPAEDIC CAST TECHNOLOGY","de_requirements":"","utme_requirements":"<p><span>Five (5) SSC credit passed in Mathematics, English Language, Biology, Physics\/Chemistry, plus any other subject.<\/span><span><\/span><\/p><p><span><o>&nbsp;<\/o:p><\/span>&nbsp;&nbsp;&nbsp;&nbsp;<\/p>","subjects":"Biology, Physics and Chemistry","institutions_list":"FECOT"},{"id":"8767","title":"PROSTHETICS\/ORTHOTICS TECHNOLOGY","de_requirements":"","utme_requirements":"<p><span>Five (5) SSC credit passed in Mathematics, English Language, Biology, Physics\/Chemistry, plus any other subject.<\/span><span><\/span><\/p><p><span><o>&nbsp;<\/o:p><\/span><\/p>","subjects":"Biology, Physics and Chemistry","institutions_list":"FECOT"}]