[{"id":"8832","title":"ACCOUNTING","de_requirements":"<p><span>Two (2) \u2018A\u2019 Level passes chosen from Economics, Accounting,\r\nBusiness Management, Government and Geography.<\/span><\/p>","utme_requirements":"<p><span>Five (5) SSC credit passes including\r\nEnglish Language, Mathematics, Economics and any other two (2) other subjects.<\/span><\/p><p>\r\n\r\n<\/p><p><span>For\r\nNBC holders, the other two (2) relevant subjects could be from any of Principles\r\nof Accounts, Commerce, Office Practice and Secretarial Duties.?<\/span><\/p>","subjects":"Mathematics, Economics plus any Social Science subject.","institutions_list":"DUTSIN_MA"},{"id":"28027","title":"AGRICULTURAL SCIENCE AND EDUCATION","de_requirements":"","utme_requirements":"","subjects":"","institutions_list":"DUTSIN_MA"},{"id":"8835","title":"AGRICULTURE","de_requirements":"<p><span>Two (2) \u2018A\u2019 Level passes in Chemistry and\r\none from Biology\/Botany\/Zoology\/Agricultural Science, Economics, Physics,\r\nGeography and Geology\/Mathematics (Pure &amp; Applied).<\/span><\/p>","utme_requirements":"<p><span>Five (5) SSC credit passes to include\r\nEnglish Language, Biology\/Agricultural Science, Chemistry and&nbsp; any one of Mathematics, Physics, Geography\r\nand&nbsp; Economics.<\/span><\/p>","subjects":"Chemistry, Biology\/Agriculture and any one of Physics or Mathematics.","institutions_list":"DUTSIN_MA"},{"id":"8856","title":"ANIMAL & ENVIRONMENTAL BIOLOGY","de_requirements":"<p><span>Two (2) 'A' Level passes or NCE in Biology, Zoology or Botany and one\r\nother Science subject<\/span><\/p>","utme_requirements":"<p><span>Five (5) SSC credit passes in English Language, Mathematics, Biology and\r\ntwo (2) other Science subject.<\/span><\/p>","subjects":"Biology and any two (2) of Physics, Chemistry and Mathematics.","institutions_list":"DUTSIN_MA"},{"id":"28037","title":"APPLIED GEOPHYSICS","de_requirements":"","utme_requirements":"","subjects":"","institutions_list":"DUTSIN_MA"},{"id":"8841","title":"ARABIC","de_requirements":"<p><span>Two (2) \u2018A\u2019 Level passes in Arabic and any other Arts\r\nsubject.<\/span><\/p>","utme_requirements":"<p><span>Five (5) SSC credit passes in English Language,\r\nArabic and three (3) other relevant subjects.<\/span><\/p>","subjects":"Arabic and two (2) subjects from Arts and\/or Social Sciences.","institutions_list":"DUTSIN_MA"},{"id":"28036","title":"BANKING AND FINANCE","de_requirements":"","utme_requirements":"","subjects":"","institutions_list":"DUTSIN_MA"},{"id":"8840","title":"BIOCHEMISTRY","de_requirements":"<p><span>Two (2) 'A' Level passes chosen from Chemistry, Mathematics, Physics and\r\nBiology.<\/span><\/p><p><span><o>&nbsp;<\/o:p><\/span><\/p><p>\r\n\r\n\r\n\r\n<\/p><p><span>NCE\/ND\/HND in related programmes plus the UTME requirements.<\/span><\/p>","utme_requirements":"<p><span>Five (5) SSC credit passes in English Language, Chemistry, Mathematics,\r\nPhysics and Biology.<\/span><\/p>","subjects":"Biology, Chemistry and Physics or Mathematics.","institutions_list":"DUTSIN_MA"},{"id":"8866","title":"BIOLOGY","de_requirements":"<p><span>i)\r\nTwo (2) 'A' Level passes from Chemistry, Biology, Botany\/Zoology.<\/span><\/p><p>\r\n\r\n<\/p><p><span>(ii)\r\nNCE merit accepted.<\/span><\/p>","utme_requirements":"<p><span>Five (5) SSC credit passes to include English\r\nLanguage, Biology, Chemistry and Mathematics\/Physics.<\/span><\/p>","subjects":"Biology, Chemistry and Physics or Mathematics.","institutions_list":"DUTSIN_MA"},{"id":"23631","title":"BUSINESS EDUCATION","de_requirements":"<p>\r\n\r\n<\/p><div>\r\n\r\n<table>\r\n <tbody><tr>\r\n  <td>\r\n  <p><span>(i)<span>&nbsp;&nbsp;&nbsp; <\/span>Two (2) 'A' Level passes or NCE merit in\r\n  two (2) relevant subjects.<\/span><\/p>\r\n  <\/td>\r\n <\/tr>\r\n<\/tbody><\/table>\r\n\r\n<\/div>\r\n\r\n<span>(ii)<span>&nbsp;&nbsp;&nbsp;&nbsp;&nbsp;&nbsp;&nbsp;&nbsp;&nbsp;&nbsp; <\/span>NCE merit in Business Education Double\r\nMajor. <\/span>","utme_requirements":"<p>\r\n\r\n<\/p><div>\r\n\r\n<table>\r\n <tbody><tr>\r\n  <td>\r\n  <p><span>Five (5) TC II merit, 'O' Level or NTC\/NBC credit\r\n  passes including English Language, Mathematics, Economics and two (2) other\r\n  subjects in the Social Sciences or Arts. For NBC, the other subjects could be\r\n  from any of the following: Commerce, Office Practice, Principles of Accounts,\r\n  Secretarial Duties, Typewriting and Shorthand.<\/span><\/p>\r\n  <\/td>\r\n <\/tr>\r\n<\/tbody><\/table>\r\n\r\n<\/div>\r\n\r\n","subjects":"<p>\r\n\r\n<\/p><div>\r\n\r\n<table>\r\n <tbody><tr>\r\n  <td>\r\n  <p><span>Mathematics, Economics plus one (1) of Literature in\r\n  English, History, Government, Geography, Chemistry and Physics.<\/span><\/p>\r\n  <\/td>\r\n <\/tr>\r\n<\/tbody><\/table>\r\n\r\n<\/div>\r\n\r\n","institutions_list":"DUTSIN_MA"},{"id":"8833","title":"BUSINESS MANAGEMENT","de_requirements":"<p><span>Two (2) \u2018A\u2019 Level passes chosen from Economics, Accounts,\r\nBusiness Management, Government, Geography or Statistics.<\/span><\/p>","utme_requirements":"<span>Five (5) SSC credit passes including English Language,\r\nMathematics, Economics, plus any two (2) of Accounting, Business Methods,\r\nCommerce, Government, Geography, and Statistics.<\/span><br>","subjects":"Mathematics, Economics and one (1) other subject.","institutions_list":"DUTSIN_MA"},{"id":"8851","title":"CHEMISTRY","de_requirements":"<p><span>i)&nbsp; Two (2) 'A' Level passes in Chemistry and any\r\none (1) of Physics, Mathematics or Biology.<\/span><\/p><p><span><o>&nbsp;<\/o:p><\/span><\/p><p>\r\n\r\n\r\n\r\n<\/p><p><span>(ii)&nbsp;&nbsp; ND\/NCE\r\nwith good grades in relevant 'O' Level subjects.<\/span><\/p>","utme_requirements":"<p><span>Five (5) SSC credit passes in English Language, Mathematics, Physics,\r\nChemistry and Biology.<\/span><\/p>","subjects":"Chemistry and two (2) of Physics, Biology and Mathematics.\r\n\r\n","institutions_list":"DUTSIN_MA"},{"id":"8861","title":"COMPUTER  INFORMATION & COMMUNICATION SCIENCE","de_requirements":"<p><span>i)&nbsp;&nbsp;&nbsp;&nbsp;&nbsp; Two (2) 'A' Level passes in\r\nscience subjects including Mathematics<\/span><\/p><p><span><o>&nbsp;<\/o:p><\/span><\/p><p>\r\n\r\n\r\n\r\n<\/p><p><span>(ii)&nbsp;&nbsp; NCE merit in Mathematics and\r\none (1) other Science or Social Science subject.<\/span><\/p>","utme_requirements":"<p><span>Five (5) SSC credit passes to include English Language, Mathematics,\r\nPhysics plus two (2) other Science subjects.<\/span><\/p>","subjects":"Mathematics, Physics and one (1) of Biology, Chemistry, Agric Science, Economics and Geography.","institutions_list":"DUTSIN_MA"},{"id":"23632","title":"EARLY CHILDHOOD EDUCATION","de_requirements":"<p>\r\n\r\n<\/p><div>\r\n\r\n<table>\r\n <tbody><tr>\r\n  <td>\r\n  <p><span>Two (2) \u2018A\u2019\r\n  Level passes chosen from relevant subjects.<\/span><\/p>\r\n  <\/td>\r\n <\/tr>\r\n<\/tbody><\/table>\r\n\r\n<\/div>\r\n\r\n","utme_requirements":"<p>\r\n\r\n<\/p><div>\r\n\r\n<table>\r\n <tbody><tr>\r\n  <td>\r\n  <p><span>Five (5) \u2018O\u2019 Level credit passes including English\r\n  Language.<\/span><\/p>\r\n  <\/td>\r\n <\/tr>\r\n<\/tbody><\/table>\r\n\r\n<\/div>\r\n\r\n","subjects":"<p>\r\n\r\n<\/p><div>\r\n\r\n<table>\r\n <tbody><tr>\r\n  <td>\r\n  <p><span>Any three (3) subjects.<\/span><\/p>\r\n  <\/td>\r\n <\/tr>\r\n<\/tbody><\/table>\r\n\r\n<\/div>\r\n\r\n","institutions_list":"DUTSIN_MA"},{"id":"8836","title":"ECONOMICS","de_requirements":"<p>\r\n\r\n<\/p><div>\r\n\r\n<table>\r\n <tbody><tr>\r\n  <td>\r\n  <p><span>Two (2)'A' Level passes in Economics and any one of\r\n  Mathematics, Statistics, Geography, Physics, Chemistry, Agricultural Science,\r\n  Accounting, Business Management, History and Government.<\/span><\/p>\r\n  <\/td>\r\n <\/tr>\r\n<\/tbody><\/table>\r\n\r\n<\/div>\r\n\r\n","utme_requirements":"<p>\r\n\r\n<\/p><div>\r\n\r\n<table>\r\n <tbody><tr>\r\n  <td>\r\n  <p><span>Five\r\n  (5)SSC credit passes in English Language, Mathematics, Economics and any two\r\n  (2) of Arts or Social Science subjects.<\/span><\/p>\r\n  <\/td>\r\n <\/tr>\r\n<\/tbody><\/table>\r\n\r\n<\/div>\r\n\r\n","subjects":"Economics, Mathematics and any of Government, History, Geography, Literature in English, French and Christian Religious Studies\/Islamic Studies.\t","institutions_list":"DUTSIN_MA"},{"id":"8842","title":"EDUCATION & BIOLOGY","de_requirements":"\r\n\r\n<table>\r\n <tbody><tr>\r\n  <td>\r\n  <p><br><\/p>\r\n  <\/td>\r\n <\/tr>\r\n<\/tbody><\/table><div>\r\n\r\n<table>\r\n <tbody><tr>\r\n  <td>\r\n  <p><span>NCE\/'A' Level\r\n  passes in Biology and one (1) other Science subject.<\/span><\/p>\r\n  <\/td>\r\n <\/tr>\r\n<\/tbody><\/table>\r\n\r\n<\/div>\r\n\r\n","utme_requirements":"\r\n\r\n<table>\r\n <tbody><tr>\r\n  <td>\r\n  <p><br><\/p>\r\n  <\/td>\r\n <\/tr>\r\n<\/tbody><\/table><div>\r\n\r\n<table>\r\n <tbody><tr>\r\n  <td>\r\n  <p><span>Five (5) SSC credit\r\n  passes in English Language, Biology, Chemistry, Mathematics and one (1) other\r\n  subject.<\/span><\/p>\r\n  <\/td>\r\n <\/tr>\r\n<\/tbody><\/table>\r\n\r\n<\/div>\r\n\r\n","subjects":"Biology and two (2) other subjects from Chemistry, Mathematics and Physics.","institutions_list":"DUTSIN_MA"},{"id":"8838","title":"EDUCATION & CHEMISTRY","de_requirements":"<div>\r\n\r\n<table>\r\n <tbody><tr>\r\n  <td>\r\n  <p><span>Two (2) \u2018A\u2019 Level\/NCE\r\n  passes including Chemistry and one (1) other Science subject.<\/span><\/p>\r\n  <\/td>\r\n <\/tr>\r\n<\/tbody><\/table>\r\n\r\n<\/div>","utme_requirements":"<div>\r\n\r\n<table>\r\n <tbody><tr>\r\n  <td>\r\n  <p><span>Five (5) SSC\r\n  credits in Mathematics, Chemistry, English Language and two (2) of Physics,\r\n  Biology and Agricultural Science.<\/span><\/p>\r\n  <\/td>\r\n <\/tr>\r\n<\/tbody><\/table>\r\n\r\n<\/div>","subjects":"Chemistry and two (2) other subjects chosen from Physics, Biology and Mathematics.","institutions_list":"DUTSIN_MA"},{"id":"8863","title":"EDUCATION & ENGLISH LANGUAGE","de_requirements":"<div>\r\n\r\n<table>\r\n <tbody><tr>\r\n  <td>\r\n  <p><span>(i)&nbsp; Two (2) 'A' Level passes in relevant\r\n  teaching subjects including Literature in English.<\/span><\/p>\r\n  <p><span>(ii)&nbsp; NCE\r\n  credit or merit in two(2)relevant subjects.<\/span><\/p>\r\n  <\/td>\r\n <\/tr>\r\n<\/tbody><\/table>\r\n\r\n<\/div>","utme_requirements":"<div>\r\n\r\n<table>\r\n <tbody><tr>\r\n  <td>\r\n  <p><span>Five (5) 'O'\r\n  Level credit passes to include English Language and Literature in English plus\r\n  three (3) other Arts or Social Science subjects.<\/span><\/p>\r\n  <\/td>\r\n <\/tr>\r\n<\/tbody><\/table>\r\n\r\n<\/div>","subjects":"Literature in English and one (1) Art and any other subject.","institutions_list":"DUTSIN_MA"},{"id":"8844","title":"EDUCATION & MATHEMATICS","de_requirements":"<div>\r\n\r\n<table>\r\n <tbody><tr>\r\n  <td>\r\n  <p><span>Two (2)'A' Level passes\/NCE in\r\n  Mathematics and one (1) Science subject.<\/span><\/p>\r\n  <\/td>\r\n <\/tr>\r\n<\/tbody><\/table>\r\n\r\n<\/div>","utme_requirements":"<div>\r\n\r\n<table>\r\n <tbody><tr>\r\n  <td>\r\n  <p><span>Five (5) SSC credit\r\n  passes to include English Language, Mathematics plus one (1) other Science\r\n  subject.<\/span><\/p>\r\n  <\/td>\r\n <\/tr>\r\n<\/tbody><\/table>\r\n\r\n<\/div>","subjects":"Mathematics and any two (2) of the following Science subjects: Physics, Chemistry and Biology.","institutions_list":"DUTSIN_MA"},{"id":"8848","title":"EDUCATION & PHYSICS","de_requirements":"<div>\r\n\r\n<table>\r\n <tbody><tr>\r\n  <td>\r\n  <p><span>(i)&nbsp; Two (2) 'A'\r\n  Level passes in Physics and Mathematics.<\/span><\/p>\r\n  <p><span>(ii) NCE credit\/merit in relevant subjects.<\/span><\/p>\r\n  <\/td>\r\n <\/tr>\r\n<\/tbody><\/table>\r\n\r\n<\/div>","utme_requirements":"<p><span>Five (5) 'O' Level credits passes to include English\r\nLanguage, Physics, Mathematics and two (2) other Science subjects or NTC\/NBC.<\/span><br><\/p>","subjects":"Physics, Mathematics or Chemistry plus one (1) other subjects.","institutions_list":"DUTSIN_MA"},{"id":"28023","title":"EDUCATION AND ARABIC","de_requirements":"","utme_requirements":"","subjects":"","institutions_list":"DUTSIN_MA"},{"id":"28028","title":"EDUCATION AND COMPUTER SCIENCE","de_requirements":"","utme_requirements":"","subjects":"","institutions_list":"DUTSIN_MA"},{"id":"28031","title":"EDUCATION AND GEOGRAPHY","de_requirements":"","utme_requirements":"","subjects":"","institutions_list":"DUTSIN_MA"},{"id":"28025","title":"EDUCATION AND HAUSA","de_requirements":"","utme_requirements":"","subjects":"","institutions_list":"DUTSIN_MA"},{"id":"28026","title":"EDUCATION AND HISTORY","de_requirements":"","utme_requirements":"","subjects":"","institutions_list":"DUTSIN_MA"},{"id":"28030","title":"EDUCATION AND INTEGRATED SCIENCE","de_requirements":"","utme_requirements":"","subjects":"","institutions_list":"DUTSIN_MA"},{"id":"28024","title":"EDUCATION AND ISLAMIC STUDIES","de_requirements":"","utme_requirements":"","subjects":"","institutions_list":"DUTSIN_MA"},{"id":"8834","title":"EDUCATIONAL ADMINISTRATION","de_requirements":"<div>\r\n\r\n<table>\r\n <tbody><tr>\r\n  <td>\r\n  <p><span>(i) Two (2)'A' Level passes from\r\n  Literature in English, History, Christian Religious Studies\/Islamic Studies,\r\n  Hausa, Yoruba and Igbo with 'O' Level pass in Mathematics.<\/span><\/p>\r\n  <\/td>\r\n <\/tr>\r\n<\/tbody><\/table>\r\n\r\n<\/div><p>\r\n\r\n<span>(ii)&nbsp; NCE merit in the subjects listed above.<\/span><br><\/p><div>\r\n\r\n<table>\r\n <tbody><tr>\r\n  <td>\r\n  <p><span>(i) Two (2)'A' Level passes from\r\n  Literature in English, History, Christian Religious Studies\/Islamic Studies,\r\n  Hausa, Yoruba and Igbo with 'O' Level pass in Mathematics.<\/span><\/p>\r\n  <\/td>\r\n <\/tr>\r\n<\/tbody><\/table>\r\n\r\n<\/div>\r\n\r\n<span>(ii)&nbsp; NCE merit in the subjects listed above.<\/span>","utme_requirements":"<div>\r\n\r\n<table>\r\n <tbody><tr>\r\n  <td>\r\n  <p><span>(i) Five (5)'O' Level credit passes\r\n  to include English Language, Mathematics and Economics.<\/span><\/p>\r\n  <p><span>(ii)&nbsp; Five (5)\r\n  TC II merit including English Language and Mathematics<\/span>.<\/p>\r\n  <\/td>\r\n <\/tr>\r\n<\/tbody><\/table>\r\n\r\n<\/div>","subjects":"Any three (3) of Literature In English, History, French, Geography\/Physics, Economics and Mathematics.","institutions_list":"DUTSIN_MA"},{"id":"28029","title":"EDUCATIONAL TECHNOLOGY","de_requirements":"","utme_requirements":"","subjects":"","institutions_list":"DUTSIN_MA"},{"id":"8847","title":"ENGLISH LANGUAGE","de_requirements":"<p><span>Two\r\n(2) \u2018A\u2019 Level passes to include Literature in English and one other Arts\r\nsubject.<\/span><\/p>","utme_requirements":"<p><span>Five\r\n(5) SSC credit passes to include Literature in English, English Language and\r\nthree other Arts or Social Science subjects.<\/span><\/p>","subjects":"Literature in English, one other Arts subject and another Arts or Social Science subject.","institutions_list":"DUTSIN_MA"},{"id":"28040","title":"ENTREPRENEURSHIP","de_requirements":"","utme_requirements":"","subjects":"","institutions_list":"DUTSIN_MA"},{"id":"28033","title":"ENVIRONMENTAL RESOURCE MANAGEMENT","de_requirements":"","utme_requirements":"","subjects":"","institutions_list":"DUTSIN_MA"},{"id":"8837","title":"FISHERIES & AQUACULTURE TECHNOLOGY","de_requirements":"<p><span>(i)\r\nTwo (2) 'A' Level passes in any of Chemistry, Biology, Botany, Zoology, Agricultural\r\nScience Geography, Mathematics (pure &amp; applied), Physics, Geology and\r\nEconomics.<\/span><\/p><p><span><o>&nbsp;<\/o:p><\/span><\/p><p>\r\n\r\n\r\n\r\n<span>(ii)NCE\r\nAgriculture<\/span><br><\/p>","utme_requirements":"<p><span>Five (5) SSC credit passes in Biology\/Agricultural\r\nScience, Chemistry, Mathematics and English Language plus any other Science\r\nsubject.<\/span><\/p><p><span>&nbsp;<\/span><\/p><p>\r\n\r\n\r\n\r\n<\/p><p><span>&nbsp;<\/span><\/p>","subjects":"Chemistry, Biology\/Agricultural Science and any other Science subject.\r\n\r\n","institutions_list":"DUTSIN_MA"},{"id":"8859","title":"FOOD SCIENCE","de_requirements":"<p><span>Two (2) \u2018A\u2019 Level passes in Chemistry and\r\nBiology\/Physics\/Agric Science\/Botany\/Zoology.<\/span><\/p>","utme_requirements":"<p><span>Five (5) SSC credit passes in English\r\nLanguage, Mathematics, Chemistry, Biology\/Agricultural Science, Physics, Basic\r\nCatering and Food Services, Bakery and&nbsp;&nbsp;&nbsp;\r\nConfectionaries, Hotel &amp; Catering Crafty course (Cookery), Hotel\r\n&amp; Catering Craft Course (Food \/Drinks Services) and Basic Electricity.<\/span><\/p>","subjects":"Chemistry, Mathematics\/ Physics and Biology\/ Agricultural Science","institutions_list":"DUTSIN_MA"},{"id":"8860","title":"FORESTRY & WILDLIFE","de_requirements":"<p><span>Two (2) \u2019A\u2019 Level passes in Chemistry and\r\nBiology or Agric Science or Zoology or Botany.<\/span><\/p>","utme_requirements":"<p><span>Five (5) SSC credit\r\npasses in English, Chemistry, Mathematics, Biology and one of Physics,\r\nEconomics, Further Mathematics and Statistics.<\/span><\/p>","subjects":"Chemistry, Biology\/Agriculture and Physics or Mathematics.","institutions_list":"DUTSIN_MA"},{"id":"28022","title":"FRENCH","de_requirements":"","utme_requirements":"","subjects":"","institutions_list":"DUTSIN_MA"},{"id":"8839","title":"GEOGRAPHY","de_requirements":"<p>\r\n\r\n<\/p><div>\r\n\r\n<table>\r\n <tbody><tr>\r\n  <td>\r\n  <p><span>Two\r\n  (2)'A' Level passes in Geography and any one of Economics., Government,\r\n  Physics, Chemistry, Biology, and Mathematics<\/span><\/p>\r\n  <\/td>\r\n <\/tr>\r\n<\/tbody><\/table>\r\n\r\n<\/div>\r\n\r\n","utme_requirements":"<p>\r\n\r\n<\/p><div>\r\n\r\n<table>\r\n <tbody><tr>\r\n  <td>\r\n  <p><span>Five\r\n  (5) SSC credit passes in English Language, Geography, and any three (3) from\r\n  Arts or Social Science subjects with at least a pass in Mathematics.<\/span><\/p>\r\n  <\/td>\r\n <\/tr>\r\n<\/tbody><\/table>\r\n\r\n<\/div>\r\n\r\n","subjects":"Geography and two (2) other Arts or Social Science subjects","institutions_list":"DUTSIN_MA"},{"id":"8868","title":"GUIDANCE & COUNSELLING","de_requirements":"<div>\r\n\r\n<table>\r\n <tbody><tr>\r\n  <td>\r\n  <p><span>'A' Level\r\n  passes or NCE in two (2) subjects plus the UTME requirements.<\/span><\/p>\r\n  <\/td>\r\n <\/tr>\r\n<\/tbody><\/table>\r\n\r\n<\/div>","utme_requirements":"<div>\r\n\r\n<table>\r\n <tbody><tr>\r\n  <td>\r\n  <p><span>Five (5) 'O'\r\n  Level NTC\/NBC credit passes or TC II merit including English Language with 'O'\r\n  Level pass in Mathematics.<\/span><\/p>\r\n  <\/td>\r\n <\/tr>\r\n<\/tbody><\/table>\r\n\r\n<\/div>","subjects":"Any three (3) subjects.\r\n\r\n","institutions_list":"DUTSIN_MA"},{"id":"8849","title":"HAUSA","de_requirements":"<p><span>Two (2) A\u2019 Level passes in\r\nHausa and any other relevant subjects.<\/span><\/p>","utme_requirements":"<p><span>Five (5) SSC credit passes\r\nto include English Language and Hausa.<\/span><\/p>","subjects":"Hausa, Literature in English and any of Economics, Government, History and Arabic.","institutions_list":"DUTSIN_MA"},{"id":"8850","title":"HISTORY","de_requirements":"<p><span>Two (2) \u2018A\u2019 Level passes in History and any other related\r\nsubjects.<\/span><\/p>","utme_requirements":"<table>\r\n <tbody><tr>\r\n  <td>\r\n  <p><span>Five (5) SSC credit passes to include History and English\r\n  Language.<\/span><\/p>\r\n  <p><span>&nbsp;<\/span><\/p>\r\n  <\/td>\r\n <\/tr>\r\n<\/tbody><\/table>","subjects":"History and any other two (2) subjects from Arts and Social Sciences.","institutions_list":"DUTSIN_MA"},{"id":"28039","title":"HOME SCIENCE MANAGEMENT","de_requirements":"","utme_requirements":"","subjects":"","institutions_list":"DUTSIN_MA"},{"id":"8855","title":"HUMAN KINETICS & HEALTH EDUCATION","de_requirements":"<div>\r\n\r\n<table>\r\n <tbody><tr>\r\n  <td>\r\n  <p><span>No Direct Entry<\/span><\/p>\r\n  <\/td>\r\n <\/tr>\r\n<\/tbody><\/table>\r\n\r\n<\/div>","utme_requirements":"<div>\r\n\r\n<table>\r\n <tbody><tr>\r\n  <td>\r\n  <p><span>As in Physical and Health Education<\/span><\/p>\r\n  <\/td>\r\n <\/tr>\r\n<\/tbody><\/table>\r\n\r\n<\/div>","subjects":"As in Physical and Health Education","institutions_list":"DUTSIN_MA"},{"id":"8852","title":"INDUSTRIAL CHEMISTRY","de_requirements":"<p><span>(i)&nbsp;&nbsp;&nbsp; Two\r\n(2) 'A' Level passes in Chemistry and Mathematics<\/span><\/p><p>\r\n\r\n<\/p><p><span>(ii)&nbsp;&nbsp; ND\r\nin Science Technology or ND in relevant programmes with the UTME requirements.<\/span><\/p>","utme_requirements":"<p><span>Five (5) SSC credit passes in English Language, Mathematics, Chemistry,\r\nPhysics and Biology\/Agricultural Science.<\/span><\/p>","subjects":"Chemistry, Mathematics and any of Physics\/Biology\/ Agricultural Science.","institutions_list":"DUTSIN_MA"},{"id":"28021","title":"INTERNATIONAL RELATIONS AND DIPLOMACY","de_requirements":"","utme_requirements":"","subjects":"","institutions_list":"DUTSIN_MA"},{"id":"8853","title":"ISLAMIC STUDIES","de_requirements":"<p><span>Two\r\n(2) \u2018A\u2019 level passes to include Islamic Studies.<\/span><\/p>","utme_requirements":"<p><span>Five\r\n(5) SSC credit passes to include English Language and Islamic Studies or Arabic\r\nand any three (3) relevant subjects.<\/span><\/p>","subjects":"Islamic Studies plus two (2) other Arts subjects.","institutions_list":"DUTSIN_MA"},{"id":"28035","title":"LAW","de_requirements":"","utme_requirements":"","subjects":"","institutions_list":"DUTSIN_MA"},{"id":"8867","title":"LIBRARY & INFORMATION SCIENCE","de_requirements":"<div>\r\n\r\n<table>\r\n <tbody><tr>\r\n  <td>\r\n  <p><span>(i) Two (2) 'A'\r\n  Level passes in relevant subject plus the UTME requirements. <\/span><\/p>\r\n  <p><span>(ii) NCE merit\r\n  in relevant subjects.<\/span><\/p>\r\n  <\/td>\r\n <\/tr>\r\n<\/tbody><\/table>\r\n\r\n<\/div>","utme_requirements":"<div>\r\n\r\n<table>\r\n <tbody><tr>\r\n  <td>\r\n  <p><span>Five (5) SSC\r\n  credit passes in English Language, Mathematics and three (3) other relevant\r\n  Arts\/Sciences\/Social Sciences subjects.<\/span><\/p>\r\n  <\/td>\r\n <\/tr>\r\n<\/tbody><\/table>\r\n\r\n<\/div>","subjects":"Any three (3) subjects.","institutions_list":"DUTSIN_MA"},{"id":"8843","title":"LIBRARY AND INFORMATION SCIENCE","de_requirements":"<p>\r\n\r\n<\/p><div>\r\n\r\n<table>\r\n <tbody><tr>\r\n  <td>\r\n  <p><span>(i)\r\n  Two (2)'A' Level passes in relevant subjects.<\/span><\/p>\r\n  <\/td>\r\n <\/tr>\r\n<\/tbody><\/table>\r\n\r\n<\/div>\r\n\r\n<span>(ii)\r\nNCE\/ND in relevant subject\/programmes<\/span>","utme_requirements":"<p>\r\n\r\n<\/p><div>\r\n\r\n<table>\r\n <tbody><tr>\r\n  <td>\r\n  <p><span>Five\r\n  (5)SSC credit passes including English Language and Mathematics.<\/span><\/p>\r\n  <\/td>\r\n <\/tr>\r\n<\/tbody><\/table>\r\n\r\n<\/div>\r\n\r\n","subjects":"Any three (3) Arts or Social Science subjects","institutions_list":"DUTSIN_MA"},{"id":"28020","title":"MASS COMMUNICATION","de_requirements":"","utme_requirements":"","subjects":"","institutions_list":"DUTSIN_MA"},{"id":"8857","title":"MATHEMATICS","de_requirements":"<p><span>) Two\r\n(2) 'A' Level passes in Mathematics and any other science subject.<\/span><\/p><p>\r\n\r\n<span>(ii)&nbsp;&nbsp;&nbsp;&nbsp;&nbsp;&nbsp;&nbsp;&nbsp;&nbsp;&nbsp; NCE merit in Mathematics and one (1)\r\nof Physics, Chemistry or Economics<\/span><br><\/p>","utme_requirements":"<p><span>Five (5) SSC credit passes including English Language, Mathematics and\r\nPhysics or Chemistry.<\/span><\/p>","subjects":"Mathematics and any two (2) of Physics, Chemistry and Economics or Geography.","institutions_list":"DUTSIN_MA"},{"id":"28032","title":"MECHATRONICS ENGINEERING","de_requirements":"","utme_requirements":"","subjects":"","institutions_list":"DUTSIN_MA"},{"id":"28041","title":"MEDICAL LABORATORY SCIENCE","de_requirements":"","utme_requirements":"","subjects":"","institutions_list":"DUTSIN_MA"},{"id":"8858","title":"MICROBIOLOGY","de_requirements":"<p><span>Two (2) 'A' Level passes in Chemistry and any one (1) from Biology,\r\nZoology or Botany.<\/span><\/p>","utme_requirements":"<p><span>Five (5) SSC credit passes in English Language, Mathematics, Chemistry,\r\nBiology and Physics.<\/span><\/p>","subjects":"Biology, Chemistry and either Physics or Mathematics.","institutions_list":"DUTSIN_MA"},{"id":"8845","title":"PHYSICS","de_requirements":"<p><span>NCE\/Two (2) 'A' Level passes in Physics and Mathematics or Chemistry.<\/span><\/p>","utme_requirements":"<p><span>Five (5) SSC credit passes in English Language, Physics, Chemistry,\r\nMathematics and any other Science subject from Further Mathematics and Biology\r\nor Agricultural Science.<\/span><\/p>","subjects":"Physics, Mathematics and Chemistry or Biology.","institutions_list":"DUTSIN_MA"},{"id":"8846","title":"PHYSICS ELECTRONICS","de_requirements":"<p><span>NCE\/Two (2) 'A' Level passes in Physics and Mathematics or Chemistry.<\/span><\/p>","utme_requirements":"<p><span>Five (5) SSC credit passes in English Language, Physics, Chemistry,\r\nMathematics and any other Science subject from Further Mathematics and Biology\r\nor Agricultural Science.<\/span><\/p>","subjects":"Physics, Mathematics and Chemistry or Biology.","institutions_list":"DUTSIN_MA"},{"id":"8854","title":"PLANT SCIENCE & BIOTECHNOLOGY","de_requirements":"<p><span>Two\r\n(2) 'A' Level passes in Biology\/Botany\/Zoology and Chemistry or Physics.<\/span><\/p>","utme_requirements":"<p><span>Five\r\n(5) SSC Credit passes in English Language, Mathematics, Biology, Chemistry and\r\nPhysics.<\/span><\/p>","subjects":"Biology, Chemistry and any other Science subject.","institutions_list":"DUTSIN_MA"},{"id":"8864","title":"POLITICAL SCIENCE","de_requirements":"<p><span>Two (2) 'A' Level passes including Government or History.<\/span><span><\/span><\/p>","utme_requirements":"<p><span>Five (5) SSC credit passes in Government or History, English Language and three (3) other subjects. &nbsp;A pass in Mathematics is required.<\/span><span><\/span><\/p>","subjects":"Government or History plus two (2) other Social Science\/Arts subjects.","institutions_list":"DUTSIN_MA"},{"id":"23633","title":"PRIMARY EDUCATION","de_requirements":"<p>\r\n\r\n<\/p><div>\r\n\r\n<table>\r\n <tbody><tr>\r\n  <td>\r\n  <p><span>Two (2) \u2018A\u2019\r\n  Level passes chosen from relevant subjects.<\/span><\/p>\r\n  <\/td>\r\n <\/tr>\r\n<\/tbody><\/table>\r\n\r\n<\/div>\r\n\r\n","utme_requirements":"<p>\r\n\r\n<\/p><div>\r\n\r\n<table>\r\n <tbody><tr>\r\n  <td>\r\n  <p><span>Five (5) \u2018O\u2019 Level credit passes including English\r\n  Language.<\/span><\/p>\r\n  <\/td>\r\n <\/tr>\r\n<\/tbody><\/table>\r\n\r\n<\/div>\r\n\r\n","subjects":"<p>\r\n\r\n<\/p><div>\r\n\r\n<table>\r\n <tbody><tr>\r\n  <td>\r\n  <p><span>Any three (3) subjects.<\/span><\/p>\r\n  <\/td>\r\n <\/tr>\r\n<\/tbody><\/table>\r\n\r\n<\/div>\r\n\r\n","institutions_list":"DUTSIN_MA"},{"id":"8865","title":"SOCIOLOGY","de_requirements":"<p><span>Two (2) 'A' Level passes including Government or History.<\/span>&nbsp;&nbsp;&nbsp;&nbsp;<span><\/span><\/p>","utme_requirements":"<p><span>Five (5) SSC credit passes in Government or History, English Language and three (3) other subjects. &nbsp;A pass in Mathematics is required.<\/span><span><\/span><\/p>","subjects":"Three (3) Social Science or Arts subjects.","institutions_list":"DUTSIN_MA"},{"id":"8869","title":"SPECIAL EDUCATION","de_requirements":"<div>\r\n\r\n<table>\r\n <tbody><tr>\r\n  <td>\r\n  <p><span>(i) Two (2) 'A'\r\n  Level passes in Arts or Social Science subjects.<b><\/b><\/span><\/p>\r\n  <p><span>(ii) NCE merit\r\n  in Arts or Social Science subjects.<b><\/b><\/span><\/p>\r\n  <\/td>\r\n <\/tr>\r\n<\/tbody><\/table>\r\n\r\n<\/div>","utme_requirements":"<div>\r\n\r\n<table>\r\n <tbody><tr>\r\n  <td>\r\n  <p><span>Five (5) 'O'\r\n  Level credit passes including English Language.<b><\/b><\/span><\/p>\r\n  <\/td>\r\n <\/tr>\r\n<\/tbody><\/table>\r\n\r\n<\/div>","subjects":"Any three (3) Subjects","institutions_list":"DUTSIN_MA"},{"id":"28038","title":"STATISTICS","de_requirements":"","utme_requirements":"","subjects":"","institutions_list":"DUTSIN_MA"},{"id":"8862","title":"TEACHER EDUCATION SCIENCE:","de_requirements":"<div>\r\n\r\n<table>\r\n <tbody><tr>\r\n  <td>\r\n  <p><span>(i)&nbsp; Two (2) 'A' Level passes in relevant\r\n  teaching subjects including Literature in English.<\/span><\/p>\r\n  <p><span>(ii)&nbsp; NCE\r\n  credit or merit in two(2)relevant subjects.<\/span><\/p>\r\n  <\/td>\r\n <\/tr>\r\n<\/tbody><\/table>\r\n\r\n<\/div>","utme_requirements":"<div>\r\n\r\n<table>\r\n <tbody><tr>\r\n  <td>\r\n  <p><span>Five (5) 'O'\r\n  Level credit passes to include English Language and Literature in English plus\r\n  three (3) other Arts or Social Science subjects.<\/span><\/p>\r\n  <\/td>\r\n <\/tr>\r\n<\/tbody><\/table>\r\n\r\n<\/div>","subjects":"Literature in English and one (1) Art and any other subject.","institutions_list":"DUTSIN_MA"},{"id":"28042","title":"TEXTILE DESIGN TECHNOLOGY","de_requirements":"","utme_requirements":"","subjects":"","institutions_list":"DUTSIN_MA"},{"id":"28034","title":"URBAN AND REGIONAL PLANNING","de_requirements":"","utme_requirements":"","subjects":"","institutions_list":"DUTSIN_MA"}]