[{"id":"23648","title":"ACCOUNTING","de_requirements":"<p>\r\n\r\n<\/p><p><span>Two (2)\r\n\u2018A\u2019 Level passes chosen from Economics, Accounting, Business Management, Government\r\nand Geography.<\/span><\/p>\r\n\r\n","utme_requirements":"<p>\r\n\r\n<\/p><p><span>Five (5) SSC credit passes including\r\nEnglish Language, Mathematics, Economics and any other two (2) other subjects.<\/span><\/p>\r\n\r\n<p><span>For NBC holders, the other two (2) relevant\r\nsubjects could be from any of Principles of Accounts, Commerce, Office Practice\r\nand Secretarial Duties. <\/span><\/p>\r\n\r\n","subjects":"<p>\r\n\r\n<\/p><p><span>Mathematics, Economics plus any\r\nSocial Science subject.<\/span><span><\/span><\/p>\r\n\r\n","institutions_list":"FED-LAFIA"},{"id":"9090","title":"AGRIC-ECONOMICS & EXTENSION","de_requirements":"<p><span>Two\r\n(2) \u2018A\u2019 Level passes in Chemistry and one of Zoology\/Botany\/Agricultural\r\nScience\/Biology, Geography, Mathematics, Physics, Geology, Economics and Health\r\nScience.<\/span><\/p>","utme_requirements":"<p><span>Five (5) SSC credit passes in English\r\nLanguage, Mathematics, Chemistry, Biology\/Agricultural Science and one of\r\nGeography, Physics and Economics.<\/span><\/p><p><span>&nbsp;<\/span><\/p><p>\r\n\r\n\r\n\r\n<\/p><p><span>&nbsp;<\/span><\/p>","subjects":"Chemistry, Biology\/ Agricultural Science plus Mathematics or Physics.\r\n\r\n\r\n\r\n","institutions_list":"FED-LAFIA"},{"id":"24141","title":"AGRIC-ECONOMICS AND EXTENSION:","de_requirements":"<p><span>Two (2) \u2018A\u2019 Level passes in Chemistry and one of\r\nZoology\/Botany\/Agricultural Science\/Biology, Geography, Mathematics, Physics,\r\nGeology, Economics and Health Science.<\/span><\/p>","utme_requirements":"<p>\r\n\r\n<\/p><p><span>Five (5) SSC credit passes in English Language,\r\nMathematics, Chemistry, Biology\/Agricultural Science and one of Geography, Physics\r\nand Economics.<\/span><\/p>\r\n\r\n<p><\/p>","subjects":"<p>\r\n\r\n<\/p><p><span>Chemistry, Biology\/ Agricultural Science\r\nplus Mathematics or Physics.<\/span><\/p>\r\n\r\n<p><\/p>","institutions_list":"FED-LAFIA"},{"id":"9084","title":"AGRICULTURE","de_requirements":"<p>(i)&nbsp; &nbsp;IJMB: Ten (10) points and above in the IJMB Examinations to enter 200 Level, in addition to UTME requirements to include: Mathematics, English, Chemistry, Physics and Biology or Agricultural Science.<\/p><p>(ii)&nbsp; NCE: At least a Merit to enter 200 Level,&nbsp;<span>&nbsp;<\/span><span>in addition to UTME requirements to include: Mathematics, English, Chemistry, Physics and Biology or Agricultural Science.<\/span><\/p><p><span>(iii)&nbsp; ND: At least Upper Credits to enter 200 Level&nbsp;<\/span><span>&nbsp;<\/span><span>in addition to UTME requirements to include: Mathematics, English, Chemistry, Physics and Biology or Agricultural Science.<\/span><\/p><p><span>(iv)&nbsp; &nbsp;HND: At least a Lower Credit to enter 200 Level&nbsp;<\/span><span>&nbsp;<\/span><span>in addition to UTME requirements to include: Mathematics, English, Chemistry, Physics and Biology or Agricultural Science.<\/span><\/p><p><span><br><\/span><\/p><p><span><br><\/span><\/p><p><span><br><\/span><\/p><p><span><br><\/span><\/p><p>&nbsp;<\/p>","utme_requirements":"<p><span>Five (5)&nbsp; credits passes&nbsp; in&nbsp; WAEC\/ GCE \/ SSCE \/ NABTEB which should include<\/span><span>: Mathematics, English, Chemistry, Physics and Biology or Agricultural Science.<\/span><span>&nbsp; &nbsp; &nbsp; &nbsp; &nbsp; &nbsp;<\/span><\/p>","subjects":"English, Chemistry, Physics and Biology or Agriculture.&nbsp;","institutions_list":"FED-LAFIA"},{"id":"9083","title":"ANATOMY","de_requirements":"<p><span>Two\r\n(2) 'A' Level passes chosen from Biology, Chemistry and Physics in addition to the\r\nUTME requirements.<\/span><\/p>","utme_requirements":"<p><span>Five\r\n(5) SSC credit passes in English Language, Mathematics, Biology, Chemistry and\r\nPhysics.<\/span><\/p>","subjects":"Biology, Chemistry and Physics.","institutions_list":"FED-LAFIA"},{"id":"23643","title":"ARABIC STUDIES","de_requirements":"<p>\r\n\r\n<\/p><p><span>Two (2) \u2018A\u2019\r\nLevel passes in Arabic and any other Arts subject.<\/span><\/p>\r\n\r\n","utme_requirements":"<p>\r\n\r\n<\/p><p><span>Five (5) SSC\r\ncredit passes in English Language, Mathematics, Arabic and two (2) other relevant\r\nsubjects.<\/span><\/p>\r\n\r\n","subjects":"<p>\r\n\r\n<\/p><p><span>Arabic and\r\ntwo (2) subjects from Arts and\/or Social Sciences.<\/span><\/p>\r\n\r\n","institutions_list":"FED-LAFIA"},{"id":"29328","title":"ARCHITECTURE","de_requirements":"","utme_requirements":"","subjects":"","institutions_list":"FED-LAFIA"},{"id":"9089","title":"BIOCHEMISTRY","de_requirements":"<p><span>Two (2) 'A' Level passes chosen from Chemistry, Mathematics, Physics and\r\nBiology.<\/span><\/p><p><span><o>&nbsp;<\/o:p><\/span><\/p><p>\r\n\r\n\r\n\r\n<\/p><p><span>NCE\/ND\/HND in related programmes plus the UTME requirements.<\/span><\/p>","utme_requirements":"<p><span>Five (5) SSC credit passes in English Language, Chemistry, Mathematics,\r\nPhysics and Biology.<\/span><\/p>","subjects":"Biology, Chemistry and Physics or Mathematics.","institutions_list":"FED-LAFIA"},{"id":"9102","title":"BOTANY","de_requirements":"<p><span>&nbsp; ND or NCE with upper credit pass or&nbsp; Two\r\n(2) 'A' Level passes (Graded A-E) at the GCE Advanced Level in related subjects ( Biology, Chemistry, Physics, and Mathematics).<\/span><\/p><p><span><br><\/span><\/p><p><span><\/span><\/p>","utme_requirements":"<p><span>Five\r\n(5) SSC Credit passes in English Language, Mathematics, Biology, Chemistry and\r\nPhysics and relevant Science Subjects.<\/span><\/p>","subjects":"Biology, Chemistry and any other Science subject.","institutions_list":"FED-LAFIA"},{"id":"29327","title":"BUILDING","de_requirements":"","utme_requirements":"","subjects":"","institutions_list":"FED-LAFIA"},{"id":"23647","title":"BUSINESS ADMINISTRATION","de_requirements":"<p>\r\n\r\n<\/p><p><span>Two (2) \u2018A\u2019 Level passes chosen from\r\nEconomics, Accounts, Business Management, Government, Geography or Statistics.<\/span><\/p>\r\n\r\n","utme_requirements":"<p><span>Five\r\n(5) SSC credit passes including English Language, Mathematics, Economics, plus\r\nany two (2) of Accounting, Business Methods, Commerce, Government, Geography,\r\nand Statistics.<\/span><\/p>","subjects":"<p>\r\n\r\n<\/p><p><span>Mathematics, Economics and one (1) other subject.<\/span><\/p>\r\n\r\n","institutions_list":"FED-LAFIA"},{"id":"9115","title":"BUSINESS EDUCATION","de_requirements":"<p>(i)<span>\t<\/span>Two (2) 'A' Level passes or NCE merit in two (2) relevant subjects.<\/p><p>(ii)<span>\t<\/span>NCE merit in Business Education Double Major.&nbsp;<\/p><div><br><\/div>","utme_requirements":"<p>Five (5) TC II merit, 'O' Level or NTC\/NBC credit passes including English Language, Mathematics, Economics and two (2) other subjects in the Social Sciences or Arts. For NBC, the other subjects could be from any of the following: Commerce, Office Practice, Principles of Accounts, Secretarial Duties, Typewriting and Shorthand.<\/p><p><br><\/p>","subjects":"Mathematics, Economics plus one (1) of Literature in English, History, Government, Geography, Chemistry and Physics.\r\n\r\n","institutions_list":"FED-LAFIA"},{"id":"9098","title":"CHEMISTRY","de_requirements":"<p><span>&nbsp; Two (2) 'A' Level passes in: Chemistry, Biology, Physics and Mathematics.<\/span><\/p><p><span><o>&nbsp;<\/o:p><\/span><\/p><p>\r\n\r\n\r\n\r\n<\/p><p><br><\/p>","utme_requirements":"<p><span>Five (5) SSC credit passes in English Language, Mathematics, Physics,\r\nChemistry and Biology.<\/span><\/p>","subjects":"Chemistry and two (2) of Physics, Biology and Mathematics.\r\n\r\n","institutions_list":"FED-LAFIA"},{"id":"23649","title":"CHRISTIAN RELIGIOUS  STUDIES","de_requirements":"<p>\r\n\r\n<\/p><p><span>(i)&nbsp; &nbsp;NCE\/ ND\/ JUPEB or IJMB with at Least Credits and acceptable passes in Christian Religious Knowledge and any Two (2) Arts subjects.<\/span><\/p><p><span>(ii)&nbsp; Diploma of&nbsp;<\/span><span>a recognized Theological Institution in Christian Religious knowledge or Theology or Diploma in Religious Studies from a recognized Institution.<\/span><\/p><p>In addition to UTME requirements<\/p><p><span><br><\/span><\/p><p><span><br><\/span><\/p><p><span>&nbsp; &nbsp; &nbsp; &nbsp; &nbsp; &nbsp;&nbsp;<\/span><\/p>\r\n\r\n","utme_requirements":"<p>\r\n\r\n<\/p><p><span>Five (5)&nbsp; Credit\r\npasses at SSCE\/ GCE 'O' Level\/ NECO including&nbsp; English Language, CRS and three (3) other relevant subjects. At not more than two (2) sittings<\/span><\/p>\r\n\r\n","subjects":"<p>\r\n\r\n<\/p><p><span>Christian Religious Studies and any other Two (2) Subjects from Arts or Social Sciences.&nbsp; &nbsp; &nbsp; &nbsp; &nbsp;&nbsp;<\/span><\/p>\r\n\r\n","institutions_list":"FED-LAFIA"},{"id":"9110","title":"COMPUTER SCIENCE","de_requirements":"<p><span>(i)&nbsp; &nbsp; &nbsp; &nbsp;Two (2) 'A' Level passes in\r\nscience subjects including Mathematics and any two (2) Sciences<\/span><\/p><p><span><o>&nbsp;<\/o:p><\/span><\/p><p>\r\n\r\n\r\n\r\n<\/p><p><span>(ii)&nbsp;&nbsp; NCE, ND, HND with merit in Sciences or Engineering.<\/span><\/p>","utme_requirements":"<p><span>Five (5) SSC credit passes to include English Language, Mathematics,\r\nPhysics and any other two (2) from Chemistry, ( Biology \/ Agricultural Science ), Geography, Economics, Computer Studies\/ Data Processing.&nbsp; &nbsp; &nbsp; &nbsp;&nbsp;<\/span><\/p>","subjects":"Mathematics, Physics, English and any of Computer Studies\/Data Processing, (Biology\/Agricultural Science), Chemistry, Geography and Economics.","institutions_list":"FED-LAFIA"},{"id":"23639","title":"COMPUTER SCIENCE EDUCATION","de_requirements":"<p>\r\n\r\n<\/p><div>\r\n\r\n<table>\r\n <tbody><tr>\r\n  <td>\r\n  <p><span>Two (2) \u2018A\u2019 Level\r\n  passes including Physics or Chemistry.<\/span><\/p>\r\n  <\/td>\r\n <\/tr>\r\n<\/tbody><\/table>\r\n\r\n<\/div>\r\n\r\n","utme_requirements":"<p>\r\n\r\n<\/p><div>\r\n\r\n<table>\r\n <tbody><tr>\r\n  <td>\r\n  <p><span>Five (5) SSC credit passes\r\n  or its equivalents including Mathematics, English Language and three (3)\r\n  other Science subjects.<\/span><\/p>\r\n  <\/td>\r\n <\/tr>\r\n<\/tbody><\/table>\r\n\r\n<\/div>\r\n\r\n","subjects":"<p>\r\n\r\n<\/p><div>\r\n\r\n<table>\r\n <tbody><tr>\r\n  <td>\r\n  <p><span>Mathematics, Physics\r\n  and one of Biology, Chemistry and Geography.<\/span><\/p>\r\n  <\/td>\r\n <\/tr>\r\n<\/tbody><\/table>\r\n\r\n<\/div>\r\n\r\n","institutions_list":"FED-LAFIA"},{"id":"9092","title":"CREATIVE & VISUAL ARTS","de_requirements":"<p><span>(i)<span>&nbsp;&nbsp;&nbsp;&nbsp;&nbsp;&nbsp;&nbsp;&nbsp;\r\n<\/span><\/span><span>Two\r\n(2) \u2018A\u2019 Level passes in Creative Art, Visual Art or Fine Art and any other subject.<\/span><\/p><p>\r\n\r\n<span>(ii)&nbsp; &nbsp; &nbsp;ND upper credit,&nbsp; HND lower\r\ncredit from recognized institutions.<\/span><br><\/p>","utme_requirements":"<p><span>(i)&nbsp; English Language, Mathematics and any of the following; Fine Art, creative Art, Visual Art or Technical Drawing, plus any other two (2) subjects to make a total of five credits<\/span><\/p><p><span>For holders of NTC, the relevant subjects could\r\nbe General Wood work, Building\/Engineering Drawing, Introduction to Building\r\nConstruction; Decorative Painting; Spray Painting, Lining, Sign and Design;\r\nWall hanging, Colour Mixing\/Matching and Glazing; Printing Origination; Machine\r\nPrinting and Finishing; General Metal Work, Basic Electricity, Spinning,\r\nWeaving, Surface Design and Printing; Bleaching, Dyeing and Finishing; Graphic\r\nDesign; Graphic&nbsp;<\/span><span>Printing\r\nand Ceramics.&nbsp;<\/span><\/p>","subjects":"Fine Arts and two (2) other Arts subjects or Social Science subjects. ","institutions_list":"FED-LAFIA"},{"id":"29333","title":"CRIMINOLOGY AND SECURITY STUDIES","de_requirements":"","utme_requirements":"","subjects":"","institutions_list":"FED-LAFIA"},{"id":"29330","title":"CYBER SECURITY","de_requirements":"","utme_requirements":"","subjects":"","institutions_list":"FED-LAFIA"},{"id":"9085","title":"ECONOMICS","de_requirements":"<p>\r\n\r\n<\/p><div>\r\n\r\n<table>\r\n <tbody><tr>\r\n  <td>\r\n  <p><span>Two (2)'A' Level passes in Economics and any one of\r\n  Mathematics, Statistics, Geography, Physics, Chemistry, Agricultural Science,\r\n  Accounting, Business Management, History and Government.<\/span><\/p>\r\n  <\/td>\r\n <\/tr>\r\n<\/tbody><\/table>\r\n\r\n<\/div>\r\n\r\n","utme_requirements":"<p>\r\n\r\n<\/p><div>\r\n\r\n<table>\r\n <tbody><tr>\r\n  <td>\r\n  <p><span>Five\r\n  (5)SSC credit passes in English Language, Mathematics, Economics and any two\r\n  (2) of Arts or Social Science subjects.<\/span><\/p>\r\n  <\/td>\r\n <\/tr>\r\n<\/tbody><\/table>\r\n\r\n<\/div>\r\n\r\n","subjects":"Economics, Mathematics and any of Government, History, Geography, Literature in English, French and Christian Religious Studies\/Islamic Studies.\t","institutions_list":"FED-LAFIA"},{"id":"23636","title":"EDUCATION & BIOLOGY","de_requirements":"<p>\r\n\r\n<\/p><div>\r\n\r\n<table>\r\n <tbody><tr>\r\n  <td>\r\n  <p><span>NCE\/'A' Level passes in Biology and one (1) other Science\r\n  subject.<\/span><\/p>\r\n  <\/td>\r\n <\/tr>\r\n<\/tbody><\/table>\r\n\r\n<\/div>\r\n\r\n","utme_requirements":"<p>\r\n\r\n<\/p><div>\r\n\r\n<table>\r\n <tbody><tr>\r\n  <td>\r\n  <p><span>Five (5) SSC credit passes in English Language, Biology,\r\n  Chemistry, Mathematics and one (1) other subject.<\/span><\/p>\r\n  <\/td>\r\n <\/tr>\r\n<\/tbody><\/table>\r\n\r\n<\/div>\r\n\r\n","subjects":"<p>\r\n\r\n<\/p><div>\r\n\r\n<table>\r\n <tbody><tr>\r\n  <td>\r\n  <p><span>Biology\/Agricultural Science and two (2) other subjects from Chemistry,\r\n  Mathematics and Physics.<\/span><\/p>\r\n  <\/td>\r\n <\/tr>\r\n<\/tbody><\/table>\r\n\r\n<\/div>\r\n\r\n","institutions_list":"FED-LAFIA"},{"id":"23646","title":"EDUCATION & CHEMISTRY","de_requirements":"<p>\r\n\r\n<\/p><div>\r\n\r\n<table>\r\n <tbody><tr>\r\n  <td>\r\n  <p><span>Two (2) \u2018A\u2019 Level\/NCE passes including Chemistry and one\r\n  (1) other Science subject.<\/span><\/p>\r\n  <\/td>\r\n <\/tr>\r\n<\/tbody><\/table>\r\n\r\n<\/div>\r\n\r\n","utme_requirements":"<p>\r\n\r\n<\/p><div>\r\n\r\n<table>\r\n <tbody><tr>\r\n  <td>\r\n  <p><span>Five (5) SSC credits in Mathematics, Chemistry, English\r\n  Language and two (2) of Physics, Biology and Agricultural Science.<\/span><\/p>\r\n  <\/td>\r\n <\/tr>\r\n<\/tbody><\/table>\r\n\r\n<\/div>\r\n\r\n","subjects":"<p>\r\n\r\n<\/p><div>\r\n\r\n<table>\r\n <tbody><tr>\r\n  <td>\r\n  <p><span>Chemistry and two (2) other subjects chosen from Physics,\r\n  Biology and Mathematics.<\/span><\/p>\r\n  <\/td>\r\n <\/tr>\r\n<\/tbody><\/table>\r\n\r\n<\/div>\r\n\r\n","institutions_list":"FED-LAFIA"},{"id":"23635","title":"EDUCATION & INTEGRATED SCIENCE","de_requirements":"<p>\r\n\r\n<\/p><div>\r\n\r\n<table>\r\n <tbody><tr>\r\n  <td>\r\n  <p><span>(i) NCE\r\n  Integrated<span>&nbsp;&nbsp;&nbsp;&nbsp;&nbsp;&nbsp;&nbsp;&nbsp; <\/span>Science<\/span><\/p>\r\n  <p><span>&nbsp;<\/span><\/p>\r\n  <p><span>(ii)<span>&nbsp;&nbsp; <\/span>NCE Science<\/span><\/p>\r\n  <p><span><span>&nbsp;&nbsp;&nbsp;&nbsp;&nbsp;&nbsp; <\/span>Education<\/span><\/p>\r\n  <p><span>&nbsp;<\/span><\/p>\r\n  <\/td>\r\n <\/tr>\r\n<\/tbody><\/table>\r\n\r\n<\/div>\r\n\r\n<span>(iii)\r\n<span>&nbsp;<\/span>'A' Level<span>&nbsp; <\/span><span>&nbsp;&nbsp;&nbsp;&nbsp;&nbsp;&nbsp;&nbsp;<\/span>passes in two (2)Science subjects<\/span>","utme_requirements":"<p>\r\n\r\n<\/p><div>\r\n\r\n<table>\r\n <tbody><tr>\r\n  <td>\r\n  <p><span>Five (5) SSC credit passes including Biology, Chemistry,\r\n  English Language and Mathematics.<\/span><\/p>\r\n  <\/td>\r\n <\/tr>\r\n<\/tbody><\/table>\r\n\r\n<\/div>\r\n\r\n","subjects":"<p>\r\n\r\n<\/p><div>\r\n\r\n<table>\r\n <tbody><tr>\r\n  <td>\r\n  <p><span>Any three (3) of Mathematics, Chemistry, Physics, Biology\r\n  and Agricultural Science.<\/span><\/p>\r\n  <\/td>\r\n <\/tr>\r\n<\/tbody><\/table>\r\n\r\n<\/div>\r\n\r\n","institutions_list":"FED-LAFIA"},{"id":"23640","title":"EDUCATION & MATHEMATICS","de_requirements":"<p>\r\n\r\n<\/p><div>\r\n\r\n<table>\r\n <tbody><tr>\r\n  <td>\r\n  <p><span>Two <span>(2)'<\/span>A' Level\r\n  passes\/NCE in Mathematics and one (1) Science subject.<\/span><\/p>\r\n  <\/td>\r\n <\/tr>\r\n<\/tbody><\/table>\r\n\r\n<\/div>\r\n\r\n","utme_requirements":"<p>\r\n\r\n<\/p><div>\r\n\r\n<table>\r\n <tbody><tr>\r\n  <td>\r\n  <p><span>Five (5) SSC credit passes to include English Language,\r\n  Mathematics plus one (1) other Science subject.<\/span><\/p>\r\n  <\/td>\r\n <\/tr>\r\n<\/tbody><\/table>\r\n\r\n<\/div>\r\n\r\n","subjects":"<p>\r\n\r\n<\/p><div>\r\n\r\n<table>\r\n <tbody><tr>\r\n  <td>\r\n  <p><span>Mathematics and any two (2) of the following Science\r\n  subjects: Physics, Chemistry and Biology.<\/span><\/p>\r\n  <\/td>\r\n <\/tr>\r\n<\/tbody><\/table>\r\n\r\n<\/div>\r\n\r\n","institutions_list":"FED-LAFIA"},{"id":"23645","title":"EDUCATION & PHYSICS","de_requirements":"<p>\r\n\r\n<\/p><div>\r\n\r\n<table>\r\n <tbody><tr>\r\n  <td>\r\n  <p><span>(i)<span>\u00a0 <\/span>Two (2) 'A'\r\n  Level passes in Physics and Mathematics.<\/span><\/p>\r\n  <p><span>(ii) NCE credit\/merit in relevant subjects.<\/span><\/p>\r\n  <\/td>\r\n <\/tr>\r\n<\/tbody><\/table>\r\n\r\n<\/div>\r\n\r\n","utme_requirements":"<p><span>Five (5) 'O' Level credits passes to include English\r\nLanguage, Physics, Mathematics and two (2) other Science subjects or NTC\/NBC.<\/span><\/p>","subjects":"<p>\r\n\r\n<\/p><div>\r\n\r\n<table>\r\n <tbody><tr>\r\n  <td>\r\n  <p><span>Physics, Mathematics or Chemistry plus one (1) other science subject.<\/span><\/p>\r\n  <\/td>\r\n <\/tr>\r\n<\/tbody><\/table>\r\n\r\n<\/div>\r\n\r\n","institutions_list":"FED-LAFIA"},{"id":"9095","title":"ENGLISH LANGUAGE","de_requirements":"<p><span>Two\r\n(2) \u2018A\u2019 Level passes to include Literature in English and one other Arts\r\nsubject.<\/span><\/p>","utme_requirements":"<p><span>Five\r\n(5) SSC credit passes to include Literature in English,&nbsp; English Language, Mathematics&nbsp; and\r\ntwo (2) other Arts or Social Science subjects.<\/span><\/p>","subjects":"Literature in English, one other Arts subject and another Arts or Social Science subject.","institutions_list":"FED-LAFIA"},{"id":"29329","title":"ENTREPRENEURSHIP STUDIES","de_requirements":"","utme_requirements":"","subjects":"","institutions_list":"FED-LAFIA"},{"id":"29332","title":"FINE ARTS","de_requirements":"","utme_requirements":"","subjects":"","institutions_list":"FED-LAFIA"},{"id":"9087","title":"FISHERIES & AQUACULTURE","de_requirements":"<p><span>(i)\r\nTwo (2) 'A' Level passes in any of Chemistry, Biology, Botany, Zoology, Agricultural\r\nScience Geography, Mathematics (pure &amp; applied), Physics, Geology and\r\nEconomics.<\/span><\/p><p><span><o>&nbsp;<\/o:p><\/span><\/p><p>\r\n\r\n\r\n\r\n<span>(ii)NCE\r\nAgriculture<\/span><br><\/p>","utme_requirements":"<p><span>Five (5) SSC credit passes in Biology\/Agricultural\r\nScience, Chemistry, Mathematics and English Language plus any other Science\r\nsubject.<\/span><\/p><p><span>&nbsp;<\/span><\/p><p>\r\n\r\n\r\n\r\n<\/p><p><span>&nbsp;<\/span><\/p>","subjects":"Chemistry, Biology\/Agricultural Science and any other Science subject.\r\n\r\n","institutions_list":"FED-LAFIA"},{"id":"24140","title":"FISHERIES AND AQUACULTURE:","de_requirements":"<p><p>\r\n\r\n<\/p><p><span>(i) IJMB:&nbsp; Ten Points and above in the IJMB Examinations, in addition to UTME requirements which include: Mathematics, English, Chemistry, Physics and Biology or Agricultural Science.&nbsp;<\/span><\/p><p><span><br><\/span><\/p>\r\n\r\n<span>(ii)NCE: At least a Merit to enter 200 Level<\/span><span>&nbsp;in addition to UTME requirements which include: Mathematics, English, Chemistry, Physics and Biology or Agricultural Science.<\/span><\/p><p><span>(iii) ND: At least Upper Credit to enter 200 Level&nbsp;<\/span><span>&nbsp;<\/span><span>in addition to UTME requirements which include: Mathematics, English, Chemistry, Physics and Biology or Agricultural Science.&nbsp;<\/span><\/p><p><span>(iv)&nbsp; HND: At least a Lower Credit to enter 200 Level&nbsp;<\/span><span>&nbsp;in addition to UTME requirements which include: Mathematics, English, Chemistry, Physics and Biology or Agricultural Science.&nbsp;<\/span><span><br><\/span><span>&nbsp;<\/span><\/p><p><p><\/p><\/p>","utme_requirements":"<p>\r\n\r\n<\/p><p><span>Five (5) Credits passes in WAEC\/ GCE\/ SSCE\/ NECO and NABTEB which should include: Mathematics, English, Chemistry, Physics and Biology or Agricultural\r\nScience.<\/span><\/p>\r\n\r\n<p><\/p>","subjects":"<p>\r\n\r\n<\/p><p><span>English Language, Chemistry, Physics and Biology or Agricultural Science&nbsp;<\/span><\/p>\r\n\r\n<p><\/p>","institutions_list":"FED-LAFIA"},{"id":"24139","title":"FORESTRY & WILDLIFE MANAGEMENT","de_requirements":"<p>\r\n\r\n<\/p><p>(i)&nbsp; IJMB: ten (10) Points and above in IJMB Examinations, in addition to UTME requirements to include: Mathematics, English, Chemistry, Physics and Biology or Agricultural Science<\/p><p>(ii) NCE: At least a Merit to enter 200 Level,<span>&nbsp;<\/span><span>in addition to UTME requirements to include: Mathematics, English, Chemistry, Physics and Biology or Agricultural Science<\/span><\/p><p><span>(iii) ND: At least Upper Credit to enter 200 level&nbsp;<\/span><span>&nbsp;<\/span><span>in addition to UTME requirements to include: Mathematics, English, Chemistry, Physics and Biology or Agricultural Science.<\/span><\/p><p><span>(iv) HND: At least Lower Credit to enter 200 Level&nbsp;<\/span><span>&nbsp;<\/span><span>in addition to UTME requirements to include: Mathematics, English, Chemistry, Physics and Biology or Agricultural Science<\/span><\/p><p><span><br><\/span><\/p><p><span><br><\/span><\/p><p><br><\/p>\r\n\r\n<p><\/p>","utme_requirements":"<p>\r\n\r\n<\/p><p><span>Five (5)&nbsp; credits passes in&nbsp; WEAC\/ GCE\/ SSCE\/ NECO\/ NABTEB: which should include: Mathematics, English, Chemistry, Physics and Biology or Agricutural Science.&nbsp; &nbsp;&nbsp;<\/span><\/p>\r\n\r\n<p><\/p>","subjects":"<p>\r\n\r\n<\/p><p><span>English, Chemistry,&nbsp; Physics,&nbsp; Biology or Agriculture&nbsp;<\/span><\/p>\r\n\r\n<p><\/p>","institutions_list":"FED-LAFIA"},{"id":"9107","title":"FORESTRY AND WILDLIFE:","de_requirements":"<p><span>Two (2) \u2019A\u2019 Level passes in Chemistry and\r\nBiology or Agric Science or Zoology or Botany.<\/span><\/p>","utme_requirements":"<p><span>Five (5) SSC credit\r\npasses in English, Chemistry, Mathematics, Biology and one of Physics,\r\nEconomics, Further Mathematics and Statistics.<\/span><\/p>","subjects":"Chemistry, Biology\/Agriculture and Physics or Mathematics.","institutions_list":"FED-LAFIA"},{"id":"9096","title":"FRENCH","de_requirements":"<p><span>Two\r\n(2) \u2018A\u2019 Level passes including French and one other Arts subject.<\/span><\/p>","utme_requirements":"<p><span>Five\r\n(5) SSC credit passes including French\/ Literature, English Language and Mathematics plus two (2)&nbsp; other Arts\r\nsubjects.<\/span><\/p>","subjects":"French\/ Literature in English or Government and any other two (2) subjects from Arts and Social Sciences.","institutions_list":"FED-LAFIA"},{"id":"23651","title":"GEOGRAPHY","de_requirements":"<p>\r\n\r\n<\/p><div>\r\n\r\n<table>\r\n <tbody><tr>\r\n  <td>\r\n  <p><span>Two (2) 'A' Level passes in Geography and\r\n  any one of Economics., Government, Physics, Chemistry, Biology, and Mathematics<\/span><\/p>\r\n  <\/td>\r\n <\/tr>\r\n<\/tbody><\/table>\r\n\r\n<\/div>\r\n\r\n","utme_requirements":"<p>\r\n\r\n<\/p><div>\r\n\r\n<table>\r\n <tbody><tr>\r\n  <td>\r\n  <p><span>Five (5) SSC credit passes in&nbsp; Mathematics, English Language,\r\n  Geography, and any two (2) from Arts or Social Sciences or Science subjects.<\/span><\/p>\r\n  <\/td>\r\n <\/tr>\r\n<\/tbody><\/table>\r\n\r\n<\/div>\r\n\r\n","subjects":"<p>\r\n\r\n<\/p><div>\r\n\r\n<table>\r\n <tbody><tr>\r\n  <td>\r\n  <p><span>Geography and two (2) other Arts or Social Science or Science subjects<\/span><\/p>\r\n  <\/td>\r\n <\/tr>\r\n<\/tbody><\/table>\r\n\r\n<\/div>\r\n\r\n","institutions_list":"FED-LAFIA"},{"id":"9100","title":"GEOLOGY","de_requirements":"<p><span>(i)&nbsp; ND minimum credit pass level in coursed programme related to Geology or must have obtained GCE 'A' Level or IJMB credit passes of which two (2) must be in any of Physics Chemistry, Geology, Biology, Mathematics in addition to 'O' level credits in Mathematics English Language, Biology and Physics.&nbsp; &nbsp; &nbsp; &nbsp; &nbsp; &nbsp;<\/span><\/p>","utme_requirements":"<p><span>Five (5) SSC credit passes in English Language, Biology, Chemistry,\r\nMathematics and Physics.<\/span><\/p>","subjects":"Any three (3) of Chemistry, Physics, Mathematics, Biology and Geography. ","institutions_list":"FED-LAFIA"},{"id":"23644","title":"HAUSA LANGUAGE","de_requirements":"<p>\r\n\r\n<\/p><p><span>Two (2) A\u2019 Level passes in Hausa and any other relevant\r\nsubjects.<\/span><\/p>\r\n\r\n","utme_requirements":"<p>\r\n\r\n<\/p><p><span>Five (5) SSC credit passes to include English Language&nbsp; Mathematics and\r\nHausa.<\/span><\/p>\r\n\r\n","subjects":"<p>\r\n\r\n<\/p><p><span>Hausa plus any two (2) other Arts or Social Sciences Subjects&nbsp; &nbsp; &nbsp; &nbsp; &nbsp;&nbsp;<\/span><\/p>\r\n\r\n","institutions_list":"FED-LAFIA"},{"id":"9097","title":"HISTORY","de_requirements":"<p><span>Two (2) \u2018A\u2019 Level passes in History\/ Government and any other related\r\nsubjects.<\/span><\/p>","utme_requirements":"<table>\r\n <tbody><tr>\r\n  <td>\r\n  <p><span>Five (5) SSC credit passes to include History\/ Government, English\r\n  Language and any other relevant Subjects<\/span><\/p>\r\n  <p><span>&nbsp;<\/span><\/p>\r\n  <\/td>\r\n <\/tr>\r\n<\/tbody><\/table>","subjects":"History\/ Government and any other two (2) subjects from Arts and Social Sciences.","institutions_list":"FED-LAFIA"},{"id":"9099","title":"INDUSTRIAL CHEMISTRY","de_requirements":"<p><span>(i)&nbsp;&nbsp;&nbsp; Two\r\n(2) 'A' Level passes in Chemistry and Mathematics<\/span><\/p><p>\r\n\r\n<\/p><p><span>(ii)&nbsp;&nbsp; ND\r\nin Science Technology or ND in relevant programmes with the UTME requirements.<\/span><\/p>","utme_requirements":"<p><span>Five (5) SSC credit passes in English Language, Mathematics, Chemistry,\r\nPhysics and Biology\/Agricultural Science.<\/span><\/p>","subjects":"Chemistry, Mathematics and any of Physics\/Biology\/ Agricultural Science.","institutions_list":"FED-LAFIA"},{"id":"29326","title":"INDUSTRIAL DESIGN","de_requirements":"","utme_requirements":"","subjects":"","institutions_list":"FED-LAFIA"},{"id":"29331","title":"INFORMATION TECHNOLOGY","de_requirements":"","utme_requirements":"","subjects":"","institutions_list":"FED-LAFIA"},{"id":"23650","title":"ISLAMIC STUDIES","de_requirements":"<p>\r\n\r\n<\/p><p><span>Two (2) \u2018A\u2019 level passes to include Islamic\r\nStudies.<\/span><\/p>\r\n\r\n","utme_requirements":"<p>\r\n\r\n<\/p><p><span>Five (5) SSC credit passes to include\r\nEnglish Language and Islamic Studies or Arabic and any three (3) relevant\r\nsubjects.<\/span><\/p>\r\n\r\n","subjects":"<p>\r\n\r\n<\/p><p><span>Islamic Studies plus two (2) other Arts&nbsp; or Social Sciences subjects.<\/span><\/p>\r\n\r\n","institutions_list":"FED-LAFIA"},{"id":"9091","title":"LIBRARY & INFORMATION SCIENCE","de_requirements":"<p>\r\n\r\n<\/p><div>\r\n\r\n<table>\r\n <tbody><tr>\r\n  <td>\r\n  <p><span>(i)\r\n  Two (2)'A' Level passes in relevant subjects.<\/span><\/p>\r\n  <\/td>\r\n <\/tr>\r\n<\/tbody><\/table>\r\n\r\n<\/div>\r\n\r\n<span>(ii)\r\nNCE\/ND in relevant subject\/programmes<\/span>","utme_requirements":"<p>\r\n\r\n<\/p><div>\r\n\r\n<table>\r\n <tbody><tr>\r\n  <td>\r\n  <p><span>Five\r\n  (5)SSC credit passes including English Language and Mathematics.<\/span><\/p>\r\n  <\/td>\r\n <\/tr>\r\n<\/tbody><\/table>\r\n\r\n<\/div>\r\n\r\n","subjects":"Any three (3) Arts or Social Science subjects","institutions_list":"FED-LAFIA"},{"id":"23817","title":"LIBRARY AND INFORMATION SCIENCE","de_requirements":"<p>(i) Two (2) 'A' Level passes in relevamt subjects<\/p><p>(ii) NCE\/ND in relevant subjects\/programmes<br><\/p>","utme_requirements":"<p>Five (5) SSCE credit passes in English Language, Mathematics and three (3) other relevant Arts\/Science\/Social Sciences <br><\/p>","subjects":"<p>Any three (3) subjects<br><\/p>","institutions_list":"FED-LAFIA"},{"id":"23637","title":"MASS COMMUNICATION","de_requirements":"<p>\r\n\r\n<\/p><div>\r\n\r\n<table>\r\n <tbody><tr>\r\n  <td>\r\n  <p><span>Two (2) 'A' Level passes in Arts or\r\n  Social Science subjects in English, Literature in English, Economics, Government or History<\/span><\/p>\r\n  <\/td>\r\n <\/tr>\r\n<\/tbody><\/table>\r\n\r\n<\/div>\r\n\r\n","utme_requirements":"<p>\r\n\r\n<\/p><div>\r\n\r\n<table>\r\n <tbody><tr>\r\n  <td>\r\n  <p><span>Five (5) SSC credit passes in Mathematics, English\r\n  Language, Literature in English and two (2) other subjects in Arts or Social Sciences.<\/span><\/p>\r\n  <\/td>\r\n <\/tr>\r\n<\/tbody><\/table>\r\n\r\n<\/div>\r\n\r\n","subjects":"<p>\r\n\r\n<\/p><div>\r\n\r\n<table>\r\n <tbody><tr>\r\n  <td>\r\n  <p><span>Literature in English and any three (3) from Arts or Social Science\r\n  subjects.<\/span><\/p>\r\n  <\/td>\r\n <\/tr>\r\n<\/tbody><\/table>\r\n\r\n<\/div>\r\n\r\n","institutions_list":"FED-LAFIA"},{"id":"9105","title":"MATHEMATICS","de_requirements":"<p><span>(i)&nbsp; &nbsp; &nbsp; 'A' Level passes at GCE or its equivalent in the relevant Subjects including Mathematics, Physics and other science subjects.<\/span><\/p><p>\r\n\r\n<span>(ii)&nbsp; &nbsp; &nbsp;ND or NCE Certificates with minimum of Upper Credits and HND with Lower Credit in a relevant Course from a recognized institution.&nbsp; &nbsp; &nbsp; &nbsp; &nbsp; &nbsp;&nbsp;<\/span><br><\/p>","utme_requirements":"<p><span>Five (5) SSC credit passes including English Language, Mathematics, Physics,&nbsp; Chemistry and any relevant Science Subject or Economics.<\/span><\/p>","subjects":"Mathematics, Physics and any other Science Subject or Economics.&nbsp; &nbsp; &nbsp; &nbsp; &nbsp; &nbsp; &nbsp;&nbsp;","institutions_list":"FED-LAFIA"},{"id":"9109","title":"MATHEMATICS AND STATISTICS:","de_requirements":"<p><span>(i)&nbsp;&nbsp;&nbsp;&nbsp; Two\r\n(2) 'A' Level passes in Mathematics and either Physics or Chemistry<\/span><\/p><p>\r\n\r\n<span>(ii)&nbsp;&nbsp;&nbsp;&nbsp;&nbsp;&nbsp;&nbsp;&nbsp;&nbsp;&nbsp; NCE merit in Mathematics and either\r\nPhysics or Chemistry<\/span><br><\/p>","utme_requirements":"<p><span>Five (5) SSC credit passes to include English Language, Mathematics and\r\nat least three(3) of Physics, Chemistry, Biology and Additional\/Further\r\nMathematics.<\/span><\/p>","subjects":"Maths, Physics and Chemistry or Biology","institutions_list":"FED-LAFIA"},{"id":"9086","title":"MEDICAL LABORATORY SCIENCE","de_requirements":"<p><span>(i)&nbsp; &nbsp;'A' Level passes&nbsp; chosen from Physics, Chemistry and Biology or\r\nZoology<\/span><\/p><p><span>(ii)&nbsp; Graduates for first Degree with at least a second Class Lower honour degree (2.2) in related Biological Science Degree<br><\/span>(iii)&nbsp; Medical Laboratory Technicians with evidence of registrations with Medical Laboratory Science Council of Nigeria (MLSCN)<\/p>","utme_requirements":"<p><span>Five (5) SSC credit passes in English Language,\r\nMathematics, Physics, Chemistry and Biology<\/span><br><\/p>","subjects":"Physics, Chemistry and Biology","institutions_list":"FED-LAFIA"},{"id":"23652","title":"MEDICINE & SURGERY","de_requirements":"<p>\r\n\r\n<\/p><p><span>(i) 'A' Level passes in Physics, Chemistry\r\nand Biology or Zoology in addition to the UTME requirements.<\/span><\/p>\r\n\r\n<p><span>(ii) BSC, BOS, etc in\r\nrelevant programme.<\/span><\/p>\r\n\r\n","utme_requirements":"<p>\r\n\r\n<\/p><p><span>Five (5) SSC credit passes in English\r\nLanguage, Mathematics, Physics, Chemistry and Biology.<\/span><\/p>\r\n\r\n","subjects":"<p>\r\n\r\n<\/p><p><span>Physics, Chemistry and\r\nBiology.<\/span><\/p>\r\n\r\n","institutions_list":"FED-LAFIA"},{"id":"23778","title":"MEDICINE AND SURGERY","de_requirements":"<p>(i) Candidates with passes at a score to be determined from time to time in 3 'A'Level (IJMB) subjects of Biology, Chemistry and Physics together with 5 'O' Level passes at credit level.<\/p><p>(ii) Candidates who posses a minimum of Second Class Upper degree in Biochemistry, Human Anatomy, Human Physiology, Pharmacology and other relevant science based courses can be considered for admission into 200 level,<br><\/p><p><br><\/p><p><br><\/p><p><br><\/p><p><br><\/p>","utme_requirements":"<p>Candidates with credit passes in 5 'O' level subjects , which must include Mathematics, English Language, Biology, Chemistry and Physics.<br><\/p>","subjects":"<p>Chemistry, Biology and Physics<br><\/p>","institutions_list":"FED-LAFIA"},{"id":"9106","title":"MICROBIOLOGY","de_requirements":"<p><span>Two (2) 'A' Level passes in any of these: Biology, Botany, Zoology, Chemistry, Physics and Mathematics including credit pass in the five (5) 'O' Level.&nbsp; &nbsp; &nbsp;&nbsp;<\/span><\/p>","utme_requirements":"<p><span>Five (5) SSC credit passes in English Language, Mathematics, Chemistry,\r\nBiology and Physics.<\/span><\/p>","subjects":"Biology, Chemistry and either Physics or Mathematics.","institutions_list":"FED-LAFIA"},{"id":"23642","title":"NURSING","de_requirements":"<p>\r\n\r\n<\/p><p><span><span>(i)<span>\u00a0\u00a0\u00a0\u00a0\u00a0\u00a0\u00a0\u00a0\u00a0\u00a0\u00a0\u00a0\u00a0\r\n<\/span><\/span><\/span><span>Two (2)\r\n'A' Level passes in Biology\/ Zoology, Chemistry and Physics plus <span>\u00a0<\/span>three (3) other 'O' Level credit passes in Mathematics,\r\nPhysics and English Language.<\/span><span><\/span><\/p>\r\n\r\n<p><span><span>(ii)<span>\u00a0\u00a0\u00a0\u00a0\u00a0\u00a0\u00a0\u00a0\u00a0\u00a0\u00a0\r\n<\/span><\/span><\/span><span>NRN or\r\nits approved equivalent plus five (5) 'O' Level credit passes<span>\u00a0 <\/span>in English Language and four (4) Science subjects\r\nchosen from Mathematics, Physics, Chemistry, Biology, Human Anatomy, Physiology\r\nand Hygiene, Health Science, Further Mathematics and General Science.<\/span><span><\/span><\/p>\r\n\r\n","utme_requirements":"<p>\r\n\r\n<\/p><p><span>Five (5) SSC credit passes in Mathematics,\r\nChemistry, Biology, Physics and English Language.<\/span><\/p>\r\n\r\n","subjects":"<p>\r\n\r\n<\/p><p><span>Physics, Chemistry and Biology.<\/span><\/p>\r\n\r\n","institutions_list":"FED-LAFIA"},{"id":"9104","title":"PHILOSOPHY","de_requirements":"<p><span>Any\r\ntwo (2) \u2018A\u2019 Level passes.<\/span><\/p>","utme_requirements":"<p><span>Five\r\n(5) SSC credit passes to include English Language, Mathematics and three (3) other relevant\r\nsubjects.<\/span><\/p>","subjects":"Any three (3) subjects.","institutions_list":"FED-LAFIA"},{"id":"9093","title":"PHYSICS","de_requirements":"<p><span>NCE, Two (2) 'A' Level passes in any of these: Chemistry, Physics and Mathematics.<\/span><\/p>","utme_requirements":"<p><span>Five (5) SSC credit passes in English Language, Physics, Chemistry,\r\nMathematics and any other Science subject from Further Mathematics, Technical Drawing, Biology and Agricultural Science.<\/span><\/p>","subjects":"Physics, Mathematics and Chemistry.","institutions_list":"FED-LAFIA"},{"id":"9088","title":"PHYSIOLOGY","de_requirements":"<p><span>Two\r\n(2) 'A' Level passes chosen from Chemistry, Physics and Biology\/Zoology.<\/span><\/p>","utme_requirements":"<p><span>Five (5) SSC credit passes in English Language,\r\nMaths, Physics, Chemistry and Biology.<\/span><br><\/p>","subjects":"Physics, Chemistry and Biology","institutions_list":"FED-LAFIA"},{"id":"29334","title":"PLANT SCIENCE AND BIOTECHNOLOGY","de_requirements":"","utme_requirements":"","subjects":"","institutions_list":"FED-LAFIA"},{"id":"9111","title":"POLITICAL SCIENCE","de_requirements":"<p><span>Two (2) 'A' Level passes including Government or History.<\/span><span><\/span><\/p>","utme_requirements":"<p><span>Five (5) SSC credit passes in&nbsp; English, Mathematics, Government or History&nbsp; with other subjects.&nbsp;<\/span><\/p>","subjects":"Government or History plus two (2) other Social Science\/Arts subjects.","institutions_list":"FED-LAFIA"},{"id":"23638","title":"PSYCHOLOGY","de_requirements":"<p>\r\n\r\n<\/p><div>\r\n\r\n<table>\r\n <tbody><tr>\r\n  <td>\r\n  <p><span>Two (2) 'A' Level passes including\r\n  Government\/History or any Science related Subjects<\/span><\/p>\r\n  <\/td>\r\n <\/tr>\r\n<\/tbody><\/table>\r\n\r\n<\/div>\r\n\r\n","utme_requirements":"<p><span>Five (5) SSC credit passes in English Language, Mathematics, Biology, Government\/History or any two (2) Subjects from Arts or Social Sciences Subjects.&nbsp;<\/span><\/p>","subjects":"<p>\r\n\r\n<\/p><div>\r\n\r\n<table>\r\n <tbody><tr>\r\n  <td>\r\n  <p><span>Any three (3) subjects from Arts or\r\n  Social Sciences.<\/span><\/p>\r\n  <\/td>\r\n <\/tr>\r\n<\/tbody><\/table>\r\n\r\n<\/div>\r\n\r\n","institutions_list":"FED-LAFIA"},{"id":"23641","title":"RADIOGRAPHY","de_requirements":"<p>\r\n\r\n<\/p><p><span>(i)&nbsp; &nbsp;Two (2) 'A' Level passes chosen from Physics, Chemistry and Biology.<\/span><\/p><p><span>(ii)&nbsp; B.Sc. in basic Sciences ( Physics, Chemistry and Biology ). Basic Medical Sciences ( Anatomy, Physiology and Biochemistry )<\/span><\/p><p><span>(iii)&nbsp; Diploma in Medical Image processing or X-ray technician with at least upper credit from recognize institution by Radiographers Registration Board of Nigeria (RRBN)<\/span><\/p><p><span><br><\/span><\/p><p><span><br><\/span><\/p>\r\n\r\n","utme_requirements":"<p>\r\n\r\n<\/p><p><span>Five (5) SSC credit passes in English\r\nLanguage, Mathematics, Biology, Physics and Chemistry.<\/span><\/p>\r\n\r\n","subjects":"<p>\r\n\r\n<\/p><p><span>Physics, Chemistry and Biology.<\/span><\/p>\r\n\r\n","institutions_list":"FED-LAFIA"},{"id":"9108","title":"SCIENCE LABORATORY TECHNOLOGY","de_requirements":"<p><span>OND at Upper Credit Level plus a minimum of a credit pass in five (5) 'O' Level.&nbsp; &nbsp; &nbsp;&nbsp;<\/span><\/p>","utme_requirements":"<p><span>Five (5) SSC credit passes in English Language, Mathematics, Chemistry,\r\nBiology and Physics.<\/span><\/p>","subjects":"Biology, Chemistry and either Physics or Mathematics.","institutions_list":"FED-LAFIA"},{"id":"9112","title":"SOCIAL WORK","de_requirements":"<p><span>Two (2) 'A' Level passes in any subjects<\/span><\/p>","utme_requirements":"<p><span>Five (5) SSC credits including English Language and Mathematics.<\/span><span><\/span><\/p>","subjects":"Government\/Literature\/Economics\/ Government and any other Arts or Social Sciences subjects.","institutions_list":"FED-LAFIA"},{"id":"9113","title":"SOCIOLOGY","de_requirements":"<p><span>Two (2) 'A' Level passes including Government or History.<\/span>\u00a0\u00a0\u00a0\u00a0<span><\/span><\/p>","utme_requirements":"<p><span>Five (5) SSC credit passes including English Language, Mathematics and any three other Arts or Social Science Subjects (Government or History, Christian\/ Islamic Religion, Economics, Geography).<\/span><span><\/span><\/p>","subjects":"Three (3) Social Science or Arts subjects.","institutions_list":"FED-LAFIA"},{"id":"9114","title":"SPECIAL EDUCATION","de_requirements":"<div>\r\n\r\n<table>\r\n <tbody><tr>\r\n  <td>\r\n  <p><span>(i) Two (2) 'A'\r\n  Level passes in Arts or Social Science subjects.<b><\/b><\/span><\/p>\r\n  <p><span>(ii) NCE merit\r\n  in Arts or Social Science subjects.<b><\/b><\/span><\/p>\r\n  <\/td>\r\n <\/tr>\r\n<\/tbody><\/table>\r\n\r\n<\/div>","utme_requirements":"<div>\r\n\r\n<table>\r\n <tbody><tr>\r\n  <td>\r\n  <p><span>Five (5) 'O'\r\n  Level credit passes including English Language.<b><\/b><\/span><\/p>\r\n  <\/td>\r\n <\/tr>\r\n<\/tbody><\/table>\r\n\r\n<\/div>","subjects":"Any three (3) Subjects","institutions_list":"FED-LAFIA"},{"id":"9101","title":"STATISTICS","de_requirements":"<p><span>Two (2) 'A' Level passes in Chemistry, Physics and Mathematics or Statistics.<\/span><\/p><p>\r\n\r\n<\/p><p><span>NCE credit in relevant subjects.<\/span><\/p>","utme_requirements":"<p><span>Five (5) SSC credit passes in English Language, Mathematics, Physics and any two (2) subjects from Chemistry, Biology, Agricultural Science, Further Mathematics, Economics and Geography.<\/span><\/p>","subjects":"Mathematics and any two (2) Social Sciences subjects or their combinations from Physics, Chemistry, Economics Geography Agricultural Science and Biology.","institutions_list":"FED-LAFIA"},{"id":"9094","title":"THEATRE ARTS","de_requirements":"<p><span>Two\r\n(2) \u2018A\u2019 Level passes in Arts, Social Sciences or Science subjects.<\/span><\/p>","utme_requirements":"<p><span>Five\r\n(5) SSC credit passes to include English Language, Mathematics, Literature in English and any Two (2) Arts subjects.<\/span><\/p>","subjects":"Literature in English and two (2) Arts or Social Sciences subjects.","institutions_list":"FED-LAFIA"},{"id":"9103","title":"ZOOLOGY","de_requirements":"<p><span>Two (2) 'A' Level passes or NCE in Biology, Zoology or Botany and one\r\nother Science subject<\/span><\/p>","utme_requirements":"<p><span>Five (5) SSC credit passes in English Language, Mathematics, Biology and\r\ntwo (2) other Science subject.<\/span><\/p>","subjects":"Biology and any two (2) of Physics, Chemistry and Mathematics.","institutions_list":"FED-LAFIA"}]