[{"id":"29017","title":"ACCOUNTING","de_requirements":"","utme_requirements":"","subjects":"","institutions_list":"FED-LOKOJA"},{"id":"29018","title":"AFRICAN LANGUAGES & LITERATURE","de_requirements":"","utme_requirements":"","subjects":"","institutions_list":"FED-LOKOJA"},{"id":"29019","title":"ARABIC STUDIES","de_requirements":"","utme_requirements":"","subjects":"","institutions_list":"FED-LOKOJA"},{"id":"29020","title":"ARCHAEOLOGY","de_requirements":"","utme_requirements":"","subjects":"","institutions_list":"FED-LOKOJA"},{"id":"29021","title":"BANKING & FINANCE","de_requirements":"","utme_requirements":"","subjects":"","institutions_list":"FED-LOKOJA"},{"id":"9148","title":"BIOCHEMISTRY","de_requirements":"<p><span>Two (2) 'A' Level passes chosen from Chemistry, Mathematics, Physics and\r\nBiology.<\/span><\/p><p><span><o>&nbsp;<\/o:p><\/span><\/p><p>\r\n\r\n\r\n\r\n<\/p><p><span>NCE\/ND\/HND in related programmes plus the UTME requirements.<\/span><\/p>","utme_requirements":"<p><span>Five (5) SSC credit passes in English Language, Chemistry, Mathematics,\r\nPhysics and Biology.<\/span><\/p>","subjects":"Biology, Chemistry and Physics or Mathematics.","institutions_list":"FED-LOKOJA"},{"id":"9165","title":"BIOLOGY","de_requirements":"<p><span>i)\r\nTwo (2) 'A' Level passes from Chemistry, Biology, Botany\/Zoology.<\/span><\/p><p>\r\n\r\n<\/p><p><span>(ii)\r\nNCE merit accepted.<\/span><\/p>","utme_requirements":"<p><span>Five (5) SSC credit passes to include English\r\nLanguage, Biology, Chemistry and Mathematics\/Physics.<\/span><\/p>","subjects":"Biology, Chemistry and Physics or Mathematics.","institutions_list":"FED-LOKOJA"},{"id":"29022","title":"BIOTECHNOLOGY","de_requirements":"","utme_requirements":"","subjects":"","institutions_list":"FED-LOKOJA"},{"id":"9156","title":"BOTANY","de_requirements":"<p><span>Two\r\n(2) 'A' Level passes in Biology\/Botany\/Zoology and Chemistry or Physics.<\/span><\/p>","utme_requirements":"<p><span>Five\r\n(5) SSC Credit passes in English Language, Mathematics, Biology, Chemistry and\r\nPhysics.<\/span><\/p>","subjects":"Biology, Chemistry and any other Science subject.","institutions_list":"FED-LOKOJA"},{"id":"29023","title":"BUSINESS ADMINISTRATION","de_requirements":"","utme_requirements":"","subjects":"","institutions_list":"FED-LOKOJA"},{"id":"29024","title":"BUSINESS EDUCATION","de_requirements":"","utme_requirements":"","subjects":"","institutions_list":"FED-LOKOJA"},{"id":"9153","title":"CHEMISTRY","de_requirements":"<p><span>i)&nbsp; Two (2) 'A' Level passes in Chemistry and any\r\none (1) of Physics, Mathematics or Biology.<\/span><\/p><p><span><o>&nbsp;<\/o:p><\/span><\/p><p>\r\n\r\n\r\n\r\n<\/p><p><span>(ii)&nbsp;&nbsp; ND\/NCE\r\nwith good grades in relevant 'O' Level subjects.<\/span><\/p>","utme_requirements":"<p><span>Five (5) SSC credit passes in English Language, Mathematics, Physics,\r\nChemistry and Biology.<\/span><\/p>","subjects":"Chemistry and two (2) of Physics, Biology and Mathematics.\r\n\r\n","institutions_list":"FED-LOKOJA"},{"id":"29025","title":"CHRISTIAN RELIGIOUS STUDIES","de_requirements":"","utme_requirements":"","subjects":"","institutions_list":"FED-LOKOJA"},{"id":"27981","title":"COMPUTER ENGINEERING","de_requirements":"","utme_requirements":"","subjects":"","institutions_list":"FED-LOKOJA"},{"id":"9162","title":"COMPUTER SCIENCE","de_requirements":"<p><span>)&nbsp;&nbsp;&nbsp;&nbsp;&nbsp;&nbsp; Two (2) 'A' Level passes in\r\nscience subjects including Mathematics<\/span><\/p><p><span><o>&nbsp;<\/o:p><\/span><\/p><p>\r\n\r\n\r\n\r\n<\/p><p><span>(ii)&nbsp;&nbsp; NCE merit in Mathematics and\r\none (1) other Science or Social Science subject.<\/span><\/p>","utme_requirements":"<p><span>Five (5) SSC credit passes to include English Language, Mathematics,\r\nPhysics plus two (2) other Science subjects.<\/span><\/p>","subjects":"Mathematics, Physics and one (1) of Biology, Chemistry, Agric Science, Economics and Geography.","institutions_list":"FED-LOKOJA"},{"id":"9146","title":"ECONOMICS","de_requirements":"<p>\r\n\r\n<\/p><div>\r\n\r\n<table>\r\n <tbody><tr>\r\n  <td>\r\n  <p><span>Two (2)'A' Level passes in Economics and any one of\r\n  Mathematics, Statistics, Geography, Physics, Chemistry, Agricultural Science,\r\n  Accounting, Business Management, History and Government.<\/span><\/p>\r\n  <\/td>\r\n <\/tr>\r\n<\/tbody><\/table>\r\n\r\n<\/div>\r\n\r\n","utme_requirements":"<p>\r\n\r\n<\/p><div>\r\n\r\n<table>\r\n <tbody><tr>\r\n  <td>\r\n  <p><span>Five\r\n  (5)SSC credit passes in English Language, Mathematics, Economics and any two\r\n  (2) of Arts or Social Science subjects.<\/span><\/p>\r\n  <\/td>\r\n <\/tr>\r\n<\/tbody><\/table>\r\n\r\n<\/div>\r\n\r\n","subjects":"Economics, Mathematics and any of Government, History, Geography, Literature in English, French and Christian Religious Studies\/Islamic Studies.\t","institutions_list":"FED-LOKOJA"},{"id":"9154","title":"ECONOMICS","de_requirements":"<p><span>ND\/NCE with upper\/merit&nbsp;\r\ncredit in the relevant programme in addition to five (5) credit\r\npasses&nbsp; at &nbsp;SSC&nbsp; at\r\nnot more than two (2) sittings<\/span><\/p>","utme_requirements":"<p><span>Five (5) SSC credit passes to include English Language,\r\nMathematics, Economics and at least two (2) other&nbsp; relevant&nbsp;\r\nsubjects from&nbsp;&nbsp; Commerce,\r\nGovernment and Accounting .<\/span><\/p>","subjects":"Economics, Mathematics and any of Government, History, Geography, Literature in English, French and CRS\/IRS.\t\t\r\n\r\n\r\n","institutions_list":"FED-LOKOJA"},{"id":"29026","title":"EDUCATION & BIOLOGY","de_requirements":"","utme_requirements":"","subjects":"","institutions_list":"FED-LOKOJA"},{"id":"29027","title":"EDUCATION & CHEMISTRY","de_requirements":"","utme_requirements":"","subjects":"","institutions_list":"FED-LOKOJA"},{"id":"29028","title":"EDUCATION & COMPUTER SCIENCE","de_requirements":"","utme_requirements":"","subjects":"","institutions_list":"FED-LOKOJA"},{"id":"29029","title":"EDUCATION & ECONOMICS","de_requirements":"","utme_requirements":"","subjects":"","institutions_list":"FED-LOKOJA"},{"id":"29030","title":"EDUCATION & ENGLISH LANGUAGE","de_requirements":"","utme_requirements":"","subjects":"","institutions_list":"FED-LOKOJA"},{"id":"29031","title":"EDUCATION & GEOGRAPHY","de_requirements":"","utme_requirements":"","subjects":"","institutions_list":"FED-LOKOJA"},{"id":"29032","title":"EDUCATION & HISTORY","de_requirements":"","utme_requirements":"","subjects":"","institutions_list":"FED-LOKOJA"},{"id":"29033","title":"EDUCATION & INTEGRATED SCIENCE","de_requirements":"","utme_requirements":"","subjects":"","institutions_list":"FED-LOKOJA"},{"id":"29034","title":"EDUCATION & MATHEMATICS","de_requirements":"","utme_requirements":"","subjects":"","institutions_list":"FED-LOKOJA"},{"id":"29035","title":"EDUCATION & PHYSICS","de_requirements":"","utme_requirements":"","subjects":"","institutions_list":"FED-LOKOJA"},{"id":"29036","title":"EDUCATION & POLITICAL SCIENCE","de_requirements":"","utme_requirements":"","subjects":"","institutions_list":"FED-LOKOJA"},{"id":"29037","title":"EDUCATION & SOCIAL STUDIES","de_requirements":"","utme_requirements":"","subjects":"","institutions_list":"FED-LOKOJA"},{"id":"27982","title":"ELECTRICAL AND ELECTRONICS ENGINEERING","de_requirements":"","utme_requirements":"","subjects":"","institutions_list":"FED-LOKOJA"},{"id":"9150","title":"ENGLISH LANGUAGE","de_requirements":"<p><span>Two\r\n(2) \u2018A\u2019 Level passes to include Literature in English and one other Arts\r\nsubject.<\/span><\/p>","utme_requirements":"<p><span>Five\r\n(5) SSC credit passes to include Literature in English, English Language and\r\nthree other Arts or Social Science subjects.<\/span><\/p>","subjects":"Literature in English, one other Arts subject and another Arts or Social Science subject.","institutions_list":"FED-LOKOJA"},{"id":"9151","title":"FRENCH","de_requirements":"<p><span>Two\r\n(2) \u2018A\u2019 Level passes including French and one other Arts subject.<\/span><\/p>","utme_requirements":"<p><span>Five\r\n(5) SSC credit passes including French and English Language plus one other Arts\r\nsubject.<\/span><\/p>","subjects":"French and any other two (2) subjects from Arts and Social Sciences.","institutions_list":"FED-LOKOJA"},{"id":"9147","title":"GEOGRAPHY","de_requirements":"<p>\r\n\r\n<\/p><div>\r\n\r\n<table>\r\n <tbody><tr>\r\n  <td>\r\n  <p><span>Two\r\n  (2)'A' Level passes in Geography and any one of Economics., Government,\r\n  Physics, Chemistry, Biology, and Mathematics<\/span><\/p>\r\n  <\/td>\r\n <\/tr>\r\n<\/tbody><\/table>\r\n\r\n<\/div>\r\n\r\n","utme_requirements":"<p>\r\n\r\n<\/p><div>\r\n\r\n<table>\r\n <tbody><tr>\r\n  <td>\r\n  <p><span>Five\r\n  (5) SSC credit passes in English Language, Geography, and any three (3) from\r\n  Arts or Social Science subjects with at least a pass in Mathematics.<\/span><\/p>\r\n  <\/td>\r\n <\/tr>\r\n<\/tbody><\/table>\r\n\r\n<\/div>\r\n\r\n","subjects":"Geography and two (2) other Arts or Social Science subjects","institutions_list":"FED-LOKOJA"},{"id":"9160","title":"GEOGRAPHY","de_requirements":"<p><span>No\r\nDirect Entry<\/span><\/p>","utme_requirements":"<p><b><span>Five (5) SSC credit passes to include English\r\nLanguage, Geography and any other three (3) subjects from Arts\/Social Sciences\r\nwith at least 'O' Level &nbsp;pass in\r\nMathematics.<\/span><\/b><br><\/p>","subjects":"Geography and any two (2) other Arts or Social Science subjects.","institutions_list":"FED-LOKOJA"},{"id":"9155","title":"GEOLOGY","de_requirements":"<p><span>(i) Two (2) 'A' Level passes from Geology, Chemistry, Mathematics,\r\nPhysics, Biology and Geography.<\/span><\/p>","utme_requirements":"<p><span>Five (5) SSC credit passes in English Language, Biology, Chemistry,\r\nMathematics and any other subject.<\/span><\/p>","subjects":"Any three (3) of Chemistry, Physics, Mathematics, Biology and Geography. ","institutions_list":"FED-LOKOJA"},{"id":"29038","title":"GUIDANCE & COUNSELLING","de_requirements":"","utme_requirements":"","subjects":"","institutions_list":"FED-LOKOJA"},{"id":"9152","title":"HISTORY","de_requirements":"<p><span>Two (2) \u2018A\u2019 Level passes in History and any other related\r\nsubjects.<\/span><\/p>","utme_requirements":"<table>\r\n <tbody><tr>\r\n  <td>\r\n  <p><span>Five (5) SSC credit passes to include History and English\r\n  Language.<\/span><\/p>\r\n  <p><span>&nbsp;<\/span><\/p>\r\n  <\/td>\r\n <\/tr>\r\n<\/tbody><\/table>","subjects":"History and any other two (2) subjects from Arts and Social Sciences.","institutions_list":"FED-LOKOJA"},{"id":"29039","title":"INDUSTRIAL CHEMISTRY","de_requirements":"","utme_requirements":"","subjects":"","institutions_list":"FED-LOKOJA"},{"id":"29040","title":"ISLAMIC STUDIES","de_requirements":"","utme_requirements":"","subjects":"","institutions_list":"FED-LOKOJA"},{"id":"29041","title":"LIBRARY & INFORMATION SCIENCE","de_requirements":"","utme_requirements":"","subjects":"","institutions_list":"FED-LOKOJA"},{"id":"29042","title":"LINGUISTICS","de_requirements":"","utme_requirements":"","subjects":"","institutions_list":"FED-LOKOJA"},{"id":"29043","title":"MASS COMMUNICATION","de_requirements":"","utme_requirements":"","subjects":"","institutions_list":"FED-LOKOJA"},{"id":"9158","title":"MATHEMATICS","de_requirements":"<p><span>) Two\r\n(2) 'A' Level passes in Mathematics and any other science subject.<\/span><\/p><p>\r\n\r\n<span>(ii)&nbsp;&nbsp;&nbsp;&nbsp;&nbsp;&nbsp;&nbsp;&nbsp;&nbsp;&nbsp; NCE merit in Mathematics and one (1)\r\nof Physics, Chemistry or Economics<\/span><br><\/p>","utme_requirements":"<p><span>Five (5) SSC credit passes including English Language, Mathematics and\r\nPhysics or Chemistry.<\/span><\/p>","subjects":"Mathematics and any two (2) of Physics, Chemistry and Economics or Geography.","institutions_list":"FED-LOKOJA"},{"id":"27983","title":"MECHANICAL ENGINEERING","de_requirements":"","utme_requirements":"","subjects":"","institutions_list":"FED-LOKOJA"},{"id":"29044","title":"MEDICINE & SURGERY","de_requirements":"","utme_requirements":"","subjects":"","institutions_list":"FED-LOKOJA"},{"id":"9159","title":"MICROBIOLOGY","de_requirements":"<p><span>Two (2) 'A' Level passes in Chemistry and any one (1) from Biology,\r\nZoology or Botany.<\/span><\/p>","utme_requirements":"<p><span>Five (5) SSC credit passes in English Language, Mathematics, Chemistry,\r\nBiology and Physics.<\/span><\/p>","subjects":"Biology, Chemistry and either Physics or Mathematics.","institutions_list":"FED-LOKOJA"},{"id":"29045","title":"MODERN EUROPEAN LANUAGES-FRENCH, GERMAN & CHINESE","de_requirements":"","utme_requirements":"","subjects":"","institutions_list":"FED-LOKOJA"},{"id":"29046","title":"MUSIC","de_requirements":"","utme_requirements":"","subjects":"","institutions_list":"FED-LOKOJA"},{"id":"27980","title":"NURSING SCIENCE","de_requirements":"","utme_requirements":"","subjects":"","institutions_list":"FED-LOKOJA"},{"id":"29047","title":"PHILOSOPHY","de_requirements":"","utme_requirements":"","subjects":"","institutions_list":"FED-LOKOJA"},{"id":"9149","title":"PHYSICS","de_requirements":"<p><span>NCE\/Two (2) 'A' Level passes in Physics and Mathematics or Chemistry.<\/span><\/p>","utme_requirements":"<p><span>Five (5) SSC credit passes in English Language, Physics, Chemistry,\r\nMathematics and any other Science subject from Further Mathematics and Biology\r\nor Agricultural Science.<\/span><\/p>","subjects":"Physics, Mathematics and Chemistry or Biology.","institutions_list":"FED-LOKOJA"},{"id":"9161","title":"POLITICAL SCIENCE","de_requirements":"<p><span>Two (2)\r\nA' Level passes to include Government or History.<\/span><\/p>","utme_requirements":"<p><b><span>Five (5) SSC credit passes to include English\r\nLanguage, Government\/History and any other three (3) subjects from Arts\/Social\r\nSciences with at least 'O' Level pass in Mathematics.<\/span><\/b><br><\/p>","subjects":"Government\/History and two (2)  other Social Sciences or Arts subjects.","institutions_list":"FED-LOKOJA"},{"id":"9163","title":"POLITICAL SCIENCE","de_requirements":"<p><span>Two (2) 'A' Level passes including Government or History.<\/span><span><\/span><\/p>","utme_requirements":"<p><span>Five (5) SSC credit passes in Government or History, English Language and three (3) other subjects. &nbsp;A pass in Mathematics is required.<\/span><span><\/span><\/p>","subjects":"Government or History plus two (2) other Social Science\/Arts subjects.","institutions_list":"FED-LOKOJA"},{"id":"29048","title":"PUBLIC ADMINISTRATION","de_requirements":"","utme_requirements":"","subjects":"","institutions_list":"FED-LOKOJA"},{"id":"9164","title":"SOCIOLOGY","de_requirements":"<p><span>Two (2) 'A' Level passes including Government or History.<\/span>&nbsp;&nbsp;&nbsp;&nbsp;<span><\/span><\/p>","utme_requirements":"<p><span>Five (5) SSC credit passes in Government or History, English Language and three (3) other subjects. &nbsp;A pass in Mathematics is required.<\/span><span><\/span><\/p>","subjects":"Three (3) Social Science or Arts subjects.","institutions_list":"FED-LOKOJA"},{"id":"23774","title":"STATISTICS","de_requirements":"<p>\r\n\r\n<\/p><p><span>Two\r\n(2) 'A' Level passes to include Mathematics or Statistics.<\/span><\/p>\r\n\r\n<p><span>NCE credit\r\nin relevant subjects.<\/span><\/p>\r\n\r\n","utme_requirements":"<p>\r\n\r\n<\/p><p><span>Five\r\n(5) SSC credit passes to include English Language, Mathematics and at least three\r\n(3) subjects from Physics, Statistics, Chemistry, Further Mathematics, Economics\r\nand Geography.<\/span><\/p>\r\n\r\n","subjects":"<p>\r\n\r\n<\/p><p><span>Mathematics\r\nand any two (2) of Physics, Chemistry and Economics.<\/span><\/p>\r\n\r\n","institutions_list":"FED-LOKOJA"},{"id":"29049","title":"THEATRE ARTS","de_requirements":"","utme_requirements":"","subjects":"","institutions_list":"FED-LOKOJA"},{"id":"9157","title":"ZOOLOGY","de_requirements":"<p><span>Two (2) 'A' Level passes or NCE in Biology, Zoology or Botany and one\r\nother Science subject<\/span><\/p>","utme_requirements":"<p><span>Five (5) SSC credit passes in English Language, Mathematics, Biology and\r\ntwo (2) other Science subject.<\/span><\/p>","subjects":"Biology and any two (2) of Physics, Chemistry and Mathematics.","institutions_list":"FED-LOKOJA"}]