[{"id":"9177","title":"ACCOUNTING","de_requirements":"<p>\r\n\r\n<\/p><div>\r\n\r\n<table>\r\n <tbody><tr>\r\n  <td>\r\n  <p>\r\n\r\n<\/p><p><span><span>\u00b7<span>&nbsp;&nbsp;&nbsp;&nbsp;&nbsp;&nbsp;&nbsp;&nbsp;\r\n<\/span><\/span><\/span><span>ND Lower credit<\/span><\/p>\r\n\r\n<p><span><span>\u00b7<span>&nbsp;&nbsp;&nbsp;&nbsp;&nbsp;&nbsp;&nbsp;&nbsp;\r\n<\/span><\/span><\/span><span>Two (2) A\u2019 level subjects including\r\nAccounting and either Economics or Business Management<\/span><\/p>\r\n\r\n<p><span><span>\u00b7<span>&nbsp;&nbsp;&nbsp;&nbsp;&nbsp;&nbsp;&nbsp;&nbsp;\r\n<\/span><\/span><\/span><b><span>JUPEB<\/span><\/b><\/p>\r\n\r\n<p><b><span>Special consideration<\/span><\/b><\/p>\r\n\r\n<p><span>B.Sc.\r\nwith a minimum of <b>2<sup>2<\/sup> <\/b>or\r\nHND with lower credit in any social science discipline <\/span><\/p>\r\n\r\n<b><span>Caveat:<\/span><\/b><span> Candidate must meet O\u2019 level requirements for\r\ndirect entry.<\/span>\r\n  <\/td>\r\n <\/tr>\r\n<\/tbody><\/table>\r\n\r\n<\/div>\r\n\r\n","utme_requirements":"<p>\r\n\r\n<\/p><div>\r\n\r\n<table>\r\n <tbody><tr>\r\n  <td>\r\n  <p><span>Credit passes in English Language, Mathematics,\r\nEconomics, and anyone (1) social science and any one (1) science subject.<\/span><\/p>\r\n  <\/td>\r\n <\/tr>\r\n<\/tbody><\/table>\r\n\r\n<\/div>\r\n\r\n","subjects":"<span>Use of English, Mathematics, Economics and any other\r\nsocial science subject. <\/span>","institutions_list":"AEFUNA"},{"id":"9241","title":"AGRICULTURAL SCIENCE AND EDUCATION","de_requirements":"<div>\r\n\r\n<table>\r\n <tbody><tr>\r\n  <td><span>NCE in Agric Education (DM) at merit level, A\u2019\r\nlevel\/OND in Agric Science<\/span><\/td><\/tr><\/tbody><\/table><\/div>","utme_requirements":"<div>\r\n\r\n<table>\r\n <tbody><tr>\r\n  <td>\r\n  <p><span><span><\/span><span>Credit Passes in English Language, Mathematics, Agric\r\nScience and any two Science subject from Biology, Chemistry, Economics,\r\nGeography<\/span>.<\/span><\/p>\r\n  <\/td>\r\n <\/tr>\r\n<\/tbody><\/table>\r\n\r\n<\/div>","subjects":"\r\n\r\n<p><span>Use\r\nof English, Agric Science any two subjects from Biology\/Mathematics\/ Chemistry,\r\nEconomics, Geography<\/span><\/p>\r\n\r\n","institutions_list":"AEFUNA"},{"id":"9181","title":"AGRICULTURE","de_requirements":"<p><span>Two (2) \u2018A\u2019 Level passes in Chemistry and\r\none from Biology\/Botany\/Zoology\/Agricultural Science, Economics, Physics,\r\nGeography and Geology\/Mathematics (Pure &amp; Applied).<\/span><\/p>","utme_requirements":"<p><span>Five (5) SSC credit passes to include\r\nEnglish Language, Biology\/Agricultural Science, Chemistry and&nbsp; any one of Mathematics, Physics, Geography\r\nand&nbsp; Economics.<\/span><\/p>","subjects":"Chemistry, Biology\/Agriculture and any one of Physics or Mathematics.","institutions_list":"AEFUNA"},{"id":"9180","title":"ANATOMY","de_requirements":"<p><p>\r\n\r\n<\/p><p><span><span><span><span>&nbsp;<\/span><\/span>i.<span>&nbsp;&nbsp;&nbsp;&nbsp;&nbsp;\r\n<\/span><\/span><\/span><span>HSC (High School Certificate)<\/span><\/p>\r\n\r\n<p><span><span>ii.<span>&nbsp;&nbsp;&nbsp;&nbsp;&nbsp;\r\n<\/span><\/span><\/span><span>G.C.E. A-Level with Credit in Biology,\r\nChemistry, and Physics.<\/span><\/p>\r\n\r\n<p><span><span>iii.<span>&nbsp;&nbsp;&nbsp;&nbsp;&nbsp;\r\n<\/span><\/span><\/span><span>A credit pass in A level in either\r\nJUPEB or IJAMB in Physics, Chemistry, and Biology.<\/span><\/p><span>iv &nbsp;&nbsp;&nbsp; Credit\r\npasses in all the required O\u2019 level subjects in addition to all the above. <\/span><\/p>","utme_requirements":"<p><span>Credit passes in English Language, Mathematics,\r\nPhysics, Biology, and Chemistry. (<b>All\r\nobtained in one sitting)<\/b><\/span><\/p>","subjects":"<span>Use of English, Biology, Chemistry and Physics<\/span>","institutions_list":"AEFUNA"},{"id":"9219","title":"APPLIED GEOPHYSICS","de_requirements":"<p><o><p><span>(i) Two (2) \u2018A\u2019 Level passes from Geology, Geophysics, Chemistry, Mathematics, Physics, Geography, and Biology<\/span><\/p><\/o:p><\/p>","utme_requirements":"<p><p><span>Five (5) SSC Credit passes in English Language, Physics, Mathematics, Chemistry, Physics and Biology<\/span><\/p><\/p>","subjects":"<p><span>Any three (3) of Physics, Mathematics, Chemistry, Biology and Geography<\/span><\/p>","institutions_list":"AEFUNA"},{"id":"9231","title":"ARCHITECTURE","de_requirements":"<p><span>(i)<span>&nbsp;&nbsp;&nbsp;&nbsp;&nbsp;&nbsp;\r\n<\/span><\/span><span>Two (2) 'A' Level\r\npasses chosen from Mathematics or Physics and Chemistry, Geography or Fine\r\nArts.<\/span><\/p><p>\r\n\r\n<span>ND\/HND\r\nupper credits in relevant field.<\/span><br><\/p>","utme_requirements":"<table>\r\n <tbody><tr>\r\n  <td>\r\n  <p><span>Five (5) SSC credit passes in English\r\n  Language, Mathematics, Physics, Chemistry and any of Fine Art, Geography or\r\n  Wood Work, Biology, Economics, Technical Drawing, Further. Mathematics.,\r\n  Introduction to Building Construction, Bricklaying\/Block laying, Concreting,\r\n  Wall, Floors and Ceiling Finishing, Joinery, Carpentary, Decorative Painting,\r\n  Lining, Sign and Design, Wall Hanging, Colour Mixing\/Matching and Glazing,\r\n  Ceramics, Graphics Design, Graphic Printing, Basic Electricity.<\/span><\/p>\r\n  <p><span>&nbsp;<\/span><\/p>\r\n  <\/td>\r\n <\/tr>\r\n<\/tbody><\/table>","subjects":"Physics, Mathematics, and any of Chemistry, Geography, Art, Biology and Economics.","institutions_list":"AEFUNA"},{"id":"23599","title":"ARCHITECTURE","de_requirements":"<p>\r\n\r\n<\/p><p><span><span>(i)<span>&nbsp;&nbsp;&nbsp;&nbsp;&nbsp;&nbsp;\r\n<\/span><\/span><\/span><span>Two (2) 'A' Level\r\npasses chosen from Mathematics or Physics and Chemistry, Geography or Fine\r\nArts.<\/span><\/p>\r\n\r\n<span>(ii)&nbsp;&nbsp; ND\/HND\r\nupper credits in relevant field.<\/span>","utme_requirements":"<p>\r\n\r\n<\/p><p><span>Five (5) SSC credit passes in English Language, Mathematics,\r\nPhysics, Chemistry and any of Fine Art, Geography or Wood Work, Biology, Economics,\r\nTechnical Drawing, Further. Mathematics., Introduction to Building\r\nConstruction, Bricklaying\/Block laying, Concreting, Wall, Floors and Ceiling\r\nFinishing, Joinery, Carpentary, Decorative Painting, Lining, Sign and Design,\r\nWall Hanging, Colour Mixing\/Matching and Glazing, Ceramics, Graphics Design,\r\nGraphic Printing, Basic Electricity.<\/span><\/p>\r\n\r\n","subjects":"<p>\r\n\r\n<\/p><p><span>Physics, Mathematics, and any of Chemistry, Geography, Art,\r\nBiology and Economics.<\/span><\/p>\r\n\r\n","institutions_list":"AEFUNA"},{"id":"29287","title":"AUTOMOBILE TECHNOLOGY EDUCATION","de_requirements":"","utme_requirements":"","subjects":"","institutions_list":"AEFUNA"},{"id":"9183","title":"BANKING & FINANCE","de_requirements":"<p>\r\n\r\n<\/p><div>\r\n\r\n<table>\r\n <tbody><tr>\r\n  <td><p><span>ND Lower Credit Two (2) A\u2019 Level Two(2) A\u2019Level Subjects one of which should be banking and finance or Accounting and either Economics or Business Management. JUPEB Special Consideration BSc with a minimum of 2-2 or HND with lower credit in any social science discipline <\/span><span>Foundation international exams such as CIBN, ICAN, ACCA, ICMA GPFA\u2026\u2026\u2026 CAVEATS Candidate must meet o\u2019 level requirement for direct entry<\/span><\/p><\/td><\/tr><\/tbody><\/table><\/div><span><\/span>","utme_requirements":"<p>\r\n\r\n<\/p><div>\r\n\r\n<table>\r\n <tbody><tr>\r\n  <td><p><span>Five (5) SSCE credit passes in English Language, Maths, economics and two Other relevant subjects<\/span><span><\/span><\/p><\/td><\/tr><\/tbody><\/table><\/div><span><\/span>","subjects":"<p><span>Mathematics, Economics and any other social science subject<\/span><span><\/span><\/p>","institutions_list":"AEFUNA"},{"id":"9191","title":"BIOCHEMISTRY","de_requirements":"<p><span>Two (2) 'A' Level passes chosen from Chemistry, Mathematics, Physics and\r\nBiology.<\/span><\/p><p><span><o>&nbsp;<\/o:p><\/span><\/p><p>\r\n\r\n\r\n\r\n<\/p><p><span>NCE\/ND\/HND in related programmes plus the UTME requirements.<\/span><\/p>","utme_requirements":"<p><span>Five (5) SSC credit passes in English Language, Chemistry, Mathematics,\r\nPhysics and Biology.<\/span><\/p>","subjects":"Biology, Chemistry and Physics or Mathematics.","institutions_list":"AEFUNA"},{"id":"9230","title":"BIOLOGY","de_requirements":"<span>HND, OND, NCE, A-Level<\/span><p><span><\/span><\/p>","utme_requirements":"<p><span>Credit passes in English Language, Mathematics,\r\nBiology, Chemistry, Physics<\/span><\/p>","subjects":"<span>Use of English, Biology, Chemistry and Physics<\/span>","institutions_list":"AEFUNA"},{"id":"9213","title":"BIOTECHNOLOGY","de_requirements":"<p><span><span>i.<span>&nbsp;&nbsp;&nbsp;&nbsp;&nbsp;&nbsp;&nbsp;&nbsp;&nbsp;&nbsp;&nbsp;\r\n<\/span><\/span><\/span><span>Two A \u201clevel passes (graded A \u2013 E)\r\nrelevant subjects (Biology, Chemistry, and Physics)<\/span><\/p>&nbsp;&nbsp;&nbsp;&nbsp;&nbsp; ii. &nbsp;&nbsp;&nbsp;&nbsp;&nbsp; <span>ND\/NCE\r\nwith good grades in relevant O\u2019level subjects<\/span>","utme_requirements":"<span>Credit Passes in English Language, Mathematics,\r\nPhysics, Chemistry, and Biology<\/span>","subjects":"<span>Use of English, Biology, Chemistry, and Physics or\r\nMathematics<\/span>.","institutions_list":"AEFUNA"},{"id":"9210","title":"BOTANY","de_requirements":"<p><span>Two\r\n(2) 'A' Level passes in Biology\/Botany\/Zoology and Chemistry or Physics.<\/span><\/p>","utme_requirements":"<p><span>Five\r\n(5) SSC Credit passes in English Language, Mathematics, Biology, Chemistry and\r\nPhysics.<\/span><\/p>","subjects":"Biology, Chemistry and any other Science subject.","institutions_list":"AEFUNA"},{"id":"29284","title":"BUILDING TECHNOLOGY EDUCATION","de_requirements":"","utme_requirements":"","subjects":"","institutions_list":"AEFUNA"},{"id":"9178","title":"BUSINESS ADMINISTRATION","de_requirements":"<p>\r\n\r\n<\/p><div>\r\n\r\n<table>\r\n <tbody><tr>\r\n  <td>\r\n  <p><span>Two\r\n  (2)'A' Level passes including Economics.<\/span><\/p>\r\n  <\/td>\r\n <\/tr>\r\n<\/tbody><\/table>\r\n\r\n<\/div>\r\n\r\n","utme_requirements":"<p>\r\n\r\n<\/p><div>\r\n\r\n<table>\r\n <tbody><tr>\r\n  <td>\r\n  <p><span>Five\r\n  (5) SSC credit passes including English Language, Mathematics, Economics and\r\n  two (2) other relevant subjects.<\/span><\/p>\r\n  <\/td>\r\n <\/tr>\r\n<\/tbody><\/table>\r\n\r\n<\/div>\r\n\r\n","subjects":"Mathematics, Economics and any other Social Science subject","institutions_list":"AEFUNA"},{"id":"9242","title":"BUSINESS EDUCATION","de_requirements":"<span>National Certificate of Education (NCE) in Business\r\nEducation\/OND in Business Education.<\/span><div><br><\/div>","utme_requirements":"<p><span>Credit Passes in English Language, Mathematics,\r\nEconomics, Government and science subject (1)<\/span><\/p><p><br><\/p>","subjects":"<span>Use of English, Mathematics, Economics and any other\r\none subject.<\/span>","institutions_list":"AEFUNA"},{"id":"9179","title":"CHEMICAL ENGINEERING:","de_requirements":"\r\n\r\n<p><span><span>i.<span>&nbsp;&nbsp; <\/span><\/span><\/span><span>Very\r\ngood passes in three (3) JUPEB\/A-Level subjects: Physics, Mathematics,\r\nChemistry.<\/span><\/p>\r\n\r\n<p><span><span>ii.<span> <\/span><\/span><\/span><span>HND\/ND\r\nUpper credit or A\/Level Cambridge.<\/span><\/p>\r\n\r\n<span>iii. Candidate\r\nmust satisfy the O\u2019 level requirements <\/span>","utme_requirements":"<span>Credit Passes in English Language, Mathematics,\r\nChemistry, Physics and Biology<\/span>","subjects":"<span>Use of English, Mathematics, Physics and Chemistry<\/span>","institutions_list":"AEFUNA"},{"id":"9204","title":"CHEMISTRY","de_requirements":"\r\n\r\n<p><span><span>i.<span>&nbsp;&nbsp;&nbsp;&nbsp;&nbsp;&nbsp;&nbsp;&nbsp; <\/span><\/span><\/span><span>Two \u2018A\u2019level passes in Chemistry and\r\nany one of Physics, Mathematics or Biology.<\/span><\/p>&nbsp;&nbsp;&nbsp;&nbsp; ii. &nbsp;&nbsp; <span>ND\/NCE\r\nwith good grades in relevant O\u2019 level subjects<\/span><p><span><\/span><\/p>","utme_requirements":"<p><span>Credit Passes in English Language, Mathematics,\r\nPhysics, Chemistry and Biology<\/span><\/p>","subjects":"<span>Use of English, Chemistry and any two of Physics,\r\nBiology, and Mathematics<\/span>","institutions_list":"AEFUNA"},{"id":"9192","title":"CHRISTIAN RELIGIOUS STUDIES","de_requirements":"<p><span>Two (2) \u2018A\u2019 Level passes\/NCE to include CRS\/Religious\r\nStudies.<\/span><\/p>","utme_requirements":"<p><span>Five (5) SSC credit passes in English Language, CRS and three\r\n(3) other relevant subjects.<\/span><\/p>","subjects":"Two (2) Arts subjects including CRS and any other subject.","institutions_list":"AEFUNA"},{"id":"9182","title":"CIVIL ENGINEERING","de_requirements":"\r\n\r\n<p><span><span>i.<span>&nbsp;&nbsp; <\/span><\/span><\/span><span>Very\r\ngood passes in three (3) JUPEB\/A-Level subjects: Physics, Mathematics,\r\nChemistry.<\/span><\/p>\r\n\r\n<p><span><span>ii.<span> <\/span><\/span><\/span><span>HND\/ND\r\nUpper credit or A\/Level Cambridge<\/span><\/p>&nbsp; <span>iii. Candidate\r\nmust satisfy the O\u2019 level requirements.<\/span>","utme_requirements":"<span>Credit Passes in English language, Mathematics,\r\nPhysics, Chemistry, and any other science subject.<\/span>","subjects":"<span>Use of English, Mathematics, Physics, and Chemistry <\/span>","institutions_list":"AEFUNA"},{"id":"9225","title":"COMPUTER SCIENCE","de_requirements":"<p><span><\/span><\/p>","utme_requirements":"<p><span>Credit Passes in English Language, Mathematics,\r\nPhysics and other two Science subjects from Chemistry, Biology <\/span><\/p>","subjects":"<span>Use of English, Mathematics, Physics, Chemistry, and Biology <\/span>","institutions_list":"AEFUNA"},{"id":"9188","title":"CRIMINOLOGY & SECURITY STUDIES","de_requirements":"<p>\r\n\r\n<\/p><div>\r\n\r\n<table>\r\n <tbody><tr>\r\n  <td>\r\n  <p><span>All\r\ncandidates seeking admission by Direct Entry (DE) into the 200 Level must have\r\nAdvanced Level or its approved equivalent with at least Credit level passes in\r\nat least two (2) social science subjects, one of which must be Government.\r\nCandidates with acceptable pass in JUBEB and Upper Credit in Ordinary National\r\nDiploma (OND) and Higher National Diploma (HND) from approved Polytechnic and\r\nMonotechnic Diploma-Awarding Institutions and\/or their approved equivalent in\r\nthe following disciplines: Peaceand Conflict Studies, Criminal Justice Administration,\r\nParalegal Studies, Social Policy, Public Administration, Law, Security and\r\nIntelligence, and other related disciplines as well as First Degree in any\r\ndiscipline are also eligible for admission through DE, in addition to\r\nsatisfying the O\u2019Level minimum requirements. In addition, a minimum of 12 years\r\nof practical experience in related fields such as military, police and other\r\nState law enforcement agencies, in addition to satisfying the basic O\u2019Level\r\nrequirements, may be considered for admission into DE\u2014the Officer must be in\r\nactive service and not below the rank of Major or its equivalent. <\/span><\/p>\r\n  <\/td>\r\n <\/tr>\r\n<\/tbody><\/table>\r\n\r\n<\/div>\r\n\r\n","utme_requirements":"<p>\r\n\r\n<\/p><div>\r\n\r\n<table>\r\n <tbody><tr>\r\n  <td>\r\n  <p><span>For\r\nadmission into the four-year-degree programme in Criminology and Security\r\nStudies, a candidate must have Senior Secondary School Certificate Examination\r\n(SSCE) or its equivalent with at least credit level passes in five (5)\r\nsubjects: English Language, Mathematics, Government, and any other two subjects\r\nfrom: Geography, Economics, History, Civic Education, Financial Accounting,\r\nBiology, Chemistry, Physics, Christian Religious Knowledge, French, and\r\nNigerian Languages (i.e. Hausa, Igbo or Yoruba) at not more than two sittings.\r\nThe candidate must also earn an acceptable score in the Unified Tertiary Matriculation\r\nExamination (UTME).<\/span><\/p>\r\n  <\/td>\r\n <\/tr>\r\n<\/tbody><\/table>\r\n\r\n<\/div>\r\n\r\n","subjects":"<span>The\r\nrequired UTME subjects are English Language, Government, and any other two\r\nsubjects from either of Life\/Health Sciences, Behavioural\/Social Sciences or\r\nArts\/Humanities background.<span>&nbsp; <\/span><\/span>","institutions_list":"AEFUNA"},{"id":"9184","title":"ECONOMICS","de_requirements":"<p>\r\n\r\n<\/p><div>\r\n\r\n<table>\r\n <tbody><tr>\r\n  <td>\r\n  <p>\r\n\r\n<\/p><p><span>Candidates\r\nseeking Direct Entry admission into the 200level of the B.Sc. Economics degree program shall possess any of the following qualifications:<\/span><\/p>\r\n\r\n<p><span><span>a.<span>&nbsp;&nbsp;&nbsp;&nbsp; <\/span><\/span><\/span><span>GCE Advanced level passes in at least two subjects which\r\nmust include Economics.<\/span><\/p>\r\n\r\n<p><span><span>b.<span>&nbsp;&nbsp;&nbsp;&nbsp; <\/span><\/span><\/span><span>Acceptable passes in JUPEB or its equivalent;<\/span><\/p>\r\n\r\n<p><span><span>c.<span>&nbsp;&nbsp;&nbsp;&nbsp;&nbsp; <\/span><\/span><\/span><span>National Diploma Upper Credit or its equivalent in a related\r\nfield.<\/span><\/p>\r\n\r\n<p><span><span>d.<span>&nbsp;&nbsp;&nbsp;&nbsp; <\/span><\/span><\/span><span>Higher National Diploma (HND) Lower Credit in a related field.<\/span><\/p>\r\n\r\n<p><span><span>e.<span>&nbsp;&nbsp;&nbsp;&nbsp; <\/span><\/span><\/span><span>NCE credit or its equivalent in related field;<\/span><\/p>\r\n\r\n<span>f.&nbsp;&nbsp;&nbsp; First\r\ndegree in a related area from a <\/span>\r\n  <\/td>\r\n <\/tr>\r\n<\/tbody><\/table>\r\n\r\n<\/div>\r\n\r\n","utme_requirements":"<p>\r\n\r\n<\/p><div>\r\n\r\n<table>\r\n <tbody><tr>\r\n  <td>\r\n  <p><span>Credit Passes in English, Mathematics, Economics and\r\nany two relevant subjects from the following: Further mathematics, Government,\r\nAccounting, Geography, Lit. in English, Commerce, Book Keeping, Civic\r\nEducation, History, CRK\/IRK, any Nigerian Language\/French, Physics, Chemistry<\/span><\/p>\r\n  <\/td>\r\n <\/tr>\r\n<\/tbody><\/table>\r\n\r\n<\/div>\r\n\r\n","subjects":"<span>Use of English, Mathematics, Economics and any one of\r\nthe Further Mathematics, Government, Accounting, Geography, Lit. in English,\r\ncommerce, Book Keeping, Civic Education, History, CRK\/IRK<\/span>","institutions_list":"AEFUNA"},{"id":"9193","title":"EDUCATION & BIOLOGY","de_requirements":"\r\n<table>\r\n <tbody><tr>\r\n  <td>\r\n  <p><br><\/p>\r\n  <\/td>\r\n <\/tr>\r\n<\/tbody><\/table><div>\r\n\r\n<table>\r\n <tbody><tr>\r\n  <td>\r\n  <p>\r\n\r\n<\/p><p><span><span>i.<span>&nbsp;&nbsp;&nbsp;&nbsp;&nbsp;&nbsp;&nbsp;&nbsp;&nbsp;&nbsp;&nbsp;&nbsp;&nbsp;&nbsp;\r\n<\/span><\/span><\/span><span>A pass at merit level in relevant\r\nDiploma program with SSCE requirements.<\/span><\/p>\r\n\r\n<p><span><span>ii.<span>&nbsp;&nbsp;&nbsp;&nbsp;&nbsp;&nbsp;&nbsp;&nbsp;&nbsp;&nbsp;&nbsp;&nbsp;\r\n<\/span><\/span><\/span><span>Advanced level passes in two (2)\r\nrelevant subjects with SSCE requirements. <\/span><\/p>\r\n\r\n<p><span><span>iii.<span>&nbsp;&nbsp;&nbsp;&nbsp;&nbsp;&nbsp;&nbsp;&nbsp;&nbsp;&nbsp;\r\n<\/span><\/span><\/span><span>NCE with at least merit pass in 2\r\nrelevant subjects or a double major subject with SSCE requirements.<\/span><\/p>\r\n\r\n<p><span><span>iv.<span>&nbsp;&nbsp;&nbsp;&nbsp;&nbsp;&nbsp;&nbsp;&nbsp;&nbsp;&nbsp;\r\n<\/span><\/span><\/span><span>IJMB passes in two (2) relevant\r\nsubjects with SSCE requirements.<\/span><\/p>\r\n\r\n<p><span><span>v.<span>&nbsp;&nbsp;&nbsp;&nbsp;&nbsp;&nbsp;&nbsp;&nbsp;&nbsp;&nbsp;&nbsp;&nbsp;\r\n<\/span><\/span><\/span><span>Any other equivalent qualifications\r\nwith SSCE requirements.<\/span><\/p>\r\n\r\n<p><span><span>vi.<span>&nbsp;&nbsp;&nbsp;&nbsp;&nbsp;&nbsp;&nbsp;&nbsp;&nbsp;&nbsp;\r\n<\/span><\/span><\/span><span>Any other equivalent qualifications as\r\nmay be determined by the Department.<\/span><\/p>\r\n\r\n\r\n  <\/td>\r\n <\/tr>\r\n<\/tbody><\/table>\r\n\r\n<\/div>\r\n\r\n","utme_requirements":"\r\n<table>\r\n <tbody><tr>\r\n  <td>\r\n  <p><br><\/p>\r\n  <\/td>\r\n <\/tr>\r\n<\/tbody><\/table><div>\r\n\r\n<table>\r\n <tbody><tr>\r\n  <td>\r\n  <p><span>Credit Passes in English Language, Mathematics,\r\nBiology and any other two subjects from Chemistry, Physics, Health Science and\r\nAgricultural Science.<\/span><\/p>\r\n  <\/td>\r\n <\/tr>\r\n<\/tbody><\/table>\r\n\r\n<\/div>\r\n\r\n","subjects":"<span>Use of English, Biology and any other two subjects\r\nfrom Chemistry, Health Science, and Agricultural Science.<\/span>","institutions_list":"AEFUNA"},{"id":"9186","title":"EDUCATION AND CHEMISTRY:","de_requirements":"<div>\r\n\r\n<table>\r\n <tbody><tr>\r\n  <td>\r\n  <p>\r\n\r\n<\/p><p><span><span>i.<span>&nbsp;&nbsp;&nbsp;&nbsp;&nbsp;&nbsp;&nbsp;&nbsp;&nbsp;&nbsp;&nbsp;\r\n<\/span><\/span><\/span><span>A pass at merit level in relevant\r\nDiploma Programme with SSCE requirements.<\/span><\/p>\r\n\r\n<p><span><span>ii.<span>&nbsp;&nbsp;&nbsp;&nbsp;&nbsp;&nbsp;&nbsp;&nbsp;&nbsp;\r\n<\/span><\/span><\/span><span>Advanced level passes in 2 relevant\r\nsubjects with SSCE requirements.<\/span><\/p>\r\n\r\n<p><span><span>iii.<span>&nbsp;&nbsp;&nbsp;&nbsp;&nbsp;&nbsp;&nbsp;\r\n<\/span><\/span><\/span><span>NCE with at least merit pass in 2\r\nrelevant subjects or a double major subject with SSCE requirements.<\/span><\/p>\r\n\r\n<p><span><span>iv.<span>&nbsp;&nbsp;&nbsp;&nbsp;&nbsp;&nbsp;&nbsp;\r\n<\/span><\/span><\/span><span>IJMB passes in 2 relevant subjects with\r\nSSCE requirements.<\/span><\/p>\r\n\r\n<p><span><span>v.<span>&nbsp;&nbsp;&nbsp;&nbsp;&nbsp;&nbsp;&nbsp;&nbsp;&nbsp;\r\n<\/span><\/span><\/span><span>Any other equivalent qualifications\r\nwith SSCE requirements.<\/span><\/p>\r\n\r\n<span>vi.&nbsp;&nbsp;&nbsp;&nbsp; Any\r\nother equivalent qualification as may be determined by the Department.<\/span>\r\n  <\/td>\r\n <\/tr>\r\n<\/tbody><\/table>\r\n\r\n<\/div>","utme_requirements":"<div>\r\n\r\n<table>\r\n <tbody><tr>\r\n  <td>\r\n  <p><span>Credit Passes in English Language, Mathematics,\r\nChemistry and any other two subjects from Physics, Biology and Agricultural\r\nScience.<\/span><\/p>\r\n  <\/td>\r\n <\/tr>\r\n<\/tbody><\/table>\r\n\r\n<\/div>","subjects":"<span>Use of English, Chemistry and any other two subjects\r\nfrom Physics, Biology and Mathematics<\/span>","institutions_list":"AEFUNA"},{"id":"29281","title":"EDUCATION AND COMPUTER SCIENCE","de_requirements":"","utme_requirements":"","subjects":"","institutions_list":"AEFUNA"},{"id":"29282","title":"EDUCATION AND ECONOMICS","de_requirements":"","utme_requirements":"","subjects":"","institutions_list":"AEFUNA"},{"id":"9226","title":"EDUCATION AND ENGLISH AND LITERARY STUDIES","de_requirements":"<div>\r\n\r\n<table>\r\n <tbody><tr>\r\n  <td><span>Credit in five subjects including English Language,\r\nMathematics, Literature in English and any other two from Arts or Social\r\nSciences and NCE with a minimum of merit pass level.<\/span><p><span><\/span><\/p>\r\n  <\/td>\r\n <\/tr>\r\n<\/tbody><\/table>\r\n\r\n<\/div>","utme_requirements":"<div>\r\n\r\n<table>\r\n <tbody><tr>\r\n  <td>\r\n  <p><span>Credit Passes in English Language, Mathematics,\r\nLiterature In English and any other two Arts Or Social Science subjects.<\/span><\/p>\r\n  <\/td>\r\n <\/tr>\r\n<\/tbody><\/table>\r\n\r\n<\/div>","subjects":"<span>Use of English, Literature in English, and any other\r\ntwo Arts or Social Science Subjects. <\/span>","institutions_list":"AEFUNA"},{"id":"9197","title":"EDUCATION AND MATHEMATICS","de_requirements":"<div>\r\n\r\n<table>\r\n <tbody><tr>\r\n  <td>\r\n  <p>\r\n\r\n<\/p><p><span><span>i.<span>&nbsp;&nbsp;&nbsp;&nbsp;&nbsp;&nbsp;&nbsp;&nbsp;&nbsp;&nbsp;&nbsp;\r\n<\/span><\/span><\/span><span>A pass at merit level in relevant\r\nDiploma programme with SSCE requirements. <\/span><\/p>\r\n\r\n<p><span><span>ii.<span>&nbsp;&nbsp;&nbsp;&nbsp;&nbsp;&nbsp;&nbsp;&nbsp;&nbsp;\r\n<\/span><\/span><\/span><span>Advanced level passes in relevant\r\nsubjects with SSCE requirements. <\/span><\/p>\r\n\r\n<p><span><span>iii.<span>&nbsp;&nbsp;&nbsp;&nbsp;&nbsp;&nbsp;&nbsp;\r\n<\/span><\/span><\/span><span>NCE with at least merit pass in 2\r\nrelevant subjects or a double major subject with SSCE requirements.<\/span><\/p>\r\n\r\n<p><span><span>iv.<span>&nbsp;&nbsp;&nbsp;&nbsp;&nbsp;&nbsp;&nbsp;\r\n<\/span><\/span><\/span><span>IJMB passes in 2 relevant subjects with\r\nSSCE requirements.<\/span><\/p>\r\n\r\n<p><span><span>v.<span>&nbsp;&nbsp;&nbsp;&nbsp;&nbsp;&nbsp;&nbsp;&nbsp;&nbsp;\r\n<\/span><\/span><\/span><span>Any other equivalent qualifications\r\nwith SSCE requirements.<\/span><\/p>&nbsp;vi &nbsp; <span>Any\r\nother equivalent qualification as may be determined by the&nbsp;&nbsp;&nbsp;&nbsp;&nbsp; Department.<\/span><span> <\/span>\r\n  <\/td>\r\n <\/tr>\r\n<\/tbody><\/table>\r\n\r\n<\/div>","utme_requirements":"<div>\r\n\r\n<table>\r\n <tbody><tr>\r\n  <td>\r\n  <p><span>Credit Passes in English language, Mathematics and any\r\nother three subjects from Biology, Agricultural Science, Animal Husbandry,\r\nChemistry, Physics, Economics, Geography and Data Processing <\/span><\/p>\r\n  <\/td>\r\n <\/tr>\r\n<\/tbody><\/table>\r\n\r\n<\/div>","subjects":"<span>Use of English, Mathematics and any other two subjects\r\nfrom Physics, Chemistry, Geography, Economics and Biology.<\/span>","institutions_list":"AEFUNA"},{"id":"9201","title":"EDUCATION AND PHYSICS","de_requirements":"<div>\r\n\r\n<table>\r\n <tbody><tr>\r\n  <td>\r\n\r\n<p><span><span>i.<span>&nbsp;&nbsp;&nbsp;&nbsp;&nbsp;&nbsp;&nbsp;&nbsp;&nbsp;&nbsp;&nbsp;\r\n<\/span><\/span><\/span><span>A pass at merit level in relevant\r\nDiploma program with SSCE requirements. Science\/Animal Husbandry, and\r\nGeography<\/span><\/p>\r\n\r\n<p><span><span>ii.<span>&nbsp;&nbsp;&nbsp;&nbsp;&nbsp;&nbsp;&nbsp;&nbsp;&nbsp;\r\n<\/span><\/span><\/span><span>Advanced level passes in 2 relevant\r\nsubjects with SSCE requirements.<\/span><\/p>\r\n\r\n<p><span><span>iii.<span>&nbsp;&nbsp;&nbsp;&nbsp;&nbsp;&nbsp;&nbsp;\r\n<\/span><\/span><\/span><span>NCE with at least merit pass in 2\r\nrelevant subjects or a double major subject with SSCE requirements.<\/span><\/p>\r\n\r\n<p><span><span>iv.<span>&nbsp;&nbsp;&nbsp;&nbsp;&nbsp;&nbsp;&nbsp;\r\n<\/span><\/span><\/span><span>IJMB passes in 2 relevant subjects with\r\nSSCE requirements.<\/span><\/p>\r\n\r\n<p><span><\/span><\/p>\r\n  <\/td>\r\n <\/tr>\r\n<\/tbody><\/table>\r\n\r\n<\/div>","utme_requirements":"<p><span>Credit Passes in English Language, Mathematics,\r\nPhysics and any other two subjects from Chemistry, Biology\/Agricultural\r\nScience\/Animal Husbandry, and Geography.<\/span><\/p>","subjects":"<span>Use of English, Physics and any other two subjects\r\nfrom Chemistry, Mathematics, Geography, Economics and Biology<\/span>","institutions_list":"AEFUNA"},{"id":"9239","title":"EDUCATIONAL MANAGEMENT","de_requirements":"<div>\r\n\r\n<table>\r\n <tbody><tr>\r\n  <td>\r\n  <p><o><p><span>Candidates for Direct Entry admission into three years degree programme in Educational Management will join the programme at 200 level. They would possess any of the following qualifications in addition to the basic university admission requirements of the subject area departments whose courses would be considered as restricted electives.<\/span><span><\/span><\/p><p><span>1.Two passes in relevant subject areas at advanced level, with SSCE\/GCE \u201cO\u201d level credit pass in 5 subjects including English and Mathematics at not more than two sittings, OR<\/span><span><\/span><\/p><p><span>2. A two year diploma of a recognized institution in Nigeria or overseas with pass level not below merit.<\/span><span><\/span><\/p><p><span>3. At least a merit pass in two major subjects in relevant areas at NCE from recognized institution in Nigeria or overseas.<\/span><\/p><\/o:p><\/p>\r\n  <\/td>\r\n <\/tr>\r\n<\/tbody><\/table>\r\n\r\n<\/div>","utme_requirements":"<div>\r\n\r\n<table>\r\n <tbody><tr>\r\n  <td>\r\n  <p><o><p><span>Five (5) SSCE credit passes in English Language, Mathematics, and three other relevant subjects<\/span><span><\/span><\/p><\/o:p><\/p>\r\n  <\/td>\r\n <\/tr>\r\n<\/tbody><\/table>\r\n\r\n<\/div>","subjects":"Economics, Mathematics and one (1) other Social Science\/Arts subject.","institutions_list":"AEFUNA"},{"id":"29286","title":"ELECTRICAL AND ELECTRONICS TECHNOLOGY EDUCATION","de_requirements":"","utme_requirements":"","subjects":"","institutions_list":"AEFUNA"},{"id":"9235","title":"ELECTRICAL\/ELECTRONICS ENGINEERING","de_requirements":"<p>\r\n\r\n<\/p><p><span><span><span><span>&nbsp;<\/span><\/span>i.<span>&nbsp;&nbsp;&nbsp;&nbsp;&nbsp;\r\n<\/span><\/span><\/span><span>Very good passes in three (3)\r\nJUPEB\/A-Level subjects: Physics, Mathematics, Chemistry.<\/span><\/p>\r\n\r\n<p><span><span>ii.<span>&nbsp;&nbsp;&nbsp;&nbsp;&nbsp;\r\n<\/span><\/span><\/span><span>HND\/ND Upper credit or A\/Level\r\nCambridge.<\/span><\/p>\r\n\r\n<span>iii.&nbsp; Candidate\r\nmust satisfy the O\u2019 level requirements<\/span>","utme_requirements":"<p><span>Credit Passes in English Language, Mathematics,\r\nChemistry, Physics, and Biology or its equivalent.<\/span><\/p>","subjects":"<span>Use of English, Mathematics, Physics, and Chemistry.<\/span>","institutions_list":"AEFUNA"},{"id":"9199","title":"ENGLISH LANGUAGE","de_requirements":"<p><span>Merit in NCE in relevant disciplines plus O\u2019 level\r\nrequirements, National Diploma (Not below lower credit) in relevant disciplines\r\nplus O\u2019 level relevant credit pass or equivalent grades in JUPEB examination\r\nplus O\u2019 level requirements. <\/span><\/p>","utme_requirements":"<p><span>Credit Passes in English Language, Mathematics,\r\nLiterature in English and any other two (2) Arts or Social Science subject. <\/span><\/p>","subjects":"<span>Use of English, Lit in English and any other two (2)\r\nArts or Social Science subjects<\/span>","institutions_list":"AEFUNA"},{"id":"9224","title":"ENVIRONMENTAL MANAGEMENT AND TOXICOLOGY","de_requirements":"<p><span>Two (2) 'A' Level passes in Chemistry and any one (1) from Biology,\r\nZoology or Botany.<\/span><\/p>","utme_requirements":"<p><span>Five (5) SSC credit passes in English Language, Mathematics, Chemistry,\r\nBiology and Physics.<\/span><\/p>","subjects":"Biology, Chemistry and either Physics or Mathematics.","institutions_list":"AEFUNA"},{"id":"9236","title":"ESTATE MANAGEMENT","de_requirements":"<p><span>Two (2) \u2018A\u2019 Level\r\npasses in Mathematics, Economics, Geography, Biology and Physics.<\/span><\/p><p>\r\n\r\n<\/p><p><span><o>&nbsp;<\/o:p><\/span><\/p>","utme_requirements":"<p><span>Five (5) SSCE credit\r\npasses including Chemistry, Mathematics and English Language.<\/span><\/p><p>\r\n\r\n<\/p><p><span><o>&nbsp;<\/o:p><\/span><\/p>","subjects":"Mathematics, Economics and one other subject\r\n\r\n","institutions_list":"AEFUNA"},{"id":"9195","title":"FINE ARTS\/FINE AND  APPLIED ARTS","de_requirements":"<p>\r\n\r\n<\/p><p><span><span>i.<span>&nbsp;&nbsp;&nbsp;&nbsp;&nbsp;&nbsp;&nbsp;&nbsp;\r\n<\/span><\/span><\/span><span>Basic School Certificate at O\u2019 level\r\n(five credit pass)<\/span><\/p>\r\n\r\n<p><span><span>ii.<span>&nbsp;&nbsp;&nbsp;&nbsp;&nbsp;&nbsp; <\/span><\/span><\/span><span>NCE credit\/Merit in Fine Arts<\/span><\/p>\r\n\r\n<p><span><span>iii.<span>&nbsp;&nbsp;&nbsp;&nbsp; <\/span><\/span><\/span><span>OND credit\/merit polytechnic in Fine Arts<\/span><\/p>\r\n\r\n<span>iv.&nbsp;&nbsp;&nbsp;&nbsp; HND\r\ndistinction\/pass in Fine Arts (at 300 level).<\/span>","utme_requirements":"<span>Credit Passes in English language, Mathematics, and any\r\nother three subjects.<\/span><p><span><\/span><\/p>","subjects":"<span>Use of English and any other three Arts or Social\r\nScience subjects. <\/span>","institutions_list":"AEFUNA"},{"id":"9185","title":"FISHERIES & AQUACULTURE","de_requirements":"\r\n\r\n<p><span>(i) Two (2) \u2018A\u2019 Level passes in any of Chemistry,\r\nBiology, Botany, Zoology, Agricultural Science, Geography, Mathematics (pure\r\n&amp; applied), Physics, Geology and Economics.<i><\/i><\/span><\/p>\r\n\r\n<span>(ii) NCE Agriculture plus \u2018O\u2019 level credit\r\npasses in at least 5 subjects prescribed for UTME. Holders of ND\/OND and HND\r\nwith a minimum of upper credit plus 5 credits in WASSCE \/ NECO\/ GCE \u2018O\u2019 level at a\r\nminimum of two attempts are eligible for consideration for admission into 200\r\nand 300 Levels respectively.<\/span>","utme_requirements":"<p><span>Five\r\n(5) SSCE Credit passes in English Language, Biology\/ Agricultural Science,\r\nChemistry, Mathematics and physics\/Geography\/Economics.<\/span><\/p><p><span>&nbsp;<\/span><\/p><p>\r\n\r\n\r\n\r\n<\/p><p><span>&nbsp;<\/span><\/p>","subjects":"<span>Chemistry,Biology\/Agricultural\r\nscience and Mathematics\/Physics<\/span>","institutions_list":"AEFUNA"},{"id":"9200","title":"FRENCH","de_requirements":"<p><span>Two\r\n(2) \u2018A\u2019 Level passes including French and one other Arts subject.<\/span><\/p>","utme_requirements":"<p><span>Five\r\n(5) SSC credit passes including French and English Language plus one other Arts\r\nsubject.<\/span><\/p>","subjects":"French and any other two (2) subjects from Arts and Social Sciences.","institutions_list":"AEFUNA"},{"id":"9223","title":"GEOGRAPHY","de_requirements":"<p><span>No\r\nDirect Entry<\/span><\/p>","utme_requirements":"<p><b><span>Five (5) SSC credit passes to include English\r\nLanguage, Geography and any other three (3) subjects from Arts\/Social Sciences\r\nwith at least 'O' Level &nbsp;pass in\r\nMathematics.<\/span><\/b><br><\/p>","subjects":"Geography and any two (2) other Arts or Social Science subjects.","institutions_list":"AEFUNA"},{"id":"23600","title":"GEOGRAPHY","de_requirements":"<p>\r\n\r\n<\/p><div>\r\n\r\n<table>\r\n <tbody><tr>\r\n  <td>\r\n  <p><span>Two (2) 'A' Level passes in Geography and\r\n  any one of Economics., Government, Physics, Chemistry, Biology, and Mathematics<\/span><\/p>\r\n  <\/td>\r\n <\/tr>\r\n<\/tbody><\/table>\r\n\r\n<\/div>\r\n\r\n","utme_requirements":"<p>\r\n\r\n<\/p><div>\r\n\r\n<table>\r\n <tbody><tr>\r\n  <td>\r\n  <p><span>Five (5) SSC credit passes in English Language,\r\n  Geography, and any three (3) from Arts or Social Science subjects with at\r\n  least a pass in Mathematics.<\/span><\/p>\r\n  <\/td>\r\n <\/tr>\r\n<\/tbody><\/table>\r\n\r\n<\/div>\r\n\r\n","subjects":"<p>\r\n\r\n<\/p><div>\r\n\r\n<table>\r\n <tbody><tr>\r\n  <td>\r\n  <p><span>Geography and two (2) other Arts or Social Science\r\n  subjects<\/span><\/p>\r\n  <\/td>\r\n <\/tr>\r\n<\/tbody><\/table>\r\n\r\n<\/div>\r\n\r\n","institutions_list":"AEFUNA"},{"id":"9205","title":"GEOLOGY","de_requirements":"<p>\r\n\r\n<\/p><p><span><span>i.<span>&nbsp;&nbsp;&nbsp;&nbsp;&nbsp;&nbsp;&nbsp;&nbsp;\r\n<\/span><\/span><\/span><span>Two (2) \u2018A\u2019 level passes (graded A - E)\r\nat an advanced level in two subjects from Physics, Chemistry, and Mathematics; in\r\naddition to O\u2019 level requirements. <\/span><\/p>\r\n\r\n<span>ii. &nbsp;&nbsp;&nbsp;&nbsp;&nbsp; National Diploma (ND) in Physics, Mathematics, Science Education.<\/span>","utme_requirements":"<p><span>Credit Passes in English Language, Mathematics,\r\nPhysics, Chemistry, and Biology<\/span><\/p>","subjects":"<span>Use of English, Physics, Chemistry, and Biology<\/span>","institutions_list":"AEFUNA"},{"id":"9207","title":"GEOLOGY AND GEOPHYSICS","de_requirements":"<p><span>(i) Two (2) 'A' Level passes from Geology, Chemistry, Mathematics,\r\nPhysics, Biology and Geography.<\/span><\/p>","utme_requirements":"<p><span>Five (5) SSC credit passes in English Language, Biology, Chemistry,\r\nMathematics and any other subject.<\/span><\/p>","subjects":"Any three (3) of Chemistry, Physics, Mathematics, Biology and Geography. ","institutions_list":"AEFUNA"},{"id":"9240","title":"GUIDANCE AND COUNSELLING","de_requirements":"<div>\r\n\r\n<table>\r\n <tbody><tr>\r\n  <td>\r\n  <p><span>National Certificate of Education (NCE) with O\u2019 level\r\ncredit passes in English language, Mathematics, Biology, and any two subjects<\/span><\/p>\r\n  <\/td>\r\n <\/tr>\r\n<\/tbody><\/table>\r\n\r\n<\/div>","utme_requirements":"<div>\r\n\r\n<table>\r\n <tbody><tr>\r\n  <td>\r\n  <p><span>Credit Passes in English Language, Mathematics,\r\nBiology and any two subjects.<\/span><\/p>\r\n  <\/td>\r\n <\/tr>\r\n<\/tbody><\/table>\r\n\r\n<\/div>","subjects":"<span>English language and any three other subjects <\/span>","institutions_list":"AEFUNA"},{"id":"9203","title":"HISTORY","de_requirements":"<p><span>Two (2) \u2018A\u2019 Level passes in History and any other related\r\nsubjects.<\/span><\/p>","utme_requirements":"<table>\r\n <tbody><tr>\r\n  <td>\r\n  <p><span>Five (5) SSC credit passes to include History and English\r\n  Language.<\/span><\/p>\r\n  <p><span>&nbsp;<\/span><\/p>\r\n  <\/td>\r\n <\/tr>\r\n<\/tbody><\/table>","subjects":"History and any other two (2) subjects from Arts and Social Sciences.","institutions_list":"AEFUNA"},{"id":"29280","title":"HUMAN NUTRITION AND DIETETICS","de_requirements":"","utme_requirements":"","subjects":"","institutions_list":"AEFUNA"},{"id":"9206","title":"IGBO","de_requirements":"<p><span>(i)<span>&nbsp;&nbsp;&nbsp;&nbsp;&nbsp;&nbsp;\r\n<\/span><\/span><span>Two (2) \u2018A\u2019 Level passes in Igbo and one&nbsp; (1) Arts\/Social Sciences subject.<\/span><\/p><p><span>&nbsp;<\/span><\/p><p>\r\n\r\n\r\n\r\n<span>(ii)\r\nNCE in Igbo and one Arts subject.<\/span><br><\/p>","utme_requirements":"<p><span>Five\r\n(5) SSC credit passes to include Igbo, English Language and any other Arts\r\nsubject.<\/span><\/p>","subjects":"Igbo and two (2) subjects from Arts and Social Sciences.","institutions_list":"AEFUNA"},{"id":"9208","title":"ISLAMIC STUDIES","de_requirements":"<p><span>Two\r\n(2) \u2018A\u2019 level passes to include Islamic Studies.<\/span><\/p>","utme_requirements":"<p><span>Five\r\n(5) SSC credit passes to include English Language and Islamic Studies or Arabic\r\nand any three (3) relevant subjects.<\/span><\/p>","subjects":"Islamic Studies plus two (2) other Arts subjects.","institutions_list":"AEFUNA"},{"id":"23595","title":"LAW","de_requirements":"<p>\r\n\r\n<\/p><p><span>(i)<span>&nbsp;&nbsp;&nbsp; <\/span>Two (2)'A' Level passes in\r\nArts or Social Science subjects.<\/span><\/p>\r\n\r\n<span>(ii)<span>&nbsp;&nbsp; <\/span>NCE\/ND\/First Degree (Second Class Lower).<\/span>","utme_requirements":"<p>\r\n\r\n<\/p><p><span>Five (5)'O' Level\r\ncredit passes to include English Language, Literature in<span> <\/span>English and Mathematics.<\/span><\/p>\r\n\r\n","subjects":"<p>\r\n\r\n<\/p><p><span>Any three (3) Arts or Social Science subjects.<\/span><\/p>\r\n\r\n","institutions_list":"AEFUNA"},{"id":"9194","title":"LIBRARY AND INFORMATION SCIENCE","de_requirements":"<p>\r\n\r\n<\/p><div>\r\n\r\n<table>\r\n <tbody><tr>\r\n  <td>\r\n  <p><span>(i)\r\n  Two (2)'A' Level passes in relevant subjects.<\/span><\/p>\r\n  <\/td>\r\n <\/tr>\r\n<\/tbody><\/table>\r\n\r\n<\/div>\r\n\r\n<span>(ii)\r\nNCE\/ND in relevant subject\/programmes<\/span>","utme_requirements":"<p>\r\n\r\n<\/p><div>\r\n\r\n<table>\r\n <tbody><tr>\r\n  <td>\r\n  <p><span>Five\r\n  (5)SSC credit passes including English Language and Mathematics.<\/span><\/p>\r\n  <\/td>\r\n <\/tr>\r\n<\/tbody><\/table>\r\n\r\n<\/div>\r\n\r\n","subjects":"Any three (3) Arts or Social Science subjects","institutions_list":"AEFUNA"},{"id":"9212","title":"LINGUISTICS","de_requirements":"<p><span><span><\/span><span>NCE, JUPEB, Diploma in relevant Discipline.<\/span><\/span><\/p>","utme_requirements":"<p><span>Credit passes in English Language, Mathematics,\r\nLiterature in English and two (2) other Arts or Social Science Subjects.<\/span><\/p>","subjects":"<span>Use of English, Literature and two (2) other relevant\r\nArts subjects<\/span>","institutions_list":"AEFUNA"},{"id":"23597","title":"LINGUISTICS (ENGLISH)","de_requirements":"<p>\r\n\r\n<\/p><p><span>Two (2) \u2018A\u2019 Level passes to include\r\nLiterature in English and one other Arts subject.<\/span><\/p>\r\n\r\n","utme_requirements":"<p><span>Five (5) SSC credit passes to include Literature in\r\nEnglish and English Language.<\/span><\/p>","subjects":"<p><span>Any three (3) subjects from Arts or Social Science.<\/span><\/p>","institutions_list":"AEFUNA"},{"id":"23598","title":"LINGUISTICS (FRENCH)","de_requirements":"<p>\r\n\r\n<\/p><p><span>Two (2) \u2018A\u2019 Level passes including French\r\nand one other Arts subject.<\/span><\/p>\r\n\r\n","utme_requirements":"<p>\r\n\r\n<\/p><p><span>Five (5) SSC credit passes including French\r\nand English Language plus one other Arts subject.<\/span><\/p>\r\n\r\n","subjects":"<p>\r\n\r\n<\/p><p><span>French and any other two (2) subjects from\r\nArts and Social Sciences.<\/span><\/p>\r\n\r\n","institutions_list":"AEFUNA"},{"id":"23596","title":"LINGUISTICS (IGBO)","de_requirements":"<p>\r\n\r\n<\/p><p><span><span>(i)<span>&nbsp;&nbsp;&nbsp;&nbsp;&nbsp;&nbsp; <\/span><\/span><\/span><span>Two (2) \u2018A\u2019 Level passes in Igbo and one<span>&nbsp; <\/span>(1) Arts\/Social Sciences subject.<\/span><\/p>\r\n\r\n<p><span>&nbsp;<\/span><\/p>\r\n\r\n<p><span>(ii) NCE in Igbo and one Arts subject.<\/span><\/p>\r\n\r\n","utme_requirements":"<p>\r\n\r\n<\/p><p><span>Five (5) SSC credit passes to include Igbo,\r\nEnglish Language and any other Arts subject.<\/span><\/p>\r\n\r\n","subjects":"<p>\r\n\r\n<\/p><p><span>Igbo and two (2)\r\nsubjects from Arts and Social Sciences.<\/span><\/p>\r\n\r\n","institutions_list":"AEFUNA"},{"id":"9222","title":"MASS COMMUNICATION","de_requirements":"<p><p><span>Two (2) \u2018A\u2019 Level passes in Arts or social Science Subjects (including Literature in English)<\/span><\/p><span><\/span><\/p>","utme_requirements":"<p><\/p><p><p><span>Five (5) SSCE credit passes including English and Literature in English and any other three subjects.<\/span><\/p>&nbsp; <span><\/span><\/p>","subjects":"Any three (3) from Arts or Social Science subjects.","institutions_list":"AEFUNA"},{"id":"9218","title":"MATHEMATICS","de_requirements":"<p><span>) Two\r\n(2) 'A' Level passes in Mathematics and any other science subject.<\/span><\/p><p>\r\n\r\n<span>(ii)&nbsp;&nbsp;&nbsp;&nbsp;&nbsp;&nbsp;&nbsp;&nbsp;&nbsp;&nbsp; NCE merit in Mathematics and one (1)\r\nof Physics, Chemistry or Economics<\/span><br><\/p>","utme_requirements":"<p><span>Five (5) SSC credit passes including English Language, Mathematics and\r\nPhysics or Chemistry.<\/span><\/p>","subjects":"Mathematics and any two (2) of Physics, Chemistry and Economics or Geography.","institutions_list":"AEFUNA"},{"id":"9237","title":"MECHANICAL ENGINEERING","de_requirements":"<p>\r\n\r\n<\/p><p><span><span><span><span>&nbsp;<\/span><\/span>i.<span>&nbsp;&nbsp;&nbsp;&nbsp;&nbsp;\r\n<\/span><\/span><\/span><span>Very good passes in three (3)\r\nJUPEB\/A-Level Subjects: Physics, Mathematics, Chemistry. <\/span><\/p>\r\n\r\n<p><span><span>ii.<span>&nbsp;&nbsp;&nbsp;&nbsp;&nbsp;\r\n<\/span><\/span><\/span><span>HND\/ND Upper credit or A\/level\r\nCambridge.<\/span><\/p>\r\n\r\n<span>iii. Candidate\r\nmust satisfy the O\u2019 level requirements. <\/span>","utme_requirements":"<p><span>Credit Passes in English Language, Mathematics,\r\nPhysics, Chemistry, and Biology or its equivalent.<\/span><\/p>","subjects":"<span>Use of English, Mathematics, Physics, Chemistry.<span>&nbsp; <\/span><\/span>","institutions_list":"AEFUNA"},{"id":"29283","title":"MECHANICAL TECHNOLOGY EDUCATION","de_requirements":"","utme_requirements":"","subjects":"","institutions_list":"AEFUNA"},{"id":"9238","title":"MECHATRONICS ENGINEERING","de_requirements":"<p>\r\n\r\n<\/p><p><span><span><span><span>&nbsp;<\/span><\/span>i.<span>&nbsp;&nbsp;&nbsp;&nbsp;&nbsp;\r\n<\/span><\/span><\/span><span>Very good passes in three (3)\r\nJUPEB\/A-Level Subjects: Physics, Mathematics, Chemistry.<\/span><\/p>\r\n\r\n<p><span><span>ii.<span>&nbsp;&nbsp;&nbsp;&nbsp;&nbsp;\r\n<\/span><\/span><\/span><span>HND\/ND Upper credit or A\/level\r\nCambridge.<\/span><\/p>\r\n\r\n","utme_requirements":"<p><span>Credit in English language, Mathematics, Physics,\r\nChemistry, and Biology or its equivalent.<\/span><\/p>","subjects":"<span>Use of English, Mathematics, Physics, Chemistry.<\/span>","institutions_list":"AEFUNA"},{"id":"29278","title":"MEDICAL LABORATORY SCIENCE","de_requirements":"","utme_requirements":"","subjects":"","institutions_list":"AEFUNA"},{"id":"9187","title":"MEDICINE AND SURGERY","de_requirements":"\r\n\r\n<p><span><span><span>&nbsp;&nbsp;&nbsp;&nbsp;&nbsp;&nbsp;&nbsp;&nbsp;\r\n<\/span>i.<span>&nbsp;&nbsp;&nbsp; &nbsp;&nbsp;\r\n<\/span><\/span><\/span><br><span>\r\n\r\n<\/span><\/p><p><span><span><span>&nbsp;&nbsp;&nbsp;&nbsp;&nbsp;&nbsp;&nbsp;&nbsp;\r\n<\/span>i.<span>&nbsp;&nbsp;&nbsp;&nbsp;&nbsp;&nbsp;&nbsp;&nbsp;<span>&nbsp;<\/span><span> i <\/span>&nbsp;\r\n<\/span><\/span><\/span><span>Minimum of 14 points pass in JUPEB\r\nExamination (From AE-FUNAI only) in addition to O\u2019 level subjects.<\/span><\/p>\r\n\r\n<span>ii&nbsp; Minimum\r\nof second class upper (2:1) result for first-degree holders in relevant\r\ndisciplines in addition to O\u2019 level subjects and NYSC discharge certificate.<\/span><p><span><br><\/span><\/p><div><span><br><\/span><\/div><p><span><\/span><\/p>","utme_requirements":"<span>Credit passes in English language, Mathematics,\r\nPhysics, Biology, and Chemistry. <b>(All\r\nobtained in one sitting only)<\/b><\/span>","subjects":"<span>&nbsp;<\/span>\r\n\r\n<span>Use\r\nof English, Biology, Physics, Chemistry.<\/span>","institutions_list":"AEFUNA"},{"id":"9220","title":"MICROBIOLOGY","de_requirements":"<p><span>HND, OND, NCE, A-Level<\/span><\/p>","utme_requirements":"<p><span>Credit passes in English Language, Mathematics,\r\nBiology, Chemistry, and Physics<\/span><\/p>","subjects":"<span>Use of English, Biology, Chemistry, and\r\nPhysics\/Mathematics<\/span>","institutions_list":"AEFUNA"},{"id":"9221","title":"MOLECULAR BIOLOGY","de_requirements":"<p><span>Two (2) 'A' Level passes in Chemistry and any one (1) from Biology,\r\nZoology or Botany.<\/span><\/p>","utme_requirements":"<p><span>Five (5) SSC credit passes in English Language, Mathematics, Chemistry,\r\nBiology and Physics.<\/span><\/p>","subjects":"Biology, Chemistry and either Physics or Mathematics.","institutions_list":"AEFUNA"},{"id":"9215","title":"MUSIC","de_requirements":"<p><span>Merit pass in NCE (Music Double or Single Major), OND\r\nin Music from any recognized institutions, Diploma in Music from any recognized\r\nUniversities, JUPEB and any other relevant qualifications as approved by the\r\ndepartment.<\/span><\/p>","utme_requirements":"<p><span>Credit passes in English Language, Mathematics and any\r\nthree (3) Arts, Science and Social science subjects.<\/span><\/p>","subjects":"<span>Use of English, any three (3) of Arts, Social Science\r\nand Science subjects.<\/span>","institutions_list":"AEFUNA"},{"id":"9211","title":"NIGERIAN LANGUAGES","de_requirements":"<p><span>Two (2)\r\n'A' Level passes in Literature in English and any other Arts subject.<\/span><\/p>","utme_requirements":"<p><span>Five (5)\r\nSSC credit passes including English Language and Literature in English.<\/span><\/p>","subjects":"Literature in English, one other Arts subject and another Arts or Social Science subject.","institutions_list":"AEFUNA"},{"id":"29279","title":"NURSING SCIENCE","de_requirements":"","utme_requirements":"","subjects":"","institutions_list":"AEFUNA"},{"id":"9234","title":"PETROLEUM ENGINEERING","de_requirements":"<p><span>'A'\r\nLevel passes to include Physics, Chemistry and Mathematics.<\/span><\/p>","utme_requirements":"<p><span>Five\r\n(5) SSC credits to include Physics, Chemistry, Mathematics, English Language\r\nand any one Science subject.<\/span><\/p>","subjects":"Chemistry, Mathematics and Physics","institutions_list":"AEFUNA"},{"id":"9216","title":"PHILOSOPHY","de_requirements":"<p><span><br><\/span><\/p>","utme_requirements":"<p><span>Credit passes in English Language, Mathematics, and any\r\nthree (3) Arts or Social Science Subjects.<\/span><\/p>","subjects":"<span>Use of English and any three (3) subjects<\/span>","institutions_list":"AEFUNA"},{"id":"9202","title":"PHYSICAL AND HEALTH EDUCATION","de_requirements":"<div>\r\n\r\n<table>\r\n <tbody><tr>\r\n  <td>\r\n\r\n<p><span><span>i.<span>&nbsp;&nbsp;&nbsp;&nbsp;&nbsp;&nbsp;&nbsp;&nbsp;&nbsp;&nbsp;&nbsp;\r\n<\/span><\/span><\/span><span>A pass at merit level in relevant\r\nDiploma program with SSCE requirements.<\/span><\/p>\r\n\r\n<p><span><span>ii.<span>&nbsp;&nbsp;&nbsp;&nbsp;&nbsp;&nbsp;&nbsp;&nbsp;&nbsp;\r\n<\/span><\/span><\/span><span>Advanced level passes in 2 relevant\r\nsubjects with SSCE requirements.<\/span><\/p>\r\n\r\n<p><span><span>iii.<span>&nbsp;&nbsp;&nbsp;&nbsp;&nbsp;&nbsp;&nbsp;\r\n<\/span><\/span><\/span><span>NCE with at least merit pass in 2\r\nrelevant subjects or a double major subject with SSCE requirements.<\/span><\/p>\r\n\r\n<p><span><span>iv.<span>&nbsp;&nbsp;&nbsp;&nbsp;&nbsp;&nbsp;&nbsp;\r\n<\/span><\/span><\/span><span>IJMB passes in 2 relevant subjects with\r\nSSCE requirements.<\/span><\/p>\r\n\r\n<p><span><span>v.<span>&nbsp;&nbsp;&nbsp;&nbsp;&nbsp;&nbsp;&nbsp;&nbsp;&nbsp;\r\n<\/span><\/span><\/span><span>Any other equivalent qualifications\r\nwith SSCE.<\/span><\/p>\r\n\r\n<span>vi&nbsp; Any\r\nother equivalent qualifications as maybe determined by the Department.<\/span><p><span><\/span><\/p>\r\n  <\/td>\r\n <\/tr>\r\n<\/tbody><\/table>\r\n\r\n<\/div>","utme_requirements":"<div>\r\n\r\n<table>\r\n <tbody><tr>\r\n  <td><span>Credit Passes in English Language, Mathematics,\r\nBiology\/Health Science\/Physical &amp; Health Education and any two subjects\r\nfrom Home Economics, Agric Science, Chemistry, Physics, Agricultural Science,\r\nCivic Education, and Economics.<\/span><p><span><\/span><\/p>\r\n  <\/td>\r\n <\/tr>\r\n<\/tbody><\/table>\r\n\r\n<\/div>","subjects":"<span>Use of English, Health Science\/Physical &amp; Health\r\nEducation\/Biology and any two subjects from Chemistry, Physics, Agricultural\r\nScience and Civic Education. <\/span>","institutions_list":"AEFUNA"},{"id":"9198","title":"PHYSICS","de_requirements":"<p><span>ND, NCE, JUPEB<\/span><\/p>","utme_requirements":"<p><span>Credit Passes in English language, Mathematics,\r\nPhysics, Biology, and Chemistry<\/span><\/p>","subjects":"<span>Use of English, Mathematics, Physics, and Chemistry or\r\nBiology<\/span>","institutions_list":"AEFUNA"},{"id":"9189","title":"PHYSIOLOGY","de_requirements":"<p><p>\r\n\r\n<\/p><p><span><span><span><span>&nbsp;<\/span><\/span>i.<span>&nbsp;&nbsp;&nbsp;&nbsp;&nbsp;\r\n<\/span><\/span><\/span><span>HSC (High School College).<\/span><\/p>\r\n\r\n<p><span><span>ii.<span>&nbsp;&nbsp;&nbsp;&nbsp;&nbsp;\r\n<\/span><\/span><\/span><span>G.C.E. A level with credit in Biology,\r\nChemistry, and Physics.<\/span><\/p>\r\n\r\n<p><span><span>iii.<span>&nbsp;&nbsp;&nbsp;&nbsp;&nbsp;\r\n<\/span><\/span><\/span><span>A credit pass in A level in either\r\nJUPEB or IJAMB in physics, Chemistry, and Biology.<\/span><\/p>iv&nbsp;&nbsp;&nbsp;&nbsp; <span>In\r\naddition to all the above a credit pass in all the required O\u2019 level subjects is <\/span><span>needed.<\/span><\/p>","utme_requirements":"<p><span><span><\/span><span>Credit passes in English Language, Mathematics,\r\nPhysics, Biology, and Chemistry. <b>(All\r\nobtained in one sitting only)<\/b><\/span>.<\/span><br><\/p>","subjects":"<span>Use of English, Biology, Physics, and Chemistry.<\/span>","institutions_list":"AEFUNA"},{"id":"9190","title":"PHYSIOTHERAPY","de_requirements":"<p><span>Two (2) \u2018A\u2019 Level passes\r\nchosen from Physics, Chemistry and Biology.<\/span><\/p>","utme_requirements":"<p><span>Five (5) SSC credit passes\r\nin English Language, Maths, Biology, Physics and Chemistry.<\/span><\/p>","subjects":"Physics, Chemistry and Biology.","institutions_list":"AEFUNA"},{"id":"9227","title":"POLITICAL SCIENCE","de_requirements":"<p><\/p><p><p><span>Two (2) A Level passes including Government or History or Civic Education<\/span><span><\/span><\/p><span><\/span><\/p>","utme_requirements":"<p><\/p><p><p><span>Five (5) SSCE Credit passes in English Language, Mathematics, Government or History or Civic Education, and three (2) other subjects. <\/span><\/p><span><\/span><\/p>","subjects":"<p><span>Government or History or Civic Education plus two (2) other Social Sciences\/Arts Subjects<\/span><\/p>","institutions_list":"AEFUNA"},{"id":"9228","title":"PSYCHOLOGY","de_requirements":"<p><p><span>Two (2) A-Level subject passes in Arts and Social Sciences. In addition, the candidate must possess a credit pass in O-Level Biology<\/span><\/p><\/p>","utme_requirements":"<p><p><span>Five (5) credit passes including; English Language, Mathematics, Biology, and any two (2) other subjects in Arts and Social Sciences<\/span><\/p><\/p>","subjects":"Any three (3) subjects from Arts or Social Science","institutions_list":"AEFUNA"},{"id":"29277","title":"PUBLIC ADMINISTRATION","de_requirements":"","utme_requirements":"","subjects":"","institutions_list":"AEFUNA"},{"id":"9232","title":"QUANTITY SURVEYING","de_requirements":"<p><span>(i)<span>&nbsp;&nbsp;&nbsp;&nbsp;&nbsp;&nbsp;\r\n<\/span><\/span><span>Two (2) 'A' Level\r\npasses chosen from Mathematics or Physics and Chemistry, Geography or Fine\r\nArts.<\/span><\/p><p>\r\n\r\n<span>ND\/HND\r\nupper credits in relevant field.<\/span><br><\/p>","utme_requirements":"<table>\r\n <tbody><tr>\r\n  <td>\r\n  <p><span>Five (5) SSC credit passes in English\r\n  Language, Mathematics, Physics, Chemistry and any of Fine Art, Geography or\r\n  Wood Work, Biology, Economics, Technical Drawing, Further. Mathematics.,\r\n  Introduction to Building Construction, Bricklaying\/Block laying, Concreting,\r\n  Wall, Floors and Ceiling Finishing, Joinery, Carpentary, Decorative Painting,\r\n  Lining, Sign and Design, Wall Hanging, Colour Mixing\/Matching and Glazing,\r\n  Ceramics, Graphics Design, Graphic Printing, Basic Electricity.<\/span><\/p>\r\n  <p><span>&nbsp;<\/span><\/p>\r\n  <\/td>\r\n <\/tr>\r\n<\/tbody><\/table>","subjects":"Physics, Mathematics, and any of Chemistry, Geography, Art, Biology and Economics.","institutions_list":"AEFUNA"},{"id":"9217","title":"RELIGIOUS STUDIES","de_requirements":"<p><span>Two (2) \u2018A\u2019 Level subjects to include Religious Studies\r\n(CRS\/IRS).<\/span><\/p>","utme_requirements":"<p><span>Five (5) SSC credit passes to include English Language and\r\nCRS\/IRS.<\/span><\/p>","subjects":"CRS\/IRS and any other two (2) subjects.","institutions_list":"AEFUNA"},{"id":"9229","title":"SOCIOLOGY","de_requirements":"<p><\/p><p><p><span>Two Advance Level Credit Passes in Government and any other Social Science subject in addition to the stipulated five credit passes basic requirement at O\u2019Level<\/span><span><\/span><\/p><span><\/span><\/p>","utme_requirements":"<p><\/p><p><p><span>Five (5) SSC<\/span><span>E<\/span><span>&nbsp;Credit passes in English Language<\/span><span>&nbsp;Mathematics, Government\/Economics, Geography and any other two (2) Subjects <\/span><\/p><span><\/span><\/p>","subjects":"<p><span>Government, Economics and any other Art or Social Science Subjects<\/span><\/p>","institutions_list":"AEFUNA"},{"id":"9209","title":"STATISTICS","de_requirements":"<p><span><\/span><\/p>","utme_requirements":"<p><span>Credit Passes in English Language, Mathematics,\r\nPhysics, Chemistry, Economics and\/or Geography<\/span><\/p>","subjects":"<span>Use of English, Mathematics, Physics,\r\nChemistry\/Economics<\/span>","institutions_list":"AEFUNA"},{"id":"9233","title":"SURVEYING AND GEOINFORMATICS","de_requirements":"<p><span>(i)<span>&nbsp;&nbsp;&nbsp;&nbsp;&nbsp;&nbsp;\r\n<\/span><\/span><span>Two (2) 'A' Level\r\npasses chosen from Mathematics or Physics and Chemistry, Geography or Fine\r\nArts.<\/span><\/p><p>\r\n\r\n<span>ND\/HND\r\nupper credits in relevant field.<\/span><br><\/p>","utme_requirements":"<table>\r\n <tbody><tr>\r\n  <td>\r\n  <p><span>Five (5) SSC credit passes in English\r\n  Language, Mathematics, Physics, Chemistry and any of Fine Art, Geography or\r\n  Wood Work, Biology, Economics, Technical Drawing, Further. Mathematics.,\r\n  Introduction to Building Construction, Bricklaying\/Block laying, Concreting,\r\n  Wall, Floors and Ceiling Finishing, Joinery, Carpentary, Decorative Painting,\r\n  Lining, Sign and Design, Wall Hanging, Colour Mixing\/Matching and Glazing,\r\n  Ceramics, Graphics Design, Graphic Printing, Basic Electricity.<\/span><\/p>\r\n  <p><span>&nbsp;<\/span><\/p>\r\n  <\/td>\r\n <\/tr>\r\n<\/tbody><\/table>","subjects":"Physics, Mathematics, and any of Chemistry, Geography, Art, Biology and Economics.","institutions_list":"AEFUNA"},{"id":"9196","title":"VISUAL & APPLIED ARTS","de_requirements":"<p><span>(i)<span>&nbsp;&nbsp;&nbsp;&nbsp;&nbsp;&nbsp;&nbsp;&nbsp;\r\n<\/span><\/span><span>Two\r\n(2) \u2018A\u2019 Level passes in Arts or Fine Arts and any other subject.<\/span><\/p><p>\r\n\r\n<span>ND upper credit HND lower\r\ncredit from recognised institutions.<\/span><br><\/p>","utme_requirements":"<p><span>Five\r\n(5) SSC credit passes to include English Language and Fine Arts.<\/span><\/p><p><span>For holders of NTC, the relevant subjects could\r\nbe General Wood work, Building\/Engineering Drawing, Introduction to Building\r\nConstruction; Decorative Painting; Spray Painting, Lining, Sign and Design;\r\nWall hanging, Colour Mixing\/Matching and Glazing; Printing Origination; Machine\r\nPrinting and Finishing; General Metal Work, Basic Electricity, Spinning,\r\nWeaving, Surface Design and Printing; Bleaching, Dyeing and Finishing; Graphic\r\nDesign; Graphic<\/span><\/p><p>\r\n\r\n\r\n\r\n<\/p><p><span>Printing\r\nand Ceramics.&nbsp;<\/span><\/p>","subjects":"Fine Arts and two (2) other Arts subjects or Social Science subjects. ","institutions_list":"AEFUNA"},{"id":"29285","title":"WOODWORK TECHNOLOGY EDUCATION","de_requirements":"","utme_requirements":"","subjects":"","institutions_list":"AEFUNA"},{"id":"9214","title":"ZOOLOGY","de_requirements":"<p><span>Two (2) 'A' Level passes or NCE in Biology, Zoology or Botany and one\r\nother Science subject<\/span><\/p>","utme_requirements":"<p><span>Five (5) SSC credit passes in English Language, Mathematics, Biology and\r\ntwo (2) other Science subject.<\/span><\/p>","subjects":"Biology and any two (2) of Physics, Chemistry and Mathematics.","institutions_list":"AEFUNA"}]