[{"id":"9304","title":"ACCOUNTING & FINANCE","de_requirements":"<p>\r\n\r\n<\/p><div>\r\n\r\n<table>\r\n <tbody><tr>\r\n  <td>\r\n  <table>\r\n <tbody><tr>\r\n  <td>\r\n  <p><span>1.Two [2] A level passes including <\/span><\/p>\r\n  <p><span>&nbsp;&nbsp;&nbsp;\r\n  Economics\/Accounting and one other relevant subject<\/span><\/p>\r\n  <p><span>&nbsp;2. ND\/HND lower credit in accounting\r\n  and other related disciplines from accredited institutions. <\/span><\/p>\r\n  <p><span>3. ICAN [ATS], ICAN [ACA] and other equivalent\r\n  certifications <\/span><\/p>\r\n  <\/td>\r\n <\/tr>\r\n<\/tbody><\/table><p><br><\/p>\r\n  <\/td>\r\n <\/tr>\r\n<\/tbody><\/table>\r\n\r\n<\/div>\r\n\r\n","utme_requirements":"<p>\r\n\r\n<\/p><div>\r\n\r\n<table>\r\n <tbody><tr>\r\n  <td>\r\n  <table>\r\n <tbody><tr>\r\n  <td>\r\n  <p><span>1.Two [2] A level passes including <\/span><\/p>\r\n  <p><span>&nbsp;&nbsp;&nbsp;\r\n  Economics\/Accounting and one other relevant subject<\/span><\/p>\r\n  <p><span>&nbsp;2. ND\/HND lower credit in accounting\r\n  and other related disciplines from accredited institutions. <\/span><\/p>\r\n  <p><span>3. ICAN [ATS], ICAN [ACA] and other equivalent\r\n  certifications <\/span><\/p>\r\n  <\/td>\r\n <\/tr>\r\n<\/tbody><\/table><p><br><\/p>\r\n  <\/td>\r\n <\/tr>\r\n<\/tbody><\/table>\r\n\r\n<\/div>\r\n\r\n","subjects":"<table>\r\n <tbody><tr>\r\n  <td>\r\n  <p><span>1.\r\n  Mathematics<b><span><\/span><\/b><\/span><\/p>\r\n  <p><span>2. English\r\n  Language<\/span><\/p>\r\n  <p><span>3. Economics<\/span><\/p>\r\n  <p><span>4. And one\r\n  UTME Subject from Social Science or Arts.<\/span><span><\/span><\/p>\r\n  <\/td>\r\n <\/tr>\r\n<\/tbody><\/table>","institutions_list":"FED-OTUOKE"},{"id":"28060","title":"ANATOMY","de_requirements":"<p><span>Two\r\n[2] \u2018A\u2019 level passes in Chemistry and any one from Biology, Zoology or Botany<\/span><br><\/p>","utme_requirements":"<ol><li><span>English<\/span><\/li><li><span>Biology<\/span><\/li><li><span> Chemistry<\/span><\/li><li><span> Mathematics <\/span><\/li><li><span>Physics<\/span><br><\/li><\/ol>","subjects":"<p><span>English,\r\nBiology, Chemistry and Physics&nbsp;<\/span><br><\/p>","institutions_list":"FED-OTUOKE"},{"id":"9309","title":"BANKING & FINANCE","de_requirements":"<p>\r\n\r\n<\/p><div>\r\n\r\n<table>\r\n <tbody><tr>\r\n  <td>\r\n  <table>\r\n <tbody><tr>\r\n  <td>\r\n  <p><span>1.Two [2] A level passes including <\/span><\/p>\r\n  <p><span>&nbsp;&nbsp;&nbsp;\r\n  Economics\/Accounting and one other relevant subject<\/span><\/p>\r\n  <p><span>&nbsp;2. ND\/HND lower credit in\r\n  Banking and Finance and other related disciplines from accredited\r\n  institutions. <\/span><\/p>\r\n  <p><span>3.\r\n  ICAN [ATS], ICAN [ACA] and other equivalent certifications <\/span><\/p>\r\n  <\/td>\r\n <\/tr>\r\n<\/tbody><\/table><p><br><\/p><\/td><\/tr><\/tbody><\/table><\/div>","utme_requirements":"<table>\r\n <tbody><tr>\r\n  <td>\r\n  <p><span>Five SSCE\r\n  credits in<\/span><\/p>\r\n  <p><span>1. English\r\n  Language<br>\r\n  2. Mathematics<br>\r\n  3. Economics<\/span><\/p>\r\n  <p><span>4. And t<\/span><\/p>\r\n  <p><span>wo other Arts\r\n  or Social Science subjects<\/span><span><\/span><\/p>\r\n  <\/td>\r\n <\/tr>\r\n<\/tbody><\/table>","subjects":"<table>\r\n <tbody><tr>\r\n  <td>\r\n  <p><span>1. English\r\n  Language<br>\r\n  2. Mathematics<br>\r\n  3. Economics<\/span><\/p>\r\n  <p><span>4. And one\r\n  UTME Subject from Social Science or Arts<\/span><span><\/span><\/p>\r\n  <\/td>\r\n <\/tr>\r\n<\/tbody><\/table>","institutions_list":"FED-OTUOKE"},{"id":"9311","title":"BIOCHEMISTRY","de_requirements":"<p><span>Two (2) 'A' Level passes chosen from Chemistry, Mathematics, Physics and\r\nBiology.<\/span><\/p><p><span><o>&nbsp;<\/o:p><\/span><\/p><p>\r\n\r\n\r\n\r\n<\/p><table>\r\n <tbody><tr>\r\n  <td>\r\n  <p><span>1. Two \u2018A\u2019 level passes\r\n  from Chemistry, Mathematics, Physics and Biology. <\/span><\/p>\r\n  <p><span>2. NCE\/ND\/HND at lower\r\n  credit in <b>Biochemistry and<\/b> related disciplines from accredited\r\n  institutions. &nbsp;<\/span><\/p>\r\n  <\/td>\r\n <\/tr>\r\n<\/tbody><\/table><p><br><\/p>","utme_requirements":"<table>\r\n <tbody><tr>\r\n  <td>\r\n  <p><span>Five SSCE\r\n  credits in<\/span><\/p>\r\n  <p><span>1.\r\n  Mathematics<b><span><\/span><\/b><\/span><\/p>\r\n  <p><span>2. English\r\n  Language<\/span><\/p>\r\n  <p><span>3. Physics<\/span><\/p>\r\n  <p><span>4. Chemistry<\/span><\/p>\r\n  <p><span>5. Biology<\/span><\/p>\r\n  <\/td>\r\n <\/tr>\r\n<\/tbody><\/table><p><br><\/p>","subjects":"<table>\r\n <tbody><tr>\r\n  <td>\r\n  <p><span>1. English\r\n  Language<\/span><\/p>\r\n  <p><span>2. Biology<\/span><\/p>\r\n  <p><span>3. Chemistry<\/span><\/p>\r\n  <p><span>4. Any other\r\n  UTME Subject from: Mathematics\/Physics<\/span><\/p>\r\n  <\/td>\r\n <\/tr>\r\n<\/tbody><\/table>","institutions_list":"FED-OTUOKE"},{"id":"9325","title":"BIOLOGY","de_requirements":"<table>\r\n <tbody><tr>\r\n  <td>\r\n  <p><span>1. Two A, level passes from Biology and Chemistry <\/span><\/p>\r\n  <p><span><o>&nbsp;<\/o:p><\/span><\/p>\r\n  <p><span>2. NCE\/ND\/HND at lower credit in <b>Biology and<\/b> related\r\n  disciplines from accredited institutions.&nbsp;\r\n  <\/span><\/p>\r\n  <\/td>\r\n <\/tr>\r\n<\/tbody><\/table><p><br><\/p>","utme_requirements":"<table>\r\n <tbody><tr>\r\n  <td>\r\n  <p><span>Five SSCE\r\n  credits in<\/span><\/p>\r\n  <p><span>1.\r\n  Mathematics<b><span><\/span><\/b><\/span><\/p>\r\n  <p><span>2. English\r\n  Language<\/span><\/p>\r\n  <p><span>3. Physics<\/span><\/p>\r\n  <p><span>4. Chemistry<\/span><\/p>\r\n  <p><span>5. Biology<\/span><\/p>\r\n  <\/td>\r\n <\/tr>\r\n<\/tbody><\/table><p><br><\/p>","subjects":"<table>\r\n <tbody><tr>\r\n  <td>\r\n  <p><span>1. English\r\n  Language<\/span><\/p>\r\n  <p><span>2. Biology<\/span><\/p>\r\n  <p><span>3. Chemistry<\/span><\/p>\r\n  <p><span>4. Any other\r\n  UTME Subject from: Mathematics\/Physics<\/span><\/p>\r\n  <\/td>\r\n <\/tr>\r\n<\/tbody><\/table>","institutions_list":"FED-OTUOKE"},{"id":"9305","title":"BUSINESS ADMINISTRATION","de_requirements":"<p>\r\n\r\n<\/p><div>\r\n\r\n<table>\r\n <tbody><tr>\r\n  <td>\r\n  <table>\r\n <tbody><tr>\r\n  <td>\r\n  <p><span>1.Two [2] A level passes including <\/span><\/p>\r\n  <p><span>&nbsp;&nbsp;&nbsp;\r\n  Economics\/Accounting and one other relevant subject<\/span><\/p>\r\n  <p><span>&nbsp;2. ND\/HND lower credit in <b>Business\r\n  Administration<\/b> and other related disciplines from accredited\r\n  institutions. <\/span><\/p>\r\n  <p><span>3. ICAN [ATS], ICAN [ACA] and other equivalent\r\n  certifications <\/span><\/p>\r\n  <\/td>\r\n <\/tr>\r\n<\/tbody><\/table><p><br><\/p>\r\n  <\/td>\r\n <\/tr>\r\n<\/tbody><\/table>\r\n\r\n<\/div>\r\n\r\n","utme_requirements":"<p>\r\n\r\n<\/p><div>\r\n\r\n<table>\r\n <tbody><tr>\r\n  <td>\r\n  <table>\r\n <tbody><tr>\r\n  <td>\r\n  <p><span>Five SSCE\r\n  credits in<\/span><\/p>\r\n  <p><span>1. English\r\n  Language<br>\r\n  2. Mathematics<br>\r\n  3. Economics<\/span><\/p>\r\n  <p><span>4. And two\r\n  other Arts or Social Science subjects<\/span><\/p>\r\n  <\/td>\r\n <\/tr>\r\n<\/tbody><\/table><p><br><\/p>\r\n  <\/td>\r\n <\/tr>\r\n<\/tbody><\/table>\r\n\r\n<\/div>\r\n\r\n","subjects":"<table>\r\n <tbody><tr>\r\n  <td>\r\n  <p><span>1. English\r\n  Language<br>\r\n  2. Mathematics<br>\r\n  3. Economics<\/span><\/p>\r\n  <p><span>4. Any other\r\n  UTME Subject from Social Science or Arts<\/span><\/p>\r\n  <\/td>\r\n <\/tr>\r\n<\/tbody><\/table>","institutions_list":"FED-OTUOKE"},{"id":"9332","title":"BUSINESS EDUCATION","de_requirements":"<table>\r\n <tbody><tr>\r\n  <td>\r\n  <p><span>1. Two \u2018A\u2019 level passes in Economics and one [1] other relevant\r\n  subject<\/span><\/p>\r\n  <p><span><o>&nbsp;<\/o:p><\/span><\/p>\r\n  <p><span>2. NCE\/ND\/HND Lower credit in Business Education, Business\r\n  Administration and other related disciplines<\/span><span> from accredited institutions.<\/span><\/p><\/td><\/tr><\/tbody><\/table><div><br><\/div>","utme_requirements":"<table>\r\n <tbody><tr>\r\n  <td>\r\n  <p><span>Five SSCE credits\r\n  in<\/span><\/p>\r\n  <p><span>1. English Language<br>\r\n  2. Economics<\/span><\/p>\r\n  <p><span>3. Mathematics<\/span><\/p>\r\n  <p><span>4. And two other subjects in the Social Science or\r\n  Arts\/Humanities<\/span><\/p>\r\n  <\/td>\r\n <\/tr>\r\n<\/tbody><\/table><p><br><\/p><p><br><\/p>","subjects":"<table>\r\n <tbody><tr>\r\n  <td>\r\n  <p><span>1. English Language<br>\r\n  2. Economics<br>\r\n  3. Mathematics<\/span><\/p>\r\n  <p><span>4. And any other UTME Subject(s) from Science,\r\n  Social Science or Arts<\/span><span>\/Humanities <\/span><span><\/span><\/p>\r\n  <\/td>\r\n <\/tr>\r\n<\/tbody><\/table>","institutions_list":"FED-OTUOKE"},{"id":"9306","title":"CHEMICAL ENGINEERING","de_requirements":"<table>\r\n <tbody><tr>\r\n  <td>\r\n  <p><span>1. Two A level passes in Chemistry, and Physics\/ Mathematics\r\n  <\/span><\/p>\r\n  <p><span><o>&nbsp;<\/o:p><\/span><\/p>\r\n  <p><span>2. ND\/HND at lower credit level in Chemical\r\n  Engineering and other related disciplines from accredited institutions.<\/span><\/p>\r\n  <\/td>\r\n <\/tr>\r\n<\/tbody><\/table>","utme_requirements":"<table>\r\n <tbody><tr>\r\n  <td>\r\n  <p><span>Five SSCE\r\n  credits in<\/span><\/p>\r\n  <p><span>1. English\r\n  Language<br>\r\n  2. Mathematics<br>\r\n  3. Physics <\/span><\/p>\r\n  <p><span>4.\r\n  Chemistry&nbsp; <\/span><\/p>\r\n  <p><span>5, And\r\n  one&nbsp; other Science subject<\/span><\/p>\r\n  <\/td>\r\n <\/tr>\r\n<\/tbody><\/table>","subjects":"<table>\r\n <tbody><tr>\r\n  <td>\r\n  <p><span>1. English\r\n  Language<br>\r\n  2. Mathematics<br>\r\n  3. Physics <\/span><\/p>\r\n  <p><span>4. And\r\n  Chemistry <\/span><\/p>\r\n  <\/td>\r\n <\/tr>\r\n<\/tbody><\/table>","institutions_list":"FED-OTUOKE"},{"id":"9317","title":"CHEMISTRY","de_requirements":"<table>\r\n <tbody><tr>\r\n  <td>\r\n  <p><span>1. Two A, level passes from Chemistry, Physics and Biology, <\/span><\/p>\r\n  <p><span><o>&nbsp;<\/o:p><\/span><\/p>\r\n  <p><span>2. NCE\/ND\/HND at lower credit in C<b>hemistry and<\/b> related\r\n  disciplines from accredited institutions.&nbsp;\r\n  <\/span><\/p>\r\n  <\/td>\r\n <\/tr>\r\n<\/tbody><\/table><p><br><\/p>","utme_requirements":"<table>\r\n <tbody><tr>\r\n  <td>\r\n  <p><span>Five SSCE\r\n  credits in<\/span><\/p>\r\n  <p><span>1.\r\n  Mathematics<b><span><\/span><\/b><\/span><\/p>\r\n  <p><span>2. English\r\n  Language<\/span><\/p>\r\n  <p><span>3. Chemistry<\/span><\/p>\r\n  <p><span>4. Physics<\/span><\/p>\r\n  <p><span>5. Biology<\/span><\/p>\r\n  <\/td>\r\n <\/tr>\r\n<\/tbody><\/table><p><br><\/p>","subjects":"<table>\r\n <tbody><tr>\r\n  <td>\r\n  <p><span>1. English\r\n  Language<\/span><\/p>\r\n  <p><span>2. Chemistry<\/span><\/p>\r\n  <p><span>3. Physics<\/span><\/p>\r\n  <p><span>4. Any other\r\n  UTME Subject from: Biology\/Mathematics<\/span><\/p>\r\n  <\/td>\r\n <\/tr>\r\n<\/tbody><\/table>","institutions_list":"FED-OTUOKE"},{"id":"9307","title":"CIVIL ENGINEERING","de_requirements":"<table>\r\n <tbody><tr>\r\n  <td>\r\n  <p><span>1. Two &nbsp;\u2018A\u2019\r\n  level passes in Physics and Mathematics <\/span><\/p>\r\n  <p><span><o>&nbsp;<\/o:p><\/span><\/p>\r\n  <p><span>2. ND\/HND lower credit in Civil Engineering and\r\n  other relevant disciplines from accredited institutions.<\/span><\/p>\r\n  <\/td>\r\n <\/tr>\r\n<\/tbody><\/table>","utme_requirements":"<table>\r\n <tbody><tr>\r\n  <td>\r\n  <p><span>Five SSCE\r\n  credits in<\/span><\/p>\r\n  <p><span>1. English\r\n  Language<br>\r\n  2. Mathematics<br>\r\n  3. Physics <\/span><\/p>\r\n  <p><span>4.\r\n  Chemistry&nbsp; <\/span><\/p>\r\n  <p><span>5, And\r\n  one&nbsp; other Science or Social Science subject<\/span><\/p>\r\n  <\/td>\r\n <\/tr>\r\n<\/tbody><\/table>","subjects":"<table>\r\n <tbody><tr>\r\n  <td>\r\n  <p><span>1. English\r\n  Language<br>\r\n  2. Mathematics<br>\r\n  3. Physics <\/span><\/p>\r\n  <p><span>4. And\r\n  Chemistry <\/span><\/p>\r\n  <\/td>\r\n <\/tr>\r\n<\/tbody><\/table>","institutions_list":"FED-OTUOKE"},{"id":"9324","title":"COMPUTER SCIENCE & INFORMATICS","de_requirements":"<table>\r\n <tbody><tr>\r\n  <td>\r\n  <p><span>1. Two A Level passes in science\r\n  subjects to include Mathematics <\/span><\/p>\r\n  <p><span><o>&nbsp;<\/o:p><\/span><\/p>\r\n  <p><span>2. NCE\/ND\/HND at lower credit in Computer Science<b>\r\n  and<\/b> related disciplines from accredited institutions.&nbsp; <\/span><\/p>\r\n  <\/td>\r\n <\/tr>\r\n<\/tbody><\/table><p><br><\/p>","utme_requirements":"<table>\r\n <tbody><tr>\r\n  <td>\r\n  <p><span>Five SSCE\r\n  credits in<\/span><\/p>\r\n  <p><span>1.\r\n  Mathematics<\/span><\/p>\r\n  <p><span>2. English\r\n  Language<\/span><\/p>\r\n  <p><span>3. Physics<\/span><\/p>\r\n  <p><span>4. Chemistry<\/span><\/p>\r\n  <p><span>5. And one\r\n  other O Level Subject from:<\/span><\/p>\r\n  <p><span>Computer\r\n  Studies\/Agricultural Science\/Further Mathematics, Biology and Data Processing<\/span><\/p>\r\n  <\/td>\r\n <\/tr>\r\n<\/tbody><\/table><p><br><\/p>","subjects":"<table>\r\n <tbody><tr>\r\n  <td>\r\n  <p><span>1.\r\n  Mathematics<\/span><\/p>\r\n  <p><span>2. English\r\n  Language<\/span><\/p>\r\n  <p><span>3. Physics<\/span><\/p>\r\n  <p><span>4. Any other\r\n  UTME Subject from:<\/span><\/p>\r\n  <p><span>Biology\/Chemistry\/Geography\/Agricultural\r\n  Science\/Economics<\/span><\/p>\r\n  <p><span><o>&nbsp;<\/o:p><\/span><\/p>\r\n  <\/td>\r\n <\/tr>\r\n<\/tbody><\/table>","institutions_list":"FED-OTUOKE"},{"id":"28062","title":"CRIMINOLOGY AND SECURITY STUDIES","de_requirements":"<p><span>Two <\/span><span>[2]<\/span><span> \u2018A\u2019 level passes in the\r\nSocial Science subjects<\/span><br><\/p>","utme_requirements":"<ol><li><span>English<\/span><\/li><li><span> Mathematics,<\/span><\/li><li><span>Government\/History\/Economics, <\/span><\/li><li><span>one Science&nbsp;<\/span>Subject<\/li><li>\r\nand any Social Science subject<br><\/li><\/ol>","subjects":"<p><span>English,\r\nGovernment\/History plus two [2] other Social Sciences\/ Art subjects<\/span><br><\/p>","institutions_list":"FED-OTUOKE"},{"id":"28057","title":"CYBER SECURITY","de_requirements":"<p><span>1. Two [2] \u2018A\u2019 level passes in\r\nScience subjects including Mathematics <\/span><\/p><p><span>&nbsp;<\/span><\/p><p><span>2. NCE with at least Merit in\r\nMathematics and one [1] other Science or Social Science subject<\/span><\/p><p><span>&nbsp;<\/span><\/p><p>\r\n\r\n\r\n\r\n\r\n\r\n\r\n\r\n<span>3. ND\/HND in Computer Science at lower credit<\/span><br><\/p>","utme_requirements":"<ol><li><span>English<\/span><\/li><li><span> Mathematics,<\/span><\/li><li><span>Physics <\/span><\/li><li><span>plus two [2] other Science subjects<\/span><br><\/li><\/ol>","subjects":"<p><span>English,\r\nMathematics, Physics and one [1] of Biology, Chemistry, Agric. Science.\r\nEconomics and Geography<\/span><br><\/p>","institutions_list":"FED-OTUOKE"},{"id":"9318","title":"ECONOMICS & DEVELOPMENT STUDIES","de_requirements":"<table>\r\n <tbody><tr>\r\n  <td>\r\n  <p><span>Two \u2018A\u2019\r\n  level passes in <\/span><\/p>\r\n  <p><span>Economics and any one of Mathematics, Statistics,\r\n  Geography, <\/span><\/p>\r\n  <p><span> Physics,  Chemistry, Agric. Science,\r\n  Accounting, Business Management, History and Government. <\/span><\/p>\r\n  <p><span>HND\/NCE\/ND at lower\r\n  credit in Economics and Development Studies and &nbsp;related disciplines from accredited\r\n  institutions.&nbsp; <\/span><\/p>\r\n  <\/td>\r\n <\/tr>\r\n<\/tbody><\/table><p><br><\/p>","utme_requirements":"<table>\r\n <tbody><tr>\r\n  <td>\r\n  <p><span>Five SSCE\r\n  credits in<\/span><\/p>\r\n  <p><span>1. Mathematics<\/span><\/p>\r\n  <p><span>2. English\r\n  Language<\/span><\/p>\r\n  <p><span>3. Economics<\/span><\/p>\r\n  <p><span>4. And two\r\n  other subjects, one [1] of which could be a Science subject<\/span><\/p>\r\n  <\/td>\r\n <\/tr>\r\n<\/tbody><\/table><p><br><\/p>","subjects":"<table>\r\n <tbody><tr>\r\n  <td>\r\n  <p><span>1.\r\n  Mathematics<b><span><\/span><\/b><\/span><\/p>\r\n  <p><span>2. English\r\n  Language<\/span><\/p>\r\n  <p><span>3. Economics<\/span><\/p>\r\n  <p><span>4. And one\r\n  UTME Subject from Arts or Social Science<\/span><\/p>\r\n  <\/td>\r\n <\/tr>\r\n<\/tbody><\/table>","institutions_list":"FED-OTUOKE"},{"id":"9310","title":"EDUCATION & CHEMISTRY","de_requirements":"\r\n\r\n<table>\r\n <tbody><tr>\r\n  <td>\r\n  <table>\r\n <tbody><tr>\r\n  <td>\r\n  <p><span><o>&nbsp;<\/o:p><\/span><\/p>\r\n  <p><span>1.<span>&nbsp;&nbsp;&nbsp;&nbsp;&nbsp;\r\n  <\/span><\/span><span>Two \u2018A\u2019 level passes\r\n  to include Chemistry and one [1] other Science subject<\/span><\/p>\r\n  <p><span><o>&nbsp;<\/o:p><\/span><\/p>\r\n  <p><span>2.<span>&nbsp;&nbsp;&nbsp;&nbsp;&nbsp;\r\n  <\/span><\/span><span>NCE\/ND\/HND Lower\r\n  credit in <\/span><b><span>Chemistry\r\n  <\/span><\/b><span>Education, and other related disciplines<\/span><span> from accredited institutions.<\/span><span><\/span><\/p>\r\n  <\/td>\r\n <\/tr>\r\n<\/tbody><\/table><p><br><\/p>\r\n  <\/td>\r\n <\/tr>\r\n<\/tbody><\/table>\r\n\r\n","utme_requirements":"\r\n\r\n<table>\r\n <tbody><tr>\r\n  <td>\r\n  <table>\r\n <tbody><tr>\r\n  <td>\r\n  <p><span><o>&nbsp;<\/o:p><\/span><\/p>\r\n  <p><span>1.<span>&nbsp;&nbsp;&nbsp;&nbsp;&nbsp;\r\n  <\/span><\/span><span>Two \u2018A\u2019 level passes\r\n  to include Chemistry and one [1] other Science subject<\/span><\/p>\r\n  <p><span><o>&nbsp;<\/o:p><\/span><\/p>\r\n  <p><span>2.<span>&nbsp;&nbsp;&nbsp;&nbsp;&nbsp;\r\n  <\/span><\/span><span>NCE\/ND\/HND Lower\r\n  credit in <\/span><b><span>Chemistry\r\n  <\/span><\/b><span>Education, and other related disciplines<\/span><span> from accredited institutions.<\/span><span><\/span><\/p>\r\n  <\/td>\r\n <\/tr>\r\n<\/tbody><\/table><p><br><\/p>\r\n  <\/td>\r\n <\/tr>\r\n<\/tbody><\/table>\r\n\r\n","subjects":"<table>\r\n <tbody><tr>\r\n  <td>\r\n  <p><span><o>&nbsp;<\/o:p><\/span><\/p>\r\n  <p><span>1. English\r\n  Language <\/span><\/p>\r\n  <p><span>2. Chemistry\r\n  and <\/span><\/p>\r\n  <p><span>3. Any two\r\n  of: Agricultural Science, Biology, Mathematics, Physics<\/span><span><\/span><\/p>\r\n  <p><span><o>&nbsp;<\/o:p><\/span><\/p>\r\n  <\/td>\r\n <\/tr>\r\n<\/tbody><\/table>","institutions_list":"FED-OTUOKE"},{"id":"9315","title":"EDUCATION & HISTORY","de_requirements":"\r\n\r\n<table>\r\n <tbody><tr>\r\n  <td>\r\n  <table>\r\n <tbody><tr>\r\n  <td>\r\n  <p><span>1.<span>&nbsp;&nbsp;&nbsp;&nbsp;&nbsp;\r\n  <\/span><\/span><span>Two \u2018A\u2019 level\r\n  passes to include History and one [1] other relevant Arts subject<\/span><\/p>\r\n  <p><span>2.<span>&nbsp;&nbsp;&nbsp;&nbsp;&nbsp;\r\n  <\/span><\/span><span>NCE\/ND\/HND Lower\r\n  credit in History<\/span><b><span> <\/span><\/b><span>Education, and other related disciplines<\/span><span> from accredited institutions.<\/span><span><\/span><\/p>\r\n  <p><span><o>&nbsp;<\/o:p><\/span><\/p>\r\n  <\/td>\r\n <\/tr>\r\n<\/tbody><\/table><p><br><\/p>\r\n  <\/td>\r\n <\/tr>\r\n<\/tbody><\/table>\r\n\r\n","utme_requirements":"\r\n\r\n<table>\r\n <tbody><tr>\r\n  <td>\r\n  <table>\r\n <tbody><tr>\r\n  <td>\r\n  <p><span>Five SSCE\r\n  credits in<\/span><\/p>\r\n  <p><span>1. English\r\n  Language<\/span><\/p>\r\n  <p><span>2. History\r\n  and\/or Government<\/span><\/p>\r\n  <p><span>3. Mathematics<\/span><\/p>\r\n  <p><span>4. And two\r\n  other subjects in the Social Science or Arts<\/span><span><\/span><\/p>\r\n  <\/td>\r\n <\/tr>\r\n<\/tbody><\/table><p><br><\/p>\r\n  <\/td>\r\n <\/tr>\r\n<\/tbody><\/table>\r\n\r\n","subjects":"<table>\r\n <tbody><tr>\r\n  <td>\r\n  <p><span>1. English\r\n  Language<\/span><\/p>\r\n  <p><span>2. History\/\r\n  Government<b><span><\/span><\/b><\/span><\/p>\r\n  <p><span>3. Any two\r\n  Subjects from CRK, Islamic Studies, Lit. in English, French, Yoruba, Igbo,\r\n  Hausa, <\/span><\/p>\r\n  <p><span><o>&nbsp;<\/o:p><\/span><\/p>\r\n  <\/td>\r\n <\/tr>\r\n<\/tbody><\/table>","institutions_list":"FED-OTUOKE"},{"id":"9312","title":"EDUCATION & MATHEMATICS","de_requirements":"\r\n\r\n<table>\r\n <tbody><tr>\r\n  <td>\r\n  <table>\r\n <tbody><tr>\r\n  <td>\r\n  <p><span>1. &nbsp;Two\r\n  \u2018A\u2019 level passes in Mathematics and one [1] other relevant Science subject<\/span><\/p>\r\n  <p><span>2. NCE\/ND\/HND Lower credit in Mathematics<\/span><b><span> <\/span><\/b><span>Education,\r\n  and other related disciplines<\/span><span> from accredited institutions.<\/span><span><\/span><\/p>\r\n  <\/td>\r\n <\/tr>\r\n<\/tbody><\/table><\/td><\/tr><\/tbody><\/table><br>\r\n\r\n","utme_requirements":"\r\n\r\n<table>\r\n <tbody><tr>\r\n  <td>\r\n  <table>\r\n <tbody><tr>\r\n  <td>\r\n  <p><span>Five SSCE\r\n  credits in<\/span><\/p>\r\n  <p><span>1. English Language<br>\r\n  2. Mathematics<\/span><\/p>\r\n  <p><span>3. And three\r\n  other Science subjects <\/span><\/p>\r\n  <p><span><o>&nbsp;<\/o:p><\/span><\/p><\/td><\/tr><\/tbody><\/table><p><br><\/p>\r\n  <\/td>\r\n <\/tr>\r\n<\/tbody><\/table>\r\n\r\n","subjects":"<table>\r\n <tbody><tr>\r\n  <td>\r\n  <p><span>1. English\r\n  Language<br>\r\n  2. Mathematics<\/span><\/p>\r\n  <p><span>3. Any two\r\n  UTME Subject(s) from: <br>\r\n  Agricultural Science\/Biology\/Chemistry\/Further Mathematics\/Physics<\/span><span><\/span><\/p>\r\n  <\/td>\r\n <\/tr>\r\n<\/tbody><\/table>","institutions_list":"FED-OTUOKE"},{"id":"9316","title":"EDUCATION & PHYSICS","de_requirements":"\r\n\r\n<table>\r\n <tbody><tr>\r\n  <td>\r\n  <p><span>1. Two \u2018A\u2019 level passes in Physics and One (1) relevant Science subject<\/span><\/p><p><span>2. NCE\/ND\/HND Lower credit in&nbsp;<\/span><span><span>Physics&nbsp;<\/span><\/span><span>Education, and other related disciplines<\/span><span>&nbsp;from accredited institutions.<\/span><\/p><p><span><br><\/span><\/p><p><span><br><\/span><br><\/p>\r\n  <\/td>\r\n <\/tr>\r\n<\/tbody><\/table>\r\n\r\n","utme_requirements":"<table>\r\n <tbody><tr>\r\n  <td>\r\n  <table>\r\n <tbody><tr>\r\n  <td>\r\n  <p><span>Five SSCE\r\n  credits in<\/span><\/p>\r\n  <p><span>1. English\r\n  Language<\/span><\/p>\r\n  <p><span>2. Mathematics<b><span><\/span><\/b><\/span><\/p>\r\n  <p><span>2. Physics<\/span><\/p>\r\n  <p><span>4. And any\r\n  other two Science subjects<\/span><span><\/span><\/p>\r\n  <\/td>\r\n <\/tr>\r\n<\/tbody><\/table>\r\n  <\/td>\r\n <\/tr>\r\n<\/tbody><\/table><p><br><\/p>","subjects":"<table>\r\n <tbody><tr>\r\n  <td>\r\n  <p><b><span><br>\r\n  <\/span><\/b><span>1.\r\n  Mathematics<\/span><\/p>\r\n  <p><span>2. English\r\n  Language<\/span><\/p>\r\n  <p><span>3. Physics<\/span><\/p>\r\n  <p><span>4. And one\r\n  other Science subject<\/span><span><\/span><\/p>\r\n  <\/td>\r\n <\/tr>\r\n<\/tbody><\/table>","institutions_list":"FED-OTUOKE"},{"id":"28046","title":"EDUCATION AND BIOLOGY","de_requirements":"<p><span>NCE\/A\u2019 Level passes in Biology and\r\none other Science subject<\/span><\/p>","utme_requirements":"<ol><li><span>English<\/span><\/li><li><span> Mathematics<\/span><\/li><li><span> Biology<\/span><\/li><li><span>Chemistry <\/span><\/li><li><span>and Physics<\/span><br><\/li><\/ol>","subjects":"<p><span>English,\r\nBiology, Chemistry and Physics<\/span><br><\/p>","institutions_list":"FED-OTUOKE"},{"id":"28047","title":"EDUCATION AND COMPUTER SCIENCE","de_requirements":"<p><span>1. Two [2] \u2018A\u2019 level passes or\r\nequivalent in Physics and Mathematics.<\/span><\/p><p><span>&nbsp;<\/span><\/p><p>\r\n\r\n\r\n\r\n<span>2. N\/D in Computer Science or Credit\/Merit Pass\r\nin NCE in Computer Education or Physics Education<\/span><br><\/p>","utme_requirements":"<ol><li><span>English<\/span><\/li><li><span> Mathematics<\/span><\/li><li><span>Physics <\/span><\/li><li><span>plus two [2] other Science subjects.<\/span><br><\/li><\/ol>","subjects":"<p><span>English,\r\nMathematics, Physics and one [1] of Biology, Chemistry, Agric. Science,\r\nEconomics and Geography<\/span><br><\/p>","institutions_list":"FED-OTUOKE"},{"id":"28048","title":"EDUCATION AND ECONOMICS","de_requirements":"<p><span>Two\r\n[2] relevant \u2018A\u2019 level passes or NCE<\/span><br><\/p>","utme_requirements":"<p><span>English,\r\nMathematics, Economics and at least two [2] other relevant subjects from\r\nCommerce, Government and Accounting<\/span><br><\/p>","subjects":"<p><span>English,\r\nMathematics, Economics and any of Government, History, Geography, Literature in\r\nEnglish, Commerce, Geography<\/span><br><\/p>","institutions_list":"FED-OTUOKE"},{"id":"28050","title":"EDUCATION AND ENGLISH LANGUAGE","de_requirements":"<p>Two [2]\r\nrelevant \u2018A\u2019 level passes or NCE<\/p>","utme_requirements":"<ol><li><p>&nbsp;English, Lit. in English and three [3] other\r\nArts or Social Science subject<\/p>\r\n\r\n<p><o>&nbsp;<\/o:p><\/p><\/li><\/ol>","subjects":"<p>English, <\/p><p>Literature\r\nin English, <\/p><p>one [1]\r\nother Arts subject <\/p><p>\r\n\r\n\r\n\r\n\r\n\r\n<\/p><p>and another\r\nArts or Social Science subject<\/p>","institutions_list":"FED-OTUOKE"},{"id":"9329","title":"ELECTRICAL\/ELECTRONICS ENGINEERING","de_requirements":"<table>\r\n <tbody><tr>\r\n  <td>\r\n  <p><span>1. Two A level passes in Physics, Mathematics or\r\n  Chemistry<\/span><\/p>\r\n  <p><span><o>&nbsp;<\/o:p><\/span><\/p>\r\n  <p><span>2, ND\/HND in Elect. \/Elect. Engineering at lower\r\n  credit and other related discipline from accredited institutions.<\/span><\/p>\r\n  <\/td>\r\n <\/tr>\r\n<\/tbody><\/table><p><br><\/p>","utme_requirements":"<table>\r\n <tbody><tr>\r\n  <td>\r\n  <p><span>Five SSCE\r\n  credits in<\/span><\/p>\r\n  <p><span>1. English\r\n  Language<br>\r\n  2. Mathematics<br>\r\n  3. Physics <\/span><\/p>\r\n  <p><span>4.\r\n  Chemistry&nbsp; <\/span><\/p>\r\n  <p><span>5, And\r\n  one&nbsp; other Science subject<\/span><\/p>\r\n  <\/td>\r\n <\/tr>\r\n<\/tbody><\/table><p><br><\/p>","subjects":"<table>\r\n <tbody><tr>\r\n  <td>\r\n  <p><span>1. English\r\n  Language<br>\r\n  2. Mathematics<br>\r\n  3. Physics <\/span><\/p>\r\n  <p><span>4. And\r\n  Chemistry <\/span><\/p>\r\n  <\/td>\r\n <\/tr>\r\n<\/tbody><\/table>","institutions_list":"FED-OTUOKE"},{"id":"9314","title":"ENGLISH LANGUAGE & COMMUNICATION STUDIES","de_requirements":"<table>\r\n <tbody><tr>\r\n  <td>\r\n  <p><span>1. Two \u2018A\u2019 level passes or equivalent in Arts\/ Humanities subjects.<\/span><\/p>\r\n  <p><span><o>&nbsp;<\/o:p><\/span><\/p>\r\n  <p><span>2.&nbsp; NCE\/ND\/HND at lower credit\r\n  level in <b>English and Communication Studies <\/b>and other related\r\n  disciplines from accredited institutions. <\/span><\/p>\r\n  <p><span><o>&nbsp;<\/o:p><\/span><\/p>\r\n  <\/td>\r\n <\/tr>\r\n<\/tbody><\/table><p><br><\/p>","utme_requirements":"<table>\r\n <tbody><tr>\r\n  <td>\r\n  <p><span>Five SSCE\r\n  credits in<\/span><\/p>\r\n  <p><span>1. English\r\n  Language<\/span><\/p>\r\n  <p><span>2. Literature\r\n  in English<\/span><\/p>\r\n  <p><span>3.\r\n  Mathematics<b><span><\/span><\/b><\/span><\/p>\r\n  <p><span>4. And two\r\n  other Arts or Social Science subjects<\/span><\/p>\r\n  <\/td>\r\n <\/tr>\r\n<\/tbody><\/table><p><br><\/p>","subjects":"<table>\r\n <tbody><tr>\r\n  <td>\r\n  <p><span>1. English\r\n  Language<\/span><\/p>\r\n  <p><span>2. Literature\r\n  in English<\/span><\/p>\r\n  <p><span>3. Any two\r\n  UTME Subject(s) from Arts and\/or Social Science<\/span><\/p>\r\n  <\/td>\r\n <\/tr>\r\n<\/tbody><\/table>","institutions_list":"FED-OTUOKE"},{"id":"9326","title":"ENTREPRENEURSHIP","de_requirements":"<table>\r\n <tbody><tr>\r\n  <td>\r\n  <p><span>1.Two [2] A level passes including <\/span><\/p>\r\n  <p><span>&nbsp;&nbsp;&nbsp;\r\n  Economics\/Accounting and one other relevant subject<\/span><\/p>\r\n  <p><span>&nbsp;2. ND\/HND lower credit in<b>\r\n  Entrepreneurship<\/b> and other related disciplines from accredited\r\n  institutions. <\/span><\/p>\r\n  <p><span>3. ICAN [ATS], ICAN [ACA] and other equivalent\r\n  certifications <\/span><\/p>\r\n  <\/td>\r\n <\/tr>\r\n<\/tbody><\/table><p><br><\/p>","utme_requirements":"<table>\r\n <tbody><tr>\r\n  <td>\r\n  <p><span>Five SSCE\r\n  credits in<\/span><\/p>\r\n  <p><span>1. English\r\n  Language<br>\r\n  2. Mathematics<br>\r\n  3. Economics<\/span><\/p>\r\n  <p><span>4. And two\r\n  other Arts or Social Science subjects<\/span><\/p>\r\n  <\/td>\r\n <\/tr>\r\n<\/tbody><\/table><p><br><\/p>","subjects":"<table>\r\n <tbody><tr>\r\n  <td>\r\n  <p><span>1. English\r\n  Language<br>\r\n  2. Mathematics<br>\r\n  3. Economics<\/span><\/p>\r\n  <p><span>4. And one\r\n  UTME Subject from Social Science or Arts<\/span><\/p>\r\n  <\/td>\r\n <\/tr>\r\n<\/tbody><\/table>","institutions_list":"FED-OTUOKE"},{"id":"28059","title":"ENVIRONMENTAL MANAGEMENT AND TOXICOLOGY","de_requirements":"<p><span>Two\r\n[2] \u2018A\u2019 level passes in Geography and one [1] other Science subject<\/span><br><\/p>","utme_requirements":"<ol><li>English<\/li><li>Mathematics<\/li><li>Biology<\/li><li>Chemistry<\/li><li>Physics<\/li><\/ol>","subjects":"<p><span>English,\r\nBiology, Chemistry and Physics or Mathematics<\/span><br><\/p>","institutions_list":"FED-OTUOKE"},{"id":"28058","title":"GEOLOGY","de_requirements":"<p><span>Two\r\n[2] \u2018A\u2019 level passes in Mathematics and Physics<\/span><br><\/p>","utme_requirements":"<ol><li><span>English<\/span><\/li><li><span>Mathematics<\/span><\/li><li><span>Physics<\/span><\/li><li><span>Chemistry <\/span><\/li><li><span>and one [1] other Science subject from Further\r\nMathematics, Biology or Agric. Science<\/span><br><\/li><\/ol>","subjects":"<p><span>English,\r\nMathematics, Physics and Chemistry or Biology<\/span><br><\/p>","institutions_list":"FED-OTUOKE"},{"id":"27163","title":"HISTORY AND INTERNATIONAL STUDIES","de_requirements":"<table>\r\n <tbody><tr>\r\n  <td>\r\n  <p><span>Two 'A' level passes in Social Science subject from\r\n  Government\/History, Economics and Sociology<\/span><\/p>\r\n  <\/td>\r\n <\/tr>\r\n<\/tbody><\/table>","utme_requirements":"<table>\r\n <tbody><tr>\r\n  <td>\r\n  <p><span>Five SSCE\r\n  credits in<\/span><\/p>\r\n  <p><span>1. English\r\n  Language<\/span><\/p>\r\n  <p><span>2.\r\n  Mathematics<b><span><\/span><\/b><\/span><\/p>\r\n  <p><span>3. History\r\n  and\/or Government<\/span><\/p>\r\n  <p><span>4. And two\r\n  other Arts or Social Science subjects<\/span><\/p>\r\n  <\/td>\r\n <\/tr>\r\n<\/tbody><\/table>","subjects":"<table>\r\n <tbody><tr>\r\n  <td>\r\n  <p><span>1. English\r\n  Language<\/span><\/p>\r\n  <p><span>2. Any 3 UTME\r\n  Subject(s) from:<\/span><\/p>\r\n  <p><span>a. Any one of\r\n  \/History\/Government<\/span><\/p>\r\n  <p><span>b. Any two\r\n  from Arts and\/or Social Science<\/span><\/p>\r\n  <\/td>\r\n <\/tr>\r\n<\/tbody><\/table>","institutions_list":"FED-OTUOKE"},{"id":"28054","title":"JOURNALISM AND MEDIA STUDIES","de_requirements":"<table>\r\n <tbody><tr>\r\n  <td>\r\n  <p><span>Two\r\n  [2] \u2018A\u2019 level passes or equivalent in Arts\/Humanities subjects<\/span><\/p>\r\n  <\/td>\r\n <\/tr>\r\n<\/tbody><\/table>","utme_requirements":"<ol><li><span>English<\/span><\/li><li><span> Lit. in English <\/span><\/li><li><span>and three [3] other Arts or Social Sciences subjects<\/span><br><\/li><\/ol>","subjects":"<table>\r\n <tbody><tr>\r\n  <td>\r\n  <p><span>English,\r\n  Literature in English, one [1] other Arts Subject and another Arts or Social\r\n  Science subject<\/span><span><\/span><\/p>\r\n  <\/td>\r\n <\/tr>\r\n<\/tbody><\/table>","institutions_list":"FED-OTUOKE"},{"id":"28045","title":"LAW","de_requirements":"","utme_requirements":"","subjects":"","institutions_list":"FED-OTUOKE"},{"id":"28049","title":"LIBRARY AND INFORMATION SCIENCE","de_requirements":"<p><span>1.\r\nTwo <\/span><span>[2] \u2018A\u2019\r\n<\/span><span>level passes in Science subjects including\r\nMathematics<\/span><\/p><p><span>&nbsp;<\/span><\/p><p><span>2.\r\nNCE with at least Merit in Mathematics and one <\/span><span>[1]<\/span><span>\r\n<\/span><\/p><p>\r\n\r\n\r\n\r\n\r\n\r\n<\/p><p><span>other\r\nScience or Social Science subject<\/span><\/p>","utme_requirements":"<ol><li><span>English<\/span><\/li><li><span>Mathematics <\/span><\/li><li><span>and other three [3] Social Science, Arts or Science subject<\/span><br><\/li><\/ol>","subjects":"<p>English,\r\nMathematics and other two [2] Social Science, Arts or Science subjects<\/p>","institutions_list":"FED-OTUOKE"},{"id":"28051","title":"LINGUISTICS","de_requirements":"<table><ol><li>\r\n <tbody><tr>\r\n  <td>\r\n  <p><span>Two\r\n  [2] \u2018A\u2019 level passes or equivalent in Arts\/Humanities subjects<\/span><\/p>\r\n  <\/td>\r\n <\/tr>\r\n<\/tbody><\/li><\/ol><\/table>","utme_requirements":"<ol><li><span>English<\/span><\/li><li><span> Lit. in English \\<\/span><\/li><li><span>and three [3] other Arts or Social Science subjects<\/span><br><\/li><\/ol>","subjects":"<p><span>English,\r\nLiterature in English, one [1] other Arts Subject and another Arts or Social\r\nScience subject<\/span><br><\/p>","institutions_list":"FED-OTUOKE"},{"id":"9308","title":"MARKETING","de_requirements":"<p>\r\n\r\n<\/p><div>\r\n\r\n<table>\r\n <tbody><tr>\r\n  <td>\r\n  <table>\r\n <tbody><tr>\r\n  <td>\r\n  <p><span>1.Two [2] A level passes including <\/span><\/p>\r\n  <p><span>&nbsp;&nbsp;&nbsp;\r\n  Economics\/Accounting and one other relevant subject<\/span><\/p>\r\n  <p><span>&nbsp;2. ND\/HND lower credit in<b> Marketing<\/b>\r\n  and other related disciplines from accredited institutions. <\/span><\/p>\r\n  <\/td>\r\n <\/tr>\r\n<\/tbody><\/table><p><br><\/p>\r\n  <\/td>\r\n <\/tr>\r\n<\/tbody><\/table>\r\n\r\n<\/div>\r\n\r\n","utme_requirements":"<p>\r\n\r\n<\/p><div>\r\n\r\n<table>\r\n <tbody><tr>\r\n  <td>\r\n  <table>\r\n <tbody><tr>\r\n  <td>\r\n  <p><span>Five SSCE\r\n  credits in<\/span><\/p>\r\n  <p><span>1. English\r\n  Language<br>\r\n  2. Mathematics<br>\r\n  3. Economics<b><span><\/span><\/b><\/span><\/p>\r\n  <p><span>4.\r\n  Commerce\/Marketing<br>\r\n  And any other Arts or Social Science subject.<\/span><\/p>\r\n  <\/td>\r\n <\/tr>\r\n<\/tbody><\/table><p><br><\/p>\r\n  <\/td>\r\n <\/tr>\r\n<\/tbody><\/table>\r\n\r\n<\/div>\r\n\r\n","subjects":"<table>\r\n <tbody><tr>\r\n  <td>\r\n  <p><span>1. English\r\n  Language<br>\r\n  2. Mathematics<br>\r\n  3. Economics<\/span><\/p>\r\n  <p><span>4. And one\r\n  UTME Subject from Social Science or Arts <\/span><\/p>\r\n  <\/td>\r\n <\/tr>\r\n<\/tbody><\/table>","institutions_list":"FED-OTUOKE"},{"id":"9320","title":"MATHEMATICS","de_requirements":"<table>\r\n <tbody><tr>\r\n  <td>\r\n  <p><span>1. Two 'A' level passes in Mathematics and Physics<\/span><\/p>\r\n  <p><span><o>&nbsp;<\/o:p><\/span><\/p>\r\n  <p><span>2.&nbsp;&nbsp;\r\n  NCE\/ND\/HND at lower credit in Mathematics or Statistics<b> and<\/b>\r\n  related disciplines from accredited institutions.&nbsp; <\/span><\/p>\r\n  <\/td>\r\n <\/tr>\r\n<\/tbody><\/table><p><br><\/p>","utme_requirements":"<table>\r\n <tbody><tr>\r\n  <td>\r\n  <p><span>Five SSCE\r\n  credits in<\/span><\/p>\r\n  <p><span>1. English\r\n  Language<b><span><\/span><\/b><\/span><\/p>\r\n  <p><span>2.\r\n  Mathematics<\/span><\/p>\r\n  <p><span>3. Physics<\/span><\/p>\r\n  <p><span>4. Chemistry<\/span><\/p>\r\n  <p><span>5. And one\r\n  other O Level Subject from:<\/span><\/p>\r\n  <p><span>Computer\r\n  Studies\/Agricultural Science\/Further Mathematics, Biology and Data Processing<\/span><\/p>\r\n  <\/td>\r\n <\/tr>\r\n<\/tbody><\/table><p><br><\/p>","subjects":"<table>\r\n <tbody><tr>\r\n  <td>\r\n  <p><span>1.\r\n  Mathematics<\/span><\/p>\r\n  <p><span>2. English\r\n  Language<\/span><\/p>\r\n  <p><span>3. Physics<\/span><\/p>\r\n  <p><span>4. Any one\r\n  UTME Subject from:<\/span><\/p>\r\n  <p><span>Chemistry\/Biology\/Economics\/\r\n  Agricultural Science\/Geography<\/span><\/p>\r\n  <\/td>\r\n <\/tr>\r\n<\/tbody><\/table>","institutions_list":"FED-OTUOKE"},{"id":"9323","title":"MATHEMATICS & STATISTICS","de_requirements":"<p><span>(i)&nbsp;&nbsp;&nbsp;&nbsp; Two\r\n(2) 'A' Level passes in Mathematics and either Physics or Chemistry<\/span><\/p><p>\r\n\r\n<span>(ii)&nbsp;&nbsp;&nbsp;&nbsp;&nbsp;&nbsp;&nbsp;&nbsp;&nbsp;&nbsp; NCE merit in Mathematics and either\r\nPhysics or Chemistry<\/span><br><\/p>","utme_requirements":"<p><span>Five (5) SSC credit passes to include English Language, Mathematics and\r\nat least three(3) of Physics, Chemistry, Biology and Additional\/Further\r\nMathematics.<\/span><\/p>","subjects":"Maths, Physics and Chemistry or Biology","institutions_list":"FED-OTUOKE"},{"id":"9330","title":"MECHANICAL ENGINEERING","de_requirements":"<table>\r\n <tbody><tr>\r\n  <td>\r\n  <p><span>1. Two A level passes from Physics, Mathematics or\r\n  Chemistry <\/span><\/p>\r\n  <p><span><o>&nbsp;<\/o:p><\/span><\/p>\r\n  <p><span>2. HND\/ND lower credit in Mechanical Engineering and\r\n  other related disciplines from accredited institutions. <\/span><\/p>\r\n  <\/td>\r\n <\/tr>\r\n<\/tbody><\/table><p><br><\/p>","utme_requirements":"<table>\r\n <tbody><tr>\r\n  <td>\r\n  <p><span>Five SSCE\r\n  credits in<\/span><\/p>\r\n  <p><span>1. English\r\n  Language<br>\r\n  2. Mathematics<br>\r\n  3. Physics <\/span><\/p>\r\n  <p><span>4.\r\n  Chemistry&nbsp; <\/span><\/p>\r\n  <p><span>5, And\r\n  one&nbsp; other Science subject<\/span><\/p>\r\n  <\/td>\r\n <\/tr>\r\n<\/tbody><\/table><p><br><\/p>","subjects":"<table>\r\n <tbody><tr>\r\n  <td>\r\n  <p><span>1. English\r\n  Language<br>\r\n  2. Mathematics<br>\r\n  3. Physics <\/span><\/p>\r\n  <p><span>4. And\r\n  Chemistry <\/span><\/p>\r\n  <\/td>\r\n <\/tr>\r\n<\/tbody><\/table>","institutions_list":"FED-OTUOKE"},{"id":"9331","title":"MECHATRONICS ENGINEERING","de_requirements":"<table>\r\n <tbody><tr>\r\n  <td>\r\n  <p><span>1. Two A level passes from Chemistry, Physics and\r\n  Mathematics <\/span><\/p>\r\n  <p><span><o>&nbsp;<\/o:p><\/span><\/p>\r\n  <p><span>2. ND\/HND at lower credit level in <b>Mechatronics\r\n  Engineering <\/b>and other related disciplines from accredited institutions.<\/span><\/p>\r\n  <\/td>\r\n <\/tr>\r\n<\/tbody><\/table><p><br><\/p>","utme_requirements":"<table>\r\n <tbody><tr>\r\n  <td>\r\n  <p><span>Five SSCE\r\n  credits in<\/span><\/p>\r\n  <p><span>1. English\r\n  Language<br>\r\n  2. Mathematics<br>\r\n  3. Physics <\/span><\/p>\r\n  <p><span>4.\r\n  Chemistry&nbsp; <\/span><\/p>\r\n  <p><span>5, And\r\n  one&nbsp; other Science subject<\/span><\/p>\r\n  <\/td>\r\n <\/tr>\r\n<\/tbody><\/table><p><br><\/p>","subjects":"<table>\r\n <tbody><tr>\r\n  <td>\r\n  <p><span>1. English\r\n  Language<br>\r\n  2. Mathematics<br>\r\n  3. Physics <\/span><\/p>\r\n  <p><span>4. And\r\n  Chemistry <\/span><\/p>\r\n  <\/td>\r\n <\/tr>\r\n<\/tbody><\/table>","institutions_list":"FED-OTUOKE"},{"id":"28044","title":"MEDICAL LABORATORY SCIENCE","de_requirements":"<p><span>\u2018A\u2019\r\nlevel passes to include Physics, Chemistry and Biology or Zoology<\/span><br><\/p>","utme_requirements":"<ol><li><span>English<\/span><\/li><li>Biology<\/li><li>Chemistry<\/li><li>Mathematics <\/li><li>and Physics<\/li><\/ol>","subjects":"<p><span>English,\r\nBiology, Chemistry and Physics&nbsp;<\/span><br><\/p>","institutions_list":"FED-OTUOKE"},{"id":"9321","title":"MICROBIOLOGY","de_requirements":"<table>\r\n <tbody><tr>\r\n  <td>\r\n  <p><span>1. Two \u2018A\u2019 level passes in\r\n  Chemistry and any one from Biology, Zoology or Botany. <\/span><\/p>\r\n  <p><span><o>&nbsp;<\/o:p><\/span><\/p>\r\n  <p><span>2.&nbsp;&nbsp;\r\n  NCE\/ND\/HND at lower credit &nbsp;in\r\n  Microbiology<b> and<\/b> related disciplines from accredited\r\n  institutions.&nbsp; <\/span><\/p>\r\n  <\/td>\r\n <\/tr>\r\n<\/tbody><\/table><p><br><\/p>","utme_requirements":"<table>\r\n <tbody><tr>\r\n  <td>\r\n  <p><span>Five SSCE\r\n  credits in<\/span><\/p>\r\n  <p><span>1.\r\n  Mathematics<b><span><\/span><\/b><\/span><\/p>\r\n  <p><span>2. English\r\n  Language<\/span><\/p>\r\n  <p><span>3. Chemistry<\/span><\/p>\r\n  <p><span>4. Physics<\/span><\/p>\r\n  <p><span>5. Biology<\/span><\/p>\r\n  <\/td>\r\n <\/tr>\r\n<\/tbody><\/table><p><br><\/p>","subjects":"<table>\r\n <tbody><tr>\r\n  <td>\r\n  <p><span>1. English\r\n  Language<br>\r\n  2. Chemistry<br>\r\n  3. Biology<\/span><\/p>\r\n  <p><span>4. Any other\r\n  UTME Subject from: Physics\/Mathematics<\/span><\/p>\r\n  <\/td>\r\n <\/tr>\r\n<\/tbody><\/table>","institutions_list":"FED-OTUOKE"},{"id":"28043","title":"NURSING SCIENCE","de_requirements":"<p><span>Two [2] \u2018A\u2019 level passes from\r\nBiology\/Zoology, Chemistry and Physics<\/span><\/p><p><span>&nbsp;<\/span><\/p><p>\r\n\r\n\r\n\r\n<span>NRN or its approved equivalent<\/span><br><\/p>","utme_requirements":"<ol><li><span>English<\/span><\/li><li><span>Biology<\/span><\/li><li><span>Chemistry<\/span><\/li><li><span>Mathematics<\/span><\/li><li><span> and Physics<\/span><br><\/li><\/ol>","subjects":"<p><span>English,\r\nBiology, Chemistry and Physics<\/span><br><\/p>","institutions_list":"FED-OTUOKE"},{"id":"9328","title":"PETROLEUM & GAS ENGINEERING","de_requirements":"<table>\r\n <tbody><tr>\r\n  <td>\r\n  <p><span>1. Two A level passes to include Chemistry, Physics\r\n  or Mathematics <\/span><\/p>\r\n  <p><span><o>&nbsp;<\/o:p><\/span><\/p>\r\n  <p><span>2. ND\/HND at lower credit level in <b>Petroleum and\r\n  Gas Engineering <\/b>and other related disciplines from accredited institutions.\r\n  <\/span><\/p>\r\n  <\/td>\r\n <\/tr>\r\n<\/tbody><\/table><p><br><\/p>","utme_requirements":"<table>\r\n <tbody><tr>\r\n  <td>\r\n  <p><span>Five SSCE\r\n  credits in<\/span><\/p>\r\n  <p><span>1. English\r\n  Language<br>\r\n  2. Mathematics<br>\r\n  3. Physics <\/span><\/p>\r\n  <p><span>4.\r\n  Chemistry&nbsp; <\/span><\/p>\r\n  <p><span>5, And\r\n  one&nbsp; other Science subject<\/span><\/p>\r\n  <\/td>\r\n <\/tr>\r\n<\/tbody><\/table><p><br><\/p>","subjects":"<table>\r\n <tbody><tr>\r\n  <td>\r\n  <p><span>1. English\r\n  Language<br>\r\n  2. Mathematics<br>\r\n  3. Physics <\/span><\/p>\r\n  <p><span>4. And\r\n  Chemistry <\/span><\/p>\r\n  <\/td>\r\n <\/tr>\r\n<\/tbody><\/table>","institutions_list":"FED-OTUOKE"},{"id":"28052","title":"PHILOSOPHY","de_requirements":"<p><span>Two <\/span><span>[2] \u2018A\u2019 <\/span><span>level passes in relevant\r\nsubjects<\/span><br><\/p>","utme_requirements":"<ol><li><span>English<\/span><\/li><li><span>Mathematics,&nbsp;<\/span><\/li><li><span>and three [3] other Arts, Social Science or\r\nScience subjects<\/span><br><\/li><\/ol>","subjects":"<p><span>English, <\/span><span>and\r\nthree [3] other Arts, Social Science or Science subjects<\/span><br><\/p>","institutions_list":"FED-OTUOKE"},{"id":"9313","title":"PHYSICS WITH ELECTRONICS","de_requirements":"<table>\r\n <tbody><tr>\r\n  <td>\r\n  <p><span>1. Two \u2018A\u2019 level passes in Physics\r\n  and Mathematics or&nbsp;&nbsp; Chemistry. <\/span><\/p>\r\n  <p><span><o>&nbsp;<\/o:p><\/span><\/p>\r\n  <p><span>2.&nbsp; NCE\/ND\/HND\r\n  at lower credit in Physics or Statistics<b> and<\/b> related disciplines from\r\n  accredited institutions.&nbsp; <\/span><\/p>\r\n  <\/td>\r\n <\/tr>\r\n<\/tbody><\/table><p><br><\/p>","utme_requirements":"<table>\r\n <tbody><tr>\r\n  <td>\r\n  <p><span>Five SSCE\r\n  credits in<\/span><\/p>\r\n  <p><span>1. English\r\n  Language<b><span><\/span><\/b><\/span><\/p>\r\n  <p><span>2.\r\n  Mathematics<\/span><\/p>\r\n  <p><span>3. Physics<\/span><\/p>\r\n  <p><span>4. Chemistry<\/span><\/p>\r\n  <p><span>5. And any\r\n  other Science subject from Further Mathematics\/Agricultural Science\/Biology.<\/span><\/p>\r\n  <\/td>\r\n <\/tr>\r\n<\/tbody><\/table><p><br><\/p>","subjects":"<table>\r\n <tbody><tr>\r\n  <td>\r\n  <p><span>1.\r\n  Mathematics<\/span><\/p>\r\n  <p><span>2. English\r\n  Language<\/span><\/p>\r\n  <p><span>3. Physics<\/span><\/p>\r\n  <p><span>4. Any other\r\n  UTME Subject from: Biology\/Chemistry<\/span><\/p>\r\n  <\/td>\r\n <\/tr>\r\n<\/tbody><\/table>","institutions_list":"FED-OTUOKE"},{"id":"28061","title":"PHYSIOLOGY","de_requirements":"<p><span>Two [2] \u2018A\u2019 level passes\r\nchosen from Biology, Chemistry and Physics<\/span><br><\/p>","utme_requirements":"<ol><li><span>English<\/span><\/li><li><span> Biology,<\/span><\/li><li><span>Chemistry,<\/span><\/li><li><span>Mathematics <\/span><\/li><li><span>Physics<\/span><br><\/li><\/ol>","subjects":"<p><span>English,\r\nBiology, Chemistry and Physics&nbsp;<\/span><br><\/p>","institutions_list":"FED-OTUOKE"},{"id":"9322","title":"POLITICAL SCIENCE","de_requirements":"<table>\r\n <tbody><tr>\r\n  <td>\r\n  <p><span>Two \u2018A\u2019 level passes in Government and one other\r\n  Social Science Subject<\/span><\/p>\r\n  <p><span><o>&nbsp;<\/o:p><\/span><\/p>\r\n  <p><span>HND\/NCE\/ND at lower credit &nbsp;in Political Science and related disciplines\r\n  from accredited institutions.&nbsp; <\/span><\/p>\r\n  <\/td>\r\n <\/tr>\r\n<\/tbody><\/table><p><br><\/p>","utme_requirements":"<table>\r\n <tbody><tr>\r\n  <td>\r\n  <p><span>Five SSCE\r\n  credits in<\/span><\/p>\r\n  <p><span>1.\r\n  Mathematics<b><\/b><\/span><\/p>\r\n  <p><span>2. English\r\n  Language<\/span><\/p>\r\n  <p><span>3.\r\n  History\/Government<\/span><\/p>\r\n  <p><span>4. One Social\r\n  Science Subject. <\/span><\/p>\r\n  <p><span>5. One other\r\n  subject which may be a Science Subject<\/span><\/p>\r\n  <\/td>\r\n <\/tr>\r\n<\/tbody><\/table><p><br><\/p>","subjects":"<table>\r\n <tbody><tr>\r\n  <td>\r\n  <p><span>1. English\r\n  Language<b><span><\/span><\/b><\/span><\/p>\r\n  <p><span>2. Any three\r\n  UTME Subject(s) from:<\/span><\/p>\r\n  <p><span>a. Any one of\r\n  Government\/History<\/span><\/p>\r\n  <p><span>b. Any two\r\n  from Arts and\/or Social Science<\/span><\/p>\r\n  <\/td>\r\n <\/tr>\r\n<\/tbody><\/table>","institutions_list":"FED-OTUOKE"},{"id":"28055","title":"PROCUREMENT MANAGEMENT","de_requirements":"<p><span>1. Two [2] \u2018A\u2019 level passes\r\nincluding Economics\/Accounting and one other relevant subject<\/span><\/p><p><span>&nbsp;<\/span><\/p><p><span>2.\r\nND\/OND in Accounting with lower credit <\/span><\/p><p><span>&nbsp;<\/span><\/p><p>\r\n\r\n\r\n\r\n\r\n\r\n\r\n\r\n<span>3. ICAN [ATS], ICAN [ACA], and IJMB<\/span><br><\/p>","utme_requirements":"<ol><li><span>English<\/span><\/li><li><span> Mathematics<\/span><\/li><li><span>Economics <\/span><\/li><li><span>and two [2] other relevant subjects<\/span><br><\/li><\/ol>","subjects":"<p><span>English,\r\nMathematics, Economics and any other Social Science subject.<\/span><br><\/p>","institutions_list":"FED-OTUOKE"},{"id":"28063","title":"PUBLIC ADMINISTRATION","de_requirements":"<p><span>Two\r\n[2] \u2018A\u2019 level passes in the Social Science subjects<\/span><br><\/p>","utme_requirements":"<ol><li><span>English<\/span><\/li><li><span>Government\/ History <\/span><\/li><li><span>and any other three [3] subjects from Arts\/ Social Science<\/span><br><\/li><\/ol>","subjects":"<p><span>English,\r\nGovernment\/History and two [2] other Social Science or Arts subject<\/span><br><\/p>","institutions_list":"FED-OTUOKE"},{"id":"28064","title":"SOCIAL WORKS","de_requirements":"<p><span>Two\r\n[2] \u2018A\u2019 level passes in Government and one [1] other Social Science subject<\/span><br><\/p>","utme_requirements":"<ol><li><span>English<\/span><\/li><li><span>Mathematics<\/span><\/li><li><span>Government\/History\/Economics<\/span><\/li><li><span>one [1] Science Subject <\/span><\/li><li><span>and any\r\nSocial Science subject<\/span><br><\/li><\/ol>","subjects":"<table>\r\n <tbody><tr>\r\n  <td>\r\n  <ol><li><span>English,\r\n  Government\/History plus two [2] other Social Sciences\/ Art subjects<\/span><span><\/span><\/li><\/ol>\r\n  <\/td>\r\n <\/tr>\r\n<\/tbody><\/table>","institutions_list":"FED-OTUOKE"},{"id":"9327","title":"SOCIOLOGY & ANTHROPOLOGY","de_requirements":"<table>\r\n <tbody><tr>\r\n  <td>\r\n  <p><span>Two \u2018A\u2019 level passes in Government and one other\r\n  Social Science Subject<\/span><\/p>\r\n  <p><span>&nbsp;<\/span><\/p>\r\n  <p><span>HND\/NCE\/ND at lower credit&nbsp; in Sociology and Anthropology and related\r\n  disciplines from accredited institutions.&nbsp;\r\n  <\/span><\/p>\r\n  <\/td>\r\n <\/tr>\r\n<\/tbody><\/table>","utme_requirements":"<table>\r\n <tbody><tr>\r\n  <td>\r\n  <p><span>Five SSCE\r\n  credits in<\/span><\/p>\r\n  <p><span>1.\r\n  Mathematics<\/span><\/p>\r\n  <p><span>2. English\r\n  Language<\/span><\/p>\r\n  <p><span>3. Any two of\r\n  Economics, Geography, History\/Government<\/span><\/p>\r\n  <p><span>4. One Social\r\n  Science\/Arts subject<\/span><\/p>\r\n  <\/td>\r\n <\/tr>\r\n<\/tbody><\/table><p><br><\/p>","subjects":"<table>\r\n <tbody><tr>\r\n  <td>\r\n  <p><span>1. English\r\n  Language<b><span><\/span><\/b><\/span><\/p>\r\n  <p><span>2. Government<\/span><\/p>\r\n  <p><span>3. Any 2 UTME\r\n  Subject(s) from Arts and\/or Social Science<\/span><\/p>\r\n  <\/td>\r\n <\/tr>\r\n<\/tbody><\/table>","institutions_list":"FED-OTUOKE"},{"id":"9319","title":"STATISTICS","de_requirements":"<table>\r\n <tbody><tr>\r\n  <td>\r\n  <p><span>1. Two \u2018A\u2019 level passes in Mathematics\r\n  or Statistics and either Physics or Chemistry <\/span><\/p>\r\n  <p><span><o>&nbsp;<\/o:p><\/span><\/p>\r\n  <p><span>2. NCE\/ND\/HND at lower credit in Statistics or\r\n  Mathematics<b> and<\/b> related disciplines from accredited institutions.&nbsp; <\/span><\/p>\r\n  <\/td>\r\n <\/tr>\r\n<\/tbody><\/table><br><p><br><\/p>","utme_requirements":"<table>\r\n <tbody><tr>\r\n  <td>\r\n  <p><span>Five SSCE\r\n  credits in<\/span><\/p>\r\n  <p><span>1.\r\n  Mathematics<b><span><\/span><\/b><\/span><\/p>\r\n  <p><span>2. English\r\n  Language<\/span><\/p>\r\n  <p><span>3. Physics<\/span><\/p>\r\n  <p><span>4. Chemistry<\/span><\/p>\r\n  <p><span>5. And any\r\n  other Science subject<\/span><\/p>\r\n  <\/td>\r\n <\/tr>\r\n<\/tbody><\/table><p><br><\/p>","subjects":"<table>\r\n <tbody><tr>\r\n  <td>\r\n  <p><span>1.\r\n  Mathematics<\/span><\/p>\r\n  <p><span>2. English\r\n  Language<\/span><\/p>\r\n  <p><span>3. Physics<\/span><\/p>\r\n  <p><span>4. And any\r\n  other UTME Subject from:<\/span><\/p>\r\n  <p><span>Biology\/Chemistry\/Statistics\/Further\r\n  Mathematics\/Agricultural Science\/Geography<\/span><\/p>\r\n  <\/td>\r\n <\/tr>\r\n<\/tbody><\/table>","institutions_list":"FED-OTUOKE"},{"id":"28053","title":"THEATRE AND FILM STUDIES","de_requirements":"<table><ol><li>\r\n <tbody><tr>\r\n  <td>\r\n  <p><span>Two\r\n  [2] \u2018A\u2019 level passes or equivalent in Arts\/Humanities subjects<\/span><\/p>\r\n  <\/td>\r\n <\/tr>\r\n<\/tbody><\/li><\/ol><\/table>","utme_requirements":"<ol><li><span>English,<\/span><\/li><li><span>Lit. in English <\/span><\/li><li><span>and three [3] other Arts or Social Science subjects<\/span><br><\/li><\/ol>","subjects":"<table>\r\n <tbody><tr>\r\n  <td>\r\n  <ol><li><span>English,\r\n  Literature in English, one [1] other Arts Subject and another Arts or Social\r\n  Science subject<\/span><span><\/span><\/li><\/ol>\r\n  <\/td>\r\n <\/tr>\r\n<\/tbody><\/table>","institutions_list":"FED-OTUOKE"},{"id":"28056","title":"TOURISM AND HOSPITALITY MANAGEMENT","de_requirements":"<table>\r\n <tbody><tr>\r\n  <td>\r\n  <p><span>1. Two [2] \u2018A\u2019 level passes including\r\n  Economics\/Accounting and one other relevant subject<\/span><\/p>\r\n  <p><span>&nbsp;<\/span><\/p>\r\n  <p><span>2. ND\/OND in Accounting with lower credit <\/span><\/p>\r\n  <p><span>&nbsp;<\/span><\/p>\r\n  <p><span>3. ICAN [ATS], ICAN [ACA], and IJMB<\/span><\/p>\r\n  <\/td>\r\n <\/tr>\r\n<\/tbody><\/table>","utme_requirements":"<ol><li><span>English<\/span><\/li><li><span> Mathematics<\/span><\/li><li><span>Economics<\/span><\/li><li><span> and two [2] other relevant subjects<\/span><br><\/li><\/ol>","subjects":"<p><span>English,\r\nMathematics, Economics and any other Social Science subject<\/span><br><\/p>","institutions_list":"FED-OTUOKE"}]