[{"id":"9398","title":"ACCOUNTING","de_requirements":"<p><span>Two (2) \u2018A\u2019 Level passes chosen from Economics, Accounting,\r\nBusiness Management, Government and Geography.<\/span><\/p>","utme_requirements":"<p><span>Five (5) SSC credit passes including\r\nEnglish Language, Mathematics, Economics and any other two (2) other subjects.<\/span><\/p><p>\r\n\r\n<\/p><p><span>For\r\nNBC holders, the other two (2) relevant subjects could be from any of Principles\r\nof Accounts, Commerce, Office Practice and Secretarial Duties.?<\/span><\/p>","subjects":"Mathematics, Economics plus any Social Science subject.","institutions_list":"FED-WUKARI"},{"id":"23657","title":"ADULT & CONTINUING EDUCATION","de_requirements":"<p>\r\n\r\n<\/p><div>\r\n\r\n<table>\r\n <tbody><tr>\r\n  <td>\r\n  <p><span>(i) <span>&nbsp;&nbsp; <\/span>Two (2) 'A'\r\n  Level <span>&nbsp;&nbsp;<\/span>passes.<\/span><\/p>\r\n  <p><span>(ii)<span>&nbsp;&nbsp; <\/span>NCE merit\r\n  in two (2) subjects.<\/span><\/p>\r\n  <\/td>\r\n <\/tr>\r\n<\/tbody><\/table>\r\n\r\n<\/div>\r\n\r\n","utme_requirements":"<p><span>Five (5) 'O' Level credit passes including English\r\nLanguage, Mathematics and three (3) of Literature in English, History, French,\r\nYoruba, Igbo, Hausa, Christian Religious Studies, Islamic Studies,\r\nGeography\/Physic, Economics and Government or TC II with pass in English Language\r\nand four (4) other subjects.<\/span><\/p>","subjects":"<p>\r\n\r\n<\/p><div>\r\n\r\n<table>\r\n <tbody><tr>\r\n  <td>\r\n  <p><span>Government\/History, one (1) Social Science subject\r\n  and any other subject.<\/span><\/p>\r\n  <\/td>\r\n <\/tr>\r\n<\/tbody><\/table>\r\n\r\n<\/div>\r\n\r\n","institutions_list":"FED-WUKARI"},{"id":"23656","title":"AFRICAN TRADITIONAL RELIGION","de_requirements":"<p>\r\n\r\n<\/p><p><span>Any two (2) \u2018A\u2019 Level passes.<\/span><\/p>\r\n\r\n","utme_requirements":"<p>\r\n\r\n<\/p><p><span>Five (5) SSC credit passes to include English\r\nLanguage and four (4) other relevant subjects.<\/span><\/p>\r\n\r\n","subjects":"<p>\r\n\r\n<\/p><p><span>Any three (3) subjects.<\/span><\/p>\r\n\r\n","institutions_list":"FED-WUKARI"},{"id":"24227","title":"AGRICULTURAL ENGINEERING","de_requirements":"<p>\r\n\r\n<\/p><p><span>'A' Level passes or equivalent\r\nin Physics and Mathematics.<\/span><\/p>\r\n\r\n<p><\/p>","utme_requirements":"<p>\r\n\r\n<\/p><p><span>Five (5) SSC credit passes in English\r\nLanguage, Mathematics, Physics, Chemistry and any from Introduction to Agricultural\r\nScience, Materials and Workshop Process and Machining, Tractor Layout Power\r\nUnit Under Carriage and Auto Electricity; Transmission System; Implement and\r\nMachine; Principles of Crop Husbandry and Land Use, Materials and Workshop\r\nProcesses; Construction and Maintenance of Agricultural Machines; general Metal\r\nWork; General Wood Work and Building\/Engineering Drawing. <\/span><\/p>\r\n\r\n<p><\/p>","subjects":"<p>\r\n\r\n<\/p><p><span>Mathematics, Chemistry and Physics.<\/span><\/p>\r\n\r\n<p><\/p>","institutions_list":"FED-WUKARI"},{"id":"9401","title":"AGRICULTURE","de_requirements":"<p><span>Two (2) \u2018A\u2019 Level passes in Chemistry and\r\none from Biology\/Botany\/Zoology\/Agricultural Science, Economics, Physics,\r\nGeography and Geology\/Mathematics (Pure &amp; Applied).<\/span><\/p>","utme_requirements":"<p><span>Five (5) SSC credit passes to include\r\nEnglish Language, Biology\/Agricultural Science, Chemistry and&nbsp; any one of Mathematics, Physics, Geography\r\nand&nbsp; Economics.<\/span><\/p>","subjects":"Chemistry, Biology\/Agriculture and any one of Physics or Mathematics.","institutions_list":"FED-WUKARI"},{"id":"9407","title":"APPLIED PHYSICS","de_requirements":"<p><span>Two (2) 'A' Level passes in Physics and Mathematics.<b><\/b><\/span><\/p>","utme_requirements":"<p><span>As for Physics<\/span><\/p>","subjects":"Physics","institutions_list":"FED-WUKARI"},{"id":"9399","title":"BANKING & FINANCE","de_requirements":"<p><span>Two (2) 'A' Level passes\r\nchosen from Accounting, Economics, Management, Mathematics, Geography and\r\nStatistics.<\/span><\/p>","utme_requirements":"<p><span>Five (5) SSC credit\r\npasses to include: English Language, Mathematics and any other subjects. For\r\nNBC, the other two (2) relevant subjects could be from any of the following;\r\nAccounting, Principles of Accounts, Commerce, Office Practice and Economics.&nbsp;<\/span><\/p>","subjects":"Mathematics, Economics, plus any one (1) of Government and Geography.","institutions_list":"FED-WUKARI"},{"id":"9404","title":"BIOCHEMISTRY","de_requirements":"<p><span>Two (2) 'A' Level passes chosen from Chemistry, Mathematics, Physics and\r\nBiology.<\/span><\/p><p><span><o>&nbsp;<\/o:p><\/span><\/p><p>\r\n\r\n\r\n\r\n<\/p><p><span>NCE\/ND\/HND in related programmes plus the UTME requirements.<\/span><\/p>","utme_requirements":"<p><span>Five (5) SSC credit passes in English Language, Chemistry, Mathematics,\r\nPhysics and Biology.<\/span><\/p>","subjects":"Biology, Chemistry and Physics or Mathematics.","institutions_list":"FED-WUKARI"},{"id":"9425","title":"BIOLOGY","de_requirements":"<p><span>i)\r\nTwo (2) 'A' Level passes from Chemistry, Biology, Botany\/Zoology.<\/span><\/p><p>\r\n\r\n<\/p><p><span>(ii)\r\nNCE merit accepted.<\/span><\/p>","utme_requirements":"<p><span>Five (5) SSC credit passes to include English\r\nLanguage, Biology, Chemistry and Mathematics\/Physics.<\/span><\/p>","subjects":"Biology, Chemistry and Physics or Mathematics.","institutions_list":"FED-WUKARI"},{"id":"9400","title":"BUSINESS ADMINISTRATION","de_requirements":"<p><span>Two (2) \u2018A\u2019 Level passes chosen from Economics, Accounts,\r\nBusiness Management, Government, Geography or Statistics.<\/span><\/p>","utme_requirements":"<p><span>Five (5) SSC credit passes including English Language,\r\nMathematics, Economics, plus any two (2) of Accounting, Business Methods,\r\nCommerce, Government, Geography, and Statistics.<\/span><br><\/p>","subjects":"Mathematics, Economics and one (1) other subject.","institutions_list":"FED-WUKARI"},{"id":"24225","title":"CHEMICAL ENGINEERING","de_requirements":"<p>\r\n\r\n<\/p><p><span>'A' Level passes in\r\nPhysics, Chemistry and Mathematics.<\/span><\/p>\r\n\r\n<p><\/p>","utme_requirements":"<p>\r\n\r\n<\/p><p><span>Five (5) SSC credit\r\npasses to include Physics, Chemistry, Mathematics and English Language and any other\r\nScience subject.<\/span><\/p>\r\n\r\n<p><\/p>","subjects":"<p>\r\n\r\n<\/p><p><span>Mathematics, Physics and Chemistry.<\/span><\/p>\r\n\r\n<p><\/p>","institutions_list":"FED-WUKARI"},{"id":"9408","title":"CHEMISTRY","de_requirements":"<p><span>i)&nbsp; Two (2) 'A' Level passes in Chemistry and any\r\none (1) of Physics, Mathematics or Biology.<\/span><\/p><p><span><o>&nbsp;<\/o:p><\/span><\/p><p>\r\n\r\n\r\n\r\n<\/p><p><span>(ii)&nbsp;&nbsp; ND\/NCE\r\nwith good grades in relevant 'O' Level subjects.<\/span><\/p>","utme_requirements":"<p><span>Five (5) SSC credit passes in English Language, Mathematics, Physics,\r\nChemistry and Biology.<\/span><\/p>","subjects":"Chemistry and two (2) of Physics, Biology and Mathematics.\r\n\r\n","institutions_list":"FED-WUKARI"},{"id":"23654","title":"CHRISTIAN RELIGIOUS  STUDIES","de_requirements":"<p>\r\n\r\n<\/p><p><span>Two (2) \u2018A\u2019 Level\r\npasses\/NCE to include CRS\/Religious Studies.<\/span><\/p>\r\n\r\n","utme_requirements":"<p>\r\n\r\n<\/p><p><span>Five (5) SSC credit\r\npasses in English Language, CRS and three (3) other relevant subjects.<\/span><\/p>\r\n\r\n","subjects":"<p>\r\n\r\n<\/p><p><span>Two (2) Arts subjects\r\nincluding CRS and any other subject.<\/span><\/p>\r\n\r\n","institutions_list":"FED-WUKARI"},{"id":"24226","title":"COMPUTER ENGINEERING","de_requirements":"<p>\r\n\r\n<\/p><p><span>Three (3) 'A' Level passes\r\nin Pure Mathematics or Pure and Applied Mathematics, Chemistry and Physics.<\/span><\/p>\r\n\r\n<p><\/p>","utme_requirements":"<p><span>Five (5) SSC credit passes to include Mathematics,\r\nFurther Mathematics, Chemistry, Physics and English Language.<\/span><\/p>","subjects":"<p><span>Mathematics, Physics and Chemistry.<\/span><\/p>","institutions_list":"FED-WUKARI"},{"id":"9422","title":"COMPUTER SCIENCE","de_requirements":"<p><span>)&nbsp;&nbsp;&nbsp;&nbsp;&nbsp;&nbsp; Two (2) 'A' Level passes in\r\nscience subjects including Mathematics<\/span><\/p><p><span><o>&nbsp;<\/o:p><\/span><\/p><p>\r\n\r\n\r\n\r\n<\/p><p><span>(ii)&nbsp;&nbsp; NCE merit in Mathematics and\r\none (1) other Science or Social Science subject.<\/span><\/p>","utme_requirements":"<p><span>Five (5) SSC credit passes to include English Language, Mathematics,\r\nPhysics plus two (2) other Science subjects.<\/span><\/p>","subjects":"Mathematics, Physics and one (1) of Biology, Chemistry, Agric Science, Economics and Geography.","institutions_list":"FED-WUKARI"},{"id":"9402","title":"ECONOMICS","de_requirements":"<p>\r\n\r\n<\/p><div>\r\n\r\n<table>\r\n <tbody><tr>\r\n  <td>\r\n  <p><span>Two (2)'A' Level passes in Economics and any one of\r\n  Mathematics, Statistics, Geography, Physics, Chemistry, Agricultural Science,\r\n  Accounting, Business Management, History and Government.<\/span><\/p>\r\n  <\/td>\r\n <\/tr>\r\n<\/tbody><\/table>\r\n\r\n<\/div>\r\n\r\n","utme_requirements":"<p>\r\n\r\n<\/p><div>\r\n\r\n<table>\r\n <tbody><tr>\r\n  <td>\r\n  <p><span>Five\r\n  (5)SSC credit passes in English Language, Mathematics, Economics and any two\r\n  (2) of Arts or Social Science subjects.<\/span><\/p>\r\n  <\/td>\r\n <\/tr>\r\n<\/tbody><\/table>\r\n\r\n<\/div>\r\n\r\n","subjects":"Economics, Mathematics and any of Government, History, Geography, Literature in English, French and Christian Religious Studies\/Islamic Studies.\t","institutions_list":"FED-WUKARI"},{"id":"9411","title":"ECONOMICS","de_requirements":"<p><span>ND\/NCE with upper\/merit&nbsp;\r\ncredit in the relevant programme in addition to five (5) credit\r\npasses&nbsp; at &nbsp;SSC&nbsp; at\r\nnot more than two (2) sittings<\/span><\/p>","utme_requirements":"<p><span>Five (5) SSC credit passes to include English Language,\r\nMathematics, Economics and at least two (2) other&nbsp; relevant&nbsp;\r\nsubjects from&nbsp;&nbsp; Commerce,\r\nGovernment and Accounting .<\/span><\/p>","subjects":"Economics, Mathematics and any of Government, History, Geography, Literature in English, French and CRS\/IRS.\t\t\r\n\r\n\r\n","institutions_list":"FED-WUKARI"},{"id":"23660","title":"EDUCATION & BIOLOGY","de_requirements":"<p>\r\n\r\n<\/p><div>\r\n\r\n<table>\r\n <tbody><tr>\r\n  <td>\r\n  <p><span>NCE\/'A' Level passes in Biology and one (1) other Science\r\n  subject.<\/span><\/p>\r\n  <\/td>\r\n <\/tr>\r\n<\/tbody><\/table>\r\n\r\n<\/div>\r\n\r\n","utme_requirements":"<p>\r\n\r\n<\/p><div>\r\n\r\n<table>\r\n <tbody><tr>\r\n  <td>\r\n  <p><span>Five (5) SSC credit passes in English Language, Biology,\r\n  Chemistry, Mathematics and one (1) other subject.<\/span><\/p>\r\n  <\/td>\r\n <\/tr>\r\n<\/tbody><\/table>\r\n\r\n<\/div>\r\n\r\n","subjects":"<p>\r\n\r\n<\/p><div>\r\n\r\n<table>\r\n <tbody><tr>\r\n  <td>\r\n  <p><span>Biology and two (2) other subjects from Chemistry,\r\n  Mathematics and Physics.<\/span><\/p>\r\n  <\/td>\r\n <\/tr>\r\n<\/tbody><\/table>\r\n\r\n<\/div>\r\n\r\n","institutions_list":"FED-WUKARI"},{"id":"23659","title":"EDUCATION & CHEMISTRY","de_requirements":"<p>\r\n\r\n<\/p><div>\r\n\r\n<table>\r\n <tbody><tr>\r\n  <td>\r\n  <p><span>Two (2) \u2018A\u2019 Level\/NCE passes including Chemistry and one\r\n  (1) other Science subject.<\/span><\/p>\r\n  <\/td>\r\n <\/tr>\r\n<\/tbody><\/table>\r\n\r\n<\/div>\r\n\r\n","utme_requirements":"<p>\r\n\r\n<\/p><div>\r\n\r\n<table>\r\n <tbody><tr>\r\n  <td>\r\n  <p><span>Five (5) SSC credits in Mathematics, Chemistry, English\r\n  Language and two (2) of Physics, Biology and Agricultural Science.<\/span><\/p>\r\n  <\/td>\r\n <\/tr>\r\n<\/tbody><\/table>\r\n\r\n<\/div>\r\n\r\n","subjects":"<p>\r\n\r\n<\/p><div>\r\n\r\n<table>\r\n <tbody><tr>\r\n  <td>\r\n  <p><span>Chemistry and two (2) other subjects chosen from Physics,\r\n  Biology and Mathematics.<\/span><\/p>\r\n  <\/td>\r\n <\/tr>\r\n<\/tbody><\/table>\r\n\r\n<\/div>\r\n\r\n","institutions_list":"FED-WUKARI"},{"id":"23661","title":"EDUCATION & MATHEMATICS","de_requirements":"<p>\r\n\r\n<\/p><div>\r\n\r\n<table>\r\n <tbody><tr>\r\n  <td>\r\n  <p><span>Two <span>(2)'<\/span>A' Level\r\n  passes\/NCE in Mathematics and one (1) Science subject.<\/span><\/p>\r\n  <\/td>\r\n <\/tr>\r\n<\/tbody><\/table>\r\n\r\n<\/div>\r\n\r\n","utme_requirements":"<p>\r\n\r\n<\/p><div>\r\n\r\n<table>\r\n <tbody><tr>\r\n  <td>\r\n  <p><span>Five (5) SSC credit passes to include English Language,\r\n  Mathematics plus one (1) other Science subject.<\/span><\/p>\r\n  <\/td>\r\n <\/tr>\r\n<\/tbody><\/table>\r\n\r\n<\/div>\r\n\r\n","subjects":"<p>\r\n\r\n<\/p><div>\r\n\r\n<table>\r\n <tbody><tr>\r\n  <td>\r\n  <p><span>Mathematics and any two (2) of the following Science\r\n  subjects: Physics, Chemistry and Biology.<\/span><\/p>\r\n  <\/td>\r\n <\/tr>\r\n<\/tbody><\/table>\r\n\r\n<\/div>\r\n\r\n","institutions_list":"FED-WUKARI"},{"id":"23662","title":"EDUCATION & PHYSICS","de_requirements":"<p>\r\n\r\n<\/p><div>\r\n\r\n<table>\r\n <tbody><tr>\r\n  <td>\r\n  <p><span>(i)<span>&nbsp; <\/span>Two (2) 'A'\r\n  Level passes in Physics and Mathematics.<\/span><\/p>\r\n  <p><span>(ii) NCE credit\/merit in relevant subjects.<\/span><\/p>\r\n  <\/td>\r\n <\/tr>\r\n<\/tbody><\/table>\r\n\r\n<\/div>\r\n\r\n","utme_requirements":"<p><span>Five (5) 'O' Level credits passes to include English\r\nLanguage, Physics, Mathematics and two (2) other Science subjects or NTC\/NBC.<\/span><\/p>","subjects":"<p>\r\n\r\n<\/p><div>\r\n\r\n<table>\r\n <tbody><tr>\r\n  <td>\r\n  <p><span>Physics, Mathematics or Chemistry plus one (1) other\r\n  subjects.<\/span><\/p>\r\n  <\/td>\r\n <\/tr>\r\n<\/tbody><\/table>\r\n\r\n<\/div>\r\n\r\n","institutions_list":"FED-WUKARI"},{"id":"9406","title":"ENGLISH LANGUAGE & LITERARY STUDIES","de_requirements":"<p><span>Two\r\n(2) \u2018A\u2019 Level passes to include Literature in English and one other Arts\r\nsubject.<\/span><\/p>","utme_requirements":"<p><span>Five\r\n(5) SSC credit passes to include Literature in English, English Language and\r\nthree other Arts or Social Science subjects.<\/span><\/p>","subjects":"Literature in English, one other Arts subject and another Arts or Social Science subject.","institutions_list":"FED-WUKARI"},{"id":"9403","title":"FISHERIES & AQUACULTURE","de_requirements":"<p><span>(i)\r\nTwo (2) 'A' Level passes in any of Chemistry, Biology, Botany, Zoology, Agricultural\r\nScience Geography, Mathematics (pure &amp; applied), Physics, Geology and\r\nEconomics.<\/span><\/p><p><span><o>&nbsp;<\/o:p><\/span><\/p><p>\r\n\r\n\r\n\r\n<span>(ii)NCE\r\nAgriculture<\/span><br><\/p>","utme_requirements":"<p><span>Five (5) SSC credit passes in Biology\/Agricultural\r\nScience, Chemistry, Mathematics and English Language plus any other Science\r\nsubject.<\/span><\/p><p><span>&nbsp;<\/span><\/p><p>\r\n\r\n\r\n\r\n<\/p><p><span>&nbsp;<\/span><\/p>","subjects":"Chemistry, Biology\/Agricultural Science and any other Science subject.\r\n\r\n","institutions_list":"FED-WUKARI"},{"id":"9415","title":"FOOD SCIENCE & TECHNOLOGY","de_requirements":"<p><span>Two (2) \u2018A\u2019 Level passes in Chemistry and\r\nBiology\/Physics\/Agric Science\/Botany\/Zoology.<\/span><\/p>","utme_requirements":"<p><span>Five (5) SSC credit passes in English\r\nLanguage, Mathematics, Chemistry, Biology\/Agricultural Science, Physics, Basic\r\nCatering and Food Services, Bakery and&nbsp;&nbsp;&nbsp;\r\nConfectionaries, Hotel &amp; Catering Crafty course (Cookery), Hotel\r\n&amp; Catering Craft Course (Food \/Drinks Services) and Basic Electricity.<\/span><\/p>","subjects":"Chemistry, Mathematics\/ Physics and Biology\/ Agricultural Science","institutions_list":"FED-WUKARI"},{"id":"9418","title":"FORESTRY & WILDLIFE MANAGEMENT","de_requirements":"<p><span>Two (2) \u2019A\u2019 Level passes in Chemistry and Biology or Agric\r\nScience or Zoology or Botany<\/span><br><\/p>","utme_requirements":"<p><span>Five (5) SSC credit\r\npasses in English, Chemistry, Mathematics, Biology and one of Physics,\r\nEconomics, Further Mathematics and Statistics.<\/span><\/p>","subjects":"Chemistry, Biology\/Agriculture and Physics or Mathematics.","institutions_list":"FED-WUKARI"},{"id":"9409","title":"HISTORY & DIPLOMATIC STUDIES","de_requirements":"<p><span>Two (2) 'A' Level passes\/NCE (upper credit) in History\/\r\nGovernment and any other related subject.<\/span><br><\/p>","utme_requirements":"<p><span>Five (5) SSC credit passes to include\r\nEnglish Language, Geography, Government\/History.<\/span><\/p>","subjects":"History\/Government and any other two (2) subjects from the Arts and Social Sciences.","institutions_list":"FED-WUKARI"},{"id":"9421","title":"HOSPITALITY & TOURISM MANAGEMENT","de_requirements":"<p><span>Two (2) \u2018A\u2019 Level\r\npasses or equivalents in Chemistry and Biology\/Botany\/<\/span><\/p><p><span>Agricultural Science\/Economics\/<\/span><\/p><p><span>Physics\/Mathematics\/<\/span><\/p><p>\r\n\r\n\r\n\r\n\r\n\r\n<span>Geography\/Accounting<\/span><br><\/p>","utme_requirements":"<p><span>Five (5) SSC credit\r\npasses in Chemistry, Biology\/Agricultural Science, Mathematics, Physics,\r\nEnglish Language and any one of Nutrition, Fine Arts, Textile, Construction,\r\nTechnical Drawing, Basic Electricity, Basic Catering and Food&nbsp; Services, Bakery and Confectioneries, General\r\nMetal Work, Men Garment Construction and Finishing, Spinning,&nbsp; Weaving, Surface Design and Printing,\r\nBleaching, Dyeing and Finishing, Ladies Garment Construction and Finishing.&nbsp;&nbsp;<\/span><\/p>","subjects":"Chemistry, Biology\/Agriculture and Mathematics\/Physics or one (1) Social Science subject","institutions_list":"FED-WUKARI"},{"id":"9420","title":"HOTEL MANAGEMENT & TOURISM","de_requirements":"<p><span>Two (2) \u2018A\u2019 Level\r\npasses or equivalents in Chemistry and Biology\/Botany\/<\/span><\/p><p><span>Agricultural Science\/Economics\/<\/span><\/p><p><span>Physics\/Mathematics\/<\/span><\/p><p>\r\n\r\n\r\n\r\n\r\n\r\n<span>Geography\/Accounting<\/span><br><\/p>","utme_requirements":"<p><span>Five (5) SSC credit\r\npasses in Chemistry, Biology\/Agricultural Science, Mathematics, Physics,\r\nEnglish Language and any one of Nutrition, Fine Arts, Textile, Construction,\r\nTechnical Drawing, Basic Electricity, Basic Catering and Food&nbsp; Services, Bakery and Confectioneries, General\r\nMetal Work, Men Garment Construction and Finishing, Spinning,&nbsp; Weaving, Surface Design and Printing,\r\nBleaching, Dyeing and Finishing, Ladies Garment Construction and Finishing.&nbsp;&nbsp;<\/span><\/p>","subjects":"Chemistry, Biology\/Agriculture and Mathematics\/Physics or one (1) Social Science subject.","institutions_list":"FED-WUKARI"},{"id":"24220","title":"HUMAN ANATOMY","de_requirements":"<p>\r\n\r\n<\/p><p><span>Two (2) 'A' Level passes chosen from\r\nBiology, Chemistry and Physics in addition to the UTME requirements.<\/span><\/p>\r\n\r\n<p><\/p>","utme_requirements":"<p>\r\n\r\n<\/p><p><span>Five (5) SSC credit passes in English\r\nLanguage, Mathematics, Biology, Chemistry and Physics.<\/span><\/p>\r\n\r\n<p><\/p>","subjects":"<p>\r\n\r\n<\/p><p><span>Biology, Chemistry and Physics.<\/span><\/p>\r\n\r\n<p><\/p>","institutions_list":"FED-WUKARI"},{"id":"24221","title":"HUMAN PHYSIOLOGY","de_requirements":"<p>\r\n\r\n<\/p><p><span>Two (2) 'A' Level passes chosen from\r\nChemistry, Physics and Biology\/Zoology.<\/span><\/p>\r\n\r\n<p><\/p>","utme_requirements":"<p>\r\n\r\n<\/p><p><span>Five (5) SSC credit passes in English Language, Maths, Physics,\r\nChemistry and Biology.<\/span><\/p>\r\n\r\n<p><\/p>","subjects":"<p>\r\n\r\n<\/p><p><span>Physics, Chemistry and Biology<\/span><\/p>\r\n\r\n<p><\/p>","institutions_list":"FED-WUKARI"},{"id":"9410","title":"INDUSTRIAL CHEMISTRY","de_requirements":"<p><span>(i)&nbsp;&nbsp;&nbsp; Two\r\n(2) 'A' Level passes in Chemistry and Mathematics<\/span><\/p><p>\r\n\r\n<\/p><p><span>(ii)&nbsp;&nbsp; ND\r\nin Science Technology or ND in relevant programmes with the UTME requirements.<\/span><\/p>","utme_requirements":"<p><span>Five (5) SSC credit passes in English Language, Mathematics, Chemistry,\r\nPhysics and Biology\/Agricultural Science.<\/span><\/p>","subjects":"Chemistry, Mathematics and any of Physics\/Biology\/ Agricultural Science.","institutions_list":"FED-WUKARI"},{"id":"23655","title":"ISLAMIC STUDIES","de_requirements":"<p>\r\n\r\n<\/p><p><span>Two (2) \u2018A\u2019 level passes to include Islamic\r\nStudies.<\/span><\/p>\r\n\r\n","utme_requirements":"<p>\r\n\r\n<\/p><p><span>Five (5) SSC credit passes to include\r\nEnglish Language and Islamic Studies or Arabic and any three (3) relevant\r\nsubjects.<\/span><\/p>\r\n\r\n","subjects":"<p>\r\n\r\n<\/p><p><span>Islamic Studies plus two (2) other Arts\r\nsubjects.<\/span><\/p>\r\n\r\n","institutions_list":"FED-WUKARI"},{"id":"24224","title":"LAW","de_requirements":"<p>\r\n\r\n<\/p><p><span>(i)<span>&nbsp;&nbsp;&nbsp; <\/span>Two (2)'A' Level passes in\r\nArts or Social Science subjects.<\/span><\/p>\r\n\r\n<span>(ii)<span>&nbsp;&nbsp; <\/span>NCE\/ND\/First Degree (Second Class Lower).<\/span><p><\/p>","utme_requirements":"<p>\r\n\r\n<\/p><p><span>Five (5)'O' Level\r\ncredit passes to include English Language, Literature in<span>&nbsp;&nbsp;&nbsp;&nbsp;&nbsp;&nbsp;&nbsp;&nbsp; <\/span>English and Mathematics.<\/span><\/p>\r\n\r\n<p><\/p>","subjects":"<p>&nbsp;<\/p><p><\/p><p>\r\n\r\n<\/p><p><span>Any three (3) Arts or Social Science subjects.<\/span><\/p>\r\n\r\n<p><\/p>","institutions_list":"FED-WUKARI"},{"id":"23663","title":"LIBRARY & INFORMATION SCIENCE","de_requirements":"<p>\r\n\r\n<\/p><div>\r\n\r\n<table>\r\n <tbody><tr>\r\n  <td>\r\n  <p><span>(i) Two (2) 'A' Level passes in relevant subject plus\r\n  the UTME requirements. <\/span><\/p>\r\n  <p><span>(ii) NCE merit in relevant subjects.<\/span><\/p>\r\n  <\/td>\r\n <\/tr>\r\n<\/tbody><\/table>\r\n\r\n<\/div>\r\n\r\n","utme_requirements":"<p>\r\n\r\n<\/p><div>\r\n\r\n<table>\r\n <tbody><tr>\r\n  <td>\r\n  <p><span>Five (5) SSC credit passes in English Language,\r\n  Mathematics and three (3) other relevant Arts\/Sciences\/Social Sciences\r\n  subjects.<\/span><\/p>\r\n  <\/td>\r\n <\/tr>\r\n<\/tbody><\/table>\r\n\r\n<\/div>\r\n\r\n","subjects":"<p>\r\n\r\n<\/p><div>\r\n\r\n<table>\r\n <tbody><tr>\r\n  <td>\r\n  <p><span>Any three (3) subjects.<\/span><\/p>\r\n  <\/td>\r\n <\/tr>\r\n<\/tbody><\/table>\r\n\r\n<\/div>\r\n\r\n","institutions_list":"FED-WUKARI"},{"id":"9414","title":"MATHEMATICS","de_requirements":"<p><span>) Two\r\n(2) 'A' Level passes in Mathematics and any other science subject.<\/span><\/p><p>\r\n\r\n<span>(ii)&nbsp;&nbsp;&nbsp;&nbsp;&nbsp;&nbsp;&nbsp;&nbsp;&nbsp;&nbsp; NCE merit in Mathematics and one (1)\r\nof Physics, Chemistry or Economics<\/span><br><\/p>","utme_requirements":"<p><span>Five (5) SSC credit passes including English Language, Mathematics and\r\nPhysics or Chemistry.<\/span><\/p>","subjects":"Mathematics and any two (2) of Physics, Chemistry and Economics or Geography.","institutions_list":"FED-WUKARI"},{"id":"24228","title":"MEDICAL LABORATORY SCIENCE","de_requirements":"<p><span>'A' Level passes<span>&nbsp;&nbsp; <\/span>to include Physics, Chemistry and Biology or\r\nZoology<\/span><\/p>","utme_requirements":"<p><span>Five (5) SSC credit passes in English Language, Mathematics,\r\nPhysics, Chemistry and Biology<\/span><\/p>","subjects":"<p><span>Physics, Chemistry and Biology<\/span><\/p>","institutions_list":"FED-WUKARI"},{"id":"24223","title":"MEDICINE & SURGERY","de_requirements":"<p>\r\n\r\n<\/p><p><span>(i) 'A' Level passes in Physics, Chemistry\r\nand Biology or Zoology in addition to the UTME requirements.<\/span><\/p>\r\n\r\n<p><span>(ii) BSC, BOS, etc in\r\nrelevant programme.<\/span><\/p>\r\n\r\n<p><\/p>","utme_requirements":"<p>\r\n\r\n<\/p><p><span>Five (5) SSC credit passes in English\r\nLanguage, Mathematics, Physics, Chemistry and Biology.<\/span><\/p>\r\n\r\n<p><\/p>","subjects":"<p>\r\n\r\n<\/p><p><span>Physics, Chemistry and\r\nBiology.<\/span><\/p>\r\n\r\n<p><\/p>","institutions_list":"FED-WUKARI"},{"id":"9416","title":"MICROBIOLOGY","de_requirements":"<p><span>Two (2) 'A' Level passes in Chemistry and any one (1) from Biology,\r\nZoology or Botany.<\/span><\/p>","utme_requirements":"<p><span>Five (5) SSC credit passes in English Language, Mathematics, Chemistry,\r\nBiology and Physics.<\/span><\/p>","subjects":"Biology, Chemistry and either Physics or Mathematics.","institutions_list":"FED-WUKARI"},{"id":"9417","title":"MOLECULAR BIOLOGY","de_requirements":"<p><span>Two (2) 'A' Level passes in Chemistry and any one (1) from Biology,\r\nZoology or Botany.<\/span><\/p>","utme_requirements":"<p><span>Five (5) SSC credit passes in English Language, Mathematics, Chemistry,\r\nBiology and Physics.<\/span><\/p>","subjects":"Biology, Chemistry and either Physics or Mathematics.","institutions_list":"FED-WUKARI"},{"id":"9413","title":"PHILOSOPHY","de_requirements":"<p><span>Any\r\ntwo (2) \u2018A\u2019 Level passes.<\/span><\/p>","utme_requirements":"<p><span>Five\r\n(5) SSC credit passes to include English Language and four (4) other relevant\r\nsubjects.<\/span><\/p>","subjects":"Any three (3) subjects.","institutions_list":"FED-WUKARI"},{"id":"23658","title":"PHYSICAL & HEALTH EDUCATION","de_requirements":"<p>\r\n\r\n<\/p><div>\r\n\r\n<table>\r\n <tbody><tr>\r\n  <td>\r\n  <p><span>(i)<span>&nbsp; <\/span>Two (2) 'A'\r\n  Level passes in any of Biology, Chemistry, Physics and Mathematics.<\/span><\/p>\r\n  <p><span>&nbsp;<\/span><\/p>\r\n  <p><span>(ii)<span>&nbsp; <\/span>NCE merit in\r\n  Physical Education and credit in Arithmetical process or Mathematics.<\/span><\/p>\r\n  <p><span>&nbsp;<\/span><\/p>\r\n  <p><span>(iii)<span>&nbsp; <\/span>Diploma\r\n  in Health Education, Environmental Sanitation, Physical Education, Social\r\n  work, Health Administration with overall grades of merit plus three (3) 'O'\r\n  Level credit passes\/TC II merit which should include English Language.<\/span><\/p>\r\n  <p><span>&nbsp;<\/span><\/p>\r\n  <p><span>(iv) NCE in Biology, Health Education, and Integrated\r\n  Science with a pass grade plus two (2) 'O' Level credit passes\/TC II merit\r\n  passes.<\/span><\/p>\r\n  <p><span>&nbsp;<\/span><\/p>\r\n  <p><span>(v)<span>&nbsp;&nbsp;&nbsp; <\/span>Registered\r\n  Nurse plus five (5) 'O' Level credit passes to include English Language.<\/span><\/p>\r\n  <p><span>&nbsp;<\/span><\/p>\r\n  <\/td>\r\n <\/tr>\r\n<\/tbody><\/table>\r\n\r\n<\/div>\r\n\r\n","utme_requirements":"<p>\r\n\r\n<\/p><div>\r\n\r\n<table>\r\n <tbody><tr>\r\n  <td>\r\n  <p><span>i) Five (5) SSC credit passes\/TC II merit passes including<span>&nbsp;&nbsp;&nbsp;&nbsp; <\/span>English Language, Biology or its\r\n  equivalent.<\/span><\/p>\r\n  <p><span>&nbsp;<\/span><\/p>\r\n  <p><span>ii) Five (5) SSC credit passes\/TC II merit passes to\r\n  include English Language and Mathematics.<\/span><\/p>\r\n  <\/td>\r\n <\/tr>\r\n<\/tbody><\/table>\r\n\r\n<\/div>\r\n\r\n","subjects":"<p>\r\n\r\n<\/p><div>\r\n\r\n<table>\r\n <tbody><tr>\r\n  <td>\r\n  <p><span>Biology and any two (2) relevant subjects.<\/span><\/p>\r\n  <\/td>\r\n <\/tr>\r\n<\/tbody><\/table>\r\n\r\n<\/div>\r\n\r\n","institutions_list":"FED-WUKARI"},{"id":"9405","title":"PHYSICS","de_requirements":"<p><span>NCE\/Two (2) 'A' Level passes in Physics and Mathematics or Chemistry.<\/span><\/p>","utme_requirements":"<p><span>Five (5) SSC credit passes in English Language, Physics, Chemistry,\r\nMathematics and any other Science subject from Further Mathematics and Biology\r\nor Agricultural Science.<\/span><\/p>","subjects":"Physics, Mathematics and Chemistry or Biology.","institutions_list":"FED-WUKARI"},{"id":"24222","title":"PHYSIOTHERAPY","de_requirements":"<p>\r\n\r\n<\/p><p><span>Two (2) \u2018A\u2019 Level passes chosen from Physics, Chemistry and\r\nBiology.<\/span><\/p>\r\n\r\n<p><\/p>","utme_requirements":"<p>\r\n\r\n<\/p><p><span>Five (5) SSC credit passes in English Language, Maths, Biology,\r\nPhysics and Chemistry.<\/span><\/p>\r\n\r\n<p><\/p>","subjects":"<p>\r\n\r\n<\/p><p><span>Physics, Chemistry and Biology.<\/span><\/p>\r\n\r\n<p><\/p>","institutions_list":"FED-WUKARI"},{"id":"9419","title":"POLITICAL SCIENCE","de_requirements":"<p><span>Two (2)\r\nA' Level passes to include Government or History.<\/span><\/p>","utme_requirements":"<p><b><span>Five (5) SSC credit passes to include English\r\nLanguage, Government\/History and any other three (3) subjects from Arts\/Social\r\nSciences with at least 'O' Level pass in Mathematics.<\/span><\/b><br><\/p>","subjects":"Government\/History and two (2)  other Social Sciences or Arts subjects.","institutions_list":"FED-WUKARI"},{"id":"9423","title":"POLITICAL SCIENCE","de_requirements":"<p><span>Two (2) 'A' Level passes including Government or History.<\/span><span><\/span><\/p>","utme_requirements":"<p><span>Five (5) SSC credit passes in Government or History, English Language and three (3) other subjects. &nbsp;A pass in Mathematics is required.<\/span><span><\/span><\/p>","subjects":"Government or History plus two (2) other Social Science\/Arts subjects.","institutions_list":"FED-WUKARI"},{"id":"9426","title":"PUBLIC ADMINISTRATION","de_requirements":"<p><span>Two (2) \u2018A\u2019 Level passes chosen from\r\nEconomics, Accounting, Business Management, Government, Geography and\r\nStatistics.<\/span><\/p>","utme_requirements":"<p><span>Five\r\n(5) SSC credit passes to include English Language,&nbsp;&nbsp;&nbsp;&nbsp;&nbsp;&nbsp;&nbsp;&nbsp;&nbsp;&nbsp;&nbsp;&nbsp;&nbsp;&nbsp; <\/span><\/p><p>\r\n\r\n<span>Economics and Government.\r\nFor NBC holders, the&nbsp;&nbsp;&nbsp;&nbsp;&nbsp;&nbsp;&nbsp;&nbsp;&nbsp;&nbsp;&nbsp;&nbsp;&nbsp;&nbsp;&nbsp;&nbsp;&nbsp;&nbsp;&nbsp;&nbsp;&nbsp;&nbsp;&nbsp;&nbsp;&nbsp;&nbsp;&nbsp;&nbsp;\r\nother relevant&nbsp;&nbsp;&nbsp;&nbsp;&nbsp;&nbsp;&nbsp;&nbsp;&nbsp;&nbsp;&nbsp;&nbsp;&nbsp;&nbsp;&nbsp;&nbsp;&nbsp;&nbsp;&nbsp;&nbsp;&nbsp;&nbsp;&nbsp;&nbsp;&nbsp;&nbsp;&nbsp;&nbsp; subjects could\r\nbe&nbsp;&nbsp;&nbsp;&nbsp;&nbsp;&nbsp;&nbsp;&nbsp;&nbsp;&nbsp;&nbsp;&nbsp;&nbsp;&nbsp;&nbsp;&nbsp;&nbsp;&nbsp;&nbsp;&nbsp;&nbsp;&nbsp;&nbsp;&nbsp;&nbsp;&nbsp;&nbsp;&nbsp; from any\r\nof the&nbsp;&nbsp;&nbsp;&nbsp;&nbsp;&nbsp;&nbsp;&nbsp;&nbsp;&nbsp;&nbsp;&nbsp;&nbsp;&nbsp;&nbsp;&nbsp;&nbsp;&nbsp;&nbsp;&nbsp;&nbsp;&nbsp;&nbsp;&nbsp;&nbsp;&nbsp;&nbsp;&nbsp;\r\nfollowing:&nbsp; Accounting, Principles\r\nof Accounts,&nbsp;&nbsp;&nbsp;&nbsp;&nbsp;&nbsp;&nbsp;&nbsp;&nbsp;&nbsp;&nbsp;&nbsp;&nbsp; &nbsp;&nbsp;&nbsp;&nbsp;&nbsp;&nbsp;&nbsp;&nbsp;&nbsp;&nbsp;&nbsp;&nbsp;&nbsp;&nbsp;&nbsp;Commerce, Office&nbsp;&nbsp;&nbsp;&nbsp;&nbsp;&nbsp;&nbsp;&nbsp;&nbsp;&nbsp; Practice and Secretarial&nbsp;&nbsp; Duties.<\/span><br><\/p>","subjects":"Government, \r\nEconomics and any other subject.\r\n","institutions_list":"FED-WUKARI"},{"id":"9424","title":"SOCIOLOGY","de_requirements":"<p><span>Two (2) 'A' Level passes including Government or History.<\/span>&nbsp;&nbsp;&nbsp;&nbsp;<span><\/span><\/p>","utme_requirements":"<p><span>Five (5) SSC credit passes in Government or History, English Language and three (3) other subjects. &nbsp;A pass in Mathematics is required.<\/span><span><\/span><\/p>","subjects":"Three (3) Social Science or Arts subjects.","institutions_list":"FED-WUKARI"},{"id":"9412","title":"STATISTICS","de_requirements":"<p><span>Two (2) 'A' Level passes to include Mathematics or Statistics.<\/span><\/p><p>\r\n\r\n<\/p><p><span>NCE credit in relevant subjects.<\/span><\/p>","utme_requirements":"<p><span>Five (5) SSC credit passes to include English Language, Mathematics and\r\nat least three (3) subjects from Physics, Statistics, Chemistry, Further Mathematics,\r\nEconomics and Geography.<\/span><\/p>","subjects":"Mathematics and any two (2) of Physics, Chemistry and Economics.","institutions_list":"FED-WUKARI"}]