[{"id":"9446","title":"AGRICULTURAL ENGINEERING\/TECHNOLOGY","de_requirements":"","utme_requirements":"<p><span>Five (5) SSC credit passes in Mathematics,\r\n<\/span><span>English Language, Physics\r\nand any two (2) of the following:<\/span><\/p><p><span>Biology\/Agricultural Science<\/span><\/p><p><span>Chemistry<\/span><\/p><p><span>Technical Drawing<\/span><\/p><p><span>Basic Electronics\/Basic Electricity<\/span><\/p><p><span>Auto Mechanics<\/span><\/p><p><span>Metal Work<\/span><\/p><p><span>Further Mathematics<\/span><\/p><p><span>Food and Nutrition<\/span><\/p><p>\r\n\r\n\r\n\r\n\r\n\r\n\r\n\r\n\r\n\r\n\r\n\r\n\r\n\r\n\r\n\r\n\r\n\r\n<\/p><p><span>Geography<\/span><\/p>","subjects":"Mathematics and Physics\/Technical Drawing, Chemistry or any two (2) Science subjects.","institutions_list":"FEDAGRICIB"},{"id":"9445","title":"AGRICULTURAL TECHNOLOGY","de_requirements":"","utme_requirements":"<p><span>Five (5) SSC credit passes in Biology\/Agricultural\r\nScience,<\/span><span><\/span><\/p><p><span>Mathematics and any three (3) of the following:<\/span><\/p><p><span>Geography,<\/span><\/p><p><span>Food and Nutrition,<\/span><\/p><p><span>Economics,<\/span><\/p><p><span>Technical Drawing,<\/span><\/p><p><span>English Language,<\/span><\/p><p><span>Physics,<\/span><\/p><p><span>Chemistry,<\/span><\/p><p><span>Nigerian Language,<\/span><\/p><p><span>Home Economics.<\/span><\/p><p>\r\n\r\n\r\n\r\n\r\n\r\n\r\n\r\n\r\n\r\n\r\n\r\n\r\n\r\n\r\n\r\n\r\n\r\n\r\n\r\n\r\n\r\n<\/p><p><span>At least 'O' Level credit passes in English\r\nLanguage and Chemistry are compulsory.<\/span><\/p>","subjects":"Biology\/Agricultural Science, Chemistry and any other Science subject","institutions_list":"FEDAGRICIB"},{"id":"9447","title":"ANIMAL HEALTH AND PRODUCTION TECH.","de_requirements":"","utme_requirements":"<p><span>Five (5) SSC credit passes in Biology\/Agricultural\r\nScience,<\/span><span><\/span><\/p><p><span>Mathematics and any three (3) of the following:<\/span><\/p><p><span>Geography,<\/span><\/p><p><span>Food and Nutrition,<\/span><\/p><p><span>Economics,<\/span><\/p><p><span>Technical Drawing,<\/span><\/p><p><span>English Language,<\/span><\/p><p><span>Physics,<\/span><\/p><p><span>Chemistry,<\/span><\/p><p><span>Nigerian Language,<\/span><\/p><p>\r\n\r\n\r\n\r\n\r\n\r\n\r\n\r\n\r\n\r\n\r\n\r\n\r\n\r\n\r\n\r\n\r\n\r\n\r\n\r\n<\/p><p><span>Home Economics.<\/span><\/p>","subjects":"Biology\/Agricultural Science, Chemistry and any other Science subject","institutions_list":"FEDAGRICIB"},{"id":"9452","title":"COMPUTER SCIENCE","de_requirements":"","utme_requirements":"<p><span>Five (5)\r\nSSC credit passes in Mathematics, a basic science and three (3) other subjects\r\nchosen from the following:<\/span><\/p><p><span>Economics,<\/span><\/p><p><span>Geography,<\/span><\/p><p><span>Government\/History,<\/span><\/p><p><span>Further\r\nMathematics,<\/span><\/p><p><span>Physics,<\/span><\/p><p><span>Chemistry,<\/span><\/p><p><span>Biology\/Agricultural\r\nScience.<\/span><\/p><p><span>English\r\nLanguage,<\/span><\/p><p><span>Typewriting,<\/span><\/p><p>\r\n\r\n\r\n\r\n\r\n\r\n\r\n\r\n\r\n\r\n\r\n\r\n\r\n\r\n\r\n\r\n\r\n\r\n\r\n\r\n<\/p><p><span>'O'\r\nLevel credit passes in English Language and Physics is compulsory.<\/span><\/p>","subjects":"Mathematics and any two (2) of Geography, Physics, Economics or Chemistry.","institutions_list":"FEDAGRICIB"},{"id":"26492","title":"COOPERATIVE ECONOMICS AND MANAGEMENT","de_requirements":"","utme_requirements":"","subjects":"","institutions_list":"FEDAGRICIB"},{"id":"9444","title":"FISHERIES TECHNOLOGY","de_requirements":"","utme_requirements":"<p><span>Five (5) 'O' Level credit passes in Biology\/Agricultural Science,<\/span><span><\/span><\/p><p><span>Mathematics and any three (3) of the following:<\/span><span><\/span><\/p><p><span>Geography,<\/span><span><\/span><\/p><p><span>Food and Nutrition,<\/span><span><\/span><\/p><p><span>Economics,<\/span><span><\/span><\/p><p><span>Technical Drawing,<\/span><span><\/span><\/p><p><span>English Language,<\/span><span><\/span><\/p><p><span>Physics,<\/span><span><\/span><\/p><p><span>Chemistry,<\/span><span><\/span><\/p><p><span>Nigerian Language,<\/span><span><\/span><\/p><p><span>Home Economics.<\/span><span><\/span><\/p><p><span>'O' Level credit passes in English Language and Chemistry are compulsory.<\/span><\/p>","subjects":"Biology\/Agricultural Science and two (2) of Physics, Chemistry, Mathematics and Economics","institutions_list":"FEDAGRICIB"},{"id":"9451","title":"HOME & RURAL ECONOMICS","de_requirements":"","utme_requirements":"<p><span>Five (5) SSC credit passes in a<\/span><span>ny three (3) of the following:<\/span><span><\/span><\/p><p><span>Government,<\/span><span><\/span><\/p><p><span>Business Methods,<\/span><span><\/span><\/p><p><span>Economics\/Commerce,<\/span><span><\/span><\/p><p><span>Religious Knowledge,<\/span><span><\/span><\/p><p><span>Any Nigerian Language,<\/span><span><\/span><\/p><p><span>Geography,<\/span><span><\/span><\/p><p><span>Bookkeeping and Principles of Accounts<\/span><span><\/span><\/p><p><span>History,<\/span><span><\/span><\/p><p><span>Clothing and Textile,<\/span><span><\/span><\/p><p><span>plus 'O' Level credit passes in English Language and Mathematics.<\/span><span><\/span><\/p><p><span><o>&nbsp;<\/o:p><\/span>&nbsp;&nbsp;&nbsp;&nbsp;<\/p>","subjects":"Biology, Agricultural Science and any other subject.","institutions_list":"FEDAGRICIB"},{"id":"26493","title":"HORTICULTURAL TECHNOLOGY","de_requirements":"","utme_requirements":"","subjects":"","institutions_list":"FEDAGRICIB"},{"id":"9448","title":"PRODUCTION TECH.","de_requirements":"","utme_requirements":"<table>\r\n <tbody><tr>\r\n  <td>\r\n  <p><span>Five (5) SSC credit passes in Biology\/Agricultural\r\n  Science,<\/span><span><\/span><\/p>\r\n  <p><span>Mathematics and any three (3) of the following:<\/span><\/p>\r\n  <p><span>Geography,<\/span><\/p>\r\n  <p><span>Food and Nutrition,<\/span><\/p>\r\n  <p><span>Economics,<\/span><\/p>\r\n  <p><span>Technical Drawing,<\/span><\/p>\r\n  <p><span>English Language,<\/span><\/p>\r\n  <p><span>Physics,<\/span><\/p>\r\n  <p><span>Chemistry,<\/span><\/p>\r\n  <p><span>Nigerian Language,<\/span><\/p>\r\n  <p><span>Home Economics.<\/span><\/p>\r\n  <p><span>At least 'O' Level credit passes in English\r\n  Language and Chemistry are compulsory.<\/span><\/p>\r\n  <p><span><o>&nbsp;<\/o:p><\/span><\/p>\r\n  <\/td>\r\n <\/tr>\r\n<\/tbody><\/table>","subjects":"Biology\/Agricultural Science, Chemistry and any other Science subject","institutions_list":"FEDAGRICIB"},{"id":"28459","title":"SCIENCE LABORATORY TECHNOLOGY","de_requirements":"","utme_requirements":"","subjects":"","institutions_list":"FEDAGRICIB"},{"id":"9449","title":"SCIENCE LABORATORY TECHNOLOGY","de_requirements":"","utme_requirements":"<p><span>Five (5) SSC credit passes in Mathematics and two (2) of Physics,<\/span><span><\/span><\/p><p><span>Biology\/Agricultural Science\/Health Science, Chemistry,<\/span><span><\/span><\/p><p><span>and two (2) other subjects from Technical Drawing, Metal or Wood Work, Basic Electricity, Geography, Further Mathematics, and Fine Arts. <\/span><span><\/span><\/p><p><span>'O' Level credit pass in each of the three (3) Basic Science subjects - Biology, Chemistry, Physics and a 'O' Level credit pass in English Language is compulsory.<\/span><span><\/span><\/p>","subjects":"Any three (3) of Mathematics, Biology\/Agricultural Science or Physics","institutions_list":"FEDAGRICIB"},{"id":"9450","title":"STATISTICS","de_requirements":"","utme_requirements":"<p><span>Five (5) SSC credit passes in Mathematics, Basic Science and any three (3) of the following:<\/span><span><\/span><\/p><p><span>Economics,<\/span><span><\/span><\/p><p><span>Geography,<\/span><span><\/span><\/p><p><span>Government\/History,<\/span><span><\/span><\/p><p><span>Further Mathematics,<\/span><span><\/span><\/p><p><span>Physics,<\/span><span><\/span><\/p><p><span>Chemistry,<\/span><span><\/span><\/p><p><span>Biology\/Agricultural Science.<\/span><span><\/span><\/p><p><span>English Language,<\/span><span><\/span><\/p><p><span>Typewriting, <\/span><span><\/span><\/p><p><span>'O' Level credit passes in English Language and Physics are compulsory.<\/span><\/p>","subjects":"Any of the three (3): \r\n1. Economics\/  \r\n     Commerce\r\n2. History\/Government\r\n3. CRS\/IS\r\n4. Mathematics","institutions_list":"FEDAGRICIB"}]