[{"id":"9461","title":"AGRICULTURAL ENGINEERING\/TECHNOLOGY","de_requirements":"","utme_requirements":"<p><span>Five (5) SSC credit passes in Mathematics,\r\n<\/span><span>English Language, Physics\r\nand any two (2) of the following:<\/span><\/p><p><span>Biology\/Agricultural Science<\/span><\/p><p><span>Chemistry<\/span><\/p><p><span>Technical Drawing<\/span><\/p><p><span>Basic Electronics\/Basic Electricity<\/span><\/p><p><span>Auto Mechanics<\/span><\/p><p><span>Metal Work<\/span><\/p><p><span>Further Mathematics<\/span><\/p><p><span>Food and Nutrition<\/span><\/p><p>\r\n\r\n\r\n\r\n\r\n\r\n\r\n\r\n\r\n\r\n\r\n\r\n\r\n\r\n\r\n\r\n\r\n\r\n<\/p><p><span>Geography<\/span><\/p>","subjects":"Mathematics and Physics\/Technical Drawing, Chemistry or any two (2) Science subjects.","institutions_list":"FEDAGRIISH"},{"id":"9460","title":"AGRICULTURAL TECHNOLOGY","de_requirements":"","utme_requirements":"<p><span>Five (5) SSC credit passes in Biology\/Agricultural\r\nScience,<\/span><span><\/span><\/p><p><span>Mathematics and any three (3) of the following:<\/span><\/p><p><span>Geography,<\/span><\/p><p><span>Food and Nutrition,<\/span><\/p><p><span>Economics,<\/span><\/p><p><span>Technical Drawing,<\/span><\/p><p><span>English Language,<\/span><\/p><p><span>Physics,<\/span><\/p><p><span>Chemistry,<\/span><\/p><p><span>Nigerian Language,<\/span><\/p><p><span>Home Economics.<\/span><\/p><p>\r\n\r\n\r\n\r\n\r\n\r\n\r\n\r\n\r\n\r\n\r\n\r\n\r\n\r\n\r\n\r\n\r\n\r\n\r\n\r\n\r\n\r\n<\/p><p><span>At least 'O' Level credit passes in English\r\nLanguage and Chemistry are compulsory.<\/span><\/p>","subjects":"Biology\/Agricultural Science, Chemistry and any other Science subject","institutions_list":"FEDAGRIISH"},{"id":"23563","title":"ANIMAL HEALTH & PRODUCTION TECHNOLOGY","de_requirements":"<p>NIL<br><\/p>","utme_requirements":"<p>\r\n\r\n<\/p><p><span>Five (5) SSC credit passes in Biology\/Agricultural\r\nScience,<\/span><span><\/span><\/p>\r\n\r\n<p><span>Mathematics and any three (3) of the following:<\/span><\/p>\r\n\r\n<p><span>Geography,<\/span><\/p>\r\n\r\n<p><span>Food and Nutrition,<\/span><\/p>\r\n\r\n<p><span>Economics,<\/span><\/p>\r\n\r\n<p><span>Technical Drawing,<\/span><\/p>\r\n\r\n<p><span>English Language,<\/span><\/p>\r\n\r\n<p><span>Physics,<\/span><\/p>\r\n\r\n<p><span>Chemistry,<\/span><\/p>\r\n\r\n<p><span>Nigerian Language,<\/span><\/p>\r\n\r\n<p><span>Home Economics.<\/span><\/p>\r\n\r\n<p><span>At least 'O' Level credit passes in English Language and Chemistry are\r\ncompulsory.<\/span><\/p>\r\n\r\n","subjects":"<p>\r\n\r\n<\/p><p><span>Biology\/Agricultural\r\nScience, Chemistry and any other Science subject<\/span><span><\/span><\/p>\r\n\r\n","institutions_list":"FEDAGRIISH"},{"id":"9462","title":"COMPUTER SCIENCE","de_requirements":"","utme_requirements":"<p><span>Five (5)\r\nSSC credit passes in Mathematics, a basic science and three (3) other subjects\r\nchosen from the following:<\/span><\/p><p><span>Economics,<\/span><\/p><p><span>Geography,<\/span><\/p><p><span>Government\/History,<\/span><\/p><p><span>Further\r\nMathematics,<\/span><\/p><p><span>Physics,<\/span><\/p><p><span>Chemistry,<\/span><\/p><p><span>Biology\/Agricultural\r\nScience.<\/span><\/p><p><span>English\r\nLanguage,<\/span><\/p><p><span>Typewriting,<\/span><\/p><p>\r\n\r\n\r\n\r\n\r\n\r\n\r\n\r\n\r\n\r\n\r\n\r\n\r\n\r\n\r\n\r\n\r\n\r\n\r\n\r\n<\/p><p><span>'O'\r\nLevel credit passes in English Language and Physics is compulsory.<\/span><\/p>","subjects":"Mathematics and any two (2) of Geography, Physics, Economics or Chemistry.","institutions_list":"FEDAGRIISH"},{"id":"23562","title":"COOPERATIVE ECONOMICS & MANAGEMENT","de_requirements":"<p>NIL<br><\/p>","utme_requirements":"<p>\r\n\r\n<\/p><p><span>Five (5)\r\nSSC credit passes in English Language not Literature in English and Mathematics\r\nand any three (3) subjects from the following:<\/span><\/p>\r\n\r\n<p><span>Economics\/Commerce,<\/span><\/p>\r\n\r\n<p><span>Business\r\nMethods,<\/span><\/p>\r\n\r\n<p><span>Principles\r\nof Accounts,<\/span><\/p>\r\n\r\n<p><span>Literature\r\nin English<\/span><\/p>\r\n\r\n<p><span>Geography<\/span><\/p>\r\n\r\n<p><span>Office\r\nPractice<\/span><\/p>\r\n\r\n<p><span>Government,<\/span><\/p>\r\n\r\n<p><span>Biology\/Agricultural\r\nScience,<\/span><\/p>\r\n\r\n<p><span>Chemistry,<\/span><\/p>\r\n\r\n<p><span>Physics,<\/span><\/p>\r\n\r\n<p><span>History\/Government<\/span><\/p>\r\n\r\n<p><span>Typewriting\r\n<\/span><\/p>\r\n\r\n<span>Shorthand<\/span>","subjects":"<p>\r\n\r\n<\/p><p><span>Mathematics\r\nand any two (2) of Economics, Geography, Biology or Agricultural Science History,\r\nGovernment, Commerce or Principle of Accounts.<\/span><\/p>\r\n\r\n","institutions_list":"FEDAGRIISH"},{"id":"9459","title":"FISHERIES TECHNOLOGY","de_requirements":"","utme_requirements":"<p><span>Five (5) 'O' Level credit passes in Biology\/Agricultural Science,<\/span><span><\/span><\/p><p><span>Mathematics and any three (3) of the following:<\/span><span><\/span><\/p><p><span>Geography,<\/span><span><\/span><\/p><p><span>Food and Nutrition,<\/span><span><\/span><\/p><p><span>Economics,<\/span><span><\/span><\/p><p><span>Technical Drawing,<\/span><span><\/span><\/p><p><span>English Language,<\/span><span><\/span><\/p><p><span>Physics,<\/span><span><\/span><\/p><p><span>Chemistry,<\/span><span><\/span><\/p><p><span>Nigerian Language,<\/span><span><\/span><\/p><p><span>Home Economics.<\/span><span><\/span><\/p><p><span>'O' Level credit passes in English Language and Chemistry are compulsory.<\/span><\/p>","subjects":"Biology\/Agricultural Science and two (2) of Physics, Chemistry, Mathematics and Economics","institutions_list":"FEDAGRIISH"},{"id":"23564","title":"HORTICULTURAL TECHNOLOGY","de_requirements":"<p>NIL<br><\/p>","utme_requirements":"<p>\r\n\r\n<\/p><p><span>Five (5)\r\nSSC credit passes in Mathematics, Physics and Chemistry and any two (2) subjects\r\nfrom:<\/span><\/p>\r\n\r\n<p><span>Biology\/Agricultural\r\nScience <\/span><\/p>\r\n\r\n<p><span>Technical\r\nDrawing,<\/span><\/p>\r\n\r\n<p><span>Basic\r\nElectronics\/Basic Electricity,<\/span><\/p>\r\n\r\n<p><span>Auto\r\nMechanics,<\/span><\/p>\r\n\r\n<p><span>Metal\r\nWork, Woodwork for Civil Engineering Technology,<\/span><\/p>\r\n\r\n<p><span>Further\r\nMathematics<\/span><\/p>\r\n\r\n<p><span>English\r\nLanguage, Geography,<\/span><\/p>\r\n\r\n<p><span>Economics\/Commerce.<\/span><\/p>\r\n\r\n<p><span>For Marine\r\nEngineering and Industrial Safety &amp; Environmental Engineering. 'O' Level\r\npass in Biology is required.<\/span><\/p>\r\n\r\n<p><span>'O'\r\nLevel credit pass in English Language is required.<\/span><\/p>\r\n\r\n","subjects":"<p>\r\n\r\n<\/p><p><span>Mathematics\r\nand any two (2) of Chemistry, Physics or Technical Drawing.<\/span><\/p>\r\n\r\n","institutions_list":"FEDAGRIISH"}]