[{"id":"143","title":"ACCOUNTING","de_requirements":"<p><span>Two (2) \u2018A\u2019 Level passes chosen from Economics, Accounting,\r\nBusiness Management, Government and Geography.<\/span><\/p>","utme_requirements":"<p><span>Five (5) SSC credit passes including\r\nEnglish Language, Mathematics, Economics and any other two (2) other subjects.<\/span><\/p><p>\r\n\r\n<\/p><p><span>For\r\nNBC holders, the other two (2) relevant subjects could be from any of Principles\r\nof Accounts, Commerce, Office Practice and Secretarial Duties.\ufffd<\/span><\/p>","subjects":"Mathematics, Economics plus any Social Science subject.","institutions_list":"AAUA"},{"id":"205","title":"ADULT EDUCATION","de_requirements":"<div>\r\n\r\n<table>\r\n <tbody><tr>\r\n  <td>\r\n  <p><span>(i) &nbsp;&nbsp; Two (2) 'A' Level &nbsp;&nbsp;passes.<\/span><\/p>\r\n  <\/td>\r\n <\/tr>\r\n<\/tbody><\/table>\r\n\r\n<\/div><p>\r\n\r\n<span>(ii)&nbsp;&nbsp;&nbsp;&nbsp;&nbsp;&nbsp;&nbsp;&nbsp;&nbsp;&nbsp; NCE merit in two (2) subjects.<\/span><br><\/p>","utme_requirements":"<p><span>Five (5) 'O' Level credit passes including English\r\nLanguage, Mathematics and three (3) of Literature in English, History, French,\r\nYoruba, Igbo, Hausa, Christian Religious Studies, Islamic Studies,\r\nGeography\/Physic, Economics and Government or TC II with pass in English Language\r\nand four (4) other subjects.<\/span><br><\/p>","subjects":"Government\/History, one (1) Social Science subject and any other subject.","institutions_list":"AAUA"},{"id":"149","title":"AGRICULTURE","de_requirements":"<p><span>Two (2) \u2018A\u2019 Level passes in Chemistry and\r\none from Biology\/Botany\/Zoology\/Agricultural Science, Economics, Physics,\r\nGeography and Geology\/Mathematics (Pure &amp; Applied).<\/span><\/p>","utme_requirements":"<p><span>Five (5) SSC credit passes to include\r\nEnglish Language, Biology\/Agricultural Science, Chemistry and&nbsp; any one of Mathematics, Physics, Geography\r\nand&nbsp; Economics.<\/span><\/p>","subjects":"Chemistry, Biology\/Agriculture and any one of Physics or Mathematics.","institutions_list":"AAUA"},{"id":"23883","title":"ARCHITECTURE","de_requirements":"<p>Candidates who fulfill the UTME Entry requirement above should have obtained G.C.E. Advanced level, H.S.C.\/IJMB or equivalent with passes in Mathematics and Physics, or Mathematics or Physics and any other subject noted above may be admitted into the 200-level of the programme. A candidate who fulfills normal admission requirement and in addition holds and ND and HND certificate in Architecture or Allied Subject at Credit Level can be considered for admission into the programme at the appropriate level<br><\/p>","utme_requirements":"<p>Candidates who have successfully completed the Senior Secondary School or its equivalent, obtained five credit in English, Mathematics, Physics and two other subject from the following list will be eligible for admission: Chemistry, Biology, Technical Drawing, Fine Arts, Geography Economics, Building Construction and Land Surveying. <br><\/p>","subjects":"<p>English Language, Mathematics, Physics and any one of Chemistry, Geography, Technical Drawing, fine Arts, Geography or Economics<br><\/p>","institutions_list":"AAUA"},{"id":"23672","title":"ARCHITECTURE","de_requirements":"<p>\r\n\r\n<\/p><p><span><span>(i)<span>&nbsp;&nbsp;&nbsp;&nbsp;&nbsp;&nbsp;\r\n<\/span><\/span><\/span><span>Two (2) 'A' Level\r\npasses chosen from Mathematics or Physics and Chemistry, Geography or Fine\r\nArts.<\/span><\/p>\r\n\r\n<span>(ii)&nbsp;&nbsp; ND\/HND\r\nupper credits in relevant field.<\/span>","utme_requirements":"<p>\r\n\r\n<\/p><p><span>Five (5) SSC credit passes in English Language, Mathematics,\r\nPhysics, Chemistry and any of Fine Art, Geography or Wood Work, Biology, Economics,\r\nTechnical Drawing, Further. Mathematics., Introduction to Building\r\nConstruction, Bricklaying\/Block laying, Concreting, Wall, Floors and Ceiling\r\nFinishing, Joinery, Carpentary, Decorative Painting, Lining, Sign and Design,\r\nWall Hanging, Colour Mixing\/Matching and Glazing, Ceramics, Graphics Design,\r\nGraphic Printing, Basic Electricity.<\/span><\/p>\r\n\r\n","subjects":"<p>\r\n\r\n<\/p><p><span>Physics, Mathematics, and any of Chemistry, Geography, Art,\r\nBiology and Economics.<\/span><\/p>\r\n\r\n","institutions_list":"AAUA"},{"id":"201","title":"ARCHITECTURE","de_requirements":"<p><span>(i)<span>&nbsp;&nbsp;&nbsp;&nbsp;&nbsp;&nbsp;\r\n<\/span><\/span><span>Two (2) 'A' Level\r\npasses chosen from Mathematics or Physics and Chemistry, Geography or Fine\r\nArts.<\/span><\/p><p>\r\n\r\n<span>ND\/HND\r\nupper credits in relevant field.<\/span><br><\/p>","utme_requirements":"<table>\r\n <tbody><tr>\r\n  <td>\r\n  <p><span>Five (5) SSC credit passes in English\r\n  Language, Mathematics, Physics, Chemistry and any of Fine Art, Geography or\r\n  Wood Work, Biology, Economics, Technical Drawing, Further. Mathematics.,\r\n  Introduction to Building Construction, Bricklaying\/Block laying, Concreting,\r\n  Wall, Floors and Ceiling Finishing, Joinery, Carpentary, Decorative Painting,\r\n  Lining, Sign and Design, Wall Hanging, Colour Mixing\/Matching and Glazing,\r\n  Ceramics, Graphics Design, Graphic Printing, Basic Electricity.<\/span><\/p>\r\n  <p><span>&nbsp;<\/span><\/p>\r\n  <\/td>\r\n <\/tr>\r\n<\/tbody><\/table>","subjects":"Physics, Mathematics, and any of Chemistry, Geography, Art, Biology and Economics.","institutions_list":"AAUA"},{"id":"144","title":"BANKING & FINANCE","de_requirements":"<p><span>Two (2) 'A' Level passes\r\nchosen from Accounting, Economics, Management, Mathematics, Geography and\r\nStatistics.<\/span><\/p>","utme_requirements":"<p><span>Five (5) SSC credit\r\npasses to include: English Language, Mathematics and any other subjects. For\r\nNBC, the other two (2) relevant subjects could be from any of the following;\r\nAccounting, Principles of Accounts, Commerce, Office Practice and Economics.&nbsp;<\/span><\/p>","subjects":"English Language, Mathematics, Economics, and any of the following subject: Geography, Government, Commerce, Principles of Accounts, Literature in English, Civic Education and Christian Religious knowledge (CRK) \/ IRS.","institutions_list":"AAUA"},{"id":"157","title":"BIOCHEMISTRY","de_requirements":"<p><span>Two (2) 'A' Level passes chosen from Chemistry, Mathematics, Physics and\r\nBiology.<\/span><\/p><p><span><o>&nbsp;<\/o:p><\/span><\/p><p>\r\n\r\n\r\n\r\n<\/p><p><span>NCE\/ND\/HND in related programmes plus the UTME requirements.<\/span><\/p>","utme_requirements":"<p><span>Five (5) SSC credit passes in English Language, Chemistry, Mathematics,\r\nPhysics and Biology.<\/span><\/p>","subjects":"Biology, Chemistry and Physics or Mathematics.","institutions_list":"AAUA"},{"id":"145","title":"BUSINESS ADMINISTRATION","de_requirements":"<p><span>Two (2) \u2018A\u2019 Level passes chosen from Economics, Accounts,\r\nBusiness Management, Government, Geography or Statistics.<\/span><\/p>","utme_requirements":"<p><span>Five (5) SSC credit passes including English Language,\r\nMathematics, Economics, plus any two (2) of Accounting, Business Methods,\r\nCommerce, Government, Geography, and Statistics.<\/span><br><\/p>","subjects":"Mathematics, Economics and one (1) other subject.","institutions_list":"AAUA"},{"id":"171","title":"CHEMISTRY","de_requirements":"<p><span>i)&nbsp; Two (2) 'A' Level passes in Chemistry and any\r\none (1) of Physics, Mathematics or Biology.<\/span><\/p><p><span><o>&nbsp;<\/o:p><\/span><\/p><p>\r\n\r\n\r\n\r\n<\/p><p><span>(ii)&nbsp;&nbsp; ND\/NCE\r\nwith good grades in relevant 'O' Level subjects.<\/span><\/p>","utme_requirements":"<p><span>Five (5) SSC credit passes in English Language, Mathematics, Physics,\r\nChemistry and Biology.<\/span><\/p>","subjects":"Chemistry and two (2) of Physics, Biology and Mathematics.\r\n\r\n","institutions_list":"AAUA"},{"id":"155","title":"COMPUTER EDUCATION","de_requirements":"<div>\r\n\r\n<table>\r\n <tbody><tr>\r\n  <td>\r\n  <p><span>i. Two (2)'A' Level passes or its equivalents in Physics\r\n  and Mathematics.<\/span><\/p>\r\n  <p><span>ii. <\/span><span>ND <\/span><span>in Computer Science<\/span><\/p>\r\n  <\/td>\r\n <\/tr>\r\n<\/tbody><\/table>\r\n\r\n<\/div><p>\r\n\r\n<span>iii.&nbsp; NCE distinction\r\ncredit or merit in Computer Education or Physics or Mathematics<\/span><br><\/p>","utme_requirements":"<div>\r\n\r\n<table>\r\n <tbody><tr>\r\n  <td>\r\n  <p><span>Five (5) SSC credit passes including Mathematics, English\r\n  Language, Physics, Chemistry and Biology.<\/span><\/p>\r\n  <\/td>\r\n <\/tr>\r\n<\/tbody><\/table>\r\n\r\n<\/div>","subjects":"Mathematics, Economics\/\r\nCommerce plus one (1) of Chemistry\/Physics\/Biology\r\n","institutions_list":"AAUA"},{"id":"192","title":"COMPUTER SCIENCE","de_requirements":"<p><span>)&nbsp;&nbsp;&nbsp;&nbsp;&nbsp;&nbsp; Two (2) 'A' Level passes in\r\nscience subjects including Mathematics<\/span><\/p><p><span><o>&nbsp;<\/o:p><\/span><\/p><p>\r\n\r\n\r\n\r\n<\/p><p><span>(ii)&nbsp;&nbsp; NCE merit in Mathematics and\r\none (1) other Science or Social Science subject.<\/span><\/p>","utme_requirements":"<p><span>Five (5) SSC credit passes to include English Language, Mathematics,\r\nPhysics and two (2) Chemistry, Biology\/Agriculture, Statistics, Additional Mathematics and Computer Studies.<\/span><\/p>","subjects":"English Language, Mathematics, Physics and one (1) of Chemistry, Biology,&nbsp; Agricultural Science, Economics,&nbsp;Geography and Computer Studies.","institutions_list":"AAUA"},{"id":"156","title":"CRIMINOLOGY & SECURITY STUDIES","de_requirements":"<p>\r\n\r\n<\/p><div>\r\n\r\n<table>\r\n <tbody><tr>\r\n  <td>\r\n  <p><span>Two (2)'A' Level passes in Economics and any one of\r\n  Mathematics, Statistics, Geography, Physics, Chemistry, Agricultural Science,\r\n  Accounting, Business Management, History and Government.<\/span><\/p>\r\n  <\/td>\r\n <\/tr>\r\n<\/tbody><\/table>\r\n\r\n<\/div>\r\n\r\n","utme_requirements":"<p>\r\n\r\n<\/p><div>\r\n\r\n<table>\r\n <tbody><tr>\r\n  <td>\r\n  <p><span>Five\r\n  (5)SSC credit passes in English Language, Mathematics, Economics and any two\r\n  (2) of Arts or Social Science subjects.<\/span><\/p>\r\n  <\/td>\r\n <\/tr>\r\n<\/tbody><\/table>\r\n\r\n<\/div>\r\n\r\n","subjects":"Economics, Mathematics and any of Government, History, Geography, Literature in English, French and Christian Religious Studies\/Islamic Studies.\t","institutions_list":"AAUA"},{"id":"203","title":"EARLY CHILDHOOD EDUCATION","de_requirements":"<div>\r\n\r\n<table>\r\n <tbody><tr>\r\n  <td>\r\n  <p><span>Two (2) 'A' Level passes chosen from relevant subjects.<\/span><\/p>\r\n  <\/td>\r\n <\/tr>\r\n<\/tbody><\/table>\r\n\r\n<\/div>","utme_requirements":"<div>\r\n\r\n<table>\r\n <tbody><tr>\r\n  <td>\r\n  <p><span>Five (5) 'O'\r\n  Level credit passes including English Language.<\/span><\/p>\r\n  <\/td>\r\n <\/tr>\r\n<\/tbody><\/table>\r\n\r\n<\/div>","subjects":"Any three (3) subjects.","institutions_list":"AAUA"},{"id":"151","title":"ECONOMICS","de_requirements":"<p>\r\n\r\n<\/p><div>\r\n\r\n<table>\r\n <tbody><tr>\r\n  <td>\r\n  <p><span>Two (2)'A' Level passes in Economics and any one of\r\n  Mathematics, Statistics, Geography, Physics, Chemistry, Agricultural Science,\r\n  Accounting, Business Management, History and Government.<\/span><\/p>\r\n  <\/td>\r\n <\/tr>\r\n<\/tbody><\/table>\r\n\r\n<\/div>\r\n\r\n","utme_requirements":"<p>\r\n\r\n<\/p><div>\r\n\r\n<table>\r\n <tbody><tr>\r\n  <td>\r\n  <p><span>Five\r\n  (5) 'O' level credit passes to include English Language, Mathematics, Economics plus one Social Science subject and any other subject.<\/span><\/p>\r\n  <\/td>\r\n <\/tr>\r\n<\/tbody><\/table>\r\n\r\n<\/div>\r\n\r\n","subjects":"Mathematics, Economics and any other Social Science subject.\t","institutions_list":"AAUA"},{"id":"153","title":"EDUCATION & ACCOUNTING","de_requirements":"<div>\r\n\r\n<table>\r\n <tbody><tr>\r\n  <td>\r\n  <p><span>Two (2) \u2018A\u2019 Level\r\n  passes in Business Method and one (1) Social Science subject.<\/span><\/p>\r\n  <\/td>\r\n <\/tr>\r\n<\/tbody><\/table>\r\n\r\n<\/div>","utme_requirements":"<div>\r\n\r\n<table>\r\n <tbody><tr>\r\n  <td>\r\n  <p><span>Five (5) SSC credit\r\n  passes including English Language, Mathematics, Economics and two (2) other\r\n  relevant subjects.<\/span><\/p>\r\n  <\/td>\r\n <\/tr>\r\n<\/tbody><\/table>\r\n\r\n<\/div>","subjects":"Mathematics, Economics and any other Social Science subject.","institutions_list":"AAUA"},{"id":"161","title":"EDUCATION & BIOLOGY","de_requirements":"\r\n\r\n<table>\r\n <tbody><tr>\r\n  <td>\r\n  <p><br><\/p>\r\n  <\/td>\r\n <\/tr>\r\n<\/tbody><\/table><div>\r\n\r\n<table>\r\n <tbody><tr>\r\n  <td>\r\n  <p><span>NCE\/'A' Level\r\n  passes in Biology and one (1) other Science subject.<\/span><\/p>\r\n  <\/td>\r\n <\/tr>\r\n<\/tbody><\/table>\r\n\r\n<\/div>\r\n\r\n","utme_requirements":"\r\n\r\n<table>\r\n <tbody><tr>\r\n  <td>\r\n  <p><br><\/p>\r\n  <\/td>\r\n <\/tr>\r\n<\/tbody><\/table><div>\r\n\r\n<table>\r\n <tbody><tr>\r\n  <td>\r\n  <p><span>Five (5) SSC credit\r\n  passes in English Language, Biology, Chemistry, Mathematics and one (1) other\r\n  subject.<\/span><\/p>\r\n  <\/td>\r\n <\/tr>\r\n<\/tbody><\/table>\r\n\r\n<\/div>\r\n\r\n","subjects":"Biology and two (2) other subjects from Chemistry, Mathematics and Physics.","institutions_list":"AAUA"},{"id":"154","title":"EDUCATION & CHEMISTRY","de_requirements":"<div>\r\n\r\n<table>\r\n <tbody><tr>\r\n  <td>\r\n  <p><span>Two (2) \u2018A\u2019 Level\/NCE\r\n  passes including Chemistry and one (1) other Science subject.<\/span><\/p>\r\n  <\/td>\r\n <\/tr>\r\n<\/tbody><\/table>\r\n\r\n<\/div>","utme_requirements":"<div>\r\n\r\n<table>\r\n <tbody><tr>\r\n  <td>\r\n  <p><span>Five (5) SSC\r\n  credits in Mathematics, Chemistry, English Language and two (2) of Physics,\r\n  Biology and Agricultural Science.<\/span><\/p>\r\n  <\/td>\r\n <\/tr>\r\n<\/tbody><\/table>\r\n\r\n<\/div>","subjects":"Chemistry and two (2) other subjects chosen from Physics, Biology and Mathematics.","institutions_list":"AAUA"},{"id":"208","title":"EDUCATION & ECONOMICS","de_requirements":"<p>(i)<span>\t<\/span>Two (2) 'A' Level passes in Economics and one (1) other relevant subject.<\/p><p>(ii) <span>\t<\/span>NCE merit\/credit in Economics and one (1) other subject.<\/p><p><br><\/p>","utme_requirements":"<p>Five (5) 'O' Level credit passes in&nbsp;<span>English Language, Mathematics, Economics and any other two (2) subjects from the following; Accounting, Commerce Business Method, Government, Book Keeping and Civic Education<\/span><\/p>","subjects":"Economics,&nbsp; English Language, Mathematics and one (1) Social Science subject.&nbsp;","institutions_list":"AAUA"},{"id":"194","title":"EDUCATION & ENGLISH LANGUAGE","de_requirements":"<div>\r\n\r\n<table>\r\n <tbody><tr>\r\n  <td>\r\n  <p><span>(i)&nbsp; Two (2) 'A' Level passes in relevant\r\n  teaching subjects including Literature in English.<\/span><\/p>\r\n  <p><span>(ii)&nbsp; NCE\r\n  credit or merit in two(2)relevant subjects.<\/span><\/p>\r\n  <\/td>\r\n <\/tr>\r\n<\/tbody><\/table>\r\n\r\n<\/div>","utme_requirements":"<div>\r\n\r\n<table>\r\n <tbody><tr>\r\n  <td>\r\n  <p><span>Five (5) 'O'\r\n  Level credit passes to include English Language and Literature in English plus\r\n  three (3) other Arts or Social Science subjects.<\/span><\/p>\r\n  <\/td>\r\n <\/tr>\r\n<\/tbody><\/table>\r\n\r\n<\/div>","subjects":"Literature in English and one (1) Art and any other subject.","institutions_list":"AAUA"},{"id":"166","title":"EDUCATION & GEOGRAPHY","de_requirements":"<div>\r\n\r\n<table>\r\n <tbody><tr>\r\n  <td>\r\n  <p><span>Two (2) 'A' Level passes\/NCE merit which should\r\n  include Geography<\/span><\/p>\r\n  <p><span>\/Physics.<\/span><\/p>\r\n  <\/td>\r\n <\/tr>\r\n<\/tbody><\/table>\r\n\r\n<\/div>","utme_requirements":"<div>\r\n\r\n<table>\r\n <tbody><tr>\r\n  <td>\r\n  <p><span>Five (5) SSC credit\r\n  passes to include Geography, English Language and Mathematics.<\/span><\/p>\r\n  <\/td>\r\n <\/tr>\r\n<\/tbody><\/table>\r\n\r\n<\/div>","subjects":"English Language and any other three (3) subjects from either Science or Social Sciences- Geography, Mathematics, Government, Civic Education, Chemistry, Physics, Biology and Agricultural Science and Economics.","institutions_list":"AAUA"},{"id":"167","title":"EDUCATION & HISTORY","de_requirements":"<div>\r\n\r\n<table>\r\n <tbody><tr>\r\n  <td>\r\n  <p><span>Two (2) NCE merit\/'A'\r\n  Level passes in History and one (1) other relevant Arts subject.<\/span><\/p>\r\n  <\/td>\r\n <\/tr>\r\n<\/tbody><\/table>\r\n\r\n<\/div>","utme_requirements":"<div>\r\n\r\n<table>\r\n <tbody><tr>\r\n  <td>\r\n  <p><span>Five (5) SSC credit\r\n  passes in English Language, History and three (3) relevant Arts subjects.<\/span><\/p>\r\n  <\/td>\r\n <\/tr>\r\n<\/tbody><\/table>\r\n\r\n<\/div>","subjects":"History and any other two (2) subjects chosen from Christian Religious Studies \/ Islamic Studies, Literature in English, French, Yoruba, Geography\/Physics, Economics, Government and Hausa.","institutions_list":"AAUA"},{"id":"159","title":"EDUCATION & INTEGRATED SCIENCE","de_requirements":"<div>\r\n\r\n<table>\r\n <tbody><tr>\r\n  <td>\r\n  <p><span>(i) NCE Integrated&nbsp;&nbsp;&nbsp;&nbsp;&nbsp;&nbsp;&nbsp;&nbsp;\r\n  Science<\/span><\/p>\r\n  <p><span>&nbsp;<\/span><\/p>\r\n  <p><span>(ii)&nbsp;&nbsp; NCE Science<\/span><\/p>\r\n  <p><span>&nbsp;&nbsp;&nbsp;&nbsp;&nbsp;&nbsp; Education<\/span><\/p>\r\n  <p><span>&nbsp;<\/span><\/p>\r\n  <\/td>\r\n <\/tr>\r\n<\/tbody><\/table>\r\n\r\n<\/div><p>\r\n\r\n<span>(iii)\r\n&nbsp;'A' Level&nbsp; &nbsp;&nbsp;&nbsp;&nbsp;&nbsp;&nbsp;&nbsp;passes in two (2)Science subjects<\/span><br><\/p>","utme_requirements":"<p><span>Five (5) SSC credit passes including Biology, Chemistry,\r\nEnglish Language and Mathematics<\/span><br><\/p>","subjects":"Any three (3) of Mathematics, Chemistry, Physics, Biology and Agricultural Science.","institutions_list":"AAUA"},{"id":"162","title":"EDUCATION & MATHEMATICS","de_requirements":"<div>\r\n\r\n<table>\r\n <tbody><tr>\r\n  <td>\r\n  <p><span>Two (2)'A' Level passes\/NCE in\r\n  Mathematics and one (1) Science subject.<\/span><\/p>\r\n  <\/td>\r\n <\/tr>\r\n<\/tbody><\/table>\r\n\r\n<\/div>","utme_requirements":"<div>\r\n\r\n<table>\r\n <tbody><tr>\r\n  <td>\r\n  <p><span>Five (5) SSC credit\r\n  passes to include English Language, Mathematics plus one (1) other Science\r\n  subject.<\/span><\/p>\r\n  <\/td>\r\n <\/tr>\r\n<\/tbody><\/table>\r\n\r\n<\/div>","subjects":"Mathematics and any two (2) of the following Science subjects: Physics, Chemistry and Biology.","institutions_list":"AAUA"},{"id":"168","title":"EDUCATION & PHYSICS","de_requirements":"<div>\r\n\r\n<table>\r\n <tbody><tr>\r\n  <td>\r\n  <p><span>(i)&nbsp; Two (2) 'A'\r\n  Level passes in Physics and Mathematics.<\/span><\/p>\r\n  <p><span>(ii) NCE credit\/merit in relevant subjects.<\/span><\/p>\r\n  <\/td>\r\n <\/tr>\r\n<\/tbody><\/table>\r\n\r\n<\/div>","utme_requirements":"<p><span>Five (5) 'O' Level credits passes to include English\r\nLanguage, Mathematics, Chemistry, Physics &nbsp;and any other subject from Biology and&nbsp;Agricultural&nbsp;Science.<\/span><\/p>","subjects":"English, Mathematics, Physics&nbsp;and Chemistry ","institutions_list":"AAUA"},{"id":"207","title":"EDUCATION & POLITICAL SCIENCE","de_requirements":"<p>(i)<span>\t<\/span>Two (2) 'A' Level passes in relevant subjects chosen from Government or History, Economics and Geography\/Physics.<\/p><p>(ii)<span>\t<\/span>NCE merit in Government\/History, Economics and Geography\/Physics.<\/p><p><br><\/p>","utme_requirements":"<p>Five (5) 'O' Level credit passes or equivalent to include English Language, Government\/History and three (3) other subjects.<\/p><p><br><\/p>","subjects":"Government or History plus two (2) other Arts or Social Sciences subjects.\r\n\r\n","institutions_list":"AAUA"},{"id":"196","title":"EDUCATION & RELIGIOUS STUDIES","de_requirements":"<div>\r\n\r\n<table>\r\n <tbody><tr>\r\n  <td>\r\n  <p><span>Two (2) 'A'\r\n  Level passes\/NCE merit in Religious Studies and one (1) other Arts subject.<\/span><\/p>\r\n  <\/td>\r\n <\/tr>\r\n<\/tbody><\/table>\r\n\r\n<\/div>","utme_requirements":"<div>\r\n\r\n<table>\r\n <tbody><tr>\r\n  <td>\r\n  <p><span>Five (5) 'O'\r\n  Level credit passes or TC II merit in five (5) subjects including English\r\n  Language, Religious Studies and three (3) other Arts subjects.<\/span><\/p>\r\n  <\/td>\r\n <\/tr>\r\n<\/tbody><\/table>\r\n\r\n<\/div>","subjects":"Two (2) Arts subject including Religious studies and one (1) other subject.","institutions_list":"AAUA"},{"id":"206","title":"EDUCATION & SOCIAL STUDIES","de_requirements":"<div>\r\n\r\n<table>\r\n <tbody><tr>\r\n  <td>\r\n  <p><span>(i) NCE Social\r\n  Studies from recognized Colleges.<\/span><\/p>\r\n  <\/td>\r\n <\/tr>\r\n<\/tbody><\/table>\r\n\r\n<\/div><p>\r\n\r\n<span>(ii)\u00a0\u00a0\u00a0\u00a0\u00a0\u00a0\u00a0\u00a0\u00a0\u00a0 Two (2) 'A' Level passes in relevant subjects.<\/span><br><\/p>","utme_requirements":"<p>Five (5) 'O' Level credit passes to include English Language, Mathematics and any other three (3) subject from the following; Arts and Social Science subjects: Geography, Economics, Government\/History, Civic Education, CRS\/IRS, Literature in English, Accounting, Commerce and Yoruba<\/p><p><br><\/p>","subjects":"English Language and Any three (3) Subject from Social Science\/ Arts.","institutions_list":"AAUA"},{"id":"160","title":"EDUCATION & YORUBA","de_requirements":"<div>\r\n\r\n<table>\r\n <tbody><tr>\r\n  <td>\r\n  <p><span>Two (2) NCE\/'A'\r\n  Level passes in Yoruba and any of Literature in English, Christian Religious\r\n  Studies, Islamic Studies, Igbo and French.<\/span><\/p>\r\n  <\/td>\r\n <\/tr>\r\n<\/tbody><\/table>\r\n\r\n<\/div>","utme_requirements":"<div>\r\n\r\n<table>\r\n <tbody><tr>\r\n  <td>\r\n  <p><span>Five (5) SSC credit\r\n  passes including English Language and Yoruba.<\/span><\/p>\r\n  <\/td>\r\n <\/tr>\r\n<\/tbody><\/table>\r\n\r\n<\/div>","subjects":"Yoruba and any two (2) subjects chosen from History, Literature in English, French, Christian Religious Studies, Islamic Studies, Arabic, Geography and Physics.","institutions_list":"AAUA"},{"id":"202","title":"EDUCATIONAL MANAGEMENT","de_requirements":"<div>\r\n\r\n<table>\r\n <tbody><tr>\r\n  <td>\r\n  <p><span>Same as in\r\n  Educational Psychology, Guidance and Counseling.<\/span><\/p>\r\n  <\/td>\r\n <\/tr>\r\n<\/tbody><\/table>\r\n\r\n<\/div>","utme_requirements":"<div>\r\n\r\n<table>\r\n <tbody><tr>\r\n  <td>\r\n  <p><span>Same as in\r\n  Educational Psychology, Guidance and Counseling.<\/span><\/p>\r\n  <\/td>\r\n <\/tr>\r\n<\/tbody><\/table>\r\n\r\n<\/div>","subjects":"Economics, Mathematics and one (1) other Social Science\/Arts subject.","institutions_list":"AAUA"},{"id":"165","title":"ENGLISH STUDIES","de_requirements":"<p><span>Two\r\n(2) \u2018A\u2019 Level passes to include Literature in English and one other Arts\r\nsubject.<\/span><\/p>","utme_requirements":"<p><span>Five\r\n(5) SSC credit passes to include Literature in English and English Language.<\/span><\/p>","subjects":"Literature in English, one other Arts subject and another Arts or Social Science subject.","institutions_list":"AAUA"},{"id":"185","title":"ENVIRONMENTAL BIOLOGY & FISHERIES","de_requirements":"<p><span>Two (2) 'A' Level passes or NCE in Biology, Zoology or Botany and one\r\nother Science subject<\/span><\/p>","utme_requirements":"<p><span>Five (5) SSC credit passes in English Language, Mathematics, Biology and\r\ntwo (2) other Science subject.<\/span><\/p>","subjects":"Biology and any two (2) of Physics, Chemistry and Mathematics.","institutions_list":"AAUA"},{"id":"23885","title":"ESTATE MANAGEMENT","de_requirements":"<p>In addition to the UTME Entry requirement, holders of Higher school Certificate (HSC)\/GCE 'A' Level in two relevant subject; OND and HND in Estate Management or Allied profession or professional certificate may be assessed and placed appropriately. Applicants may take remedial courses as may be recommended. Transfer from other University would be treated on their own merits.<br><\/p>","utme_requirements":"<p>Five (5) Credit in SSCE\/GCE including English Language, Mathematics, Economics and any other two subject from Chemistry, Physics, Commerce, Geography, Biology, Agricultural Science and Technical Drawing<br><\/p>","subjects":"<p>Mathematics, Economics and any one of Geography, Physics, Chemistry, Agric\/Biology, Government\/History and Technical Drawing<br><\/p>","institutions_list":"AAUA"},{"id":"152","title":"FISHERIES & AQUACULTURE","de_requirements":"<p><span>(i)\r\nTwo (2) 'A' Level passes in any of Chemistry, Biology, Botany, Zoology, Agricultural\r\nScience Geography, Mathematics (pure &amp; applied), Physics, Geology and\r\nEconomics.<\/span><\/p><p><span><o>&nbsp;<\/o:p><\/span><\/p><p>\r\n\r\n\r\n\r\n<span>(ii)NCE\r\nAgriculture<\/span><br><\/p>","utme_requirements":"<p><span>Five (5) SSC credit passes in Biology\/Agricultural\r\nScience, Chemistry, Mathematics and English Language plus any other Science\r\nsubject.<\/span><\/p><p><span>&nbsp;<\/span><\/p><p>\r\n\r\n\r\n\r\n<\/p><p><span>&nbsp;<\/span><\/p>","subjects":"Chemistry, Biology\/Agricultural Science and any other Science subject.\r\n\r\n","institutions_list":"AAUA"},{"id":"191","title":"FORESTRY & WILDLIFE MANAGEMENT","de_requirements":"<p><span>Two (2) \u2019A\u2019 Level passes in Chemistry and Biology or Agric\r\nScience or Zoology or Botany<\/span><br><\/p>","utme_requirements":"<p><span>Five (5) SSC credit\r\npasses in English, Chemistry, Mathematics, Biology and one of Physics,\r\nEconomics, Further Mathematics and Statistics.<\/span><\/p>","subjects":"Chemistry, Biology\/Agriculture and Physics or Mathematics.","institutions_list":"AAUA"},{"id":"158","title":"GEOGRAPHY & PLANNING","de_requirements":"<p>\r\n\r\n<\/p><div>\r\n\r\n<table>\r\n <tbody><tr>\r\n  <td>\r\n  <p><span>Two (2)'A' Level\r\n  passes including Geography.<\/span><\/p>\r\n  <\/td>\r\n <\/tr>\r\n<\/tbody><\/table>\r\n\r\n<\/div>\r\n\r\n","utme_requirements":"<p>\r\n\r\n<\/p><div>\r\n\r\n<table>\r\n <tbody><tr>\r\n  <td>\r\n  <p><span>Five\r\n  (5)SSC credit passes to include English language, Mathematics and Geography.<\/span><\/p>\r\n  <\/td>\r\n <\/tr>\r\n<\/tbody><\/table>\r\n\r\n<\/div>\r\n\r\n","subjects":"English Language and any other three (3) subjects from either Science or Social Sciences, Geography, Mathematics, Government, Economics, Chemistry, Physics, Biology and Agricultural Science.","institutions_list":"AAUA"},{"id":"176","title":"GEOLOGY","de_requirements":"<p><span>(i) Two (2) 'A' Level passes from Geology, Chemistry, Mathematics,\r\nPhysics, Biology and Geography.<\/span><\/p>","utme_requirements":"<p><span>Five (5) SSC credit passes in English Language, Biology, Chemistry,\r\nMathematics and any other subject.<\/span><\/p>","subjects":"English, Physics, Chemistry, &nbsp;Mathematics,&nbsp;or &nbsp;Biology. ","institutions_list":"AAUA"},{"id":"187","title":"GEOPHYSICS","de_requirements":"<p><span>'A' Level passes in Chemistry and Physics or Mathematics.<\/span><\/p>","utme_requirements":"<p><span>Five (5) SSC credit passes including English Language, Mathematics,\r\nPhysics and Chemistry\/Biology.<\/span><\/p>","subjects":"English, Physics, Chemistry, and Mathematics. ","institutions_list":"AAUA"},{"id":"204","title":"GUIDANCE & COUNSELLING","de_requirements":"<div>\r\n\r\n<table>\r\n <tbody><tr>\r\n  <td>\r\n  <p><span>'A' Level\r\n  passes or NCE in two (2) subjects plus the UTME requirements.<\/span><\/p>\r\n  <\/td>\r\n <\/tr>\r\n<\/tbody><\/table>\r\n\r\n<\/div>","utme_requirements":"<div>\r\n\r\n<table>\r\n <tbody><tr>\r\n  <td>\r\n  <p><span>Five (5) 'O'\r\n  Level NTC\/NBC credit passes or TC II merit including English Language with 'O'\r\n  Level pass in Mathematics.<\/span><\/p>\r\n  <\/td>\r\n <\/tr>\r\n<\/tbody><\/table>\r\n\r\n<\/div>","subjects":"Any three (3) subjects.\r\n\r\n","institutions_list":"AAUA"},{"id":"173","title":"HEALTH EDUCATION","de_requirements":"<div>\r\n\r\n<table>\r\n <tbody><tr>\r\n  <td>\r\n  <p><span>i)&nbsp; Two (2) 'A' Level passes in any of Biology,\r\n  Chemistry, Physics and Mathematics.<\/span><\/p>\r\n  <p><span>&nbsp;<\/span><\/p>\r\n  <p><span>(ii)&nbsp; NCE merit in Physical Education and credit\r\n  in Arithmetical process or Mathematics.<\/span><\/p>\r\n  <p><span>&nbsp;<\/span><\/p>\r\n  <p><span>(iii)&nbsp; Diploma in Health Education, Environmental Sanitation,\r\n  Physical Education, Social work, Health Administration with overall grades of\r\n  merit plus three (3) 'O' Level credit passes\/TC II merit which should include\r\n  English Language.<\/span><\/p>\r\n  <p><span><o>&nbsp;<\/o:p><\/span><\/p>\r\n  <p><span>(iv) NCE in\r\n  Biology, Health Education, and Integrated Science with a pass grade plus two\r\n  (2) 'O' Level credit passes\/TC II merit passes.<\/span><\/p>\r\n  <p><span><o>&nbsp;<\/o:p><\/span><\/p>\r\n  <p><span>(v)&nbsp;&nbsp;&nbsp; Registered Nurse plus five (5) 'O' Level credit\r\n  passes to include English Language.<\/span><\/p>\r\n  <p><span><o>&nbsp;<\/o:p><\/span><\/p>\r\n  <\/td>\r\n <\/tr>\r\n<\/tbody><\/table>\r\n\r\n<\/div>","utme_requirements":"<div>\r\n\r\n<table>\r\n <tbody><tr>\r\n  <td>\r\n  <p><span>i) Five (5) SSC\r\n  credit passes\/TC II merit passes including&nbsp;&nbsp;&nbsp;&nbsp;\r\n  English Language, Biology or its equivalent.<\/span><\/p>\r\n  <p><span>&nbsp;<\/span><\/p>\r\n  <p><span>ii) Five (5) SSC\r\n  credit passes\/TC II merit passes to include English Language and Mathematics.<\/span><\/p>\r\n  <\/td>\r\n <\/tr>\r\n<\/tbody><\/table>\r\n\r\n<\/div>","subjects":"Biology and any two (2) relevant subjects.\r\n\r\n","institutions_list":"AAUA"},{"id":"170","title":"HISTORY & INTERNATIONAL STUDIES","de_requirements":"<p><span>credit) in History\/ Government and any other related\r\nsubject.<\/span><br><\/p>","utme_requirements":"<p><span>Language, Geography, Government\/History.<\/span><br><\/p>","subjects":"subjects from the Arts and Social Sciences.","institutions_list":"AAUA"},{"id":"172","title":"HISTORY\/SOCIOLOGY","de_requirements":"<table>\r\n <tbody><tr>\r\n  <td>\r\n  <p><span>Two (2) 'A' Level\r\n  passes\/NCE (upper credit) in History\/ Government and any other related\r\n  subject.<\/span><\/p>\r\n  <\/td>\r\n <\/tr>\r\n<\/tbody><\/table>","utme_requirements":"<p><span>Five (5) SSC credit passes to include English\r\nLanguage, Geography, Government\/History<\/span><br><\/p>","subjects":"History\/Government and any other two (2) subjects from the Arts and Social Sciences.","institutions_list":"AAUA"},{"id":"174","title":"HUMAN KINETICS","de_requirements":"<p><span>i) NCE in Physical and Health\r\nEducation with overall percentage of 60% plus the UTME requirements.<\/span><br><\/p>","utme_requirements":"<div>\r\n\r\n<table>\r\n <tbody><tr>\r\n  <td>\r\n  <p><span>Five (5) <\/span><span>'O' Level <\/span><span>credit passes at one (1) sitting to\r\n  include English Language, Mathematics, Health Science\/Physical\r\n  Education\/Biology and any two (2) other subjects.<\/span><\/p>\r\n  <\/td>\r\n <\/tr>\r\n<\/tbody><\/table>\r\n\r\n<\/div>","subjects":"English Language and three (3) other relevant subjects.","institutions_list":"AAUA"},{"id":"198","title":"INDUSTRIAL & LABOUR RELATIONS","de_requirements":"<p><span>i) Two (2) 'A' Level passes chosen from Economics, Accounting, Government, Geography and Statistics. <\/span><span><\/span><\/p><p><span>ii) NCE in related programme.<\/span><\/p>","utme_requirements":"<p><span>Five (5) SSC credit passes to include English Language and Mathematics.<\/span><span><\/span><\/p>","subjects":"Mathematics, Economics plus one other relevant subject","institutions_list":"AAUA"},{"id":"175","title":"INDUSTRIAL CHEMISTRY","de_requirements":"<p><span>(i)\u00a0\u00a0\u00a0 Two\r\n(2) 'A' Level passes in Chemistry and Mathematics<\/span><\/p><p>\r\n\r\n<\/p><p><span>(ii)\u00a0\u00a0 ND\r\nin Science Technology or ND in relevant programmes with the UTME requirements.<\/span><\/p>","utme_requirements":"<p><span>Five (5) SSC credit passes in English Language, Mathematics, Chemistry,\r\nPhysics and Biology\/Agricultural Science.<\/span><\/p>","subjects":"Chemistry and any two (2) of Physics, Biology and Mathematics.","institutions_list":"AAUA"},{"id":"169","title":"INDUSTRIAL MATHEMATICS","de_requirements":"<p><span>(i)&nbsp;&nbsp;&nbsp; Two\r\n(2) 'A' Level passes from Mathematics, Physics, Economics or Chemistry.<\/span><\/p><p>\r\n\r\n<span>(ii)\r\nNCE merit in relevant subjects.<\/span><br><\/p>","utme_requirements":"<p><span>Five (5) SSC credit passes in English Language, Mathematics, Physics and\r\ntwo (2) other Science subjects.<\/span><\/p>","subjects":"Mathematics and any two (2) of Physics, Chemistry, Economics, Biology and Agricultural Science.","institutions_list":"AAUA"},{"id":"146","title":"LAW","de_requirements":"<p><span>&nbsp; &nbsp; Two (2)'A' Level passes in Arts or Social\r\nScience subjects.<\/span><\/p><p>\r\n\r\n<span>(ii)&nbsp;&nbsp; NCE\/ND\/First Degree (Second Class Lower).<\/span><br><\/p>","utme_requirements":"<p><span>Five (5)'O' Level credit passes to include English Language,\r\nLiterature in English and\r\nMathematics.<\/span><\/p>","subjects":"Any three (3) Arts or Social Science subjects.","institutions_list":"AAUA"},{"id":"23676","title":"LIBRARY & INFORMATION SCIENCE","de_requirements":"<p>\r\n\r\n<\/p><div>\r\n\r\n<table>\r\n <tbody><tr>\r\n  <td>\r\n  <p><span>(i) Two (2) 'A' Level passes in relevant subject plus\r\n  the UTME requirements. <\/span><\/p>\r\n  <p><span>(ii) NCE merit in relevant subjects.<\/span><\/p>\r\n  <\/td>\r\n <\/tr>\r\n<\/tbody><\/table>\r\n\r\n<\/div>\r\n\r\n","utme_requirements":"<p>\r\n\r\n<\/p><div>\r\n\r\n<table>\r\n <tbody><tr>\r\n  <td>\r\n  <p><span>Five (5) SSC credit passes in English Language,\r\n  Mathematics and three (3) other relevant Arts\/Sciences\/Social Sciences\r\n  subjects.<\/span><\/p>\r\n  <\/td>\r\n <\/tr>\r\n<\/tbody><\/table>\r\n\r\n<\/div>\r\n\r\n","subjects":"<p>\r\n\r\n<\/p><div>\r\n\r\n<table>\r\n <tbody><tr>\r\n  <td>\r\n  <p><span>Any three (3) subjects.<\/span><\/p>\r\n  <\/td>\r\n <\/tr>\r\n<\/tbody><\/table>\r\n\r\n<\/div>\r\n\r\n","institutions_list":"AAUA"},{"id":"24068","title":"LIBRARY AND INFORMATION STUDIES","de_requirements":"<p>A'Level credit passes to include English Language, mathematics plus\r\n any Other three subject from Arts, Social Science and Science subject<\/p>","utme_requirements":"<p>Five O'Level credit passes to include English Language, mathematics plus any Other three subject from Arts, Social Science and Science subject<br><\/p>","subjects":"<p>English Language and any other three subjects<br><\/p>","institutions_list":"AAUA"},{"id":"178","title":"LINGUISTICS","de_requirements":"<p><span>Two\r\n(2) \u2018A\u2019 Level passes or NCE to include any Language, preferably an African\r\nLanguage.<\/span><\/p>","utme_requirements":"<p><span>Five\r\n(5) SSC credit passes including English Language.<\/span><\/p>","subjects":"Any Language and two (2) other subjects.","institutions_list":"AAUA"},{"id":"179","title":"LINGUISTICS \/ YORUBA","de_requirements":"<p><span>Two\r\n(2) \u2018A\u2019 Level passes or NCE to include any Language, preferably an African\r\nLanguage.<\/span><\/p>","utme_requirements":"<p><span>Five\r\n(5) SSC credit passes including English Language.<\/span><\/p>","subjects":"Any Language and two (2) other subjects.","institutions_list":"AAUA"},{"id":"190","title":"MASS COMMUNICATION","de_requirements":"<p><span>Two (2) 'A' Level passes in Arts or Social Science subjects.<\/span><span><\/span><\/p>","utme_requirements":"<p><span>Five (5) SSC credit passes in English Language and four (4) other subjects in Arts or Social Sciences.<\/span>&nbsp;&nbsp;&nbsp;&nbsp;<span><\/span><\/p>","subjects":"Any three (3) from Arts or Social Science subjects.","institutions_list":"AAUA"},{"id":"200","title":"MASS COMMUNICATION","de_requirements":"<p><span>Two (2) \u2018A\u2019 Level passes in Literature in English,\r\nEconomics or Government.<\/span><br><\/p>","utme_requirements":"<p><span>Five (5) SSC credit passes to include\r\nEnglish Language, Mathematics,&nbsp;Literature in English and any other two (2) Arts\/Social Sciences Subjects.<\/span><\/p>","subjects":"Three (3) Arts or Social Science subjects.","institutions_list":"AAUA"},{"id":"186","title":"MATHEMATICS","de_requirements":"<p><span>) Two\r\n(2) 'A' Level passes in Mathematics and any other science subject.<\/span><\/p><p>\r\n\r\n<span>(ii)&nbsp;&nbsp;&nbsp;&nbsp;&nbsp;&nbsp;&nbsp;&nbsp;&nbsp;&nbsp; NCE merit in Mathematics and one (1)\r\nof Physics, Chemistry or Economics<\/span><br><\/p>","utme_requirements":"<p><span>Five (5) SSC credit passes including English Language, Mathematics and\r\nPhysics or Chemistry.<\/span><\/p>","subjects":"Mathematics and any two (2) of Physics, Chemistry and Economics or Geography.","institutions_list":"AAUA"},{"id":"189","title":"MICROBIOLOGY","de_requirements":"<p><span>Two (2) 'A' Level passes in Chemistry and any one (1) from Biology,\r\nZoology or Botany.<\/span><\/p>","utme_requirements":"<p><span>Five (5) SSC credit passes in English Language, Mathematics, Chemistry,\r\nBiology and Physics.<\/span><\/p>","subjects":"Biology, Chemistry and either Physics or Mathematics.","institutions_list":"AAUA"},{"id":"164","title":"PERFORMING ARTS","de_requirements":"<p><span>Two\r\n(2) \u2018A\u2019 Level passes in Arts, Social Sciences or Science subjects.<\/span><\/p>","utme_requirements":"<p><span>Five\r\n(5) SSC credit passes to include English Language and Arts subjects.<\/span><\/p>","subjects":"Literature in English and two (2) other relevant subjects.","institutions_list":"AAUA"},{"id":"181","title":"PHILOSOPHY","de_requirements":"<p><span>Any\r\ntwo (2) \u2018A\u2019 Level passes.<\/span><\/p>","utme_requirements":"<p><span>Five\r\n(5) SSC credit passes to include English Language and four (4) other relevant\r\nsubjects.<\/span><\/p>","subjects":"Any three (3) subjects.","institutions_list":"AAUA"},{"id":"182","title":"PHILOSOPHY & RELIGIOUS STUDIES","de_requirements":"<p><span>Any\r\ntwo (2) \u2018A\u2019 Level passes.<\/span><\/p>","utme_requirements":"<p><span>Five\r\n(5) SSC credit passes to include English Language and four (4) other relevant\r\nsubjects.<\/span><\/p>","subjects":"Any three (3) subjects.","institutions_list":"AAUA"},{"id":"163","title":"PHYSICS WITH ELECTRONICS","de_requirements":"<p><span>NCE\/Two (2) 'A' Level passes in Physics and Mathematics or Chemistry.<\/span><\/p>","utme_requirements":"<p><span>Five (5) SSC credit passes in English Language, Physics, Chemistry,\r\nMathematics and any other Science subject from Further Mathematics and Biology\r\nor Agricultural Science.<\/span><\/p>","subjects":"Physics, Mathematics and Chemistry or Biology.","institutions_list":"AAUA"},{"id":"177","title":"PLANT SCIENCE & BIOTECHNOLOGY","de_requirements":"<p><span>Two\r\n(2) 'A' Level passes in Biology\/Botany\/Zoology and Chemistry or Physics.<\/span><\/p>","utme_requirements":"<p><span>Five\r\n(5) SSC Credit passes in English Language, Mathematics, Biology, Chemistry and\r\nPhysics.<\/span><\/p>","subjects":"Biology, Chemistry and any other Science subject.","institutions_list":"AAUA"},{"id":"195","title":"POLITICAL SCIENCE","de_requirements":"<p><span>Two (2) 'A' Level passes including Government or History.<\/span><span><\/span><\/p>","utme_requirements":"<p><span>Five (5) SSC credit passes in Government or History, English Language and three (3) other subjects. &nbsp;A pass in Mathematics is required.<\/span><span><\/span><\/p>","subjects":"Government or History plus two (2) other Social Science\/Arts subjects.","institutions_list":"AAUA"},{"id":"197","title":"PSYCHOLOGY","de_requirements":"<p><span>Candidates must possess a Diploma in Psychology from any Institution recognized by the Senate of this University or Registered Nurses (RN) who would be required to take and pass designated courses at the 100 level.<br><\/span><\/p>","utme_requirements":"<p><span>'Five (5) 'O' credit passes in English Language, Mathematics, Biology and any other two (2) subjects from Science, Social Sciences and \/or Arts.<\/span><\/p>","subjects":"English and any three (3) subjects from Sciences or Social Sciences,","institutions_list":"AAUA"},{"id":"147","title":"PUBLIC & PRIVATE INTERNATIONAL LAW","de_requirements":"<p><span><span>(i)<\/span><span>&nbsp; &nbsp;<\/span>&nbsp;Two (2)'A' Level passes in Arts or Social\r\nScience subjects.<\/span><\/p><p>\r\n\r\n<span>(ii)&nbsp;&nbsp; NCE\/ND\/First Degree (Second Class Lower).<\/span><br><\/p>","utme_requirements":"<p><span>Five (5)'O' Level credit passes to include\r\nEnglish Language, Literature in English and Mathematics.<\/span><br><\/p>","subjects":"Any three (3) Arts or Social Science subjects.","institutions_list":"AAUA"},{"id":"148","title":"PUBLIC ADMINISTRATION","de_requirements":"<p>\r\n\r\n<\/p><div>\r\n\r\n<table>\r\n <tbody><tr>\r\n  <td>\r\n  <p><span>Two\r\n  (2)'A' Level passes including Economics.<\/span><\/p>\r\n  <\/td>\r\n <\/tr>\r\n<\/tbody><\/table>\r\n\r\n<\/div>\r\n\r\n","utme_requirements":"<p>\r\n\r\n<\/p><div>\r\n\r\n<table>\r\n <tbody><tr>\r\n  <td>\r\n  <p><span>Five\r\n  (5) SSC credit passes including English Language, Mathematics, Economics and\r\n  two (2) other relevant subjects.<\/span><\/p>\r\n  <\/td>\r\n <\/tr>\r\n<\/tbody><\/table>\r\n\r\n<\/div>\r\n\r\n","subjects":"Mathematics, Economics and any other Social Science subject","institutions_list":"AAUA"},{"id":"183","title":"RELIGIONS & AFRICAN CULTURE","de_requirements":"<p><span>Any\r\ntwo (2) \u2018A\u2019 Level passes.<\/span><\/p>","utme_requirements":"<p><span>Five\r\n(5) SSC credit passes to include English Language and four (4) other relevant\r\nsubjects.<\/span><\/p>","subjects":"Any three (3) subjects.","institutions_list":"AAUA"},{"id":"184","title":"RELIGIOUS STUDIES","de_requirements":"<p><span>Two (2) \u2018A\u2019 Level subjects to include Religious Studies\r\n(CRS\/IRS).<\/span><\/p>","utme_requirements":"<p><span>Five (5) SSC credit passes to include English Language and\r\nCRS\/IRS.<\/span><\/p>","subjects":"CRS\/IRS and any other two (2) subjects.","institutions_list":"AAUA"},{"id":"199","title":"SOCIOLOGY","de_requirements":"<p><span>Two (2) 'A' Level passes including Government or History.<\/span>&nbsp;&nbsp;&nbsp;&nbsp;<span><\/span><\/p>","utme_requirements":"<p><span>Five (5) SSC credit passes in Government or History, English Language and three (3) other subjects. &nbsp;A pass in Mathematics is required.<\/span><span><\/span><\/p>","subjects":"Three (3) Social Science or Arts subjects.","institutions_list":"AAUA"},{"id":"23886","title":"SURVEYING & GEOINFORMATICS","de_requirements":"<p>In Addition to fulfilling the UTME Entry requirement above candidate with the following qualifications may be admitted into a four-year programme<\/p><p>i) Candidate who have passes in Mathematics and Physics at the G.C.E. (A\/Level) or its equivalent and have in addition, three other credit passes in SSCE or GCE (O\/Level) or its equivalent.<\/p><p>ii) Holders of the Ordinary National Diploma (OND) in Surveying and related field from a NBTE accredited Institution.<br><\/p><p><br><\/p>","utme_requirements":"<p>Five (5) credit in SSCE\/GCE including English Language, Mathematics, Economics and any other two subjects from Chemistry, Physics, Geography, Biology, Agricultural Science and Technical Drawing.<br><\/p>","subjects":"<p>Mathematics, Physics and any one of Chemistry or Geography <br><\/p>","institutions_list":"AAUA"},{"id":"23674","title":"SURVEYING AND  GEO-INFORMATICS","de_requirements":"<p>\r\n\r\n<\/p><p><span>(i) Two (2) 'A' Level\r\npasses chosen from Mathematics or Physics and Chemistry, Geography or Fine\r\nArts.<\/span><\/p>\r\n\r\n<span>(ii)\r\nND\/HND upper credits in relevant field.<\/span>","utme_requirements":"<p>\r\n\r\n<\/p><p><span>Five (5) SSC credit\r\npasses in English Language, Mathematics, Physics, Chemistry and any of Fine\r\nArt, Geography or Wood Work, Biology, Economics, Technical Drawing, Further.\r\nMathematics., Introduction to Building Construction, Bricklaying\/Block laying,\r\nConcreting, Wall, Floors and Ceiling Finishing, Joinery, Carpentary, Decorative\r\nPainting, Lining, Sign and Design, Wall Hanging, Colour Mixing\/Matching and\r\nGlazing, Ceramics, Graphics Design, Graphic Printing, Basic Electricity.<\/span><\/p>\r\n\r\n","subjects":"<p>\r\n\r\n<\/p><p><span>Physics, Mathematics,\r\nand any of Chemistry, Geography, Art, Biology and Economics.<\/span><\/p>\r\n\r\n","institutions_list":"AAUA"},{"id":"193","title":"TEACHER EDUCATION SCIENCE:","de_requirements":"<div>\r\n\r\n<table>\r\n <tbody><tr>\r\n  <td>\r\n  <p><span>(i)&nbsp; Two (2) 'A' Level passes in relevant\r\n  teaching subjects including Literature in English.<\/span><\/p>\r\n  <p><span>(ii)&nbsp; NCE\r\n  credit or merit in two(2)relevant subjects.<\/span><\/p>\r\n  <\/td>\r\n <\/tr>\r\n<\/tbody><\/table>\r\n\r\n<\/div>","utme_requirements":"<div>\r\n\r\n<table>\r\n <tbody><tr>\r\n  <td>\r\n  <p><span>Five (5) 'O'\r\n  Level credit passes to include English Language and Literature in English plus\r\n  three (3) other Arts or Social Science subjects.<\/span><\/p>\r\n  <\/td>\r\n <\/tr>\r\n<\/tbody><\/table>\r\n\r\n<\/div>","subjects":"Literature in English and one (1) Art and any other subject.","institutions_list":"AAUA"},{"id":"180","title":"TECHNICAL EDUCATION","de_requirements":"<div>\r\n\r\n<table>\r\n <tbody><tr>\r\n  <td>\r\n  <p><span>(i)&nbsp;&nbsp;&nbsp;&nbsp; NCE merit in two (2) relevant Science\r\n  subjects plus the UTME requirements.<\/span><\/p>\r\n  <p><span><o>&nbsp;<\/o:p><\/span><\/p>\r\n  <p><span>(ii)&nbsp;&nbsp;&nbsp; Two 'A' Level passes in Physics,\r\n  Mathematics and Chemistry.<\/span><\/p>\r\n  <\/td>\r\n <\/tr>\r\n<\/tbody><\/table>\r\n\r\n<\/div>","utme_requirements":"<div>\r\n\r\n<table>\r\n <tbody><tr>\r\n  <td>\r\n  <p><span>Five (5) 'O'\r\n  Level credit passes in relevant subjects which must include English Language\r\n  and Mathematics or NTC\/NBC.<\/span><\/p>\r\n  <\/td>\r\n <\/tr>\r\n<\/tbody><\/table>\r\n\r\n<\/div>","subjects":"Physics, Mathematics, Chemistry.","institutions_list":"AAUA"},{"id":"150","title":"TRANSPORT & PLANNING","de_requirements":"<p>\r\n\r\n<\/p><div>\r\n\r\n<table>\r\n <tbody><tr>\r\n  <td>\r\n  <p><span>Two\r\n  (2)'A' Level passes including Economics.<\/span><\/p>\r\n  <\/td>\r\n <\/tr>\r\n<\/tbody><\/table>\r\n\r\n<\/div>\r\n\r\n","utme_requirements":"<p>\r\n\r\n<\/p><div>\r\n\r\n<table>\r\n <tbody><tr>\r\n  <td>\r\n  <p><span>Five\r\n  (5) SSC credit passes including English Language, Mathematics, Economics and\r\n  two (2) other relevant subjects.<\/span><\/p>\r\n  <\/td>\r\n <\/tr>\r\n<\/tbody><\/table>\r\n\r\n<\/div>\r\n\r\n","subjects":"Mathematics, Economics and any other Social Science subject","institutions_list":"AAUA"},{"id":"23887","title":"URBAN & REGIONAL PLANNING","de_requirements":"<p>In addition to the UTME Entry requirement, holders of Higher School Certificate (HSC)\/ GCE A' Level two subject including Geography and one subject from the following: Mathematics, Economics, Biology, Physics, Chemistry, Technical Drawing and Fine Arts. <\/p><p>Holder of National Diploma (ND) in the field relevant to Environmental Science or similar qualifications can be considered for direct entry admission, provided they satisfy the conditions above and of which the candidate's score is NOT less than 60% average (upper credit) equivalent.<br><\/p>","utme_requirements":"<p>To be eligible for admission, candidate must have Five (5) credit in SSCE or its equivalent in English Language, Mathematics, Geography and any two other subject from Economics, Biology, Physics, Chemistry, Technical Drawing and Fine Arts or Government.<br><\/p>","subjects":"<p>Mathematics and any two other subject from Geography, Economics, Physics, Biology, Chemistry, Technical Drawing, Fine Arts and Government<br><\/p>","institutions_list":"AAUA"},{"id":"23675","title":"URBAN AND REGIONAL PLANNING:","de_requirements":"<p>\r\n\r\n<\/p><p><span><span>(i)<span>&nbsp;&nbsp;&nbsp;&nbsp;&nbsp;\r\n<\/span><\/span><\/span><span>Two (2) A\u2019 LEVEL passes in Geography and Mathematics<\/span><\/p>\r\n\r\n<p><span><span>(ii)<span>&nbsp;&nbsp;&nbsp;&nbsp; <\/span><\/span><\/span><span>ND\/HND upper credit in Town Planning or\r\nrelated programmes plus UTME requirements are accepted.<\/span><\/p>\r\n\r\n","utme_requirements":"<p>\r\n\r\n<\/p><p><span>Five (5) SSC credit passes in English\r\nLanguage, Mathematics, Geography, and any two (2) of Physics, Chemistry, Economics,\r\nGovernment, Biology, Art, History, IRK\/CRK, Social Studies and Tech Drawing.<\/span><\/p>\r\n\r\n","subjects":"<p>\r\n\r\n<\/p><p><span>Mathematics, Geography and one of\r\nEconomics, Physics, Chemistry.<\/span><\/p>\r\n\r\n","institutions_list":"AAUA"},{"id":"188","title":"YORUBA","de_requirements":"<p><span>Two\r\n(2) \u2018A\u2019 Level passes to include Yoruba or Literature in English.<\/span><\/p>","utme_requirements":"<p><span>Five\r\n(5) SSC credit passes to include Yoruba and English Language.<\/span><\/p>","subjects":"Yoruba and two (2) other subjects in Arts or Social Sciences","institutions_list":"AAUA"}]