[{"id":"9498","title":"BANKING & FINANCE","de_requirements":"","utme_requirements":"<p><span>Five (5) SSC credit passes in English Language (not Literature in\r\nEnglish) and Mathematics and any three (3) subjects from the following:<\/span><span><\/span><\/p><p><span>Economics\/Commerce,<\/span><\/p><p><span>Business\r\nMethods,<\/span><\/p><p><span>Principles\r\nof Accounts,<\/span><\/p><p><span>Literature\r\nin English<\/span><\/p><p><span>Geography<\/span><\/p><p><span>Office\r\nPractice<\/span><\/p><p><span>Biology\/Agricultural\r\nScience,<\/span><\/p><p><span>Chemistry,<\/span><\/p><p><span>Physics,<\/span><\/p><p><span>History\/Government<\/span><\/p><p><span>Typewriting\r\n<\/span><\/p><p>\r\n\r\n\r\n\r\n\r\n\r\n\r\n\r\n\r\n\r\n\r\n\r\n\r\n\r\n\r\n\r\n\r\n\r\n\r\n\r\n\r\n\r\n\r\n\r\n<\/p><p><span>Shorthand<\/span><\/p>","subjects":"Mathematics and any two (2) of Economics, Geography, History, Government, Commerce or Principles of Accounts.","institutions_list":"FEDCOOPIBD"},{"id":"9500","title":"CO-OPERATIVE ECONOMICS & MANAGEMENT","de_requirements":"","utme_requirements":"<table>\r\n <tbody><tr>\r\n  <td>\r\n  <p><span>Five\r\n  (5) SSC credit passes in English Language not Literature in English and\r\n  Mathematics and any three (3) subjects from the following:<\/span><\/p>\r\n  <p><span>Economics\/Commerce,<\/span><\/p>\r\n  <p><span>Business\r\n  Methods,<\/span><\/p>\r\n  <p><span>Principles\r\n  of Accounts,<\/span><\/p>\r\n  <p><span>Literature\r\n  in English<\/span><\/p>\r\n  <p><span>Geography<\/span><\/p>\r\n  <p><span>Office\r\n  Practice<\/span><\/p>\r\n  <p><span>Government,<\/span><\/p>\r\n  <p><span>Biology\/Agricultural\r\n  Science,<\/span><\/p>\r\n  <p><span>Chemistry,<\/span><\/p>\r\n  <p><span>Physics,<\/span><\/p>\r\n  <p><span>History\/Government<\/span><\/p>\r\n  <p><span>Typewriting\r\n  <\/span><\/p>\r\n  <p><span>Shorthand<\/span><\/p>\r\n  <\/td>\r\n <\/tr>\r\n<\/tbody><\/table>","subjects":"Mathematics and any two (2) of Economics, Geography, Biology or Agricultural Science History, Government, Commerce or Principle of Accounts.","institutions_list":"FEDCOOPIBD"},{"id":"9501","title":"COMPUTER SCIENCE","de_requirements":"","utme_requirements":"<p><span>Five (5)\r\nSSC credit passes in Mathematics, a basic science and three (3) other subjects\r\nchosen from the following:<\/span><\/p><p><span>Economics,<\/span><\/p><p><span>Geography,<\/span><\/p><p><span>Government\/History,<\/span><\/p><p><span>Further\r\nMathematics,<\/span><\/p><p><span>Physics,<\/span><\/p><p><span>Chemistry,<\/span><\/p><p><span>Biology\/Agricultural\r\nScience.<\/span><\/p><p><span>English\r\nLanguage,<\/span><\/p><p><span>Typewriting,<\/span><\/p><p>\r\n\r\n\r\n\r\n\r\n\r\n\r\n\r\n\r\n\r\n\r\n\r\n\r\n\r\n\r\n\r\n\r\n\r\n\r\n\r\n<\/p><p><span>'O'\r\nLevel credit passes in English Language and Physics is compulsory.<\/span><\/p>","subjects":"Mathematics and any two (2) of Geography, Physics, Economics or Chemistry.","institutions_list":"FEDCOOPIBD"},{"id":"9499","title":"HOME & RURAL ECONOMICS","de_requirements":"","utme_requirements":"<p><span>Five (5) SSC credit passes in a<\/span><span>ny three (3) of the following:<\/span><span><\/span><\/p><p><span>Government,<\/span><span><\/span><\/p><p><span>Business Methods,<\/span><span><\/span><\/p><p><span>Economics\/Commerce,<\/span><span><\/span><\/p><p><span>Religious Knowledge,<\/span><span><\/span><\/p><p><span>Any Nigerian Language,<\/span><span><\/span><\/p><p><span>Geography,<\/span><span><\/span><\/p><p><span>Bookkeeping and Principles of Accounts<\/span><span><\/span><\/p><p><span>History,<\/span><span><\/span><\/p><p><span>Clothing and Textile,<\/span><span><\/span><\/p><p><span>plus 'O' Level credit passes in English Language and Mathematics.<\/span><span><\/span><\/p><p><span><o>&nbsp;<\/o:p><\/span>&nbsp;&nbsp;&nbsp;&nbsp;<\/p>","subjects":"Biology, Agricultural Science and any other subject.","institutions_list":"FEDCOOPIBD"}]