[{"id":"25095","title":"COMPUTER SCIENCE","de_requirements":"<p>-<\/p>","utme_requirements":"<p>Five (5) Ordinary Level Credit Passes in SSCE\/GCE\/NECO\/NABTEB obtained at not more than two sittings in English Language, Mathematics, Physics and any other two subjects from the following: Economics, Geography, Further Mathematics, Chemistry, Biology\/Agricultural Science&nbsp;<br><\/p>","subjects":"<p>English Language, Mathematics, Physics and one of Geography, Economics\/Chemistry<\/p>","institutions_list":"FEDFISH-LAG"},{"id":"24928","title":"COMPUTER SCIENCE","de_requirements":"<p>-<\/p>","utme_requirements":"<p>Five (5) Ordinary Level Credit Passes in SSCE\/GCE\/NECO\/NABTEB obtained at not more than two sittings in English Language, Mathematics, Physics and any other two subjects from the following: Economics, Geography, Further Mathematics, Chemistry, Biology\/Agricultural Science&nbsp;<br><\/p>","subjects":"<p>English Language, Mathematics, Physics and one of Geography, Economics\/Chemistry<\/p>","institutions_list":"FEDFISH-LAG"},{"id":"9512","title":"FISHERIES TECHNOLOGY","de_requirements":"<p>-<\/p>","utme_requirements":"<p><font><span>Five (5) SSCE\/GCE\/NECO\/NABTEB credit passes in English Language, Mathematics, Chemistry, Biology\/Agricultura Science and any one of the following: Physics, Economics or Further Mathematics.<\/span><\/font><br><\/p>","subjects":"English Language, Chemistry, Biology\/Agricultural Science and Economics.","institutions_list":"FEDFISH-LAG"},{"id":"24931","title":"HYDROLOGY & WATER RESOURCES MANAGEMENT","de_requirements":"<p>NIL<br><\/p>","utme_requirements":"<p>i. Five (5) ordinary credit pass at SSCE\/GCE\/NECO\/NABTEB obtained at not more than two (2) sittings which must include English, Mathematics, physics or Geography and any other two (2) Science subjects plus at least pass in Chemistry and Biology. <\/p><p>ii. Five credit pass in NBTE recognised preliminary National Diploma (ND) course offered in a college of Agriculture or similar post secondary. Technical institution. The credit pass must include Mathematics, Geography and physics. <br><\/p>","subjects":"<p>English Language, Mathematics, Physics and Chemistry.<br><\/p>","institutions_list":"FEDFISH-LAG"},{"id":"9516","title":"INDUSTRIAL & LABOUR RELATIONS","de_requirements":"<p>-<\/p>","utme_requirements":"<font><span>Five (5) Ordinary Level Credit Pass in SSCE\/GCE\/NECO\/NABTEB obtained at not more than (2) sittings in English Language, Mathematics, and other three (3) of Economics\/Commerce, Government\/Bookkeeping\/Accounting, Literature in English or Teachers Grade II Certificate at Merit Level in Five (5) relevant subjects including Mathematics and English Language<\/span><\/font>","subjects":"English Language, Government, Economics\/Commerce and Literature in English","institutions_list":"FEDFISH-LAG"},{"id":"9513","title":"MARINE ENGINEERING TECHNOLOGY","de_requirements":"<p>-<\/p>","utme_requirements":"<p>Five (5)&nbsp; SSCE\/GCE\/NECO\/NABTEB credit passes in English Language, Mathematics, Physics, Chemistry and any one of: Further Mathematics, Technical Drawing, Biology\/Agricultural Science, Basic Electronics, Metal Work, Wood Work and Geography obtained at not more than two sittings.<br><\/p>","subjects":"English Language, Physics, Mathematics and Chemistry","institutions_list":"FEDFISH-LAG"},{"id":"9515","title":"MARITIME TRANSPORT & BUSINESS STUDIES","de_requirements":"<p>-<\/p>","utme_requirements":"<p><span>Five (5) SSC credit passes in English Language, not\r\nLiterature in English and Mathematics and any three (3) subjects from the\r\nfollowing:<\/span><\/p><p><span>Economics\/Commerce,<\/span><\/p><p><span>Business Methods,<\/span><\/p><p><span>Principles of Accounts,<\/span><\/p><p><span>Literature in English<\/span><\/p><p><span>Geography<\/span><\/p><p><span>Office Practice<\/span><\/p><p><span>Biology\/Agricultural Science,<\/span><\/p><p><span>Chemistry,<\/span><\/p><p><span>Physics,<\/span><\/p><p><span>History\/Government<\/span><\/p><p><span>Typewriting <\/span><\/p><p>\r\n\r\n\r\n\r\n\r\n\r\n\r\n\r\n\r\n\r\n\r\n\r\n\r\n\r\n\r\n\r\n\r\n\r\n\r\n\r\n\r\n\r\n\r\n\r\n<span>Shorthand<\/span><br><\/p>","subjects":"Mathematics and two (2) of Geography, Commerce, Government, Principles of Accounts and Economics","institutions_list":"FEDFISH-LAG"},{"id":"25096","title":"MECHANICAL ENGINEERING TECHNOLOGY","de_requirements":"<p>-<\/p>","utme_requirements":"<p>Five (5) Ordinary Level Credit Passes in SSCE\/GCE\/NECO\/NABTEB obtained at not more than two sittings in English Language, Mathematics, Physics, Chemistry and one (1) other subject from: Biology, Agricultural Science, Further Mathematics, Economics, Statistics\/Technical Drawing, Auto-Mechanics, Metal Work and any other relevant:<\/p><p>National Technical Certificate (NTC) with credit passes in Mathematics, Physics, Chemistry, English Language and Mechanical Trade areas.<\/p>","subjects":"<p>English Language, Mathematics, Physics and Chemistry<\/p>","institutions_list":"FEDFISH-LAG"},{"id":"24929","title":"MECHANICAL ENGINEERING TECHNOLOGY","de_requirements":"<p>-<\/p>","utme_requirements":"<p>Five (5) Ordinary Level Credit Passes in SSCE\/GCE\/NECO\/NABTEB obtained at not more than two sittings in English Language, Mathematics, Physics, Chemistry and one (1) other subject from: Biology, Agricultural Science, Further Mathematics, Economics, Statistics\/Technical Drawing, Auto-Mechanics, Metal Work and any other relevant:<\/p><p>National Technical Certificate (NTC) with credit passes in Mathematics, Physics, Chemistry, English Language and Mechanical Trade areas.<\/p>","subjects":"<p>English Language, Mathematics, Physics and Chemistry<\/p>","institutions_list":"FEDFISH-LAG"},{"id":"9514","title":"NAUTICAL SCIENCE","de_requirements":"<p>-<\/p>","utme_requirements":"<p><span>Five (5) SSCE\/GCE\/NECO\/NABTEB credit passes in English Language,&nbsp;<\/span><span>Mathematics, Physics, Geography and any one of: Chemistry, Technical Drawing and Economics\/Commerce obtained at not more than two sittings and any other qualification considered relevant by the Academic Board.<\/span><\/p><p><br><\/p>","subjects":"English Language, Mathematics, Physics and Geography","institutions_list":"FEDFISH-LAG"},{"id":"24932","title":"OCEANOGRAPHY & FISHERIES SCIENCE","de_requirements":"<p>NIL<br><\/p>","utme_requirements":"<p>I. Five (5) ordinary credit pass at SSCE\/GCE\/NECO\/NABTEB obtained at not more than two sittings which must include English, Mathematics, Chemistry and any two other subjects. <\/p><p>ii. Five credit pass in relevant subjects obtained at final examination of an NBTE recognised preliminary ND programme offered in a college of Agriculture or similar post secondary Technical Institutions such students must have Olevel WASC, SSCE, or GCE Pass in Biology\/Agricultural Science, Geography, Chemstry, Mathematics and English Language.<br><\/p>","subjects":"<p>English Language, Mathematics, Geography and Biology.<br><\/p>","institutions_list":"FEDFISH-LAG"},{"id":"24930","title":"SCIENCE LABORATORY TECHNOLOGY","de_requirements":"<p><br><\/p>","utme_requirements":"<span>Five (5) Ordinary Level Credit Passes in SSCE\/GCE\/NECO\/NABTEB obtained at not more than two sittings in English Language, Mathematics, Physics, Chemistry and any other two (2) subjects from the following: Chemistry, Physics and Biology\/Agricultural Science, and one (1) subject from Economics, Commerce, Further Mathematics, Geography, Computer Studies and Technical Drawing.<\/span>","subjects":"<p>English Language, Biology, Chemistry, Mathematics\/Physics<br><\/p>","institutions_list":"FEDFISH-LAG"},{"id":"24963","title":"SCIENCE LABORATORY TECHNOLOGY","de_requirements":"<p><br><\/p>","utme_requirements":"<span>Five (5) Ordinary Level Credit Passes in SSCE\/GCE\/NECO\/NABTEB obtained at not more than two sittings in English Language, Mathematics, Physics, Chemistry and any other two (2) subjects from the following: Chemistry, Physics and Biology\/Agricultural Science, and one (1) subject from Economics, Commerce, Further Mathematics, Geography, Computer Studies and Technical Drawing.<\/span>","subjects":"<p>English Language, Biology, Chemistry, Mathematics\/Physics<br><\/p>","institutions_list":"FEDFISH-LAG"}]