[{"id":"9521","title":"AGRICULTURAL TECHNOLOGY","de_requirements":"","utme_requirements":"<p><span>Five (5) SSC credit passes in Biology\/Agricultural\r\nScience,<\/span><span><\/span><\/p><p><span>Mathematics and any three (3) of the following:<\/span><\/p><p><span>Geography,<\/span><\/p><p><span>Food and Nutrition,<\/span><\/p><p><span>Economics,<\/span><\/p><p><span>Technical Drawing,<\/span><\/p><p><span>English Language,<\/span><\/p><p><span>Physics,<\/span><\/p><p><span>Chemistry,<\/span><\/p><p><span>Nigerian Language,<\/span><\/p><p><span>Home Economics.<\/span><\/p><p>\r\n\r\n\r\n\r\n\r\n\r\n\r\n\r\n\r\n\r\n\r\n\r\n\r\n\r\n\r\n\r\n\r\n\r\n\r\n\r\n\r\n\r\n<\/p><p><span>At least 'O' Level credit passes in English\r\nLanguage and Chemistry are compulsory.<\/span><\/p>","subjects":"Biology\/Agricultural Science, Chemistry and any other Science subject","institutions_list":"FEDFISH-NBUS"},{"id":"29738","title":"ANIMAL HEALTH & PRODUCTION TECHNOLOGY","de_requirements":"","utme_requirements":"","subjects":"","institutions_list":"FEDFISH-NBUS"},{"id":"29222","title":"Animal Health and Production Technology","de_requirements":"","utme_requirements":"","subjects":"","institutions_list":"FEDFISH-NBUS"},{"id":"29221","title":"Computer Science","de_requirements":"","utme_requirements":"","subjects":"","institutions_list":"FEDFISH-NBUS"},{"id":"29739","title":"COMPUTER SCIENCE","de_requirements":"","utme_requirements":"","subjects":"","institutions_list":"FEDFISH-NBUS"},{"id":"9519","title":"FISHERIES TECHNOLOGY","de_requirements":"","utme_requirements":"<p><span>Five (5) 'O' Level credit passes in Biology\/Agricultural Science,<\/span><span><\/span><\/p><p><span>Mathematics and any three (3) of the following:<\/span><span><\/span><\/p><p><span>Geography,<\/span><span><\/span><\/p><p><span>Food and Nutrition,<\/span><span><\/span><\/p><p><span>Economics,<\/span><span><\/span><\/p><p><span>Technical Drawing,<\/span><span><\/span><\/p><p><span>English Language,<\/span><span><\/span><\/p><p><span>Physics,<\/span><span><\/span><\/p><p><span>Chemistry,<\/span><span><\/span><\/p><p><span>Nigerian Language,<\/span><span><\/span><\/p><p><span>Home Economics.<\/span><span><\/span><\/p><p><span>'O' Level credit passes in English Language and Chemistry are compulsory.<\/span><\/p>","subjects":"Biology\/Agricultural Science and two (2) of Physics, Chemistry, Mathematics and Economics","institutions_list":"FEDFISH-NBUS"},{"id":"9522","title":"FOOD TECHNOLOGY","de_requirements":"","utme_requirements":"<p><span>Five (5) SSC credit passes in Mathematics, Chemistry\r\nand Biology\/Agricultural Science\/Health Science and any two <\/span>(2) <span>of the following:<\/span><\/p><p><span>Physics, Technical Drawing,<\/span><\/p><p><span>Economics\/Commerce,<\/span><\/p><p><span>English Language,<\/span><\/p><p><span>Additional\/Further Mathematics,<\/span><\/p><p><span>Home Economics, Food and Nutrition,<\/span><\/p><p><span>Geography, Physics and English Language.<\/span><\/p><p><span>&nbsp;<\/span><\/p><p>\r\n\r\n\r\n\r\n\r\n\r\n\r\n\r\n\r\n\r\n\r\n\r\n\r\n\r\n\r\n\r\n<\/p><p><span>&nbsp;<\/span><\/p>","subjects":"Biology\/Agricultural Science and any two (2) of the following: Physics, Chemistry, Mathematics and Economics","institutions_list":"FEDFISH-NBUS"},{"id":"9520","title":"HOSPITALITY MANAGEMENT","de_requirements":"","utme_requirements":"<p><span>Five (5) SSC credit passes in Biology\/Agricultural Science,<\/span><span><\/span><\/p><p><span>Mathematics and any three (3) of the following:<\/span><span><\/span><\/p><p><span>Geography,<\/span><span><\/span><\/p><p><span>Food and Nutrition,<\/span><span><\/span><\/p><p><span>Economics,<\/span><span><\/span><\/p><p><span>Technical Drawing,<\/span><span><\/span><\/p><p><span>English Language,<\/span><span><\/span><\/p><p><span>Physics,<\/span><span><\/span><\/p><p><span>Chemistry,<\/span><span><\/span><\/p><p><span>Nigerian Language,<\/span><span><\/span><\/p><p><span>Home Economics.<\/span><span><\/span><\/p><p><span>'O' Level credit passes in English Language and Chemistry are compulsory.<\/span><\/p>","subjects":"Biology\/Agricultural Science and two (2) of Physics, Chemistry, Mathematics and Economics","institutions_list":"FEDFISH-NBUS"}]