[{"id":"9527","title":"AGRICULTURAL TECHNOLOGY","de_requirements":"","utme_requirements":"<p><span>Five (5) SSC credit passes in Biology\/Agricultural\r\nScience,<\/span><span><\/span><\/p><p><span>Mathematics and any three (3) of the following:<\/span><\/p><p><span>Geography,<\/span><\/p><p><span>Food and Nutrition,<\/span><\/p><p><span>Economics,<\/span><\/p><p><span>Technical Drawing,<\/span><\/p><p><span>English Language,<\/span><\/p><p><span>Physics,<\/span><\/p><p><span>Chemistry,<\/span><\/p><p><span>Nigerian Language,<\/span><\/p><p><span>Home Economics.<\/span><\/p><p>\r\n\r\n\r\n\r\n\r\n\r\n\r\n\r\n\r\n\r\n\r\n\r\n\r\n\r\n\r\n\r\n\r\n\r\n\r\n\r\n\r\n\r\n<\/p><p><span>At least 'O' Level credit passes in English\r\nLanguage and Chemistry are compulsory.<\/span><\/p>","subjects":"Biology\/Agricultural Science, Chemistry and any other Science subject","institutions_list":"FEDHORT-GOM"},{"id":"9528","title":"ANIMAL HEALTH & PRODUCTION TECHNOLOGY","de_requirements":"","utme_requirements":"<p><span>Five (5) SSC credit passes in Biology\/Agricultural\r\nScience,<\/span><span><\/span><\/p><p><span>Mathematics and any three (3) of the following:<\/span><\/p><p><span>Geography,<\/span><\/p><p><span>Food and Nutrition,<\/span><\/p><p><span>Economics,<\/span><\/p><p><span>Technical Drawing,<\/span><\/p><p><span>English Language,<\/span><\/p><p><span>Physics,<\/span><\/p><p><span>Chemistry,<\/span><\/p><p><span>Nigerian Language,<\/span><\/p><p>\r\n\r\n\r\n\r\n\r\n\r\n\r\n\r\n\r\n\r\n\r\n\r\n\r\n\r\n\r\n\r\n\r\n\r\n\r\n\r\n<\/p><p><span>Home Economics.<\/span><\/p>","subjects":"Biology\/Agricultural Science, Chemistry and any other Science subject","institutions_list":"FEDHORT-GOM"},{"id":"23424","title":"COMPUTER SCIENCE","de_requirements":"<p>NIL<br><\/p>","utme_requirements":"<p>\r\n\r\n<\/p><p><span>Five (5)\r\nSSC credit passes in English Language not Literature in English and Mathematics\r\nand any three (3) subjects from the following:<\/span><\/p>\r\n\r\n<p><span>Economics\/Commerce,<\/span><\/p>\r\n\r\n<p><span>Business\r\nMethods,<\/span><\/p>\r\n\r\n<p><span>Principles\r\nof Accounts,<\/span><\/p>\r\n\r\n<p><span>Literature\r\nin English<\/span><\/p>\r\n\r\n<p><span>Geography<\/span><\/p>\r\n\r\n<p><span>Office\r\nPractice<\/span><\/p>\r\n\r\n<p><span>Government,<\/span><\/p>\r\n\r\n<p><span>Biology\/Agricultural\r\nScience,<\/span><\/p>\r\n\r\n<p><span>Chemistry,<\/span><\/p>\r\n\r\n<p><span>Physics,<\/span><\/p>\r\n\r\n<p><span>History\/Government<\/span><\/p>\r\n\r\n<p><span>Typewriting\r\n<\/span><\/p>\r\n\r\n<span>Shorthand<\/span>","subjects":"<p>\r\n\r\n<\/p><p><span>Mathematics\r\nand any two (2) of Economics, Geography, Biology or Agricultural Science History,\r\nGovernment, Commerce or Principle of Accounts.<\/span><\/p>\r\n\r\n","institutions_list":"FEDHORT-GOM"},{"id":"23873","title":"COOPERATIVE ECONOMICS & MANAGEMENT","de_requirements":"<p>N\/A&nbsp;&nbsp;&nbsp;&nbsp;<\/p>","utme_requirements":"<p><span>Four (4) SSC credit including English Language and three (3) other subjects from Economics, Mathematics, Business Methods, Principles of Accounts,&nbsp;Commerce, History, Statistics, Geography, Government, Agricultural Science\/Biology<\/span><span><font>.<\/font><\/span><\/p>","subjects":"<p>English Language, Mathematics, Economics and other from&nbsp;<span>Business Methods, Principles of Accounts,&nbsp;Commerce, History, Statistics, Geography, Government, Agricultural Science\/Biology<\/span><span><font>.<\/font><\/span><\/p>","institutions_list":"FEDHORT-GOM"},{"id":"23871","title":"FISHERIES TECHNOLOGY","de_requirements":"<p>N\/A<\/p>","utme_requirements":"<p>Biology\/Agricultural Science, Chemistry, Mathematics and English Language<\/p>","subjects":"<p>Biology\/Agricultural Science, Chemistry, Mathematics and English Language<br><\/p>","institutions_list":"FEDHORT-GOM"},{"id":"23425","title":"FISHERIES TECHNOLOGY","de_requirements":"<p>NIL<br><\/p>","utme_requirements":"<p>\r\n\r\n<\/p><p><span>Five (5)\r\n'O' Level credit passes in Biology\/Agricultural Science,<\/span><\/p>\r\n\r\n<p><span>Mathematics\r\nand any three (3) of the following:<\/span><\/p>\r\n\r\n<p><span>Geography,<\/span><\/p>\r\n\r\n<p><span>Food and\r\nNutrition,<\/span><\/p>\r\n\r\n<p><span>Economics,<\/span><\/p>\r\n\r\n<p><span>Technical\r\nDrawing,<\/span><\/p>\r\n\r\n<p><span>English\r\nLanguage,<\/span><\/p>\r\n\r\n<p><span>Physics,<\/span><\/p>\r\n\r\n<p><span>Chemistry,<\/span><\/p>\r\n\r\n<p><span>Nigerian\r\nLanguage,<\/span><\/p>\r\n\r\n<p><span>Home Economics.<\/span><\/p>\r\n\r\n<p><span>'O' Level\r\ncredit passes in English Language and Chemistry are compulsory.<\/span><\/p>\r\n\r\n","subjects":"<p>\r\n\r\n<\/p><p><span>Biology\/Agricultural\r\nScience and two (2) of Physics, Chemistry, Mathematics and Economics<\/span><\/p>\r\n\r\n","institutions_list":"FEDHORT-GOM"},{"id":"9526","title":"HORTICULTURAL TECHNOLOGY","de_requirements":"","utme_requirements":"<p><span>Five (5) SSC credit passes in Mathematics, Physics and Chemistry and any two (2) subjects from:<\/span><span><\/span><\/p><p><span>Biology\/Agricultural Science <\/span><span><\/span><\/p><p><span>Technical Drawing,<\/span><span><\/span><\/p><p><span>Basic Electronics\/Basic Electricity,<\/span><span><\/span><\/p><p><span>Auto Mechanics,<\/span><span><\/span><\/p><p><span>Metal Work, Woodwork for Civil Engineering Technology,<\/span><span><\/span><\/p><p><span>Further Mathematics<\/span><span><\/span><\/p><p><span>English Language, Geography,<\/span><span><\/span><\/p><p><span>Economics\/Commerce.<\/span><span><\/span><\/p><p><span>For Marine Engineering and Industrial Safety &amp; Environmental Engineering. 'O' Level pass in Biology is required.<\/span><span><\/span><\/p><p><span>'O' Level credit pass in English Language is required.<\/span><\/p>","subjects":"Mathematics and any two (2) of Chemistry, Physics or Technical Drawing.","institutions_list":"FEDHORT-GOM"},{"id":"9529","title":"PRODUCTION TECH.","de_requirements":"","utme_requirements":"<table>\r\n <tbody><tr>\r\n  <td>\r\n  <p><span>Five (5) SSC credit passes in Biology\/Agricultural\r\n  Science,<\/span><span><\/span><\/p>\r\n  <p><span>Mathematics and any three (3) of the following:<\/span><\/p>\r\n  <p><span>Geography,<\/span><\/p>\r\n  <p><span>Food and Nutrition,<\/span><\/p>\r\n  <p><span>Economics,<\/span><\/p>\r\n  <p><span>Technical Drawing,<\/span><\/p>\r\n  <p><span>English Language,<\/span><\/p>\r\n  <p><span>Physics,<\/span><\/p>\r\n  <p><span>Chemistry,<\/span><\/p>\r\n  <p><span>Nigerian Language,<\/span><\/p>\r\n  <p><span>Home Economics.<\/span><\/p>\r\n  <p><span>At least 'O' Level credit passes in English\r\n  Language and Chemistry are compulsory.<\/span><\/p>\r\n  <p><span><o>&nbsp;<\/o:p><\/span><\/p>\r\n  <\/td>\r\n <\/tr>\r\n<\/tbody><\/table>","subjects":"Biology\/Agricultural Science, Chemistry and any other Science subject","institutions_list":"FEDHORT-GOM"},{"id":"23872","title":"SCIENCE LABORATORY TECHNOLOGY","de_requirements":"<p>N\/A<\/p>","utme_requirements":"<p><span>Five (5) SSC credit in Mathematics,&nbsp;<\/span><span>and any\r\nTwo (2) of the following:<\/span><\/p><p><span>Biology\/Agricultural Science,&nbsp;<\/span><span>Chemistry and&nbsp;<\/span><span>Physics and&nbsp;<\/span><span>English Language<\/span><span>.<\/span><\/p>","subjects":"<p>Biology\/Agricultural Science, Chemistry, Mathematics and English Language.<\/p>","institutions_list":"FEDHORT-GOM"},{"id":"23423","title":"SCIENCE LABORATORY TECHNOLOGY","de_requirements":"<p>NIL<br><\/p>","utme_requirements":"<p>\r\n\r\n<\/p><p><span>Five (5) SSC credit passes in Mathematics\r\nand two (2) of Physics,<\/span><\/p>\r\n\r\n<p><span>Biology\/Agricultural Science\/Health\r\nScience, Chemistry,<\/span><\/p>\r\n\r\n<p><span>and two (2)\r\nother subjects from Technical Drawing, Metal or Wood Work, Basic Electricity,\r\nGeography, Further Mathematics, and Fine Arts. <\/span><\/p>\r\n\r\n<p><span>'O' Level\r\ncredit pass in each of the three (3) Basic Science subjects - Biology, Chemistry,\r\nPhysics and a 'O' Level credit pass in English Language is compulsory.<\/span><\/p>\r\n\r\n","subjects":"<p>\r\n\r\n<\/p><p><span>Any three (3) of Mathematics, Biology\/Agricultural\r\nScience or Physics<\/span><\/p>\r\n\r\n","institutions_list":"FEDHORT-GOM"}]