[{"id":"9536","title":"ACCOUNTANCY","de_requirements":"<p>Nil<br><\/p>","utme_requirements":"<p>\r\n\r\n<\/p><p><span>The\r\nMinimum entry requirements into National Diploma (ND) in Accountancy are Five\r\n(5) Credits passes in WASC\/NECO\/GCE O\u2019level\/SSCE\/NABTEB Examination at not more\r\nthan two (2) sittings.<\/span><\/p>\r\n\r\n\r\n\r\n<p><span>The\r\nsubjects must include:<\/span><\/p>\r\n\r\n<p><span><span>1. <\/span><\/span><span><span>&nbsp;<\/span>English Language; (Literature-in-English and\r\nOral English are not<span>&nbsp;&nbsp; <\/span>acceptable in\r\nplace of English Language);<\/span><\/p>\r\n\r\n<p><span><span>2. <\/span><\/span><span><span>&nbsp;<\/span>Mathematics; <\/span><\/p>\r\n\r\n<p><span><span>3. <\/span><\/span><span><span>&nbsp;<\/span>Any one (1) of the following:<\/span><\/p>\r\n\r\n<p><span>Economics, Commerce, Principles of\r\nAccounts\/Book keeping;<\/span><\/p>\r\n\r\n<p><span><span>4. <\/span><\/span><span><span>&nbsp;<\/span>Plus any other two (2) of the following:<\/span><\/p>\r\n\r\n<span>Geography, Government\/Civic Education, Agric.\r\nScience\/ Animal Husbandry\/Biology\/Chemistry\/Physics, Data Processing\/ICT\/Computer\r\nStudies, Insurance, Economics, Commerce, Principles of Accounts\/Book keeping,\r\nEntrepreneurship Education.<span>&nbsp; <\/span><\/span>","subjects":"\r\n\r\n<p><span>-<span>&nbsp;&nbsp; <\/span>English Language;<span>&nbsp;&nbsp;&nbsp;&nbsp;&nbsp;&nbsp;&nbsp;&nbsp;&nbsp;&nbsp;&nbsp; <br><\/span><\/span><\/p><p><span>-<span>&nbsp;&nbsp; <\/span>Mathematics;<\/span><\/p>\r\n\r\n<p><span>-<span>&nbsp;&nbsp; <\/span>Any two (2) from Geography, Commerce, Government,\r\nPrinciples of Accounts, Economics.<\/span><\/p>\r\n\r\n","institutions_list":"FEDPO-ADO"},{"id":"25290","title":"AGRICULTURAL & BIO-ENVIRONMENTAL  ENGINEERING\/TECH","de_requirements":"<p>NIL<br><\/p>","utme_requirements":"<p>\r\n\r\n<\/p><p><span>The\r\nMinimum entry requirements into National Diploma (ND) in Agricultural and\r\nBio-Environmental Engineering are Five (5) Credits passes in WASC\/ NECO\/GCE\r\nO\u2019level\/SSCE\/NABTEB- National Technical Certificate (NTC) Examination at not\r\nmore than two (2) sittings.<\/span><\/p>\r\n\r\n<p><span>&nbsp;<\/span><\/p>\r\n\r\n<p><span>The subjects must include:<\/span><\/p>\r\n\r\n<p><span>&nbsp;<\/span><\/p>\r\n\r\n<p><span><span>1.<span>&nbsp;&nbsp;&nbsp;&nbsp;&nbsp;&nbsp;&nbsp;&nbsp;&nbsp;&nbsp;\r\n<\/span><\/span><\/span><span>English Language;<\/span><\/p>\r\n\r\n<p><span><span>2.<span>&nbsp;&nbsp;&nbsp;&nbsp;&nbsp;&nbsp;&nbsp;&nbsp;&nbsp;&nbsp;\r\n<\/span><\/span><\/span><span>Mathematics;<\/span><\/p>\r\n\r\n<p><span><span>3.<span>&nbsp;&nbsp;&nbsp;&nbsp;&nbsp;&nbsp;&nbsp;&nbsp;&nbsp;&nbsp;\r\n<\/span><\/span><\/span><span>Physics;<\/span><\/p>\r\n\r\n<p><span><span>4.<span>&nbsp;&nbsp;&nbsp;&nbsp;&nbsp;&nbsp;&nbsp;&nbsp;&nbsp;&nbsp;\r\n<\/span><\/span><\/span><span>Chemistry;<\/span><\/p>\r\n\r\n<p><span><span>5.<span>&nbsp;&nbsp;&nbsp;&nbsp;&nbsp;&nbsp;&nbsp;&nbsp;&nbsp;&nbsp;\r\n<\/span><\/span><\/span><span>Any one (1) of the followings: <\/span><\/p>\r\n\r\n<p><span>Biology, Agricultural Science, Animal Husbandry,\r\nTechnical Drawing, Further Mathematics, Crop Production, Tractor Mechanics,\r\nRefrigeration and Air Conditioning, Engine Maintenance\/Machine, Transmission\r\nSystem, Statistics, Geography, Economics, Data Processing\/ICT\/ Computer\r\nStudies. <\/span><b><span>OR<\/span><\/b><\/p>\r\n\r\n<p><b><span><span>&nbsp;<\/span><\/span><\/b><b><span><\/span><\/b><\/p>\r\n\r\n<p><span>In addition to the above, <\/span><b><span>NABTEB National Technical Certificate (NTC)<\/span><\/b><span> with a core subject from Trade Related Area such as Metal Work\/Tractor,\r\nTractor Mechanics, Auto Mechanics, Electrical Installation and Maintenance\r\nWorks\/Welding Fabrication\/Technical Drawing\/Building Construction.<\/span><\/p>\r\n\r\n<p><span>&nbsp;<\/span><\/p>\r\n\r\n<b><span>NOTE:<span>&nbsp; <\/span><\/span><\/b><i><span>Only NABTEB National Technical Certificate (NTC) would be accepted for\r\nadmission <b>and not <\/b>NABTEB National Business Certificate (NBC)<\/span><\/i><p><\/p>","subjects":"<p>\r\n\r\n<\/p><p><span><span>-<span>&nbsp;&nbsp;&nbsp;&nbsp;&nbsp;&nbsp;&nbsp;&nbsp;&nbsp;&nbsp;\r\n<\/span><\/span><\/span><span>English\r\nLanguage;<\/span><\/p>\r\n\r\n<p><span><span>-<span>&nbsp;&nbsp;&nbsp;&nbsp;&nbsp;&nbsp;&nbsp;&nbsp;&nbsp;&nbsp;\r\n<\/span><\/span><\/span><span>Mathematics;<\/span><\/p>\r\n\r\n<p><span><span>-<span>&nbsp;&nbsp;&nbsp;&nbsp;&nbsp;&nbsp;&nbsp;&nbsp;&nbsp;&nbsp;\r\n<\/span><\/span><\/span><span>Physics;<\/span><\/p>\r\n\r\n<span>-&nbsp;&nbsp;&nbsp;&nbsp;&nbsp; Chemistry.<\/span><p><\/p>","institutions_list":"FEDPO-ADO"},{"id":"26318","title":"AGRICULTURAL AND BIO-ENVIRONMENTAL ENGINEERING TECHNOLOGY","de_requirements":"","utme_requirements":"","subjects":"","institutions_list":"FEDPO-ADO"},{"id":"9538","title":"AGRICULTURAL ENGINEERING\/TECHNOLOGY","de_requirements":"<p>Nil<br><\/p>","utme_requirements":"<p><\/p><!--[if gte mso 9]><xml><w>\r\n<w><\/w:LsdException>\r\n<w><\/w:LsdException>\r\n<w><\/w:LsdException>\r\n<w><\/w:LsdException>\r\n<w><\/w:LsdException>\r\n<w><\/w:LsdException>\r\n<w><\/w:LsdException>\r\n<w><\/w:LsdException>\r\n<w><\/w:LsdException>\r\n<w><\/w:LsdException>\r\n<w><\/w:LsdException>\r\n<w><\/w:LsdException>\r\n<w><\/w:LsdException>\r\n<w><\/w:LsdException>\r\n<w><\/w:LsdException>\r\n<w><\/w:LsdException>\r\n<w><\/w:LsdException>\r\n<w><\/w:LsdException>\r\n<w><\/w:LsdException>\r\n<w><\/w:LsdException>\r\n<w><\/w:LsdException>\r\n<w><\/w:LsdException>\r\n<w><\/w:LsdException>\r\n<w><\/w:LsdException>\r\n<w><\/w:LsdException>\r\n<w><\/w:LsdException>\r\n<w><\/w:LsdException>\r\n<w><\/w:LsdException>\r\n<w><\/w:LsdException>\r\n<w><\/w:LsdException>\r\n<w><\/w:LsdException>\r\n<w><\/w:LsdException>\r\n<w><\/w:LsdException>\r\n<w><\/w:LsdException>\r\n<w><\/w:LsdException>\r\n<w><\/w:LsdException>\r\n<w><\/w:LsdException>\r\n<w><\/w:LsdException>\r\n<w><\/w:LsdException>\r\n<w><\/w:LsdException>\r\n<w><\/w:LsdException>\r\n<w><\/w:LsdException>\r\n<w><\/w:LsdException>\r\n<w><\/w:LsdException>\r\n<w><\/w:LsdException>\r\n<w><\/w:LsdException>\r\n<w><\/w:LsdException>\r\n<w><\/w:LsdException>\r\n<w><\/w:LsdException>\r\n<w><\/w:LsdException>\r\n<w><\/w:LsdException>\r\n<w><\/w:LsdException>\r\n<w><\/w:LsdException>\r\n<w><\/w:LsdException>\r\n<w><\/w:LsdException>\r\n<w><\/w:LsdException>\r\n<w><\/w:LsdException>\r\n<w><\/w:LsdException>\r\n<w><\/w:LsdException>\r\n<w><\/w:LsdException>\r\n<w><\/w:LsdException>\r\n<w><\/w:LsdException>\r\n<w><\/w:LsdException>\r\n<w><\/w:LsdException>\r\n<w><\/w:LsdException>\r\n<w><\/w:LsdException>\r\n<w><\/w:LsdException>\r\n<w><\/w:LsdException>\r\n<w><\/w:LsdException>\r\n<w><\/w:LsdException>\r\n<w><\/w:LsdException>\r\n<w><\/w:LsdException>\r\n<w><\/w:LsdException>\r\n<w><\/w:LsdException>\r\n<w><\/w:LsdException>\r\n<w><\/w:LsdException>\r\n<w><\/w:LsdException>\r\n<w><\/w:LsdException>\r\n<w><\/w:LsdException>\r\n<w><\/w:LsdException>\r\n<w><\/w:LsdException>\r\n<w><\/w:LsdException>\r\n<w><\/w:LsdException>\r\n<w><\/w:LsdException>\r\n<w><\/w:LsdException>\r\n<w><\/w:LsdException>\r\n<w><\/w:LsdException>\r\n<w><\/w:LsdException>\r\n<w><\/w:LsdException>\r\n<w><\/w:LsdException>\r\n<w><\/w:LsdException>\r\n<w><\/w:LsdException>\r\n<w><\/w:LsdException>\r\n<w><\/w:LsdException>\r\n<w><\/w:LsdException>\r\n<w><\/w:LsdException>\r\n<w><\/w:LsdException>\r\n<w><\/w:LsdException>\r\n<w><\/w:LsdException>\r\n<w><\/w:LsdException>\r\n<w><\/w:LsdException>\r\n<w><\/w:LsdException>\r\n<w><\/w:LsdException>\r\n<w><\/w:LsdException>\r\n<w><\/w:LsdException>\r\n<w><\/w:LsdException>\r\n<w><\/w:LsdException>\r\n<w><\/w:LsdException>\r\n<w><\/w:LsdException>\r\n<w><\/w:LsdException>\r\n<w><\/w:LsdException>\r\n<w><\/w:LsdException>\r\n<w><\/w:LsdException>\r\n<w><\/w:LsdException>\r\n<w><\/w:LsdException>\r\n<w><\/w:LsdException>\r\n<w><\/w:LsdException>\r\n<w><\/w:LsdException>\r\n<w><\/w:LsdException>\r\n<w><\/w:LsdException>\r\n<w><\/w:LsdException>\r\n<w><\/w:LsdException>\r\n<w><\/w:LsdException>\r\n<w><\/w:LsdException>\r\n<w><\/w:LsdException>\r\n<w><\/w:LsdException>\r\n<w><\/w:LsdException>\r\n<w><\/w:LsdException>\r\n<w><\/w:LsdException>\r\n<w><\/w:LsdException>\r\n<w><\/w:LsdException>\r\n<w><\/w:LsdException>\r\n<w><\/w:LsdException>\r\n<w><\/w:LsdException>\r\n<w><\/w:LsdException>\r\n<w><\/w:LsdException>\r\n<w><\/w:LsdException>\r\n<w><\/w:LsdException>\r\n<w><\/w:LsdException>\r\n<w><\/w:LsdException>\r\n<w><\/w:LsdException>\r\n<w><\/w:LsdException>\r\n<w><\/w:LsdException>\r\n<w><\/w:LsdException>\r\n<w><\/w:LsdException>\r\n<w><\/w:LsdException>\r\n<w><\/w:LsdException>\r\n<w><\/w:LsdException>\r\n<w><\/w:LsdException>\r\n<w><\/w:LsdException>\r\n<w><\/w:LsdException>\r\n<w><\/w:LsdException>\r\n<w><\/w:LsdException>\r\n<w><\/w:LsdException>\r\n<w><\/w:LsdException>\r\n<w><\/w:LsdException>\r\n<w><\/w:LsdException>\r\n<w><\/w:LsdException>\r\n<w><\/w:LsdException>\r\n<w><\/w:LsdException>\r\n<w><\/w:LsdException>\r\n<w><\/w:LsdException>\r\n<w><\/w:LsdException>\r\n<w><\/w:LsdException>\r\n<w><\/w:LsdException>\r\n<w><\/w:LsdException>\r\n<w><\/w:LsdException>\r\n<w><\/w:LsdException>\r\n<w><\/w:LsdException>\r\n<w><\/w:LsdException>\r\n<w><\/w:LsdException>\r\n<w><\/w:LsdException>\r\n<w><\/w:LsdException>\r\n<w><\/w:LsdException>\r\n<w><\/w:LsdException>\r\n<w><\/w:LsdException>\r\n<w><\/w:LsdException>\r\n<w><\/w:LsdException>\r\n<w><\/w:LsdException>\r\n<w><\/w:LsdException>\r\n<w><\/w:LsdException>\r\n<w><\/w:LsdException>\r\n<w><\/w:LsdException>\r\n<w><\/w:LsdException>\r\n<w><\/w:LsdException>\r\n<w><\/w:LsdException>\r\n<w><\/w:LsdException>\r\n<w><\/w:LsdException>\r\n<w><\/w:LsdException>\r\n<w><\/w:LsdException>\r\n<w><\/w:LsdException>\r\n<w><\/w:LsdException>\r\n<w><\/w:LsdException>\r\n<w><\/w:LsdException>\r\n<w><\/w:LsdException>\r\n<w><\/w:LsdException>\r\n<w><\/w:LsdException>\r\n<w><\/w:LsdException>\r\n<w><\/w:LsdException>\r\n<w><\/w:LsdException>\r\n<w><\/w:LsdException>\r\n<w><\/w:LsdException>\r\n<w><\/w:LsdException>\r\n<w><\/w:LsdException>\r\n<w><\/w:LsdException>\r\n<w><\/w:LsdException>\r\n<w><\/w:LsdException>\r\n<w><\/w:LsdException>\r\n<w><\/w:LsdException>\r\n<w><\/w:LsdException>\r\n<w><\/w:LsdException>\r\n<w><\/w:LsdException>\r\n<w><\/w:LsdException>\r\n<w><\/w:LsdException>\r\n<w><\/w:LsdException>\r\n<w:LsdException Locked=\"f","subjects":"<p><span><span>-<span>&nbsp;<\/span><\/span><\/span><span>English Language;<\/span><span><\/span><\/p><p><span><span>-<span>&nbsp;<\/span><\/span><\/span><span>Mathematics;<\/span><span><\/span><\/p><p><span><span>-<span>&nbsp;<\/span><\/span><\/span><span>Physics;<\/span><span><\/span><\/p><p><span><span>-<span>&nbsp;<\/span><\/span><\/span><span>Chemistry.<\/span><span><\/span><\/p>","institutions_list":"FEDPO-ADO"},{"id":"9537","title":"AGRICULTURAL TECHNOLOGY","de_requirements":"<p>Nil<br><\/p>","utme_requirements":"<p><\/p><p><span>The Minimum entry requirements into National Diploma (ND) in Agricultural Technology are Five (5) Credits passes in WASC\/ NECO\/GCE O\u2019level\/ SSCE\/NABTEB- National Technical Certificate (NTC) Examination at not more than two (2) sittings.<\/span><span><\/span><\/p><p><span>&nbsp;The subjects must include:<\/span><span><\/span><\/p><p><span><span>1.<span>&nbsp;<\/span><\/span><\/span><span>English; <\/span><span><\/span><\/p><p><span><span>2.<span>&nbsp;<\/span><\/span><\/span><span>Mathematics; <\/span><span><\/span><\/p><p><span><span>3.<span>&nbsp;<\/span><\/span><\/span><span>Chemistry;<\/span><span><\/span><\/p><p><span><span>4.<span>&nbsp;<\/span><\/span><\/span><span>Any one (1) of the following:<\/span><span><\/span><\/p><p><span>Biology<\/span><span>\/<\/span><span>Agricultural Science<\/span><span>;<\/span><span><\/span><\/p><p><span><span>5.<span>&nbsp;<\/span><\/span><\/span><span>Plus any one (1) of the following:<\/span><span><\/span><\/p><p><span>Economics, Geography, Statistics, Physics, Civic Education\/Government, Computer<\/span><span>&nbsp;Studies<\/span><span>\/ICT\/Data Processing<\/span><span>, <\/span><span>Animal Husbandry<\/span><span>\/<\/span><span>Fisheries<\/span><span>, Home Economics\/Home Management, Food and Nutrition, Forestry.<\/span><span><\/span><\/p><p><b><span>NABTEB - <\/span><\/b><span>National Technical Certificate<\/span><b><span>\/<\/span><\/b><span>General Education in the relevant courses is also&nbsp;&nbsp;&nbsp;&nbsp;&nbsp; acceptable.<\/span><span><\/span><\/p><p><b><span>NOTE:<\/span><\/b><span>&nbsp;<\/span><i><span>Only NABTEB National Technical Certificate (NTC)<\/span><\/i><b><i><span>&nbsp;<\/span><\/i><\/b><i><span>would be accepted for admission <\/span><\/i><b><i><span>and not <\/span><\/i><\/b><i><span>NABTEB National Business Certificate (NBC)<\/span><\/i><\/p>","subjects":"<p><span>- English Language;<\/span><span><\/span><\/p><p><span>- Chemistry;<\/span><span><\/span><\/p><p><span>- Mathematics\/Physics;<\/span><span><\/span><\/p><p><span>- Biology\/Agricultural Science.<\/span><span><\/span><\/p>","institutions_list":"FEDPO-ADO"},{"id":"9539","title":"ARCHITECTURAL TECHNOLOGY","de_requirements":"<p>Nil<br><\/p>","utme_requirements":"<p><\/p><p><span>The Minimum entry requirements into National Diploma (ND) in Architectural Technology are Five (5) Credits passes in WASC\/ NECO\/GCE O\u2019level\/SSCE\/NABTEB- National Technical Certificate (NTC) Examination at not more than two (2) sittings.<\/span><span><\/span><\/p><p><span>&nbsp;The subjects must include:<\/span><span><\/span><\/p><p><span><span>1.<span>&nbsp;<\/span><\/span><\/span><span>English Language;<\/span><span><\/span><\/p><p><span><span>2.<span>&nbsp;<\/span><\/span><\/span><span>Physics;<\/span><span><\/span><\/p><p><span><span>3.<span>&nbsp;<\/span><\/span><\/span><span>Mathematics;<\/span><span><\/span><\/p><p><span><span>4.<span>&nbsp;<\/span><\/span><\/span><span>Plus any other two (2) of the following: <\/span><span><\/span><\/p><p><span>Fine Art, Technical Drawing, Economics, Electrical Installation\/Woodwork\/ Metal Work\/Painting, Decoration, Carpentry &amp; Joinery, Building Construction\/Plumbing &amp; Pipe Fitting\/Block Laying, Geography, Data Processing \/ICT\/ Computer Studies, Biology\/Agricultural Science\/Animal Husbandry, Chemistry, CRS\/IRS, Music, History, Government\/Civic Education, Literature-in-English.<\/span><\/p>","subjects":"<p><span>- &nbsp;&nbsp;English Language; &nbsp;&nbsp;&nbsp;&nbsp;&nbsp;&nbsp;&nbsp;&nbsp;&nbsp;&nbsp;&nbsp; <br><\/span><\/p><p><span>- &nbsp;&nbsp;Mathematics;<\/span><span><\/span><\/p><p><span>- &nbsp;&nbsp;Any two (2) from Physics, Chemistry, Technical Drawing<\/span><span><\/span><\/p>","institutions_list":"FEDPO-ADO"},{"id":"23545","title":"ARTS & DESIGN","de_requirements":"<p>NIL<br><\/p>","utme_requirements":"<p>\r\n\r\n<\/p><p><span>The\r\nMinimum entry requirements into National Diploma (ND) in Art and Industrial\r\nDesign are Five (5) Credits passes in not more that two (2) sittings in\r\nWASC\/NECO\/GCE O\u2019level\/ SSCE\/ NABTEB Examination at not more than two (2)\r\nsittings.<\/span><\/p><p><span>&nbsp;<\/span><\/p><p><span>The subjects must include:<\/span><\/p><p><span>&nbsp;<\/span><\/p><p><span>1. <\/span><span>English Language;<\/span><\/p><p><span>2. <\/span><span>Mathematics;<\/span><\/p><p><span>3. <\/span><span>Plus any other three (3) of the following:<\/span><\/p><p>\r\n\r\n\r\n\r\n\r\n\r\n\r\n\r\n\r\n\r\n\r\n\r\n\r\n\r\n<span>Fine art, Technical Drawing, Chemistry, Physics,\r\nEconomics\/Commerce, Literature in English, CRS\/IRS, Government\/ History\/Civic\r\nEducation, Biology\/Agric. Science\/Animal Husbandry,&nbsp; ICT\/Data Processing\/Computer Studies,\r\nEntrepreneurship Education, Financial Accounting, Dyeing and Bleaching\/Clothing\r\nand Textile\/Garment Making, Painting and Decoration\/Printing Craft\/Photography,\r\nFood and Nutrition\/Home Management\/Home Economics, a Nigerian\r\nLanguage.<\/span><br><\/p>\r\n\r\n","subjects":"<p>\r\n\r\n<\/p><p><span>-&nbsp;&nbsp; English Language;&nbsp;&nbsp; <\/span><\/p>\r\n\r\n<p><span>-&nbsp;&nbsp; Mathematics;<\/span><\/p>\r\n\r\n<p><span>-&nbsp;&nbsp; And any other two (2) from Chemistry,\r\nHistory, Biology\/Agric. Science, Fine Arts, Economics, a Nigerian Language.<\/span><\/p>\r\n\r\n","institutions_list":"FEDPO-ADO"},{"id":"9540","title":"BANKING & FINANCE","de_requirements":"<p>Nil<br><\/p>","utme_requirements":"<p>\r\n\r\n<\/p><p><span>The\r\nMinimum entry requirements into National Diploma (ND) in Banking &amp; Finance\r\nare Five (5) Credits passes in WASC\/NECO\/ GCE O\u2019level\/SSCE\/NABTEB Examination\r\nat not more than two (2) sittings.<\/span><\/p>\r\n\r\n\r\n\r\n<p><span>The\r\nsubjects must include:<\/span><\/p>\r\n\r\n\r\n\r\n<p><span><span>1.<span>&nbsp;&nbsp;&nbsp;&nbsp;&nbsp;&nbsp;\r\n<\/span><\/span><\/span><span>English\r\nLanguage;<\/span><\/p>\r\n\r\n<p><span><span>2.<span>&nbsp;&nbsp;&nbsp;&nbsp;&nbsp;&nbsp;\r\n<\/span><\/span><\/span><span>Mathematics;<\/span><\/p>\r\n\r\n<p><span><span>3.<span>&nbsp;&nbsp;&nbsp;&nbsp;&nbsp;&nbsp;\r\n<\/span><\/span><\/span><span>Any\r\none of the following: <\/span><\/p>\r\n\r\n<p><span>Economics, Commerce, Principles\r\nof Accounts\/Book Keeping;<\/span><\/p>\r\n\r\n<p><span><span>4.<span>&nbsp;&nbsp;&nbsp;&nbsp;&nbsp;&nbsp;&nbsp;\r\n<\/span><\/span><\/span><span>Plus\r\nany other two (2) of the following:<\/span><\/p>\r\n\r\n<p><span>Geography, Government\/Civic\r\nEducation, Biology\/Agricultural Science\/Animal Husbandry \/Physics\/Chemistry,\r\nComputer Studies\/Data Processing\/ICT, Insurance, Economics, Commerce,\r\nPrinciples of Accounts\/Book Keeping, <\/span><\/p>\r\n\r\n<p><span>Entrepreneurship Education.<\/span><\/p>\r\n\r\n","subjects":"\r\n\r\n<p><span>-<span>&nbsp;&nbsp; <\/span>English Language;<span>&nbsp;&nbsp;&nbsp;&nbsp;&nbsp;&nbsp;&nbsp;&nbsp;&nbsp;&nbsp;&nbsp; <br><\/span><\/span><\/p><p><span>-<span>&nbsp;&nbsp; <\/span>Mathematics;<\/span><\/p>\r\n\r\n<p><span>-<span>&nbsp;&nbsp; <\/span>Any two (2) from Geography, Commerce,\r\nGovernment, Principles of Accounts\/Book Keeping, Economics, Insurance.<\/span><\/p>\r\n\r\n","institutions_list":"FEDPO-ADO"},{"id":"9542","title":"BUILDING TECHNOLOGY","de_requirements":"<p>Nil<br><\/p>","utme_requirements":"<table>\r\n <tbody><tr>\r\n  <td><p><span>The Minimum entry requirements into National Diploma (ND) in Building Technology are Five (5) Credits passes in WASC\/ NECO\/GCE O\u2019level\/ SSCE\/NABTEB- National Technical Certificate (NTC) Examination at not more than two (2) sittings<\/span><span><\/span><\/p><p><span>The subjects must include:<\/span><span><\/span><\/p><p><span><span>1.<span>&nbsp;<\/span><\/span><\/span><span>Mathematics;<\/span><span><\/span><\/p><p><span><span>2.<span>&nbsp;<\/span><\/span><\/span><span>English Language;<\/span><span><\/span><\/p><p><span><span>3.<span>&nbsp;<\/span><\/span><\/span><span>Plus any other two (2) of the following:<\/span><span><\/span><\/p><p><span>Physics, Chemistry, Biology\/Agric. Science\/Animal Husbandry;<\/span><span><\/span><\/p><p><span><span>4.<span>&nbsp;<\/span><\/span><\/span><span>And any one (1) of the following:<\/span><span><\/span><\/p><p><span>Economics, Principles of Accounts, Technical Drawing, Building Construction, Building Drawing, Woodwork \/Metalwork\/<\/span><span>Carpentry &amp; Joinery\/Painting \/Decoration \/Plumbing &amp; Pipe Fitting\/ Block Laying<\/span><span>, Basic Surveying, Geography, Government\/Civic Education, Commerce, Biology\/Agric Science\/Health Science\/Animal Husbandry, Fine Art, Physics, Chemistry<\/span><span>, Computer Studies\/ICT\/Data Processing, Further Mathematics, Draughtsmanship\/Graphic Design.<\/span><\/p><p><span><\/span><\/p>\r\n  <\/td>\r\n <\/tr>\r\n<\/tbody><\/table>","subjects":"<p><span>- &nbsp;&nbsp;English Language; &nbsp;&nbsp;&nbsp;&nbsp;&nbsp;&nbsp;&nbsp;&nbsp;&nbsp;&nbsp;&nbsp; <br><\/span><\/p><p><span>- &nbsp;&nbsp;Mathematics;<\/span><span><\/span><\/p><p><span>- &nbsp;&nbsp;Any two (2) from<\/span><span><\/span><\/p><p><span>Physics, Chemistry, Technical Drawing, Fine Arts, Economics, Woodwork<\/span><span><\/span><\/p>","institutions_list":"FEDPO-ADO"},{"id":"9543","title":"BUSINESS ADMINISTRATION & MANAGEMENT","de_requirements":"<p>Nil<br><\/p>","utme_requirements":"\r\n\r\n<p><span>The\r\nMinimum entry requirements into National Diploma (ND) in Business\r\nAdministration and Management are Five (5) Credits passes in WASC\/NECO\/GCE\r\nO\u2019level\/SSCE\/NABTEB Examination at not more than two (2) sittings.<\/span><\/p>\r\n\r\n<p><span>The\r\nsubjects must include:<\/span><\/p>\r\n\r\n\r\n\r\n<p><span>1<span>&nbsp;&nbsp; <\/span>English Language;<\/span><\/p>\r\n\r\n<p><span>2.<span>&nbsp; <\/span>Mathematics;<\/span><\/p>\r\n\r\n<p><span>3<span>&nbsp;&nbsp; <\/span>Any one (1) of the following: <\/span><\/p>\r\n\r\n<p><span>Economics, Commerce, Principles\r\nof Accounts\/Book keeping;<\/span><\/p>\r\n\r\n<p><span>4<span>&nbsp;&nbsp;&nbsp;\r\n<\/span>Plus any other two (2) of the following: <\/span><\/p>\r\n\r\n<span>Biology\/Agric. Sc.\/Physics\/Animal\r\nHusbandry\/Chemistry, ICT\/Data Processing\/Computer Studies, History\/Government\/Civic\r\nEducation, Geography, Marketing, Economics, Commerce, Principles of\r\nAccounts\/Book Keeping, Literature-in-English, Business Method\/Business\r\nStudies\/Office Practice, Store Keeping\/Store Management, Entrepreneurship\r\nEducation, Social Studies, Insurance<\/span>","subjects":"\r\n\r\n<p><span>-<span>&nbsp;&nbsp; <\/span>English Language;<span>&nbsp;&nbsp; <\/span><\/span><\/p>\r\n\r\n<p><span>-<span>&nbsp;&nbsp; <\/span>Mathematics;<\/span><\/p>\r\n\r\n<p><span>-<span>&nbsp;&nbsp; <\/span>Any two (2) from Geography, Commerce,\r\nGovernment, Principles of Accounts, Economics.<\/span><\/p>\r\n\r\n","institutions_list":"FEDPO-ADO"},{"id":"9552","title":"CIVIL ENGINEERING TECHNOLOGY","de_requirements":"<p>Nil<br><\/p>","utme_requirements":"<table>\r\n <tbody><tr>\r\n  <td><p><span>The Minimum entry requirements into National Diploma (ND) in Civil Engineering are Five (5) Credits passes in WASC\/NECO\/ GCE O\u2019level\/ SSCE\/NABTEB - National Technical Certificate (NTC) Examination at not more than two (2) sittings.<\/span><span><\/span><\/p><p><span>&nbsp;The subjects must include: <\/span><span><\/span><\/p><p><span>&nbsp;&nbsp; 1 &nbsp;&nbsp;<\/span><span>&nbsp;<\/span><span>&nbsp;&nbsp;English Language;<\/span><span><\/span><\/p><p><span>2 &nbsp;&nbsp;<\/span><span>&nbsp;&nbsp;&nbsp;<\/span><span>Mathematics;<\/span><span><\/span><\/p><p><span>3 &nbsp;&nbsp;<\/span><span>&nbsp;&nbsp;&nbsp;<\/span><span>Physics; <\/span><span><\/span><\/p><p><span>4 &nbsp;&nbsp;<\/span><span>&nbsp;&nbsp;<\/span><span>Chemistry;<\/span><span><\/span><\/p><p><span>5. &nbsp;<\/span><span>&nbsp;<\/span><span>&nbsp;Plus any one (1) of the&nbsp; following:<\/span><span><\/span><\/p><p><span>Geography,<\/span><span>&nbsp;Biology, <\/span><span>Economics, Further Mathematics, Civic Education\/Government, Technical Drawing<\/span><span>\/Building Construction\/Woodwork\/Metal Work, <\/span><span>Statistics, Computer Studies\/ICT\/Data Processing; <\/span><span><\/span><\/p><p><b><span>OR <\/span><\/b><b><span><\/span><\/b><\/p><p><span><span>1.<span>&nbsp;<\/span><\/span><\/span><span>Five O\u2019level Credit passes in NABTEB National Technical Certificate (NTC) which must include English Language, Mathematics, Physics, Chemistry and any one (1) related trade subject from Block Laying, Building Drawing, Technical Drawing, Building Construction, Woodwork, <\/span><span>Metalwork, <\/span><span>Carpentry and Joinery, Plumbing and Pipe Fitting<\/span><span>, Building Technology, Concrete Technology, etc<\/span><span><\/span><\/p><p><b><span>NOTE:<\/span><\/b><span>&nbsp;&nbsp;<\/span><i><span>Only NABTEB National Technical Certificate (NTC) would be accepted for admission <\/span><\/i><b><i><span>and not <\/span><\/i><\/b><i><span>NABTEB National Business Certificate(NBC)<\/span><\/i><\/p><p><span><\/span><\/p>\r\n  <\/td>\r\n <\/tr>\r\n<\/tbody><\/table>","subjects":"<p><span>- &nbsp;&nbsp;English Language; &nbsp;&nbsp;&nbsp;&nbsp;&nbsp;&nbsp;&nbsp; <br><\/span><\/p><p><span>- &nbsp;&nbsp;Mathematics; &nbsp;&nbsp;&nbsp;&nbsp;&nbsp;&nbsp;&nbsp;&nbsp;&nbsp;&nbsp;&nbsp;&nbsp;&nbsp;&nbsp;&nbsp;&nbsp;&nbsp;&nbsp;&nbsp;&nbsp; <br><\/span><\/p><p><span>- &nbsp;&nbsp;Physics; <\/span><span><\/span><\/p><p><span>- &nbsp;&nbsp;Chemistry.<\/span><\/p>","institutions_list":"FEDPO-ADO"},{"id":"9553","title":"COMPUTER SCIENCE","de_requirements":"<p>Nil<br><\/p>","utme_requirements":"<p><\/p><p><span>The Minimum entry requirements into National Diploma (ND) in Computer Science are Five (5) Credits passes in WASC\/NECO\/ GCE O\u2019level\/SSCE\/ NABTEB Examination at not more than two (2) sittings.<\/span><span><\/span><\/p><p><span>The subjects must include:<\/span><span><\/span><\/p><p><span><span>1.<span>&nbsp;<\/span><\/span><\/span><span>English;<\/span><span><\/span><\/p><p><span><span>2.<span>&nbsp;<\/span><\/span><\/span><span>Mathematics;<\/span><span><\/span><\/p><p><span><span>3.<span>&nbsp;<\/span><\/span><\/span><span>Physics;<\/span><span><\/span><\/p><p><span><span>4.<span>&nbsp;<\/span><\/span><\/span><span>Plus any <\/span><span>two (2) of the following:<\/span><span><\/span><\/p><p><span>Chemistry, Agricultural Science\/Biology\/Animal Husbandry\/Food &amp; Nutrition, Statistics, Economics \/Commerce, Technical Drawing. Additional\/Further Mathematics, Geography, ICT\/Computer Studies\/Data Processing, Fine Arts.<\/span><\/p>","subjects":"<p><b><span><\/span><\/b><\/p><p><span>- &nbsp;&nbsp;English Language; &nbsp;&nbsp;&nbsp;&nbsp;&nbsp;&nbsp;&nbsp;&nbsp;&nbsp;&nbsp; <br><\/span><\/p><p><span>- &nbsp;&nbsp;Mathematics;<\/span><span><\/span><\/p><p><span>- &nbsp;&nbsp;Physics; <\/span><span><\/span><\/p><p><span>- &nbsp;&nbsp;And any one (1) from Chemistry, Biology\/Agric. Science, Statistics, Economics, Geography,&nbsp;&nbsp;&nbsp; <\/span>&nbsp;&nbsp;&nbsp;&nbsp; &nbsp;&nbsp;&nbsp;&nbsp;<span>Computer Studies\/ICT\/Data Processing.<\/span><\/p>","institutions_list":"FEDPO-ADO"},{"id":"9554","title":"ELECTRICAL\/ELECTRONICS ENGINEERING","de_requirements":"<p>Nil<br><\/p>","utme_requirements":"<table>\r\n <tbody><tr>\r\n  <td><p><span>The Minimum entry requirements into National Diploma (ND) in Electrical and Electronic Engineering are Five (5) Credits passes in WASC\/NECO\/GCE O\u2019level \/SSCE\/NABTEB- National Technical Certificate (NTC) Examination at not more than two (2) sittings.<\/span><span><\/span><\/p><p><span>&nbsp;The subjects must include: &nbsp;&nbsp;&nbsp;<\/span><span><\/span><\/p><p><span>&nbsp;1 &nbsp;English;<\/span><span><\/span><\/p><p><span>2 &nbsp;Mathematics; &nbsp;&nbsp;<\/span><span><\/span><\/p><p><span>3 &nbsp;Physics; <\/span><span><\/span><\/p><p><span>4 &nbsp;Chemistry; <\/span><span><\/span><\/p><p><span>5 &nbsp;Plus any one (1) of the following: <\/span><span><\/span><\/p><p><span>Technical Drawing, Further Mathematics, Economics, Geography, Electrical Installation &amp; Maintenance Works, Computer Studies\/ICT\/Data Processing, Radio\/Television &amp; Electrical Works, Instrument Mechanics, Appliances Maintenance and Repairs, Basic Electronics\/Electricity<\/span><span>, Biology<\/span><span>.<\/span><span><\/span><\/p><p><b><span>&nbsp;NOTE:<\/span><\/b><span>&nbsp;<\/span><i><span>Only NABTEB National Technical Certificate (NTC) would be accepted for admission <\/span><\/i><b><i><span>and not <\/span><\/i><\/b><i><span>NABTEB National Business Certificate (NBC) <\/span><\/i><\/p><p><span><\/span><\/p>\r\n  <p><span>&nbsp;<\/span><\/p>\r\n  <\/td>\r\n <\/tr>\r\n<\/tbody><\/table>","subjects":"<p><span>- &nbsp;&nbsp;English Language; &nbsp;&nbsp;&nbsp;&nbsp;&nbsp;&nbsp;&nbsp;&nbsp;&nbsp;&nbsp; <br><\/span><\/p><p><span>- &nbsp;&nbsp;Mathematics;<\/span><span><\/span><\/p><p><span>- &nbsp;&nbsp;Physics; <\/span><span><\/span><\/p><p><span>- &nbsp;&nbsp;Chemistry.<\/span><span><\/span><\/p>","institutions_list":"FEDPO-ADO"},{"id":"9555","title":"ESTATE MANAGEMENT & VALUATION","de_requirements":"<p>Nil<br><\/p>","utme_requirements":"<p><span>The\r\nMinimum entry requirements into National Diploma (ND) in Estate Management and\r\nValuation are Five (5) Credits passes in WASC\/ NECO\/ GCE O\u2019level\/SSCE\/NABTEB\r\nExamination at not more than two (2) sittings.<\/span><\/p>\r\n\r\n<p><span>The\r\nsubjects must include:<\/span><span>&nbsp;<\/span><\/p>\r\n\r\n<p><span>1. <\/span><span>&nbsp;&nbsp;&nbsp;English Language;<\/span><\/p>\r\n\r\n<p><span>2. <\/span><span>&nbsp;&nbsp;Mathematics;<\/span><\/p>\r\n\r\n<p><span>3. <\/span><span>&nbsp;&nbsp;Economics;<\/span><\/p>\r\n\r\n<p><span>4. <\/span><span>&nbsp;&nbsp;Plus any one (1) of the basic science:<\/span><\/p>\r\n\r\n<p><span>Physics,\r\nChemistry, Biology, Agric. Science, Animal Husbandry, Health Science.<\/span><\/p>\r\n\r\n<p><span>5. <\/span><span>&nbsp;&nbsp;And any other one (1) of the following:<\/span><\/p>\r\n\r\n<span>Physics, Chemistry, Biology, Agric. Science,\r\nPrinciples of Accounts\/Book Keeping, Literature in English, Government\/Civic\r\nEducation, Commerce, Fine Arts, Basic Surveying, Further Mathematics, Technical\r\nDrawing or Woodwork.<\/span>","subjects":"<p><span>English\r\nLanguage,&nbsp;<\/span><span>Mathematics<\/span><span>&nbsp; and any two\r\n(2) from Geography,&nbsp; Government,\r\nPrinciples of Accounts, Economics\/Commerce<\/span><\/p>","institutions_list":"FEDPO-ADO"},{"id":"9533","title":"FISHERIES TECHNOLOGY","de_requirements":"<p>Nil<br><\/p>","utme_requirements":"<p><span>The Minimum entry requirements into National Diploma (ND) in Fisheries Technology are Five (5) Credits passes in WASC\/ NECO\/GCE O\u2019level\/ SSCE\/NABTEB- National Technical Certificate (NTC) Examination at not more than two (2) sittings.<\/span><span><\/span><\/p><p><span>The subjects must include:<\/span><span><\/span><\/p><p><span><span>1.<span>&nbsp;<\/span><\/span><\/span><span>English;<\/span><span><\/span><\/p><p><span><span>2.<span>&nbsp;<\/span><\/span><\/span><span>Mathematics;<\/span><span><\/span><\/p><p><span><span>3.<span>&nbsp;<\/span><\/span><\/span><span>Chemistry;<\/span><span><\/span><\/p><p><span><span>4.<span>&nbsp;<\/span><\/span><\/span><span>Biology\/Agricultural Science\/Animal Husbandry\/Fisheries. <\/span><span><\/span><\/p><p><span><span>5.<span>&nbsp;<\/span><\/span><\/span><span>Plus any one (1) of the following: <\/span><span><\/span><\/p><p><span>Geography, Economics, Physics,<\/span><span>&nbsp;<\/span><span>Technical Drawing, Home Economics, Food and Nutrition, Statistics, Government\/Civic Education, Data Processing\/ICT\/Computer Studies<\/span><span>, Home Management<\/span><span>.<\/span><span><\/span><\/p><p><span>&nbsp;<\/span><\/p><p><b><span>NOTE:<\/span><\/b><span>&nbsp;<\/span><i><span>Only NABTEB National Technical Certificate (NTC) &nbsp;would be accepted for admission <\/span><\/i><b><i><span>and not <\/span><\/i><\/b><i><span>NABTEB National Business Certificate (NBC)<\/span><\/i><\/p>","subjects":"<p>English Language<\/p><p>Mathematics<\/p><p>Biology<\/p><p>Chemistry<br><\/p>","institutions_list":"FEDPO-ADO"},{"id":"9556","title":"FOOD TECHNOLOGY","de_requirements":"<p>Nil<br><\/p>","utme_requirements":"<p><span>The Minimum entry requirements into National Diploma (ND) in Food Technology are Five (5) Credits passes in WASC\/NECO\/ GCE O\u2019level\/ SSCE\/NABTEB Examination at not more than two (2) sittings.<\/span><span><\/span><\/p><p><span>The subjects must include:<\/span><span><\/span><\/p><p><span><span>1.<span>&nbsp;<\/span><\/span><\/span><span>English Language; <\/span><span><\/span><\/p><p><span><span>2.<span>&nbsp;<\/span><\/span><\/span><span>Mathematics; <\/span><span><\/span><\/p><p><span><span>3.<span>&nbsp;<\/span><\/span><\/span><span>Chemistry; <\/span><span><\/span><\/p><p><span><span>4.<span>&nbsp;<\/span><\/span><\/span><span>Physics;<\/span><span><\/span><\/p><p><span><span>5.<span>&nbsp;<\/span><\/span><\/span><span>Plus any one (1) of the following:<\/span><span><\/span><\/p><p><span>Biology, Food &amp; Nutrition, Agricultural Science, Animal Husbandry.<\/span><span><\/span><\/p><p>\r\n\r\n\r\n\r\n\r\n\r\n\r\n\r\n\r\n\r\n\r\n\r\n\r\n\r\n\r\n\r\n<\/p><p><span>&nbsp;<\/span><\/p>","subjects":"<p><span>- &nbsp;&nbsp;English Language; &nbsp;&nbsp;&nbsp;&nbsp;&nbsp;&nbsp;&nbsp;&nbsp;&nbsp;&nbsp; <br><\/span><\/p><p><span> - &nbsp;&nbsp;Physics;<\/span><span><\/span><\/p><p><span>- &nbsp;&nbsp;Chemistry;<\/span><span><\/span><\/p><p><span>- &nbsp;&nbsp;Biology.<\/span><span><\/span><\/p>","institutions_list":"FEDPO-ADO"},{"id":"9534","title":"GLASS\/CERAMICS TECHNOLOGY","de_requirements":"<p>Nil<br><\/p>","utme_requirements":"<p><span>The Minimum entry requirements into National Diploma (ND) in Glass and Ceramic Technology are Five (5) Credits passes in WASC\/NECO\/GCE O\u2019level\/ SSCE\/NABTEB Examination at not more than two (2) sittings.<\/span><span><\/span><\/p><p><span>The subjects <\/span><span>must <\/span><span>include<\/span><span>:<\/span><span><\/span><\/p><p><span><span>1.<span>&nbsp;<\/span><\/span><\/span><span>English Language<\/span><span>;<\/span><span><\/span><\/p><p><span><span>2.<span>&nbsp;<\/span><\/span><\/span><span>Mathematics<\/span><span>;<\/span><span>&nbsp;<\/span><span><\/span><\/p><p><span><span>3.<span>&nbsp;<\/span><\/span><\/span><span>Chemistry;<\/span><span><\/span><\/p><p><span><span>4.<span>&nbsp;<\/span><\/span><\/span><span>Plus<\/span><span>&nbsp;any <\/span><span>two<\/span><span>&nbsp;<\/span><span>(<\/span><span>2<\/span><span>) of the following:<\/span><span><\/span><\/p><p><span>Physics, Geography, Technical Drawing, Fine Art<\/span><span>, <\/span><span>Wood-work, <\/span><span>Further\/<\/span><span>Additional Mathematics, Metal-work, Biology<\/span><span>, <\/span><span>Agricultural Science<\/span><span>, Animal Husbandry<\/span><span>, Economics<\/span><span>, <\/span><span>Statistics<\/span><span>, Data Processing\/ ICT\/Computer Studies, Carpentry &amp; Joinery<\/span><span>, Civic Education\/Government, Entrepreneurship Education<\/span><span>. <\/span><\/p>","subjects":"<p><span>- &nbsp;&nbsp;English Language; &nbsp;&nbsp;&nbsp;&nbsp;&nbsp;&nbsp;&nbsp;&nbsp;&nbsp;&nbsp; <br><\/span><\/p><p><span>- &nbsp;&nbsp;Mathematics;<\/span><span><\/span><\/p><p><span>- &nbsp;&nbsp;Physics; <\/span><span><\/span><\/p><p><span>- &nbsp;&nbsp;and any one (1) from Chemistry, Fine Arts, Technical Drawing, Geography, Biology\/Agric. Science<\/span><span><\/span><\/p>","institutions_list":"FEDPO-ADO"},{"id":"23544","title":"HORTICULTURAL TECHNOLOGY","de_requirements":"<p>NIL<br><\/p>","utme_requirements":"<p>\r\n\r\n<\/p><p><span>The\r\nMinimum entry requirements into National Diploma (ND) in Horticultural\r\nTechnology are Five (5) Credits passes in WASC\/ NECO\/GCE O\u2019level\/ SSCE\/NABTEB-\r\nNational Technical Certificate (NTC): Examination at not more than two (2)\r\nsittings.<\/span><\/p><p><span>&nbsp;<\/span><\/p><p><span>The\r\nsubjects must include:<\/span><\/p><p><span>&nbsp;<\/span><\/p><p><span>1. <\/span><span>Mathematics;<\/span><span><\/span><\/p><p><span>2. <\/span><span>English\r\nlanguage;<\/span><span><\/span><\/p><p><span>3. <\/span><span>Chemistry;<\/span><span><\/span><\/p><p><span>4. <\/span><span>Agricultural\r\nScience\/Biology\/Animal Husbandry;<\/span><span><\/span><\/p><p><span>5. <\/span><span>Plus\r\nany one (1) of the following:<\/span><span><\/span><\/p><p><span>Geography, Economics. Technical Drawing, Physics, Fine Art, Food\r\nand Nutrition\/Home Management\/Clothing and Textile\/Home Economics, Forestry, <\/span><span>Data\r\nProcessing\/ICT\/Computer Studies<\/span><\/p><p><span>&nbsp;<\/span><\/p><p>\r\n\r\n\r\n\r\n\r\n\r\n\r\n\r\n\r\n\r\n\r\n\r\n\r\n\r\n\r\n\r\n\r\n\r\n\r\n\r\n\r\n\r\n<b><span>NOTE:<\/span><\/b><span> <i>Only NABTEB National Technical Certificate\r\n(NTC)&nbsp; would be accepted for admission <b>and\r\nnot <\/b>NABTEB National Business Certificate (NBC)<\/i><\/span><br><\/p>\r\n\r\n","subjects":"<p>\r\n\r\n<\/p><p><span>-&nbsp;&nbsp; English Language;&nbsp; &nbsp; &nbsp; &nbsp; &nbsp; &nbsp; &nbsp;<\/span><\/p><p><span>-&nbsp;&nbsp;\r\nMathematics;<\/span><\/p><p><span>-&nbsp;&nbsp; Chemistry;<\/span><\/p><p>\r\n\r\n\r\n\r\n<\/p><p><span>-&nbsp;&nbsp; Any one (1) from Physics, Technical Drawing,\r\nBiology.<\/span><\/p>\r\n\r\n","institutions_list":"FEDPO-ADO"},{"id":"26313","title":"HOSPITALITY MANAGEMENT","de_requirements":"","utme_requirements":"","subjects":"","institutions_list":"FEDPO-ADO"},{"id":"26317","title":"LIBRARY & INFORMATION SCIENCE","de_requirements":"","utme_requirements":"","subjects":"","institutions_list":"FEDPO-ADO"},{"id":"9548","title":"MARKETING","de_requirements":"<p>Nil<br><\/p>","utme_requirements":"\r\n\r\n<p><span>The\r\nMinimum entry requirements into National Diploma (ND) in Marketing are Five (5)\r\nCredits passes in WASC\/NECO\/GCE O\u2019level\/SSCE\/NABTEB Examination at not more\r\nthan two (2) sittings.<\/span><\/p>\r\n\r\n<p><span>The\r\nsubjects must include:<\/span><\/p>\r\n\r\n<p><span>1<span>&nbsp;&nbsp;&nbsp; <\/span>English Language;<\/span><\/p>\r\n\r\n<p><span>2<span>&nbsp;&nbsp;&nbsp; <\/span>Mathematics;<\/span><\/p>\r\n\r\n<p><span>3<span>&nbsp;&nbsp;&nbsp; <\/span>Any one (1) of the following: <\/span><\/p>\r\n\r\n<p><span>Economics\/Commerce\r\nor Principles of Accounts\/Book keeping;<span> <\/span><\/span><\/p>\r\n\r\n<span>4<span>&nbsp;&nbsp;&nbsp; <\/span>Plus\r\nany other two (2) of the following: Biology\/Agric. Sc.\/Physics \/Animal\r\nHusbandry \/Chemistry, ICT\/Data Processing\/Computer Studies, History\/Government\/Civic\r\nEducation, Geography, Marketing, Economics\/Commerce, Principles of\r\nAccounts\/Book Keeping, Literature-in-English, Store Keeping\/Store Management,\r\nBusiness Method\/Business Studies\/Office Practice, Entrepreneurship Education,\r\nSocial Studies, Insurance<\/span>","subjects":"\r\n\r\n<p><span>-<span>&nbsp;&nbsp; <\/span>English Language;<span>&nbsp;&nbsp;&nbsp;&nbsp;&nbsp;&nbsp;&nbsp;&nbsp;&nbsp;&nbsp;&nbsp; <br><\/span><\/span><\/p><p><span>-<span>&nbsp;&nbsp; <\/span>Mathematics;<\/span><\/p>\r\n\r\n<p><span>-<span>&nbsp;&nbsp; <\/span>Any two (2) from Geography, Commerce, Government,\r\nPrinciples of Accounts, Economics.<\/span><\/p>\r\n\r\n","institutions_list":"FEDPO-ADO"},{"id":"23547","title":"MASS COMMUNICATION","de_requirements":"<p>NIL<br><\/p>","utme_requirements":"<p>\r\n\r\n<\/p><p><span>The\r\nMinimum entry requirements into National Diploma (ND) in Mass Communication are\r\nFive (5) Credits passes in WASC\/ NECO\/GCE O\u2019level\/SSCE\/NABTEB Examination at\r\nnot more than two (2) sittings.<\/span><\/p><p><span>&nbsp;<\/span><\/p><p><span>The\r\nsubjects must include:<\/span><\/p><p><span>&nbsp;<\/span><\/p><p><span>1. <\/span><span>&nbsp;&nbsp;&nbsp;English;<\/span><\/p><p><span>2. <\/span><span>&nbsp;&nbsp;&nbsp;Mathematics;<\/span><\/p><p><span>3. <\/span><span>&nbsp;&nbsp;&nbsp;Literature in English;<\/span><\/p><p><span>4. <\/span><span>&nbsp;&nbsp;Plus any other two (2) of the following:<\/span><\/p><p>\r\n\r\n\r\n\r\n\r\n\r\n\r\n\r\n\r\n\r\n\r\n\r\n\r\n\r\n\r\n\r\n<span>Government\/Civic Education\/History,\r\nEconomics\/Commerce, Biology\/Agric. Science\/Animal Husbandry\/Physics \/Chemistry,\r\nCRS\/IRS, Entrepreneurship Education and a Nigerian Language.<\/span><br><\/p>\r\n\r\n","subjects":"<p>\r\n\r\n<\/p><p><span>-&nbsp;&nbsp; English Language;&nbsp; &nbsp; &nbsp; &nbsp; &nbsp; &nbsp; &nbsp; &nbsp; &nbsp; &nbsp; &nbsp; &nbsp; &nbsp; &nbsp;&nbsp;<\/span><\/p><p><span> -&nbsp;&nbsp; Literature-in -English;<\/span><\/p><p>\r\n\r\n<span>-&nbsp; Any\r\ntwo (2) from Geography, Commerce, Government\/History, Maths, Principles of\r\nAccounts, Economics, CRS\/IRS.<\/span><br><\/p>\r\n\r\n","institutions_list":"FEDPO-ADO"},{"id":"9535","title":"MECHANICAL ENGINEERING TECHNOLOGY","de_requirements":"<p>Nil<br><\/p>","utme_requirements":"<p><span>The Minimum entry requirements into National Diploma (ND) in Mechanical Engineering are Five (5) Credits passes in WASC\/ NECO\/GCE O\u2019level\/ SSCE\/ NABTEB- National Technical Certificate (NTC) Examination at not more than two (2) sittings.<\/span><span><\/span><\/p><p><span>The subject must include:<\/span><span><\/span><\/p><p><span><span>1.<span>&nbsp;<\/span><\/span><\/span><span>English Language;<\/span><span><\/span><\/p><p><span><span>2.<span>&nbsp;<\/span><\/span><\/span><span>Mathematics;<\/span><span><\/span><\/p><p><span><span>3.<span>&nbsp;<\/span><\/span><\/span><span>Physics;<\/span><span><\/span><\/p><p><span><span>4.<span>&nbsp;<\/span><\/span><\/span><span>Chemistry;<\/span><span><\/span><\/p><p><span><span>5.<span>&nbsp;<\/span><\/span><\/span><span>Plus any one (1) of the following:<\/span><span><\/span><\/p><p><span>Biology\/Agricultural Science\/Animal Husbandry, Further Mathematics, Economics, Statistics, &nbsp;&nbsp;&nbsp;&nbsp;&nbsp;&nbsp;&nbsp;&nbsp;&nbsp;&nbsp; Technical Drawing, Auto-Mechanics, Metal Work, Tractor Mechanics, Refrigeration and Air Conditioning &nbsp;&nbsp;&nbsp;&nbsp;&nbsp;&nbsp;&nbsp;&nbsp;&nbsp;&nbsp;.<\/span><span><\/span><\/p><p><span>&nbsp;<\/span><b><span>(<\/span><\/b><span>In addition to the above), Applicants having NABTEB-National Technical Certificate <\/span><b><span>(NTC) <\/span><\/b><span>with &nbsp;&nbsp;<\/span>&nbsp;&nbsp;&nbsp;<span>&nbsp;&nbsp;&nbsp;&nbsp;&nbsp; five (5) Credits Passes in the above must have a Credit Pass in the &nbsp;Mechanical Trade Areas.<\/span><span><\/span><\/p><p><span>&nbsp;<\/span><\/p><p><b><span>NOTE:<\/span><\/b><span>&nbsp;<\/span><i><span>Only NABTEB National Technical Certificate (NTC) would be accepted for admission <\/span><\/i><b><i><span>and not <\/span><\/i><\/b><i><span>NABTEB National Business Certificate (NBC)<\/span><\/i><\/p>","subjects":"<p><span>- &nbsp;&nbsp;English Language&nbsp;&nbsp;&nbsp;&nbsp; <br><\/span><\/p><p><span>- &nbsp;&nbsp;Mathematics<\/span><span><\/span><\/p><p><span>- &nbsp;&nbsp;Physics <\/span><span><\/span><\/p><p><span>- &nbsp;&nbsp;Chemistry.<\/span><span><\/span><\/p>","institutions_list":"FEDPO-ADO"},{"id":"26316","title":"MECHATRONICS ENGINEERING TECHNOLOGY","de_requirements":"","utme_requirements":"","subjects":"","institutions_list":"FEDPO-ADO"},{"id":"9541","title":"MINERAL & PETROLEUM RESOURCES ENGINEERING TECH","de_requirements":"<p>Nil<br><\/p>","utme_requirements":"<p><span>The Minimum entry requirements into National Diploma (ND) in Mineral and Petroleum Resources Engineering Technology are Five (5) Credits passes in WASC\/NECO\/GCE O\u2019level\/ SSCE\/ NABTEB- National Technical Certificate (NTC) Examination at not more than two (2) sittings.<\/span><span><\/span><\/p><p><span>The subjects must include: <\/span><span><\/span><\/p><p><span><span>1.<span>&nbsp;<\/span><\/span><\/span><span>English Language;<\/span><span><\/span><\/p><p><span><span>2.<span>&nbsp;<\/span><\/span><\/span><span>Mathematics;<\/span><span><\/span><\/p><p><span><span>3.<span>&nbsp;<\/span><\/span><\/span><span>Physics;<\/span><span><\/span><\/p><p><span><span>4.<span>&nbsp;<\/span><\/span><\/span><span>Chemistry;<\/span><span><\/span><\/p><p><span><span>5.<span>&nbsp;<\/span><\/span><\/span><span>Plus any one (1) of the following: <\/span><span><\/span><\/p><p><span>Technical Drawing, Geography, Economics, ICT\/Data Processing\/Computer Studies, Further Mathematics, Agricultural Science\/Biology\/Animal Husbandry, Mining<\/span><span>, Plumbing and Pipe Fitting\/Welding and Fabrication, Engineering Craft Practice<\/span><span>.<\/span><span><\/span><\/p><p><span>&nbsp;<\/span><b><span>NOTE:<\/span><\/b><span>&nbsp;<\/span><i><span>Only NABTEB National Technical Certificate (NTC)<\/span><\/i><b><i><span>&nbsp;<\/span><\/i><\/b><i><span>would be accepted for admission <\/span><\/i><b><i><span>and not <\/span><\/i><\/b><i><span>NABTEB National Business Certificate (NBC)<\/span><\/i><\/p>","subjects":"<p><span>- &nbsp;&nbsp;English Language; &nbsp;&nbsp;&nbsp;&nbsp;&nbsp;&nbsp;&nbsp;&nbsp;&nbsp;&nbsp; <br><\/span><\/p><p><span>- &nbsp;&nbsp;Mathematics; <\/span><span><\/span><\/p><p><span>- &nbsp;&nbsp;Physics;<\/span><span><\/span><\/p><p><span>- &nbsp;&nbsp;Chemistry.<\/span><\/p>","institutions_list":"FEDPO-ADO"},{"id":"9546","title":"OFFICE TECHNOLOGY & MANAGEMENT","de_requirements":"<p>Nil<br><\/p>","utme_requirements":"<p><span>The\r\nMinimum entry requirements into National Diploma (ND) in Office Technology\r\n&amp; Management are Five (5) Credits passes in WASC\/NECO \/GCE\r\nO\u2019level\/SSCE\/NABTEB Examination at not more than two (2) sittings.<\/span><\/p>\r\n\r\n<p><span>The\r\nsubjects must include:<\/span><\/p>\r\n\r\n\r\n\r\n<p><span><span>1.<span>&nbsp; <\/span><\/span><\/span><span><span>&nbsp;&nbsp;<\/span>English Language;<\/span><\/p>\r\n\r\n<p><span><span>2.<span>&nbsp; <\/span><\/span><\/span><span><span>&nbsp;&nbsp;<\/span>Mathematics;<\/span><\/p>\r\n\r\n<p><span><span>3.<span>&nbsp; <\/span><\/span><\/span><span><span>&nbsp;&nbsp;<\/span>And any other three (3) of the following:<\/span><\/p>\r\n\r\n<p><span>Agricultural\r\nScience\/Biology\/Physics\/Chemistry\/Animal Husbandry, Economics, Financial\r\nAccounting\/Principles of Accounts\/Book Keeping, History\/Government\/Civic\r\nEducation,<span>&nbsp; <\/span>CRS\/IRS, Information and\r\nCommunication Technology (ICT)\/Computer Studies\/Data Processing, Office\r\nPractice, Shorthand, Typewriting, Literature-in-English, Commerce, Store\r\nKeeping\/Store Management, Entrepreneurship Education.<\/span><\/p>\r\n\r\n","subjects":"<p>\r\n\r\n<p><span>-<span>&nbsp;&nbsp; <\/span>English Language;<span>&nbsp;&nbsp;&nbsp;&nbsp;&nbsp;&nbsp;&nbsp;&nbsp;&nbsp;&nbsp;&nbsp;&nbsp;&nbsp;&nbsp;&nbsp;&nbsp;&nbsp;&nbsp;&nbsp;&nbsp;&nbsp; <br><\/span><\/span><\/p><p><span><span>&nbsp;<\/span>-<span>&nbsp; <\/span>Any three (3) from Mathematics,<span> <\/span><span><\/span>Commerce,\r\nGovernment, Principles of Accounts, <\/span>&nbsp;&nbsp;&nbsp;&nbsp;&nbsp;&nbsp; &nbsp;&nbsp;&nbsp;&nbsp;&nbsp;&nbsp;&nbsp;&nbsp;&nbsp;&nbsp;&nbsp; &nbsp;&nbsp;&nbsp;&nbsp;<span>Economics, CRS\/IRS.<\/span><\/p>\r\n\r\n<\/p><p><\/p>","institutions_list":"FEDPO-ADO"},{"id":"9550","title":"PROCUREMENT & SUPPLY CHAIN MANAGEMENT","de_requirements":"<p>Nil<br><\/p>","utme_requirements":"\r\n\r\n<p><span>The\r\nMinimum Entry requirements into National Diploma (ND) in Purchasing and Supply\r\nare five (5) Credits passes in WASC\/NECO\/GCE O\u2019level\/SSCE\/NABTEB Examination\r\nat not more than two (2) sittings.<\/span><\/p>\r\n\r\n<p><span>The\r\nsubjects must include:<\/span><\/p>\r\n\r\n<p><span><span>1. <\/span><\/span><span><span>&nbsp;&nbsp;<\/span>English Language;<\/span><\/p>\r\n\r\n<p><span><span>2. <\/span><\/span><span><span>&nbsp;&nbsp;<\/span>Mathematics;<\/span><\/p>\r\n\r\n<p><span>3.<span>&nbsp;&nbsp; <\/span>Any one (1) of the following:<\/span><\/p>\r\n\r\n<p><span>Economics, Commerce, Principles of\r\nAccounts\/Book keeping\/Financial Accounting, Store Keeping\/Store Management; <\/span><\/p>\r\n\r\n<p><span>4<span>&nbsp;&nbsp;&nbsp; <\/span>Plus any other two (2) of the following:<\/span><\/p>\r\n\r\n<span>Geography, History\/Government\/Civic Education,\r\nBiology\/Agricultural Science\/Animal Husbandry \/Physics\/Chemistry, Computer\r\nStudies\/Data Processing\/ICT, Economics, Commerce, Principles of Accounts \/Book\r\n-keeping\/Financial Accounting, Store Keeping\/Store Management, Marketing,\r\nBusiness Methods, Office Practice, Insurance, Entrepreneurship Education,\r\nSalesmanship. <\/span>","subjects":"\r\n\r\n<p><span>-<span>&nbsp;&nbsp; <\/span>English Language;<span>&nbsp;&nbsp;&nbsp;&nbsp;&nbsp;&nbsp;&nbsp;&nbsp;&nbsp;&nbsp;&nbsp;&nbsp;&nbsp;&nbsp;&nbsp;&nbsp;&nbsp;&nbsp;&nbsp;&nbsp; <br><\/span><\/span><\/p><p><span>-<span>&nbsp;&nbsp; <\/span>Mathematics;<\/span><\/p>\r\n\r\n<span>-<span>&nbsp;&nbsp; <\/span>Any\r\ntwo (2) from Geography, Commerce, Government, Principles of Accounts,\r\nEconomics, Store Management, Marketing.<\/span>","institutions_list":"FEDPO-ADO"},{"id":"26312","title":"PUBLIC ADMINISTRATION","de_requirements":"","utme_requirements":"","subjects":"","institutions_list":"FEDPO-ADO"},{"id":"9544","title":"QUANTITY SURVEYING","de_requirements":"<p>Nil<br><\/p>","utme_requirements":"<table><tbody><tr><td><p><span>The Minimum entry requirements into National Diploma (ND) in Quantity Surveying are Five (5) Credits passes in WASC\/ NECO\/ GCE O\u2019level\/SSCE\/NABTEB Examination at not more than two (2) sittings<\/span><span><\/span><\/p><p><span>The subjects must include:<\/span><span><\/span><\/p><p><span><span>1.<span>&nbsp;<\/span><\/span><\/span><span>&nbsp;&nbsp;&nbsp;Mathematics;<\/span><span><\/span><\/p><p><span><span>2.<span>&nbsp;<\/span><\/span><\/span><span>&nbsp;&nbsp;&nbsp;Physics;<\/span><span><\/span><\/p><p><span><span>3.<span>&nbsp;<\/span><\/span><\/span><span>&nbsp;&nbsp;&nbsp;English Language;<\/span><span><\/span><\/p><p><span><span>4.<span>&nbsp;<\/span><\/span><\/span><span>&nbsp;&nbsp;&nbsp;Plus any other two (2) of the following: <\/span><span><\/span><\/p><p><span>Chemistry, Economics, Government\/Civic Education, Geography, Further Mathematics, Fine Art\/Technical Drawing\/Building Drawing, Biology\/Agricultural Sc.\/Animal Husbandry, Woodwork, ICT\/Data Processing\/Computer Studies, Principles of Accounts\/Book Keeping<\/span><span>.<\/span><span><\/span><\/p><\/td><\/tr><\/tbody><\/table><p><\/p><p><span><\/span><\/p>","subjects":"<p><span>- &nbsp;&nbsp;English Language; &nbsp;&nbsp;&nbsp;<\/span><span><\/span><\/p><p><span>- &nbsp;&nbsp;Mathematics;<\/span><span><\/span><\/p><p><span>- &nbsp;&nbsp;Any two (2) from Physics, Geography, Economics, Biology\/ Agric. Science<\/span><\/p>","institutions_list":"FEDPO-ADO"},{"id":"9545","title":"SCIENCE LABORATORY TECHNOLOGY","de_requirements":"<p>NIL<br><\/p>","utme_requirements":"\r\n\r\n<p><span>The\r\nMinimum entry requirements into National Diploma (ND) in Science Laboratory\r\nTechnology are Five (5) Credits passes in WASC\/NECO\/ GCE O\u2019level\/ SSCE\/NABTEB\r\nExamination at not more than two (2) sittings.<\/span><\/p>\r\n\r\n<p><span>&nbsp;<\/span><\/p>\r\n\r\n<p><span>The\r\nsubjects must include:<\/span><\/p>\r\n\r\n<p><span>&nbsp;<\/span><\/p>\r\n\r\n<p><span><span>1. <\/span><\/span><span>Mathematics;<\/span><\/p>\r\n\r\n<p><span><span>2. <\/span><\/span><span>English;<span>&nbsp;&nbsp;&nbsp;&nbsp;&nbsp;&nbsp; <\/span><\/span><\/p>\r\n\r\n<p><span><span>3. <\/span><\/span><span>Chemistry;<\/span><\/p>\r\n\r\n<p><span><span>4. <\/span><\/span><span>Physics;<\/span><span><\/span><\/p>\r\n\r\n<p><span><span>5. <\/span><\/span><span>Plus any one (1)\r\nof the following:<\/span><span><\/span><\/p>\r\n\r\n<span>Biology\/Agricultural Science.<\/span><p><span><\/span><span><\/span><\/p>","subjects":"\r\n\r\n<p><span>-<span>&nbsp;&nbsp; <\/span>English Language;<span>&nbsp; <\/span><span>&nbsp;&nbsp;&nbsp;&nbsp;&nbsp;&nbsp;&nbsp;&nbsp;&nbsp;&nbsp;&nbsp;&nbsp;&nbsp;&nbsp;<\/span>-<span>&nbsp;\r\n<\/span>Mathematics\/Physics; <\/span><\/p>\r\n\r\n<p><span>-<span>&nbsp;&nbsp; <\/span>Chemistry;<\/span><\/p>\r\n\r\n<p><span>-<span>&nbsp;&nbsp; <\/span>Biology.<\/span><\/p>\r\n\r\n","institutions_list":"FEDPO-ADO"},{"id":"9547","title":"STATISTICS","de_requirements":"<p>Nil<br><\/p>","utme_requirements":"<p><span>The Minimum entry requirements into National Diploma (ND) in Statistics are Five (5) Credits passes in WASC\/NECO\/GCE O\u2019level\/ SSCE\/ NABTEB Examination at not more than two (2) sittings.<\/span><span><\/span><\/p><p><span>The subjects must include:<\/span><span><\/span><\/p><p><span><span>1.<span>&nbsp;<\/span><\/span><\/span><span>Mathematics;<\/span><span><\/span><\/p><p><span><span>2.<span>&nbsp;<\/span><\/span><\/span><span>English;<\/span><span><\/span><\/p><p><span><span>3.<span>&nbsp;<\/span><\/span><\/span><span>Any one (1) of the following: <\/span><span><\/span><\/p><p><span>Physics, Chemistry, Biology, Agric. Science, Animal Husbandry; <\/span><span><\/span><\/p><p><span>4. Plus any other two (2) of the following: <\/span><span><\/span><\/p><p><span>Statistics, Geography, Further Mathematics, Chemistry, Principle of Accounts\/Book-keeping, Physics, Biology\/ Agric. Science\/Animal Husbandry, Economics\/Commerce, Government\/Civic Education, Data Processing\/ICT\/Computer Studies.<\/span><\/p>","subjects":"<p><span>- &nbsp;&nbsp;English Language; &nbsp;&nbsp;&nbsp;&nbsp;&nbsp;&nbsp;&nbsp;&nbsp;&nbsp;&nbsp;&nbsp; <br><\/span><\/p><p><span>- &nbsp;&nbsp;Mathematics;<\/span><span><\/span><\/p><p><span>- &nbsp;&nbsp;And any one (1) from the basic science: &nbsp;Physics, Chemistry, Biology, Agric. Science;<\/span><span><\/span><\/p><p><span>- &nbsp; Plus any one (1) of the following: Geography, Principles of Accounts, Economics, Government, <\/span>&nbsp;&nbsp;&nbsp;&nbsp; <span>Computer Studies, Physics, Chemistry, Biology, Agric. Science.<\/span><\/p>","institutions_list":"FEDPO-ADO"},{"id":"9551","title":"SURVEYING & GEO-INFORMATICS","de_requirements":"<p>Nil<br><\/p>","utme_requirements":"<p><span>The Minimum entry requirements into National Diploma (ND) in Surveying &amp; GeoInformatics are Five (5) Credits passes in WASC\/NECO\/GCE O\u2019level\/ SSCE\/NABTEB Examination at not more than two (2) sittings<\/span><span><\/span><\/p><p><span>The subjects must include:<\/span><span><\/span><\/p><p><span><span>1.<span>&nbsp;<\/span><\/span><\/span><span>English Language;<\/span><span><\/span><\/p><p><span><span>2.<span>&nbsp;<\/span><\/span><\/span><span>Mathematics; <\/span><span><\/span><\/p><p><span><span>3.<span>&nbsp;<\/span><\/span><\/span><span>Physics;<\/span><span><\/span><\/p><p><span><span>4.<span>&nbsp;<\/span><\/span><\/span><span>Plus any two (2) of the following: <\/span><span><\/span><\/p><p><span>Further (Additional) Mathematics\/Statistics, <\/span><span>Elementary <\/span><span>Land Surveying, Technical Drawing\/Fine Art, Chemistry, Geography, Biology\/Agricultural Science, Economics, Government\/<\/span><span>&nbsp;<\/span><span>Civic Education.<\/span><\/p><span><\/span><span><\/span><p><span><o>&nbsp;<\/o:p><\/span>&nbsp;&nbsp;&nbsp;&nbsp;<\/p>","subjects":"<p><span>- &nbsp;&nbsp;English Language;<\/span><span><\/span><\/p><p><span>- &nbsp;&nbsp;Mathematics; &nbsp;<\/span><span><\/span><\/p><p><span>- &nbsp;&nbsp;Physics;<\/span><span><\/span><\/p><p><span>Any one (1) from Geography, Chemistry, Biology\/Agric. Science<\/span><span><\/span><\/p>","institutions_list":"FEDPO-ADO"},{"id":"23546","title":"TAXATION","de_requirements":"<p>NIL<br><\/p>","utme_requirements":"<p>\r\n\r\n<\/p><p><span>The\r\nMinimum entry requirements into National Diploma (ND) in Taxation are Five (5)\r\nCredits passes in WASC\/NECO\/GCE O\u2019level\/SSCE\/NABTEB Examination at not more\r\nthan two (2) sittings.<\/span><\/p><p><span>&nbsp;<\/span><\/p><p><span>The\r\nsubjects must include:<\/span><\/p><p><span>&nbsp;<\/span><\/p><p><span>1. <\/span><span>&nbsp;&nbsp;&nbsp;English Language; (Literature-in-English and\r\nOral English are not acceptable in place of English Language);<\/span><\/p><p><span>2. <\/span><span>&nbsp;&nbsp;&nbsp;Mathematics; <\/span><\/p><p><span>3. <\/span><span>&nbsp;&nbsp;&nbsp;Any three (3) of the following:<\/span><\/p><p>\r\n\r\n\r\n\r\n\r\n\r\n\r\n\r\n\r\n\r\n\r\n\r\n\r\n\r\n<span>Economics,\r\nCommerce\/Marketing, Geography, History\/Government\/Civic Education, Agric.\r\nScience\/Animal Husbandry\/Biology\/Chemistry\/ Physics, Data\r\nProcessing\/ICT\/Computer Studies, Insurance, Principles of Accounts\/Book\r\nkeeping\/Financial Accounting, Business Method\/Business Studies, Social\r\nStudies\/CRS\/IRS, Entrepreneurship Education.<\/span><br><\/p>\r\n\r\n","subjects":"<p><span>-&nbsp;&nbsp; English Language;&nbsp; &nbsp; &nbsp; &nbsp; &nbsp; &nbsp; &nbsp; &nbsp; &nbsp; &nbsp; &nbsp; &nbsp; &nbsp; &nbsp;&nbsp;<\/span><\/p><p><span> -&nbsp;&nbsp; Mathematics;<\/span><\/p><p>\r\n\r\n<\/p><p><span>-&nbsp;&nbsp; Any two (2) from Geography, Commerce,\r\nGovernment, Principles of Accounts, Economics.<\/span><\/p>","institutions_list":"FEDPO-ADO"},{"id":"9549","title":"URBAN & REGIONAL PLANNING","de_requirements":"<p>Nil<br><\/p>","utme_requirements":"<p><\/p><p><span>The Minimum entry requirements into National Diploma (ND) in Urban &amp;Regional Planning are Five (5) Credits passes in WASC\/ &nbsp;NECO\/GCE O\u2019level\/SSCE\/NABTEB Examination at not more than two (2) sittings<\/span><span><\/span><\/p><p><span>The subjects must include:<\/span><span><\/span><\/p><p><span><span>1.<span>&nbsp;<\/span><\/span><\/span><span>&nbsp;English Language;<\/span><span><\/span><\/p><p><span><span>2.<span>&nbsp;<\/span><\/span><\/span><span>&nbsp;Mathematics;<\/span><span><\/span><\/p><p><span><span>3.<span>&nbsp;<\/span><\/span><\/span><span>&nbsp;Geography;<\/span><span><\/span><\/p><p><span><span>4.<span>&nbsp;<\/span><\/span><\/span><span>&nbsp;Any <\/span><span>one<\/span><span>&nbsp;(1) of the basic science:<\/span><span><\/span><\/p><p><span>Biology\/Agriculture Science<\/span><span>\/Animal Husbandry<\/span><span>, Chemistry, Physics;<\/span><span><\/span><\/p><p><span><span>5.<span>&nbsp;<\/span><\/span><\/span><span>&nbsp;Plus any <\/span><span>one<\/span><span>&nbsp;(1) of the following:<\/span><span><\/span><\/p><p><span>&nbsp;&nbsp;&nbsp;&nbsp;&nbsp;Economics, Government\/Civic Education, Technical Drawing\/Building Drawing, Marketing, Fine Arts, Commerce, Data Processing\/ICT\/Computer Studies<\/span><span>, Graphic Design, Basic Electronics\/ Building Construction\/Woodwork\/Painting and Decorating.<\/span><\/p><p><span><\/span><\/p>","subjects":"<p><span>- &nbsp;&nbsp;English Language;<\/span><span><\/span><\/p><p><span>- &nbsp;&nbsp;Mathematics;<\/span><span><\/span><\/p><p><span>- &nbsp;&nbsp;Geography; &nbsp;&nbsp;&nbsp;<\/span><span><\/span><\/p><p><span>- &nbsp;&nbsp;Any one (1) from Physics\/ Chemistry, Biology\/Agric. Science\/ Animal Husbandry, <\/span><span><\/span><\/p>","institutions_list":"FEDPO-ADO"},{"id":"26314","title":"WATER RESOURCES ENGINEERING TECHNOLOGY","de_requirements":"","utme_requirements":"","subjects":"","institutions_list":"FEDPO-ADO"},{"id":"26315","title":"WELDING & FABRICATION ENGINEERING TECHNOLOGY","de_requirements":"","utme_requirements":"","subjects":"","institutions_list":"FEDPO-ADO"}]