[{"id":"9595","title":"ACCOUNTANCY","de_requirements":"","utme_requirements":"<p><span>Five (5) SSC credit passes in English\r\nLanguage not Literature in English and Mathematics and any three (3) subjects\r\nfrom the following<\/span><span><\/span><\/p><p><span>Economics\/Commerce,<\/span><\/p><p><span>Business Methods,<\/span><\/p><p><span>Principles of Accounts,<\/span><\/p><p><span>Literature in English<\/span><\/p><p><span>Geography<\/span><\/p><p><span>Office Practice<\/span><\/p><p><span>Government,<\/span><\/p><p><span>Biology\/Agricultural Science,<\/span><\/p><p><span>Chemistry,<\/span><\/p><p><span>Physics,<\/span><\/p><p><span>History\/Government<\/span><\/p><p><span>Typewriting <\/span><\/p><p>\r\n\r\n\r\n\r\n\r\n\r\n\r\n\r\n\r\n\r\n\r\n\r\n\r\n\r\n\r\n\r\n\r\n\r\n\r\n\r\n\r\n\r\n\r\n\r\n\r\n\r\n<\/p><p><span>Shorthand<\/span><\/p>","subjects":"Mathematics and two (2) of Geography, Commerce, Government, Principles of Accounts and Economics.","institutions_list":"FEDPO-BAL"},{"id":"23366","title":"AGRICULTURAL & BIO-ENVIRONMENTAL  ENGINEERING\/TECH","de_requirements":"<p><span>The general entry requirement for the HND programme\r\nincludes<\/span><span><\/span><\/p><p><span>1.<span>&nbsp; &nbsp; &nbsp; &nbsp;<\/span><\/span><span>\ufeff1.&nbsp;<\/span><span>All the requirement for\r\nadmission into the ND Agric and Bio-environmental Engineering Technology<\/span><\/p><p><span>2.<span>&nbsp;&nbsp;&nbsp;&nbsp;&nbsp;&nbsp; <\/span><\/span><span>\ufeff2.&nbsp;<\/span><span><\/span><span>A minimum of lower credit\r\npass (CGPA 2.50 and above) in the ND Agric and Bio-environmental Engineering Technology<\/span><\/p><p>\r\n\r\n\r\n\r\n\r\n\r\n<span>3. A minimum of one year post ND cognate work experience,&nbsp;<\/span><span>Where a candidate has a pass, he shall have not\r\nless than three (3) years of cognate work experience.<\/span><br><\/p>","utme_requirements":"<p><span>Five (5) SSC credit passes in Mathematics, English\r\nLanguage, Physics and any two (2) of the following: Biology\/Agricultural\r\nScience Chemistry Technical Drawing Basic Electronics\/Basic Electricity Auto\r\nMechanics Metal Work Further Mathematics Food and Nutrition Geography<\/span><span><\/span><\/p>","subjects":"<p><span>Mathematics and Physics\/Technical Drawing, Chemistry or\r\nany two (2) Science subjects.<\/span><\/p>","institutions_list":"FEDPO-BAL"},{"id":"9596","title":"AGRICULTURAL TECHNOLOGY","de_requirements":"","utme_requirements":"<p><span>Five (5) SSC credit passes in Biology\/Agricultural\r\nScience,<\/span><span><\/span><\/p><p><span>Mathematics and any three (3) of the following:<\/span><\/p><p><span>Geography,<\/span><\/p><p><span>Food and Nutrition,<\/span><\/p><p><span>Economics,<\/span><\/p><p><span>Technical Drawing,<\/span><\/p><p><span>English Language,<\/span><\/p><p><span>Physics,<\/span><\/p><p><span>Chemistry,<\/span><\/p><p><span>Nigerian Language,<\/span><\/p><p><span>Home Economics.<\/span><\/p><p>\r\n\r\n\r\n\r\n\r\n\r\n\r\n\r\n\r\n\r\n\r\n\r\n\r\n\r\n\r\n\r\n\r\n\r\n\r\n\r\n\r\n\r\n<\/p><p><span>At least 'O' Level credit passes in English\r\nLanguage and Chemistry are compulsory.<\/span><\/p>","subjects":"Biology\/Agricultural Science, Chemistry and any other Science subject","institutions_list":"FEDPO-BAL"},{"id":"23368","title":"ANIMAL HEALTH & PRODUCTION TECHNOLOGY","de_requirements":"<p><span>Candidates with qualifications as listed below shall be\r\nconsidered for admissions into the programme:<\/span><\/p><p><span>1.<span>&nbsp;&nbsp;&nbsp;&nbsp;&nbsp;&nbsp; <\/span><\/span><span>\ufeff1.&nbsp;<\/span><span><\/span><span>The minimum entry requirements for ND programme\r\nin Animal Health and Production Technology.<\/span><span><\/span><\/p><p><span>2.<span>&nbsp;&nbsp;&nbsp;&nbsp;&nbsp;&nbsp; <\/span><\/span><span>\ufeff2.&nbsp;<\/span><span><\/span><span>National Diploma in Animal Health and Production Technology only with (CGPA 2,50 and above).<\/span><span><\/span><\/p><p>\r\n\r\n\r\n\r\n\r\n\r\n<\/p><p><span>3.<span>&nbsp;&nbsp;&nbsp;&nbsp;&nbsp;&nbsp; <\/span><\/span><span>\ufeff3.&nbsp;<\/span><span><\/span><span>A minimum of one year Post-National Diploma\r\ncognate work experience where a candidate has a minimum of lower credit. Where\r\na candidate has a pass, he shall have not less than three (3) years of cognate\r\nwork experience.<\/span><span><\/span><\/p>","utme_requirements":"<p><span>Five (5) SSC credit passes in Biology\/Agricultural Science,\r\nMathematics and any three (3) of the following: Geography, Food and Nutrition,\r\nEconomics, Technical Drawing, English Language, Physics, Chemistry, Nigerian\r\nLanguage, Home Economics. At least \u2018O\u2019 level credit passes in English Language\r\nand Chemistry are compulsory.<\/span><\/p>","subjects":"<p><span>Biology\/Agricultural Science, Chemistry and any other\r\nScience subject<\/span><\/p>","institutions_list":"FEDPO-BAL"},{"id":"23367","title":"BUILDING TECHNOLOGY","de_requirements":"<p><span>Candidates with qualifications as listed below shall be\r\nconsidered for admissions into the programme:<\/span><\/p><p><span>1.<span>&nbsp;&nbsp;&nbsp;&nbsp;&nbsp;&nbsp; <\/span><\/span><span>\ufeff1.&nbsp;<\/span><span><\/span><span>The minimum entry requirements for ND programme\r\nin Building Technology.<\/span><span><\/span><\/p><p><span>2.<span>&nbsp;&nbsp;&nbsp;&nbsp;&nbsp;&nbsp;<\/span><\/span><span>\ufeff2.&nbsp;<\/span><span><span> <\/span><\/span><span><\/span><span>National Diploma in Building Technology only with (CGPA 2.50 and above).<\/span><span><\/span><\/p><p>\r\n\r\n\r\n\r\n\r\n\r\n<\/p><p><span>3.<span>&nbsp;&nbsp;&nbsp;&nbsp;&nbsp;<\/span><\/span><span>\ufeff3.<\/span><span><span>&nbsp; <\/span><\/span><span><\/span><span>A minimum of one year Post-National Diploma\r\ncognate work experience where a candidate has a minimum of lower credit. Where\r\na candidate has a pass, he shall have not less than three (3) years of cognate\r\nwork experience.<\/span><span><\/span><\/p>","utme_requirements":"<p><span>Five (5) SSC credit passes in Mathematics and Physics\r\nand any three (3) of the following: Economics\/Commerce, Technical Drawing\/Fine\r\nArt, Chemistry, Geography, Further Mathematics Woodwork, Biology, Religious\r\nKnowledge, Metal Work, And at least a credit pass in English Language is Compulsory.\r\nA pass in Art or Technical Drawing will be an advantage.<\/span><span><\/span><\/p>","subjects":"<p><span>Use of English, Physics, Mathematics, and any of Chemistry,\r\nGeography, Art, Biology and Economics.<\/span><br><\/p>","institutions_list":"FEDPO-BAL"},{"id":"23372","title":"BUSINESS ADMINISTRATION & MANAGEMENT","de_requirements":"<p><span>The general entry requirement for HND in Business Administration\r\nand Management are;<\/span><span><\/span><\/p><p><span>1.<span>&nbsp;&nbsp;&nbsp;&nbsp;&nbsp;&nbsp; <\/span><\/span><span>\ufeff1.&nbsp;<\/span><span><\/span><span>All the requirement for\r\nadmission into ND programme in BAM<\/span><\/p><p><span>2.<span>&nbsp;&nbsp;&nbsp;&nbsp;&nbsp;&nbsp;<\/span><\/span><span>\ufeff2.&nbsp;<\/span><span><span> <\/span><\/span><span><\/span><span>A minimum of lower credit\r\npass (CGPA 2.50 and above) in ND Business Studies or related programme<\/span><\/p><p>\r\n\r\n\r\n\r\n\r\n\r\n<\/p><p><span>3.<span>&nbsp;&nbsp;&nbsp;&nbsp;&nbsp;&nbsp; <\/span><\/span><span>\ufeff3.&nbsp;<\/span><span><\/span><span>A minimum of one\r\nyear post-ND cognate work experience<\/span><\/p>","utme_requirements":"<p><span>Five (5) SSC credit passes in English Language, not\r\nLiterature in English and Mathematics and any three (3) subjects from the\r\nfollowing: Economics\/Commerce, Business Methods, Principles of Accounts,\r\nLiterature in English Geography Office Practice Biology\/Agricultural Science,\r\nChemistry, Physics, History\/Government, Typewriting Shorthand<\/span><\/p>","subjects":"<p><span>Mathematics and two (2) of Geography, Commerce,\r\nGovernment, Principles of Accounts and Economics.<\/span><\/p>","institutions_list":"FEDPO-BAL"},{"id":"23369","title":"CIVIL ENGINEERING TECHNOLOGY","de_requirements":"<p><span>Candidates with qualifications as listed below shall be\r\nconsidered for admissions into the programme:<\/span><\/p><p><span>1.<span>&nbsp;&nbsp;&nbsp;&nbsp;&nbsp;&nbsp; <\/span><\/span><span>\ufeff1.&nbsp;<\/span><span><\/span><span>The minimum entry requirements for ND programme\r\nin Civil Engineering Technology.<\/span><span><\/span><\/p><p><span>2.<span>&nbsp;&nbsp;&nbsp;&nbsp;&nbsp;&nbsp; <\/span><\/span><span>\ufeff2.&nbsp;<\/span><span><\/span><span>National Diploma in Civil Enginnering Technology only with (CGPA 2.50 and Above).<\/span><span><\/span><\/p><p>\r\n\r\n\r\n\r\n\r\n\r\n<\/p><p><span>3.<span>&nbsp;&nbsp;&nbsp;&nbsp;&nbsp;&nbsp; <\/span><\/span><span>\ufeff3.&nbsp;<\/span><span><\/span><span>A minimum of one year Post-National Diploma\r\ncognate work experience where a candidate has a minimum of lower credit. Where\r\na candidate has a pass, he shall have not less than three (3) years of cognate\r\nwork experience.<\/span><span><\/span><\/p>","utme_requirements":"<p><span>Five (5) SSC credit passes in Mathematics, Physics and\r\nChemistry and any two (2) subjects from: Biology\/Agricultural Science Technical\r\nDrawing, Basic Electronics\/Basic Electricity, Auto Mechanics, Metal Work,\r\nWoodwork for Civil Engineering Technology, Further Mathematics English\r\nLanguage, Geography, Economics\/Commerce. For Marine Engineering and Industrial\r\nSafety &amp; Environmental Engineering a pass in Biology is required. At least \u2018O\u2019\r\nlevel credit pass in English Language is required.<\/span><span><\/span><\/p>","subjects":"<p><span>Mathematics, Physics and Chemistry.<\/span><span><\/span><\/p>","institutions_list":"FEDPO-BAL"},{"id":"23370","title":"COMPUTER ENGINEERING TECHNOLOGY","de_requirements":"<p><span>The general entry requirement for the HND programme\r\nincludes<\/span><span><\/span><\/p><p><span>1.<span>&nbsp;&nbsp;&nbsp;&nbsp;&nbsp;&nbsp; <\/span><\/span><span>\ufeff1.<\/span><span><\/span><span>All the requirement for\r\nadmission into the ND Computer Engineering programme<\/span><\/p><p><span>2.<span>&nbsp;&nbsp;&nbsp;&nbsp;&nbsp;&nbsp;<\/span><\/span><span>\ufeff2.&nbsp;<\/span><span><span> <\/span><\/span><span><\/span><span>A minimum of lower credit\r\npass (CGPA 2.50 and above) in the ND examination in Electrical\/ Electronic Engineering\r\nTechnology<\/span><\/p><p>\r\n\r\n\r\n\r\n\r\n\r\n<\/p><p><span>3.<span>&nbsp;&nbsp;&nbsp;&nbsp;&nbsp;&nbsp; <\/span><\/span><span>\ufeff3.&nbsp;<\/span><span><\/span><span>A minimum of one\r\nyear post ND cognate work experience<\/span><\/p>","utme_requirements":"<p><span>Five (5) SSC credit passes in Mathematics, Physics and\r\nChemistry and any two (2) subjects from: Biology\/Agricultural Science Technical\r\nDrawing, Basic Electronics\/Basic Electricity, Auto Mechanics, Metal Work,\r\nWoodwork (for Civil Engineering Tech.), Further Mathematics English Language,\r\nGeography, Economics\/Commerce. For Marine Engineering and Industrial Safety\r\n&amp; Environmental Engineering a pass in Biology is required. \u2018O\u2019 level credit\r\npass in English Language is required.<\/span><\/p>","subjects":"<p><span>Mathematics, physics and Chemistry.<\/span><\/p>","institutions_list":"FEDPO-BAL"},{"id":"9600","title":"COMPUTER SCIENCE","de_requirements":"","utme_requirements":"<p><span>Five (5)\r\nSSC credit passes in Mathematics, a basic science and three (3) other subjects\r\nchosen from the following:<\/span><\/p><p><span>Economics,<\/span><\/p><p><span>Geography,<\/span><\/p><p><span>Government\/History,<\/span><\/p><p><span>Further\r\nMathematics,<\/span><\/p><p><span>Physics,<\/span><\/p><p><span>Chemistry,<\/span><\/p><p><span>Biology\/Agricultural\r\nScience.<\/span><\/p><p><span>English\r\nLanguage,<\/span><\/p><p><span>Typewriting,<\/span><\/p><p>\r\n\r\n\r\n\r\n\r\n\r\n\r\n\r\n\r\n\r\n\r\n\r\n\r\n\r\n\r\n\r\n\r\n\r\n\r\n\r\n<\/p><p><span>'O'\r\nLevel credit passes in English Language and Physics is compulsory.<\/span><\/p>","subjects":"Mathematics and any two (2) of Geography, Physics, Economics or Chemistry.","institutions_list":"FEDPO-BAL"},{"id":"23371","title":"ELECTRICAL\/ELECTRONICS ENGINEERING","de_requirements":"<p><span>The general entry requirement for the HND programme\r\nincludes<\/span><span><\/span><\/p><p><span>1.<span>&nbsp;&nbsp;&nbsp;&nbsp;&nbsp;&nbsp; <\/span><\/span><span>\ufeff1.&nbsp;<\/span><span><\/span><span>All the requirement for\r\nadmission into the ND Electrical\/ Electronic Engineering Technology programme<\/span><\/p><p><span>2.<span>&nbsp;&nbsp;&nbsp;&nbsp;&nbsp;&nbsp; <\/span><\/span><span>\ufeff2.&nbsp;<\/span><span><\/span><span>A minimum of lower credit\r\npass (CGPA 2.50 and above) in the ND examination in Electrical\/ Electronic Engineering\r\nTechnology<\/span><\/p><p>\r\n\r\n\r\n\r\n\r\n\r\n<\/p><p><span>3.<span>&nbsp;&nbsp;&nbsp;&nbsp;&nbsp;&nbsp;<\/span><\/span><span>\ufeff3.&nbsp;<\/span><span><span> <\/span><\/span><span><\/span><span>A minimum of one\r\nyear post ND cognate work experience<\/span><\/p>","utme_requirements":"<p><span>Five (5) \u2018O\u2019 level credit passes in Mathematics, Physics\r\nand Chemistry and any two (2) subjects from: Biology\/Agricultural Science\r\nTechnical Drawing, Basic Electronics\/Basic Electricity, Auto Mechanics, Metal\r\nWork, Woodwork (for Civil Engineering Tech.), Further Mathematics English\r\nLanguage, Geography, Economics\/Commerce. For Marine Engineering and Industrial\r\nSafety &amp; Environmental Engineering. \u2018O\u2019 level pass in Biology is required.\r\nAt least \u2018O\u2019 level credit pass in English Language is required.<\/span><\/p>","subjects":"<p><span>Mathematics, physics, Chemistry.<\/span><\/p>","institutions_list":"FEDPO-BAL"},{"id":"9598","title":"OFFICE TECHNOLOGY & MANAGEMENT","de_requirements":"","utme_requirements":"<p><span>Five (5) SSC credit passes in English Language (not Literature in English) and Mathematics and any three (3) of the following: Economics\/Commerce, Business Methods, Principles of Accounts, Literature in English, Geography, Office Practice, Biology\/Agricultural Science, Chemistry, Physics, History\/Government, Typewriting, Shorthand<\/span><\/p>","subjects":"Any three (3) of: \r\n1. Mathematics\r\n2. Economics\r\n3. Commerce\r\n4. History\/Govt.\r\n5. Geography\r\n6. CRS\/IS\r\n7. Principles   of \r\n     Accounts.","institutions_list":"FEDPO-BAL"},{"id":"23373","title":"PUBLIC ADMINISTRATION & MANAGEMENT","de_requirements":"<p><span>A candidate for Higher National Diploma\r\nprogramme in Public Administration must be a holder of an accredited ND in Public\r\nAdministration or any other equivalent qualification approved by NBTE. Such a\r\nCandidate must have obtained a (CGPA 2.50 and above). In addition, the\r\ncandidate must have completed at least one year post-ND cognate work\r\nexperience. It is also essential that such a candidate have also met the entry\r\nrequirement for admission into ND Public Administration programme.<\/span><br><\/p>","utme_requirements":"<p><span>Five (5) \u2018O\u2019 level credit passes in English Language not\r\nLiterature in English and Mathematics and any three (3) subjects of the\r\nfollowing Economics\/Commerce, Business Methods, Principles of Accounts,\r\nLiterature in English Geography, Office Practice Government,\r\nBiology\/Agricultural Science, Chemistry, Physics,<\/span><\/p>","subjects":"<p><span>Government, Economics and any other subject.<\/span><br><\/p>","institutions_list":"FEDPO-BAL"},{"id":"9597","title":"SCIENCE LABORATORY TECHNOLOGY","de_requirements":"","utme_requirements":"<p><span>Five (5) SSC credit passes in Mathematics and two (2) of Physics,<\/span><span><\/span><\/p><p><span>Biology\/Agricultural Science\/Health Science, Chemistry,<\/span><span><\/span><\/p><p><span>and two (2) other subjects from Technical Drawing, Metal or Wood Work, Basic Electricity, Geography, Further Mathematics, and Fine Arts. <\/span><span><\/span><\/p><p><span>'O' Level credit pass in each of the three (3) Basic Science subjects - Biology, Chemistry, Physics and a 'O' Level credit pass in English Language is compulsory.<\/span><span><\/span><\/p>","subjects":"Any three (3) of Mathematics, Biology\/Agricultural Science or Physics","institutions_list":"FEDPO-BAL"},{"id":"9599","title":"STATISTICS","de_requirements":"","utme_requirements":"<p><span>Five (5) SSC credit passes in Mathematics, Basic Science and any three (3) of the following:<\/span><span><\/span><\/p><p><span>Economics,<\/span><span><\/span><\/p><p><span>Geography,<\/span><span><\/span><\/p><p><span>Government\/History,<\/span><span><\/span><\/p><p><span>Further Mathematics,<\/span><span><\/span><\/p><p><span>Physics,<\/span><span><\/span><\/p><p><span>Chemistry,<\/span><span><\/span><\/p><p><span>Biology\/Agricultural Science.<\/span><span><\/span><\/p><p><span>English Language,<\/span><span><\/span><\/p><p><span>Typewriting, <\/span><span><\/span><\/p><p><span>'O' Level credit passes in English Language and Physics are compulsory.<\/span><\/p>","subjects":"Any of the three (3): \r\n1. Economics\/  \r\n     Commerce\r\n2. History\/Government\r\n3. CRS\/IS\r\n4. Mathematics","institutions_list":"FEDPO-BAL"}]