[{"id":"1277","title":"ACCOUNTING","de_requirements":"<p>\r\n\r\n<\/p><div>\r\n\r\n<table>\r\n <tbody><tr>\r\n  <td>\r\n  <p><span>Two\r\n  (2)'A' Level passes including Economics.<\/span><\/p>\r\n  <\/td>\r\n <\/tr>\r\n<\/tbody><\/table>\r\n\r\n<\/div>\r\n\r\n","utme_requirements":"<p>\r\n\r\n<\/p><div>\r\n\r\n<table>\r\n <tbody><tr>\r\n  <td>\r\n  <p><span>Five\r\n  (5) SSC credit passes including English Language, Mathematics, Economics and\r\n  two (2) other relevant subjects.<\/span><\/p>\r\n  <\/td>\r\n <\/tr>\r\n<\/tbody><\/table>\r\n\r\n<\/div>\r\n\r\n","subjects":"Mathematics, Economics and any other Social Science subject","institutions_list":"AJAYI"},{"id":"1275","title":"ACTUARIAL SCIENCE","de_requirements":"<p><span>Two (2) \u2018A\u2019 Level passes to include\r\nEconomics and Mathematics.<\/span><\/p>","utme_requirements":"<p><span>Five (5) SSC credit passes to include\r\nEnglish Language, Mathematics and Economics plus any other two (2) &nbsp;&nbsp;&nbsp;&nbsp;&nbsp;&nbsp;&nbsp;&nbsp;&nbsp;&nbsp;&nbsp;relevant subjects.<\/span><\/p>","subjects":"Mathematics, Economics and one (1) other subject. ","institutions_list":"AJAYI"},{"id":"24413","title":"AGRICULTURE","de_requirements":"<p>\r\n\r\n<\/p><p><span>Candidates must have at least 2 credit passes in Advance level or its equivalents in Chemistry and Biology plus Five SSC (or its equivalent) credit pass prescribed for UTME entry mode. Diploma Holders with a minimum of Lower Credit plus Five SSC (or its equivalent) credit pass Level at a maximum of two sittings are eligible for consideration for admission into 200- and 300- levels, respectively.<br><\/span><\/p>\r\n\r\n<p><\/p>","utme_requirements":"<p>\r\n\r\n<\/p><p><span>In addition to UTME score, the candidate should possess five credit passes in Senior Secondary Certificate (SSC) to include English Language, Mathematics, Biology or Agricultural Science, Chemistry and Physics in not more than two sittings.<br><\/span><\/p>\r\n\r\n<p><\/p>","subjects":"<p>\r\n\r\n<\/p><p><span>Chemistry, Biology\/Agriculture and any one\r\nof Physics or Mathematics.<\/span><\/p>\r\n\r\n<p><\/p>","institutions_list":"AJAYI"},{"id":"1301","title":"ARCHITECTURE","de_requirements":"<p><span>(i)<span>&nbsp;&nbsp;&nbsp;&nbsp;&nbsp;&nbsp;\r\n<\/span><\/span><span>Two (2) 'A' Level\r\npasses chosen from Mathematics or Physics and Chemistry, Geography or Fine\r\nArts.<\/span><\/p><p>\r\n\r\n<span>ND\/HND\r\nupper credits in relevant field.<\/span><br><\/p>","utme_requirements":"<table>\r\n <tbody><tr>\r\n  <td>\r\n  <p><span>Five (5) SSC credit passes in English\r\n  Language, Mathematics, Physics, Chemistry and any of Fine Art, Geography or\r\n  Wood Work, Biology, Economics, Technical Drawing, Further. Mathematics.,\r\n  Introduction to Building Construction, Bricklaying\/Block laying, Concreting,\r\n  Wall, Floors and Ceiling Finishing, Joinery, Carpentary, Decorative Painting,\r\n  Lining, Sign and Design, Wall Hanging, Colour Mixing\/Matching and Glazing,\r\n  Ceramics, Graphics Design, Graphic Printing, Basic Electricity.<\/span><\/p>\r\n  <p><span>&nbsp;<\/span><\/p>\r\n  <\/td>\r\n <\/tr>\r\n<\/tbody><\/table>","subjects":"Physics, Mathematics, and any of Chemistry, Geography, Art, Biology and Economics.","institutions_list":"AJAYI"},{"id":"1279","title":"BANKING & FINANCE","de_requirements":"<p>\r\n\r\n<\/p><div>\r\n\r\n<table>\r\n <tbody><tr>\r\n  <td>\r\n  <p><span>(i)\r\n  Two (2)'A' Level passes in Accounting or Economics and one other subject.<\/span><\/p>\r\n  <p><span>(ii)\r\n  NCE merit in relevant subjects.<\/span><\/p>\r\n  <p><span>(iii)\r\n  ND credit.<\/span><\/p>\r\n  <\/td>\r\n <\/tr>\r\n<\/tbody><\/table>\r\n\r\n<\/div>\r\n\r\n<span>(iv)\r\nFoundation International exam such as ICAN, ACCA, ICMA, GPFA.<\/span>","utme_requirements":"<p>\r\n\r\n<\/p><div>\r\n\r\n<table>\r\n <tbody><tr>\r\n  <td>\r\n  <p><span>Five\r\n  (5)SSC credit passes including<\/span><\/p>\r\n  <\/td>\r\n <\/tr>\r\n<\/tbody><\/table>\r\n\r\n<\/div>\r\n\r\n<span>English\r\nLanguage, Mathematics, Economics and two (2) other relevant subjects.<\/span>","subjects":"Mathematics, one Social Science subject and any other subject","institutions_list":"AJAYI"},{"id":"1282","title":"BIOCHEMISTRY","de_requirements":"<p><span>Two (2) 'A' Level passes chosen from Chemistry, Mathematics, Physics and\r\nBiology.<\/span><\/p><p><span><o>&nbsp;<\/o:p><\/span><\/p><p>\r\n\r\n\r\n\r\n<\/p><p><span>NCE\/ND\/HND in related programmes plus the UTME requirements.<\/span><\/p>","utme_requirements":"<p><span>Five (5) SSC credit passes in English Language, Chemistry, Mathematics,\r\nPhysics and Biology.<\/span><\/p>","subjects":"Biology, Chemistry and Physics or Mathematics.","institutions_list":"AJAYI"},{"id":"29974","title":"BIOTECHNOLOGY","de_requirements":"","utme_requirements":"","subjects":"","institutions_list":"AJAYI"},{"id":"1278","title":"BUSINESS ADMINISTRATION","de_requirements":"<p>\r\n\r\n<\/p><div>\r\n\r\n<table>\r\n <tbody><tr>\r\n  <td>\r\n  <p><span>Two\r\n  (2)'A' Level passes including Economics.<\/span><\/p>\r\n  <\/td>\r\n <\/tr>\r\n<\/tbody><\/table>\r\n\r\n<\/div>\r\n\r\n","utme_requirements":"<p>\r\n\r\n<\/p><div>\r\n\r\n<table>\r\n <tbody><tr>\r\n  <td>\r\n  <p><span>Five\r\n  (5) SSC credit passes including English Language, Mathematics, Economics and\r\n  two (2) other relevant subjects.<\/span><\/p>\r\n  <\/td>\r\n <\/tr>\r\n<\/tbody><\/table>\r\n\r\n<\/div>\r\n\r\n","subjects":"Mathematics, Economics and any other Social Science subject","institutions_list":"AJAYI"},{"id":"1308","title":"BUSINESS EDUCATION","de_requirements":"<span>Two (2)\u2018A\u2019 Level passes or NCE merit in Business\r\nEducation Double Major, ANBC of NABTEB, National Diploma in relevant subjects.<\/span><div><br><\/div>","utme_requirements":"<p>\r\n\r\n<\/p><p><span>Five (5) TCII merit, \u2018O\u2019 Level or NBC (NABTEB),\r\nWASC, GCE, NECO, or its approved equivalents by the Federal Ministry of\r\nEducation (FME) and or <\/span><span>National\r\nUniversities Commission (NUC) <\/span><span>to include credit passes in English Language,\r\nMathematics, Economics and two (2) other subjects in the Social Sciences or Arts.\r\nFor NBC, the other subjects could be from any of the following: Commerce,\r\nOffice Practice, Principles of Accounts, Secretarial Duties, Typewriting, Shorthand,\r\nSalesmanship, Marketing, History, Storekeeping.<\/span><\/p>\r\n\r\n<p><br><\/p>","subjects":"Mathematics, Economics plus one (1) of Literature in English, History, Government, Geography, Chemistry and Physics.\r\n\r\n","institutions_list":"AJAYI"},{"id":"1283","title":"CHRISTIAN STUDIES","de_requirements":"<p><span>Two (2) \u2018A\u2019 Level passes\/NCE\/ to include CRS.&nbsp; DIP.RS\/DIP TH. from Recognised Universities\/Theological Colleges\/Seminaries. Also, to include Five (5) SSC credit passes in English Language, CRS and three (3) other subjects from Arts, Social Sciences or Sciences<br><\/span><\/p>","utme_requirements":"<p><span>Five (5) SSC credit passes in English Language, CRS and three (3) other subjects from Arts, Social Sciences or Sciences<br><\/span><\/p>","subjects":"Two (2) Arts subjects including CRS and any other subject.","institutions_list":"AJAYI"},{"id":"23732","title":"CIVIL ENGINEERING","de_requirements":"<p><p>\r\n\r\n<\/p>In addition to Five (5) SSC credit passes at not<br>more than two sittings requirement, the Candidate should possess one of the following: i) passes from Chemistry, Physics, and Mathematics ii) ND lower credit in Civil Engineering for admission into 200 level.<\/p><p><br>iii) HND lower credit in Civil Engineering for admission into 300 level.<\/p><p><br>iv) Students may be allowed to transfer into 200 or 300 level provided:<br>- they satisfy the University Conditions for transfer. <br><\/p>","utme_requirements":"<p>\r\n\r\n<\/p><p><span>Five (5) SSC credit passes at not more than one sittings to include Physics, Chemistry, Mathematics, English Language and one other relevant Science Subject from Biology, Agricultural Science, Technical Drawing, Further Mathematics, etc. in the SSCE or its approved equivalent by Federal Ministry of Education. The candidate must have an acceptable pass mark in the UTME.<br><\/span><\/p>\r\n\r\n","subjects":"<p>\r\n\r\n<\/p><p><span>Physics, Chemistry and\r\nMathematics<\/span><\/p>\r\n\r\n","institutions_list":"AJAYI"},{"id":"1302","title":"COMPUTER ENGINEERING","de_requirements":"<p>In addition to Five (5) SSC credit passes at not more than two sittings requirement, the Candidate should possess one of the following:<\/p><p><br>i) Two (2) A' Level passes from Chemistry, Physics, and Mathematics<\/p><p><br>ii) ND lower credit in Computer Engineering for admission into 200 level.<\/p><p><br>iii) HND lower credit in Computer Engineering for admission into 300 level.<\/p><p><br>iv) Students may be allowed to transfer into 200 or 300 level provided: <\/p><p>- they satisfy the University Conditions for transfer.<br>- vacancies exist in the Department<br><\/p>","utme_requirements":"Five (5) SSC credit passes at not more than two sittings to include<br>Physics, Chemistry, Mathematics, English Language and one other relevant Science subject from Biology, Agricultural Science, Computer Science, Data Processing, etc. in the SSCE or its approved equivalent by Federal Ministry of Education.<br>The candidate must have an acceptable pass mark in the UTME.<br>","subjects":"Mathematics, Physics and Chemistry.","institutions_list":"AJAYI"},{"id":"1296","title":"COMPUTER SCIENCE","de_requirements":"<p><span>)&nbsp;&nbsp;&nbsp;&nbsp;&nbsp;&nbsp; Two (2) 'A' Level passes in\r\nscience subjects including Mathematics<\/span><\/p><p><span><o>&nbsp;<\/o:p><\/span><\/p><p>\r\n\r\n\r\n\r\n<\/p><p><span>(ii)&nbsp;&nbsp; NCE merit in Mathematics and\r\none (1) other Science or Social Science subject.<\/span><\/p>","utme_requirements":"<p><span>Five (5) SSC credit passes to include English Language, Mathematics,\r\nPhysics plus two (2) other Science subjects.<\/span><\/p>","subjects":"Mathematics, Physics and one (1) of Biology, Chemistry, Agric Science, Economics and Geography.","institutions_list":"AJAYI"},{"id":"1280","title":"ECONOMICS","de_requirements":"<p>\r\n\r\n<\/p><div>\r\n\r\n<table>\r\n <tbody><tr>\r\n  <td>\r\n  <p><span>Two (2)'A' Level passes in Economics and any one of\r\n  Mathematics, Statistics, Geography, Physics, Chemistry, Agricultural Science,\r\n  Accounting, Business Management, History and Government.<\/span><\/p>\r\n  <\/td>\r\n <\/tr>\r\n<\/tbody><\/table>\r\n\r\n<\/div>\r\n\r\n","utme_requirements":"<p>\r\n\r\n<\/p><div>\r\n\r\n<table>\r\n <tbody><tr>\r\n  <td>\r\n  <p><span>Five\r\n  (5)SSC credit passes in English Language, Mathematics, Economics and any two\r\n  (2) of Arts or Social Science subjects.<\/span><\/p>\r\n  <\/td>\r\n <\/tr>\r\n<\/tbody><\/table>\r\n\r\n<\/div>\r\n\r\n","subjects":"Economics, Mathematics and any of Government, History, Geography, Literature in English, French and Christian Religious Studies\/Islamic Studies.\t","institutions_list":"AJAYI"},{"id":"1281","title":"EDUCATION & COMPUTER SCIENCE","de_requirements":"<div>\r\n\r\n<table>\r\n <tbody><tr>\r\n  <td>\r\n  <p><span>Two (2) \u2018A\u2019 Level passes including Physics or Chemistry.<\/span><\/p>\r\n  <\/td>\r\n <\/tr>\r\n<\/tbody><\/table>\r\n\r\n<\/div>","utme_requirements":"<div>\r\n\r\n<table>\r\n <tbody><tr>\r\n  <td>\r\n  <p><span>Five (5) SSC credit passes or its equivalents including\r\n  Mathematics, English Language and three (3) other Science subjects.<\/span><\/p>\r\n  <\/td>\r\n <\/tr>\r\n<\/tbody><\/table>\r\n\r\n<\/div>","subjects":"Mathematics, Physics and one of Biology, Chemistry and Geography.","institutions_list":"AJAYI"},{"id":"1307","title":"EDUCATION & ECONOMICS","de_requirements":"<p>(i)<span>\t<\/span>Two (2) 'A' Level passes in Economics and one (1) other relevant subject.<\/p><p>(ii) <span>\t<\/span>NCE merit\/credit in Economics and one (1) other subject.<\/p><p><br><\/p>","utme_requirements":"<p>Five (5) 'O' Level credit passes to include English Language, Economics and Mathematics.<\/p><p><br><\/p>","subjects":"Economics, Mathematics and one (1) other subject from Geography\/Physics, History, Government and Literature in English.\r\n\r\n","institutions_list":"AJAYI"},{"id":"1298","title":"EDUCATION & ENGLISH LANGUAGE","de_requirements":"<div>\r\n\r\n<table>\r\n <tbody><tr>\r\n  <td>\r\n  <p><span>(i)&nbsp; Two (2) 'A' Level passes in relevant\r\n  teaching subjects including Literature in English.<\/span><\/p><p><span><br><\/span><\/p><p><span><\/span><\/p>\r\n  <p><span>(ii)&nbsp; NCE\r\n  credit or merit in two(2)relevant subjects including English Language.<\/span><\/p>\r\n  <\/td>\r\n <\/tr>\r\n<\/tbody><\/table>\r\n\r\n<\/div>","utme_requirements":"<div>\r\n\r\n<table>\r\n <tbody><tr>\r\n  <td>\r\n  <p><span>Five (5) 'O'\r\n  Level credit passes to include English Language and Literature in English plus\r\n  three (3) other Arts or Social Science subjects.<\/span><\/p>\r\n  <\/td>\r\n <\/tr>\r\n<\/tbody><\/table>\r\n\r\n<\/div>","subjects":"Literature in English and one (1) Art and any other subject.","institutions_list":"AJAYI"},{"id":"1303","title":"ELECTRICAL\/ELECTRONICS ENGINEERING","de_requirements":"<p><span>In addition to Five (5) SSC credit passes at not more than two sittings requirement, the Candidate should possess one of the following:<br>i) Two (2) A' Level passes from Chemistry, Physics, and<br>Mathematics<br>ii) ND lower credit in Electrical and Electronics Engineering for admission into 200<br>level.<br>iii) HND lower credit in Electrical and Electronics Engineering for admission into 300<br>level.<br>iv) Students may be allowed to transfer into 200 or 300 level provided:<br>- they satisfy the University Conditions for transfer.<br>- vacancies exist in the Department<\/span><\/p>","utme_requirements":"<p><span>Five (5) SSC credit passes at not more than two sittings to include Physics, Chemistry, Mathematics, English Language and one other relevant Science subject from Biology, Agricultural Science, Computer Science, Data Processing, Further Mathematics, etc. in the SSCE or its approved equivalent by Federal Ministry of Education.<br>The candidate must have an acceptable pass mark in the UTME.<br><\/span><\/p>","subjects":"Mathematics, Physics and Chemistry","institutions_list":"AJAYI"},{"id":"1287","title":"ENGLISH LANGUAGE","de_requirements":"<p><span>Two\r\n(2) \u2018A\u2019 Level passes to include Literature in English and one other Arts\r\nsubject.<\/span><\/p>","utme_requirements":"<p><span>Five\r\n(5) SSC credit passes to include Literature in English, English Language and\r\nthree other Arts or Social Science subjects.<\/span><\/p>","subjects":"Literature in English, one other Arts subject and another Arts or Social Science subject.","institutions_list":"AJAYI"},{"id":"24419","title":"ENTREPRENEURSHIP","de_requirements":"<p><span>Two (2) 'A' Level passes to include Economics and at\r\nleast one of, Accounts, Business Management, Government, Geography or Mathematics.<\/span><\/p>","utme_requirements":"<p>\r\n\r\n<\/p><div>\r\n\r\n<table>\r\n <tbody><tr>\r\n  <td>\r\n  <p><span>Five (5) SSC credit passes to include English\r\n  Language, Mathematics, Economics, one Science subject and one other Social\r\n  Science or Commercial subject.<\/span><\/p>\r\n  <\/td>\r\n <\/tr>\r\n<\/tbody><\/table>\r\n\r\n<\/div>\r\n\r\n<p><\/p>","subjects":"<p>\r\n\r\n<\/p><div>\r\n\r\n<table>\r\n <tbody><tr>\r\n  <td>\r\n  <p><span>Economics, Mathematics and one other Social Science\r\n  or Commercial subject.<\/span><\/p>\r\n  <\/td>\r\n <\/tr>\r\n<\/tbody><\/table>\r\n\r\n<\/div>\r\n\r\n<p><\/p>","institutions_list":"AJAYI"},{"id":"1304","title":"ESTATE MANAGEMENT","de_requirements":"<p>(i) Two (2) \u2018A\u2019 Level passes in Economics and one (1) other relevant subject from English Langiuage, Mathematics, Geography, Biology, Technical Drawing, and Physics.&nbsp;&nbsp;&nbsp;<\/p><p>(ii) ND\/HND Lower Credit in Estate Management or allied professions <br><\/p>","utme_requirements":"<p><span>Five (5) SSCE credit passes including&nbsp; English Language, Mathematics, Economics and any other two subjects from the following; Chemistry, Physics, Geography, Biology, Agricultural Science, Technical Drawing, Commerce and Computer Education, one of which must be a science subject.<br><\/span><\/p><p>\r\n\r\n<\/p><p><span><o>&nbsp;<\/o:p><\/span><\/p>","subjects":"Mathematics, Economics and one other subject\r\n\r\n","institutions_list":"AJAYI"},{"id":"1290","title":"GEOLOGY","de_requirements":"<p><span>(i) Two (2) 'A' Level passes from Geology, Chemistry, Mathematics,\r\nPhysics, Biology and Geography.<\/span><\/p>","utme_requirements":"<p><span>Five (5) SSC credit passes in English Language, Biology, Chemistry,\r\nMathematics and any other subject.<\/span><\/p>","subjects":"Any three (3) of Chemistry, Physics, Mathematics, Biology and Geography. ","institutions_list":"AJAYI"},{"id":"1306","title":"GUIDANCE & COUNSELLING","de_requirements":"<div>\r\n\r\n<table>\r\n <tbody><tr>\r\n  <td>\r\n  \r\n  <span>General Certificate of Education at Advanced Level\r\nin at least two teaching subjects or NCE with two-teaching subjects, in\r\naddition to five \u2018O\u2019 Level credits, including English and Mathematics as\r\nrequired for UTME candidates. Candidates with double teaching subjects\r\n(e.g.<span>&nbsp; <\/span>Agricultural Science, PHE, Fine\r\nArts, Home Economics, Business Education, Primary Education etc.) in NCE with the\r\nrequired \u2018O\u2019 level subjects are also eligible for Direct Entry.<\/span><\/td>\r\n <\/tr>\r\n<\/tbody><\/table>\r\n\r\n<\/div>","utme_requirements":"<div>\r\n\r\n<table>\r\n <tbody><tr>\r\n  <td>\r\n  <p>\r\n\r\n<\/p><div>\r\n\r\n<table>\r\n <tbody><tr>\r\n  <td>\r\n  <p><span>Five\r\n  (5) \u2018O\u2019 Level credits in English and Mathematics plus any three Arts, Social\r\n  Science or Science subjects in WASC, GCE, NECO or its approved equivalents by\r\n  Federal Ministry of Education (FME) and or<\/span><span>National Universities Commission (NUC)<span><\/span><\/span><\/p>\r\n  <\/td>\r\n <\/tr>\r\n<\/tbody><\/table>\r\n\r\n<\/div>\r\n\r\n\r\n  <\/td>\r\n <\/tr>\r\n<\/tbody><\/table>\r\n\r\n<\/div>","subjects":"Any three (3) subjects.\r\n\r\n","institutions_list":"AJAYI"},{"id":"1288","title":"HISTORY & INTERNATIONAL STUDIES","de_requirements":"Two (2) A Level passes including History\/ Government, Religious Studies, Literature in English, Economics, Geogrphy, Yoruba, Igbo, Hausa<br>","utme_requirements":"<p>English Language, History and\/or Government Any One orTwo of the following Subjects; Religious Studies, Literature in English, Civic Education, Geography,Economics,Yoruba, Igbo\/Hausa <br><\/p>","subjects":"subjects from the Arts and Social Sciences.","institutions_list":"AJAYI"},{"id":"1289","title":"INDUSTRIAL CHEMISTRY","de_requirements":"<p><span>(i)\u00a0\u00a0\u00a0 Two\r\n(2) 'A' Level passes in Chemistry and Mathematics<\/span><\/p><p>\r\n\r\n<\/p><p><span>(ii)\u00a0\u00a0 ND\r\nin Science Technology or ND in relevant programmes with the UTME requirements.<\/span><\/p>","utme_requirements":"<p><span>Five (5) SSC credit passes in English Language, Mathematics, Chemistry,\r\nPhysics and Biology\/Agricultural Science.<\/span><\/p>","subjects":"Chemistry, Physics and any of Mathematics\/Biology\/ Agricultural Science.","institutions_list":"AJAYI"},{"id":"1300","title":"INDUSTRIAL RELATIONS & PERSONNEL MANAGEMENT","de_requirements":"<p><span>Two (2) 'A' Level passes chosen from Economics, Accounting, Business Management, Government, Geography and Statistics.<\/span><span><\/span><\/p>","utme_requirements":"<p><span>Five (5) SSC credit passes including English Language, Mathematics, Economics plus any two (2) subjects listed under the Direct Entry column.<\/span><span><\/span><\/p>","subjects":"Mathematics, Economics and one other subject.","institutions_list":"AJAYI"},{"id":"1276","title":"LAW","de_requirements":"<p><span>\u00a0 \u00a0 Two (2)'A' Level passes in Arts or Social\r\nScience subjects.<\/span><\/p><p>\r\n\r\n<span>(ii)\u00a0\u00a0 NCE\/ND\/First Degree (Second Class Lower).<\/span><br><\/p>","utme_requirements":"<p><span>Five (5)'O' Level credit passes to include English Language and Literature in English.<\/span><\/p>","subjects":"Any three (3) Arts or Social Science subjects.","institutions_list":"AJAYI"},{"id":"1284","title":"LIBRARY & INFORMATION SCIENCE","de_requirements":"<p><p>\r\n\r\n<\/p><div>\r\n\r\n<table>\r\n <tbody><tr>\r\n  <td>\r\n\r\n<p>(i) Two (2) \u2018A\u2019 Level passes in relevant subjects.<\/p>\r\n\r\n<p>&nbsp;<\/p>\r\n\r\n<span>(ii)\r\nNCE\/ND credit or merit in relevant Arts, Social Science and Science programmes.<\/span><\/td><\/tr><\/tbody><\/table><\/div><\/p>","utme_requirements":"<p>\r\n\r\n<\/p><div>\r\n\r\n<table>\r\n <tbody><tr>\r\n  <td>\r\n  <p>\r\n\r\n<\/p><div>\r\n\r\n<table>\r\n <tbody><tr>\r\n  <td>\r\n  <p>Five (5) \u2018O\u2019 Level credit passes to include\r\n  English Language, Mathematics plus three (3) relevant subjects from Arts, Social\r\n  Sciences and Sciences in WASC\/GCE\/NABTEB<span>\/NECO<\/span><span>.<\/span><\/p>\r\n  <\/td>\r\n <\/tr>\r\n<\/tbody><\/table>\r\n\r\n<\/div>\r\n\r\n\r\n  <\/td>\r\n <\/tr>\r\n<\/tbody><\/table>\r\n\r\n<\/div>\r\n\r\n","subjects":"Any three (3) Arts or Social Science subjects","institutions_list":"AJAYI"},{"id":"1292","title":"MASS COMMUNICATION","de_requirements":"<p><span>&nbsp;(1.) Diploma in Mass Communication, Journalism &amp; Related disciplines ( 2) Passes in 2 major subjects in relevant areas in NCE. <\/span><\/p>","utme_requirements":"<p><span>Credit Passes in : - Mathematics,&nbsp; English language &amp; three other Arts or Social Science subjects in not more than two sittings<br><\/span><\/p>","subjects":"Any three (3) Arts and Social Science subjects.","institutions_list":"AJAYI"},{"id":"1294","title":"MATHEMATICS","de_requirements":"\r\n\r\n<p>Candidates seeking admission via Direct Entry must\r\nhave a minimum of two (2) Advanced Level passes in Mathematics and any other of\r\nPhysics, Chemistry, Economics, Geography, and other Science and Social Science\r\nrelated fields. The results must be obtained from a recognized Advanced Level\r\nqualification institution (IJMB, JUPEB, Monotechnic, Polytechnic and College of\r\nEducation). The qualifications are in addition to the UTME requirement above.<\/p>\r\n\r\n","utme_requirements":"<p>\r\n\r\n<\/p><p>(5) O\u2019level credits in Mathematics, English Language,\r\nand any other three subjects among Physics, Chemistry, Biology, Further\r\nMathematics, Technical Drawing, Agricultural Science, Geography and Economics.\r\nThe credits must be obtained in no more than 2 sittings.<\/p>\r\n\r\n","subjects":"Mathematics and any two (2) of Physics, Chemistry and Economics or Geography.","institutions_list":"AJAYI"},{"id":"1305","title":"MECHANICAL ENGINEERING","de_requirements":"<p><span>In addition to Five (5) SSC credit passes at not more than two sittings requirement, the Candidate should possess one of the following: Three (3) A' Level passes from Chemistry, Physics, and Mathematics<br>ii) ND lower credit in mechanical Engineering for admission into 200 level.<br>iii) HND in Mechanical Engineering for admission into 300 level.<br>iv) Students may be allowed to transfer into 200 or 300 level provided:<br>- they satisfy the University Conditions for transfer.<br>- vacancies exist in the Department<br><\/span><\/p>","utme_requirements":"<p><span>Five (5) SSC credit passes at not more than two sittings to include Physics, Chemistry, Mathematics, English Language and one other relevant Science subject from Biology, Agricultural Science, Technical Drawing, Further Mathematics, Metal Work, etc. in the<br>SSCE or its approved equivalent by Federal Ministry of Education.<br>The candidate must have an acceptable pass mark in the UTME.<br><\/span><\/p>","subjects":"Mathematics, Physics and Chemistry.","institutions_list":"AJAYI"},{"id":"24422","title":"MEDICAL LABORATORY SCIENCE","de_requirements":"<p><span>A' Level passes to include Physics, Chemistry &amp; Biology or Zoology.<\/span><\/p><p><span><br><\/span><\/p><p><span>Upper Credit, Medical Laboratory Technician.<\/span><\/p><p><span><br><\/span><\/p><p><span>Any degree in Science\/Medical Science related courses.<br><\/span><\/p>","utme_requirements":"<p><span>Five (5) SSC credit passes in English Language, Mathematics,\r\nPhysics, Chemistry and Biology<\/span><\/p>","subjects":"<p><span>Physics, Chemistry and Biology<\/span><\/p>","institutions_list":"AJAYI"},{"id":"1295","title":"MICROBIOLOGY","de_requirements":"<p><span>Two (2) 'A' Level passes in Biology and any one (1) from Chemistry, Zoology or Botany. ND\/HND in related disciplines with atleast Lower Credit passes plus UTME requirements.<br><\/span><\/p>","utme_requirements":"<p><span>Five (5) SSC credit passes in English Language, Mathematics, Chemistry,\r\nBiology and Physics.<\/span><\/p>","subjects":"Biology, Chemistry and either Physics or Mathematics.","institutions_list":"AJAYI"},{"id":"1293","title":"MUSIC","de_requirements":"<p><span>Two (2) \u2018A\u2019 Level passes to include Music or Diploma Certificate in Music, or NCE in Music, or MUSON Diploma in Music or Diploma in other arts, social sciences and sciences. <\/span><\/p>","utme_requirements":"Five (5) SSCE\/NECO\/NABTEB credit passes including&nbsp; English Language and any other four Subjects, from Arts, Social Sciences and Sciences.<br>","subjects":"Music, one other Arts subject plus any other subject.","institutions_list":"AJAYI"},{"id":"26177","title":"NURSING","de_requirements":"","utme_requirements":"","subjects":"","institutions_list":"AJAYI"},{"id":"24417","title":"PEACE, STRATEGIC & CONFLICT RESOLUTION","de_requirements":"<p>\r\n\r\n<\/p><div>\r\n\r\n<table>\r\n <tbody><tr>\r\n  <td>\r\n  <p><span>Two (2) 'A' Level passes in Government\r\n  and one other Social Science subject<\/span><\/p>\r\n  <\/td>\r\n <\/tr>\r\n<\/tbody><\/table>\r\n\r\n<\/div>\r\n\r\n<p><\/p>","utme_requirements":"<p>\r\n\r\n<\/p><div>\r\n\r\n<table>\r\n <tbody><tr>\r\n  <td>\r\n  <p><span>Five (5) SSC credit passes<span>&nbsp; <\/span>including English Language Government or\r\n  History and at least credit pass in Mathematics<\/span><\/p>\r\n  <\/td>\r\n <\/tr>\r\n<\/tbody><\/table>\r\n\r\n<\/div>\r\n\r\n<p><\/p>","subjects":"<p>\r\n\r\n<\/p><div>\r\n\r\n<table>\r\n <tbody><tr>\r\n  <td>\r\n  <p><span>Three (3) Arts or Social Science subjects<\/span><\/p>\r\n  <\/td>\r\n <\/tr>\r\n<\/tbody><\/table>\r\n\r\n<\/div>\r\n\r\n<p><\/p>","institutions_list":"AJAYI"},{"id":"1286","title":"PERFORMING ARTS","de_requirements":"Two (2) \u2018A\u2019 Level passes in Arts to include Literature in English, Social Sciences or Science subjects. Other direct entry requirements include:&nbsp; NCE\/Diploma in Theatre Arts, Perfoming Arts, Dramatic Arts, Creatie Arts and other related fields in Humanities or Social Sciences. <br><p><span><\/span><\/p>","utme_requirements":"<p><span>Five (5) SSCE\/NECO\/NABTEB credit passes to include English Language, Literature in English and any other three subjects&nbsp; in Arts, Social Sciences or Sciences.<br><\/span><\/p><p><span><\/span><\/p>","subjects":"Literature in English and two (2) other relevant subjects.","institutions_list":"AJAYI"},{"id":"1285","title":"PHYSICS WITH ELECTRONICS","de_requirements":"<p><span>NCE\/Two (2) 'A' Level passes in Physics and Mathematics or Chemistry.<\/span><\/p>","utme_requirements":"<p><span>Five (5) SSC credit passes in English Language, Physics, Chemistry,\r\nMathematics and any other Science subject from Further Mathematics and Biology\r\nor Agricultural Science.<\/span><\/p>","subjects":"Physics, Mathematics and Chemistry or Biology.","institutions_list":"AJAYI"},{"id":"1299","title":"POLITICAL SCIENCE","de_requirements":"<p><span>Two (2) 'A' Level passes including Government or History.<\/span><span><\/span><\/p>","utme_requirements":"<p><span>Five (5) SSC credit passes in Government or History, English Language and three (3) other subjects. &nbsp;A Credit pass in Mathematics is required.<\/span><span><\/span><\/p>","subjects":"Government or History plus two (2) other Social Science\/Arts subjects.","institutions_list":"AJAYI"},{"id":"24424","title":"RADIOGRAPHY & RADIATION SCIENCE","de_requirements":"<p>\r\n\r\n<\/p><p><span>Two (2) 'A' Level passes chosen from Physics, Chemistry and Biology.<\/span><\/p><p><span><br><\/span><\/p><p><span>Any degree in science\/Medical Science related courses.<br><\/span><\/p><p><span><br><\/span><\/p><p><span><br><\/span><\/p>\r\n\r\n<p><\/p>","utme_requirements":"<p>\r\n\r\n<\/p><p><span>Five (5) SSC credit passes in English Language,\r\nMathematics, Biology, Physics and Chemistry.<\/span><\/p>\r\n\r\n<p><\/p>","subjects":"<p>\r\n\r\n<\/p><p><span>Physics, Chemistry and Biology.<\/span><\/p>\r\n\r\n<p><\/p>","institutions_list":"AJAYI"},{"id":"1291","title":"STATISTICS","de_requirements":"<p>\r\n\r\n<\/p><p>\r\n\r\n<\/p><p>Candidates seeking admission via Direct Entry must\r\nhave a minimum of two (2) Advanced Level passes in Mathematics and any other of\r\nPhysics, Chemistry, Economics, Geography, and other Science and Social Science\r\nrelated fields. The results must be obtained from a recognized Advanced Level\r\nqualification institution (IJMB, JUPEB, Monotechnic, Polytechnic and College of\r\nEducation). The qualifications are in addition to the UTME requirement above.<\/p>\r\n\r\n\r\n\r\n","utme_requirements":"<p>\r\n\r\n<\/p><p>Candidates seeking admissions via UTME must have a\r\nminimum of five (5) O\u2019level credits in Mathematics, English Language, and any\r\nother three subjects among Physics, Chemistry, Biology, Further Mathematics,\r\nTechnical Drawing, Agricultural Science, Geography and Economics. The credits\r\nmust be obtained in no more than 2 sittings.<\/p>\r\n\r\n","subjects":"Mathematics and any two (2) of Physics, Chemistry and Economics.","institutions_list":"AJAYI"},{"id":"24415","title":"SURVEYING & GEOINFORMATICS","de_requirements":"<p>\r\n\r\n<\/p><div>Admission to Part II (Direct Entry I-200L) 1. Candidates who have pases in Mathematices and Physics or Mathematics and Geography at the G.C.E. Advanced Level or its equivalent, and also satisfy the minimum entry requirements for part I. 2. Holders of the National Diploma (ND) in Surveying\/Surveying and Geoinformatics, Civil Engineering, Building and Agricultural Engineering passing at the minimum of Upper Credit level, from a NBTE accredited Institution. They must also satisfy the minimum entry requirments for part I. Candidates admitted by direct entry may be required, where applicable, to take specified courses to make up for the deficiencies found in their academic background.Admission to Part III (Direct Entry II-300L) 1. Holders of Higher National Diploma (HND) in Surveying\/Surveying and Geoinformatics passing at the minimum of Upper Credit level, from an NBTE accredited Institution. They must also satisfy the minimum entry requiremnts for Part I.<br><\/div><p><\/p>","utme_requirements":"<p>\r\n\r\n<\/p><p><span>Holders of Senior Secondary School Certificate (SSSC) or its equivalent with five credits including English Language, Mathematics, Physics, Chemistry\/Geography and any other subject selected from Economics, Biology, Further Mathematics and Technical Drawing at not more than two sittings.<br><\/span><\/p>\r\n\r\n<p><\/p>","subjects":"<p>\r\n\r\n<\/p><p><span>Physics, Mathematics,\r\nand any of Chemistry, Geography, Art, Biology and Economics.<\/span><\/p>\r\n\r\n<p><\/p>","institutions_list":"AJAYI"},{"id":"1297","title":"TEACHER EDUCATION SCIENCE:","de_requirements":"<div>\r\n\r\n<table>\r\n <tbody><tr>\r\n  <td>\r\n  <p><span>(i)&nbsp; Two (2) 'A' Level passes in relevant\r\n  teaching subjects including Literature in English.<\/span><\/p>\r\n  <p><span>(ii)&nbsp; NCE\r\n  credit or merit in two(2)relevant subjects.<\/span><\/p>\r\n  <\/td>\r\n <\/tr>\r\n<\/tbody><\/table>\r\n\r\n<\/div>","utme_requirements":"<div>\r\n\r\n<table>\r\n <tbody><tr>\r\n  <td>\r\n  <p><span>Five (5) 'O'\r\n  Level credit passes to include English Language and Literature in English plus\r\n  three (3) other Arts or Social Science subjects.<\/span><\/p>\r\n  <\/td>\r\n <\/tr>\r\n<\/tbody><\/table>\r\n\r\n<\/div>","subjects":"Literature in English and one (1) Art and any other subject.","institutions_list":"AJAYI"}]