[{"id":"9608","title":"ACCOUNTANCY","de_requirements":"","utme_requirements":"<p><span>Five (5) SSC credit passes in English\r\nLanguage not Literature in English and Mathematics and any three (3) subjects\r\nfrom the following<\/span><span><\/span><\/p><p><span>Economics\/Commerce,<\/span><\/p><p><span>Business Methods,<\/span><\/p><p><span>Principles of Accounts,<\/span><\/p><p><span>Literature in English<\/span><\/p><p><span>Geography<\/span><\/p><p><span>Office Practice<\/span><\/p><p><span>Government,<\/span><\/p><p><span>Biology\/Agricultural Science,<\/span><\/p><p><span>Chemistry,<\/span><\/p><p><span>Physics,<\/span><\/p><p><span>History\/Government<\/span><\/p><p><span>Typewriting <\/span><\/p><p>\r\n\r\n\r\n\r\n\r\n\r\n\r\n\r\n\r\n\r\n\r\n\r\n\r\n\r\n\r\n\r\n\r\n\r\n\r\n\r\n\r\n\r\n\r\n\r\n\r\n\r\n<\/p><p><span>Shorthand<\/span><\/p>","subjects":"Mathematics and two (2) of Geography, Commerce, Government, Principles of Accounts and Economics.","institutions_list":"FEDPO-BAU"},{"id":"9610","title":"AGRICULTURAL & BIO-ENVIRONMENTAL  ENGINEERING","de_requirements":"","utme_requirements":"<p><span>Five (5) SSC credit passes in Mathematics,\r\n<\/span><span>English Language, Physics\r\nand any two (2) of the following:<\/span><\/p><p><span>Biology\/Agricultural Science<\/span><\/p><p><span>Chemistry<\/span><\/p><p><span>Technical Drawing<\/span><\/p><p><span>Basic Electronics\/Basic Electricity<\/span><\/p><p><span>Auto Mechanics<\/span><\/p><p><span>Metal Work<\/span><\/p><p><span>Further Mathematics<\/span><\/p><p><span>Food and Nutrition<\/span><\/p><p>\r\n\r\n\r\n\r\n\r\n\r\n\r\n\r\n\r\n\r\n\r\n\r\n\r\n\r\n\r\n\r\n\r\n\r\n<\/p><p><span>Geography<\/span><\/p>","subjects":"Mathematics and Physics\/Technical Drawing, Chemistry or any two (2) Science subjects.","institutions_list":"FEDPO-BAU"},{"id":"9609","title":"AGRICULTURAL TECHNOLOGY","de_requirements":"","utme_requirements":"<p><span>Five (5) SSC credit passes in Biology\/Agricultural\r\nScience,<\/span><span><\/span><\/p><p><span>Mathematics and any three (3) of the following:<\/span><\/p><p><span>Geography,<\/span><\/p><p><span>Food and Nutrition,<\/span><\/p><p><span>Economics,<\/span><\/p><p><span>Technical Drawing,<\/span><\/p><p><span>English Language,<\/span><\/p><p><span>Physics,<\/span><\/p><p><span>Chemistry,<\/span><\/p><p><span>Nigerian Language,<\/span><\/p><p><span>Home Economics.<\/span><\/p><p>\r\n\r\n\r\n\r\n\r\n\r\n\r\n\r\n\r\n\r\n\r\n\r\n\r\n\r\n\r\n\r\n\r\n\r\n\r\n\r\n\r\n\r\n<\/p><p><span>At least 'O' Level credit passes in English\r\nLanguage and Chemistry are compulsory.<\/span><\/p>","subjects":"Biology\/Agricultural Science, Chemistry and any other Science subject","institutions_list":"FEDPO-BAU"},{"id":"9611","title":"ANIMAL HEALTH & PRODUCTION TECHNOLOGY","de_requirements":"","utme_requirements":"<p><span>Five (5) SSC credit passes in Biology\/Agricultural\r\nScience,<\/span><span><\/span><\/p><p><span>Mathematics and any three (3) of the following:<\/span><\/p><p><span>Geography,<\/span><\/p><p><span>Food and Nutrition,<\/span><\/p><p><span>Economics,<\/span><\/p><p><span>Technical Drawing,<\/span><\/p><p><span>English Language,<\/span><\/p><p><span>Physics,<\/span><\/p><p><span>Chemistry,<\/span><\/p><p><span>Nigerian Language,<\/span><\/p><p>\r\n\r\n\r\n\r\n\r\n\r\n\r\n\r\n\r\n\r\n\r\n\r\n\r\n\r\n\r\n\r\n\r\n\r\n\r\n\r\n<\/p><p><span>Home Economics.<\/span><\/p>","subjects":"Biology\/Agricultural Science, Chemistry and any other Science subject","institutions_list":"FEDPO-BAU"},{"id":"9613","title":"ARCHITECTURAL TECHNOLOGY","de_requirements":"","utme_requirements":"<p><span>Five (5) SSC credit passes in Mathematics,\r\nPhysics, <\/span><span>English Language and\r\nany two (2) subjects from the following:<\/span><\/p><p><span>Biology,<\/span><\/p><p><span>Fine Art,<\/span><\/p><p><span>Chemistry,<\/span><\/p><p><span>History<\/span><\/p><p><span>English Language,<\/span><\/p><p><span>Geography,<\/span><\/p><p><span>Further Mathematics<\/span><\/p><p><span>Economics\/Commerce,<\/span><\/p><p><span>Religious Knowledge,<\/span><\/p><p><span>Technical Drawing,<\/span><\/p><p><span>Business Method.<\/span><\/p><p>\r\n\r\n\r\n\r\n\r\n\r\n\r\n\r\n\r\n\r\n\r\n\r\n\r\n\r\n\r\n\r\n\r\n\r\n\r\n\r\n\r\n\r\n\r\n\r\n<\/p><p><span>'O' Level pass in Fine Art or Technical Drawing\r\nwill be an advantage.<\/span><\/p>","subjects":"Mathematics and any two (2) of Physics, Chemistry and Technical Drawing.","institutions_list":"FEDPO-BAU"},{"id":"9614","title":"BANKING & FINANCE","de_requirements":"","utme_requirements":"<p><span>Five (5) SSC credit passes in English Language (not Literature in\r\nEnglish) and Mathematics and any three (3) subjects from the following:<\/span><span><\/span><\/p><p><span>Economics\/Commerce,<\/span><\/p><p><span>Business\r\nMethods,<\/span><\/p><p><span>Principles\r\nof Accounts,<\/span><\/p><p><span>Literature\r\nin English<\/span><\/p><p><span>Geography<\/span><\/p><p><span>Office\r\nPractice<\/span><\/p><p><span>Biology\/Agricultural\r\nScience,<\/span><\/p><p><span>Chemistry,<\/span><\/p><p><span>Physics,<\/span><\/p><p><span>History\/Government<\/span><\/p><p><span>Typewriting\r\n<\/span><\/p><p>\r\n\r\n\r\n\r\n\r\n\r\n\r\n\r\n\r\n\r\n\r\n\r\n\r\n\r\n\r\n\r\n\r\n\r\n\r\n\r\n\r\n\r\n\r\n\r\n<\/p><p><span>Shorthand<\/span><\/p>","subjects":"Mathematics and any two (2) of Economics, Geography, History, Government, Commerce or Principles of Accounts.","institutions_list":"FEDPO-BAU"},{"id":"9616","title":"BUILDING TECHNOLOGY","de_requirements":"","utme_requirements":"<table>\r\n <tbody><tr>\r\n  <td>\r\n  <p><span>Five (5) SSC credit passes in Mathematics and Physics and any three\r\n  (3) of the following:<\/span><span><\/span><\/p>\r\n  <p><span>Economics\/Commerce,<\/span><\/p>\r\n  <p><span>Technical Drawing\/Fine Art,<\/span><\/p>\r\n  <p><span>Chemistry,<\/span><\/p>\r\n  <p><span>Geography,<\/span><\/p>\r\n  <p><span>Further Mathematics<\/span><\/p>\r\n  <p><span>Woodwork,<\/span><\/p>\r\n  <p><span>Biology,<\/span><\/p>\r\n  <p><span>Religious Knowledge,<\/span><\/p>\r\n  <p><span>Metal Work,<\/span><\/p>\r\n  <p><span>And at least a credit pass in English Language is Compulsory.&nbsp; A pass in Art or Technical Drawing will be\r\n  an advantage.<\/span><\/p>\r\n  <\/td>\r\n <\/tr>\r\n<\/tbody><\/table>","subjects":"Mathematics, Physics and Chemistry or Fine Arts.","institutions_list":"FEDPO-BAU"},{"id":"9618","title":"BUSINESS ADMINISTRATION & MANAGEMENT","de_requirements":"","utme_requirements":"<p><span>Five (5) SSC credit passes in English Language, not\r\nLiterature in English and Mathematics and any three (3) subjects from the\r\nfollowing:<\/span><\/p><p><span>Economics\/Commerce,<\/span><\/p><p><span>Business Methods,<\/span><\/p><p><span>Principles of Accounts,<\/span><\/p><p><span>Literature in English<\/span><\/p><p><span>Geography<\/span><\/p><p><span>Office Practice<\/span><\/p><p><span>Biology\/Agricultural Science,<\/span><\/p><p><span>Chemistry,<\/span><\/p><p><span>Physics,<\/span><\/p><p><span>History\/Government<\/span><\/p><p><span>Typewriting <\/span><\/p><p>\r\n\r\n\r\n\r\n\r\n\r\n\r\n\r\n\r\n\r\n\r\n\r\n\r\n\r\n\r\n\r\n\r\n\r\n\r\n\r\n\r\n\r\n\r\n\r\n<span>Shorthand<\/span><br><\/p>","subjects":"Mathematics and two (2) of Geography, Commerce, Government, Principles of Accounts and Economics","institutions_list":"FEDPO-BAU"},{"id":"9626","title":"CIVIL ENGINEERING TECHNOLOGY","de_requirements":"","utme_requirements":"<table>\r\n <tbody><tr>\r\n  <td>\r\n  <p><span>Five (5) SSC credit passes in Mathematics, Physics\r\n  and Chemistry and any two (2) subjects from:<\/span><\/p>\r\n  <p><span>Biology\/Agricultural Science <\/span><\/p>\r\n  <p><span>Technical Drawing,<\/span><\/p>\r\n  <p><span>Basic Electronics\/Basic Electricity,<\/span><\/p>\r\n  <p><span>Auto Mechanics,<\/span><\/p>\r\n  <p><span>Metal Work,<\/span><\/p>\r\n  <p><span>Woodwork for Civil Engineering Technology,<\/span><\/p>\r\n  <p><span>Further Mathematics<\/span><\/p>\r\n  <p><span>English Language,<\/span><\/p>\r\n  <p><span>Geography,<\/span><\/p>\r\n  <p><span>Economics\/Commerce.<\/span><\/p>\r\n  <p><span>For Marine Engineering and Industrial Safety &amp;\r\n  Environmental Engineering a pass in Biology is required.<\/span><\/p>\r\n  <p><span>At least 'O' Level credit pass in English Language\r\n  is required.<\/span><\/p>\r\n  <\/td>\r\n <\/tr>\r\n<\/tbody><\/table>","subjects":"Mathematics, Physics and Chemistry.","institutions_list":"FEDPO-BAU"},{"id":"9627","title":"COMPUTER SCIENCE","de_requirements":"","utme_requirements":"<p><span>Five (5)\r\nSSC credit passes in Mathematics, a basic science and three (3) other subjects\r\nchosen from the following:<\/span><\/p><p><span>Economics,<\/span><\/p><p><span>Geography,<\/span><\/p><p><span>Government\/History,<\/span><\/p><p><span>Further\r\nMathematics,<\/span><\/p><p><span>Physics,<\/span><\/p><p><span>Chemistry,<\/span><\/p><p><span>Biology\/Agricultural\r\nScience.<\/span><\/p><p><span>English\r\nLanguage,<\/span><\/p><p><span>Typewriting,<\/span><\/p><p>\r\n\r\n\r\n\r\n\r\n\r\n\r\n\r\n\r\n\r\n\r\n\r\n\r\n\r\n\r\n\r\n\r\n\r\n\r\n\r\n<\/p><p><span>'O'\r\nLevel credit passes in English Language and Physics is compulsory.<\/span><\/p>","subjects":"Mathematics and any two (2) of Geography, Physics, Economics or Chemistry.","institutions_list":"FEDPO-BAU"},{"id":"9628","title":"ELECTRICAL\/ELECTRONICS ENGINEERING","de_requirements":"","utme_requirements":"<table>\r\n <tbody><tr>\r\n  <td>\r\n  <p><span>Five (5) 'O' Level credit passes in Mathematics, Physics\r\n  and Chemistry and any two (2) subjects from:<\/span><\/p>\r\n  <p><span>Biology\/Agricultural Science <\/span><\/p>\r\n  <p><span>Technical Drawing,<\/span><\/p>\r\n  <p><span>Basic Electronics\/Basic Electricity,<\/span><\/p>\r\n  <p><span>Auto Mechanics,<\/span><\/p>\r\n  <p><span>Metal Work,<\/span><\/p>\r\n  <p><span>Woodwork (for Civil Engineering Tech.),<\/span><\/p>\r\n  <p><span>Further Mathematics<\/span><\/p>\r\n  <p><span>English Language,<\/span><\/p>\r\n  <p><span>Geography,<\/span><\/p>\r\n  <p><span>Economics\/Commerce.<\/span><\/p>\r\n  <p><span>For Marine Engineering and Industrial Safety &amp;\r\n  Environmental Engineering. 'O' Level pass in Biology is required.<\/span><\/p>\r\n  <p><span>At least 'O' Level credit pass in English Language\r\n  is required.<\/span><\/p>\r\n  <p><span>&nbsp;<\/span><\/p>\r\n  <\/td>\r\n <\/tr>\r\n<\/tbody><\/table>","subjects":"Mathematics, Physics, Chemistry","institutions_list":"FEDPO-BAU"},{"id":"9629","title":"ESTATE MANAGEMENT & VALUATION","de_requirements":"","utme_requirements":"<p><span>Five (5) 'O' Level credit passes in Mathematics,\r\nEnglish Language, a basic science subject and any two (2) from the following:<\/span><\/p><p><span>Geography,<\/span><\/p><p><span>Economics\/Commerce,<\/span><\/p><p><span>Physics,<\/span><\/p><p><span>Biology,<\/span><\/p><p><span>Chemistry,<\/span><\/p><p><span>Technical Drawing,<\/span><\/p><p><span>Fine Art,<\/span><\/p><p><span>Woodwork,<\/span><\/p><p><span>Literature,<\/span><\/p><p><span>Metal Work,<\/span><\/p><p><span>Principles of Accounts and Book Keeping<\/span><\/p><p>\r\n\r\n\r\n\r\n\r\n\r\n\r\n\r\n\r\n\r\n\r\n\r\n\r\n\r\n\r\n\r\n\r\n\r\n\r\n\r\n\r\n\r\n\r\n\r\n<\/p><p><span>Government<\/span><\/p>","subjects":"Mathematics and any two (2) of Economics, Arts, Physics, Chemistry, Biology","institutions_list":"FEDPO-BAU"},{"id":"9630","title":"FOOD TECHNOLOGY","de_requirements":"","utme_requirements":"<p><span>Five (5) SSC credit passes in Mathematics, Chemistry\r\nand Biology\/Agricultural Science\/Health Science and any two <\/span>(2) <span>of the following:<\/span><\/p><p><span>Physics, Technical Drawing,<\/span><\/p><p><span>Economics\/Commerce,<\/span><\/p><p><span>English Language,<\/span><\/p><p><span>Additional\/Further Mathematics,<\/span><\/p><p><span>Home Economics, Food and Nutrition,<\/span><\/p><p><span>Geography, Physics and English Language.<\/span><\/p><p><span>&nbsp;<\/span><\/p><p>\r\n\r\n\r\n\r\n\r\n\r\n\r\n\r\n\r\n\r\n\r\n\r\n\r\n\r\n\r\n\r\n<\/p><p><span>&nbsp;<\/span><\/p>","subjects":"Biology\/Agricultural Science and any two (2) of the following: Physics, Chemistry, Mathematics and Economics","institutions_list":"FEDPO-BAU"},{"id":"9602","title":"FORESTRY TECHNOLOGY","de_requirements":"","utme_requirements":"<p><span>Five (5) SSC credit passes in Mathematics, Physics and Chemistry and any two (2) subjects from:<\/span><span><\/span><\/p><p><span>Biology\/Agricultural Science <\/span><span><\/span><\/p><p><span>Technical Drawing,<\/span><span><\/span><\/p><p><span>Basic Electronics\/Basic Electricity,<\/span><span><\/span><\/p><p><span>Auto Mechanics,<\/span><span><\/span><\/p><p><span>Metal Work, Woodwork for Civil Engineering Technology,<\/span><span><\/span><\/p><p><span>Further Mathematics<\/span><span><\/span><\/p><p><span>English Language, Geography,<\/span><span><\/span><\/p><p><span>Economics\/Commerce.<\/span><span><\/span><\/p><p><span>For Marine Engineering and Industrial Safety &amp; Environmental Engineering. 'O' Level pass in Biology is required.<\/span><span><\/span><\/p><p><span>'O' Level credit pass in English Language is required.<\/span><\/p>","subjects":"Mathematics and any two (2) of Chemistry, Physics or Technical Drawing.","institutions_list":"FEDPO-BAU"},{"id":"9603","title":"HOSPITALITY MANAGEMENT","de_requirements":"","utme_requirements":"<p><span>Five (5) SSC credit passes in Biology\/Agricultural Science,<\/span><span><\/span><\/p><p><span>Mathematics and any three (3) of the following:<\/span><span><\/span><\/p><p><span>Geography,<\/span><span><\/span><\/p><p><span>Food and Nutrition,<\/span><span><\/span><\/p><p><span>Economics,<\/span><span><\/span><\/p><p><span>Technical Drawing,<\/span><span><\/span><\/p><p><span>English Language,<\/span><span><\/span><\/p><p><span>Physics,<\/span><span><\/span><\/p><p><span>Chemistry,<\/span><span><\/span><\/p><p><span>Nigerian Language,<\/span><span><\/span><\/p><p><span>Home Economics.<\/span><span><\/span><\/p><p><span>'O' Level credit passes in English Language and Chemistry are compulsory.<\/span><\/p>","subjects":"Biology\/Agricultural Science and two (2) of Physics, Chemistry, Mathematics and Economics","institutions_list":"FEDPO-BAU"},{"id":"9624","title":"LEISURE & TOURISM MANAGEMENT","de_requirements":"","utme_requirements":"<p><span>Five (5) SSC credit passes in English Language, Geography, a Basic Science subject and two (2) of<\/span><span><\/span><\/p><p><span>Economics\/Commerce, History, Book Keeping Principles of Accounting, Mathematics, Fine Arts, French Language, Government, Food and Nutrition, Nigerian Language, Home Economics<\/span><span><\/span><\/p><p><span><o>&nbsp;<\/o:p><\/span><\/p><p><span>A credit pass in Mathematics is compulsory.<\/span>&nbsp;&nbsp;&nbsp;&nbsp;<span><\/span><\/p>","subjects":"Mathematics, Chemistry and Physics.","institutions_list":"FEDPO-BAU"},{"id":"9604","title":"LIBRARY & INFORMATION SCIENCE","de_requirements":"","utme_requirements":"<p><span>Five (5) SSC credit passes in English Language and Mathematics and any three (3) other subjects from:<\/span><span><\/span><\/p><p><span>History,<\/span><span><\/span><\/p><p><span>Literature in English,<\/span><span><\/span><\/p><p><span>Economics\/Commerce,<\/span><span><\/span><\/p><p><span>Fine Arts,<\/span><span><\/span><\/p><p><span>Government,<\/span><span><\/span><\/p><p><span>Biology<\/span><span><\/span><\/p><p><span>Physics,<\/span><span><\/span><\/p><p><span>Chemistry<\/span><span><\/span><\/p><p><span>Basic Electricity<\/span><span><\/span><\/p><p><span>Geography,<\/span><span><\/span><\/p><p><span>Typewriting,<\/span><span><\/span><\/p><p><span>Commerce\/Principles of Accounting.<\/span>&nbsp;&nbsp;&nbsp;&nbsp;<\/p>","subjects":"Any three (3) subjects from Arts\/Social Science\/Physical Science.","institutions_list":"FEDPO-BAU"},{"id":"9623","title":"MARKETING","de_requirements":"","utme_requirements":"<p><span>Five (5) SSC credit passes in English Language, not\r\nLiterature in English and Mathematics and any three (3) subjects from the\r\nfollowing:<\/span><\/p><p><span>Economics\/Commerce,<\/span><\/p><p><span>Business Methods,<\/span><\/p><p><span>Principles of Accounts,<\/span><\/p><p><span>Literature in English<\/span><\/p><p><span>Geography<\/span><\/p><p><span>Office Practice<\/span><\/p><p><span>Biology\/Agricultural Science,<\/span><\/p><p><span>Chemistry,<\/span><\/p><p><span>Physics,<\/span><\/p><p><span>History\/Government<\/span><\/p><p><span>Typewriting <\/span><\/p><p>\r\n\r\n\r\n\r\n\r\n\r\n\r\n\r\n\r\n\r\n\r\n\r\n\r\n\r\n\r\n\r\n\r\n\r\n\r\n\r\n\r\n\r\n\r\n\r\n<span>Shorthand<\/span><br><\/p>","subjects":"Mathematics and two (2) of Geography, Commerce, Government, Principles of Accounts and Economics","institutions_list":"FEDPO-BAU"},{"id":"9605","title":"MASS COMMUNICATION","de_requirements":"","utme_requirements":"<p><span>Five (5) SSC credit passes in English Language and Mathematics and any three (3) other subjects from:<\/span><span><\/span><\/p><p><span>History,<\/span><span><\/span><\/p><p><span>Literature in English,<\/span><span><\/span><\/p><p><span>Economics\/Commerce,<\/span><span><\/span><\/p><p><span>Fine Arts,<\/span><span><\/span><\/p><p><span>Government,<\/span><span><\/span><\/p><p><span>Biology<\/span><span><\/span><\/p><p><span>Physics,<\/span><span><\/span><\/p><p><span>Chemistry<\/span><span><\/span><\/p><p><span>Basic Electricity<\/span><span><\/span><\/p><p><span>Geography,<\/span><span><\/span><\/p><p><span>Typewriting,<\/span><span><\/span><\/p><p><span>Commerce\/Principles of Accounting.<\/span>&nbsp;&nbsp;&nbsp;&nbsp;<span><\/span><\/p>","subjects":"Any three (3) subjects from Arts\/Social Science\/Physical Science.","institutions_list":"FEDPO-BAU"},{"id":"9606","title":"MECHANICAL ENGINEERING TECHNOLOGY","de_requirements":"","utme_requirements":"<p><span>Five (5) SSC credit passes in English Language, Mathematics, Physics, Chemistry and any one (1) subject from:<\/span><span><\/span><\/p><p><span>Biology\/Agricultural Science <\/span><span><\/span><\/p><p><span>Technical Drawing,<\/span><span><\/span><\/p><p><span>Basic Electronics\/Basic Electricity,<\/span><span><\/span><\/p><p><span>Auto Mechanics,<\/span><span><\/span><\/p><p><span>Metal Work,<\/span><span><\/span><\/p><p><span>Woodwork (for Civil Engineering Tech.),<\/span><span><\/span><\/p><p><span>Further Mathematics<\/span><span><\/span><\/p><p><span>English Language,<\/span><span><\/span><\/p><p><span>Geography,<\/span><span><\/span><\/p><p><span>Economics\/Commerce.<\/span><span><\/span><\/p><p><span>For Marine Engineering and Industrial Safety &amp; Environmental Engineering. 'O' Level pass in Biology is required.<\/span><\/p>","subjects":"Mathematics, Chemistry and Physics.","institutions_list":"FEDPO-BAU"},{"id":"9607","title":"MECHATRONICS ENGINEERING TECHNOLOGY","de_requirements":"","utme_requirements":"<p><span>Five (5) SSC credit passes in Mathematics, Physics and Chemistry and any two (2) subjects from<\/span><span><\/span><\/p><p><span>Biology\/Agricultural Science <\/span><span><\/span><\/p><p><span>Technical Drawing,<\/span><span><\/span><\/p><p><span>Basic Electronics\/Basic Electricity,<\/span><span><\/span><\/p><p><span>Auto Mechanics,<\/span><span><\/span><\/p><p><span>Metal Work,<\/span><span><\/span><\/p><p><span>Woodwork for Civil Engineering Technology,<\/span><span><\/span><\/p><p><span>Further Mathematics<\/span><span><\/span><\/p><p><span>English Language,<\/span><span><\/span><\/p><p><span>Geography,<\/span><span><\/span><\/p><p><span>Economics\/Commerce.<\/span><span><\/span><\/p><p><span>'O' Level credit pass in English Language is required.<\/span><\/p>","subjects":"Mathematics, Chemistry and Physics.","institutions_list":"FEDPO-BAU"},{"id":"9615","title":"NUTRITION & DIETETICS","de_requirements":"","utme_requirements":"<p><span>Five (5) SSC credit passes in Chemistry, Biology\/Agricultural Science\/Health Science and any three (3) of the following:<\/span><span><\/span><\/p><p><span>Food and Nutrition,<\/span><span><\/span><\/p><p><span>Mathematics,<\/span><span><\/span><\/p><p><span>Economics\/Commerce,<\/span><span><\/span><\/p><p><span>Physics,<\/span><span><\/span><\/p><p><span>English Language,<\/span><span><\/span><\/p><p><span>Home Management.<\/span><span><\/span><\/p><p><span>'O' Level credit passes in English Language and Mathematics are required.<\/span>&nbsp;&nbsp;&nbsp;&nbsp;&nbsp;&nbsp;&nbsp;&nbsp;<span><\/span><\/p>","subjects":"Chemistry, Biology and Agricultural Science","institutions_list":"FEDPO-BAU"},{"id":"9621","title":"OFFICE TECHNOLOGY & MANAGEMENT","de_requirements":"","utme_requirements":"<p><span>Five (5) SSC credit passes in English Language (not Literature in English) and Mathematics and any three (3) of the following: Economics\/Commerce, Business Methods, Principles of Accounts, Literature in English, Geography, Office Practice, Biology\/Agricultural Science, Chemistry, Physics, History\/Government, Typewriting, Shorthand<\/span><\/p>","subjects":"Any three (3) of: \r\n1. Mathematics\r\n2. Economics\r\n3. Commerce\r\n4. History\/Govt.\r\n5. Geography\r\n6. CRS\/IS\r\n7. Principles   of \r\n     Accounts.","institutions_list":"FEDPO-BAU"},{"id":"9612","title":"PRODUCTION TECH.","de_requirements":"","utme_requirements":"<table>\r\n <tbody><tr>\r\n  <td>\r\n  <p><span>Five (5) SSC credit passes in Biology\/Agricultural\r\n  Science,<\/span><span><\/span><\/p>\r\n  <p><span>Mathematics and any three (3) of the following:<\/span><\/p>\r\n  <p><span>Geography,<\/span><\/p>\r\n  <p><span>Food and Nutrition,<\/span><\/p>\r\n  <p><span>Economics,<\/span><\/p>\r\n  <p><span>Technical Drawing,<\/span><\/p>\r\n  <p><span>English Language,<\/span><\/p>\r\n  <p><span>Physics,<\/span><\/p>\r\n  <p><span>Chemistry,<\/span><\/p>\r\n  <p><span>Nigerian Language,<\/span><\/p>\r\n  <p><span>Home Economics.<\/span><\/p>\r\n  <p><span>At least 'O' Level credit passes in English\r\n  Language and Chemistry are compulsory.<\/span><\/p>\r\n  <p><span><o>&nbsp;<\/o:p><\/span><\/p>\r\n  <\/td>\r\n <\/tr>\r\n<\/tbody><\/table>","subjects":"Biology\/Agricultural Science, Chemistry and any other Science subject","institutions_list":"FEDPO-BAU"},{"id":"9617","title":"PUBLIC  ADMINISTRATION","de_requirements":"","utme_requirements":"<p><span>Five (5) 'O' Level credit passes in English Language not Literature in English and Mathematics and any three (3) subjects of the following Economics\/Commerce, Business Methods, Principles of Accounts, Literature in English Geography, Office Practice Government, Biology\/Agricultural Science, Chemistry, Physics, History\/Government Typewriting Shorthand<\/span>&nbsp;&nbsp;&nbsp;&nbsp;<span>&nbsp;<\/span><span><\/span><\/p>","subjects":"Government, History and Economics","institutions_list":"FEDPO-BAU"},{"id":"9619","title":"QUANTITY SURVEYING","de_requirements":"","utme_requirements":"<p>&nbsp; &nbsp;&nbsp;<span>Five (5) SSC credit passes in Mathematics and Physics and any three (3) of the following Economics\/Commerce, Technical Drawing\/Fine Arts, Chemistry, Geography, Further Mathematics Woodwork, Biology, Religious Knowledge, Metal Work, and 'O' Level credit pass in English Language is Compulsory. &nbsp;'O' Level pass in Art or Technical Drawing is required.<\/span><br><\/p><p><span><\/span><\/p>","subjects":"Any three (3) of Physics, Mathematics, Geography, Economics, Biology\/Agricultural Science","institutions_list":"FEDPO-BAU"},{"id":"9620","title":"SCIENCE LABORATORY TECHNOLOGY","de_requirements":"","utme_requirements":"<p><span>Five (5) SSC credit passes in Mathematics and two (2) of Physics,<\/span><span><\/span><\/p><p><span>Biology\/Agricultural Science\/Health Science, Chemistry,<\/span><span><\/span><\/p><p><span>and two (2) other subjects from Technical Drawing, Metal or Wood Work, Basic Electricity, Geography, Further Mathematics, and Fine Arts. <\/span><span><\/span><\/p><p><span>'O' Level credit pass in each of the three (3) Basic Science subjects - Biology, Chemistry, Physics and a 'O' Level credit pass in English Language is compulsory.<\/span><span><\/span><\/p>","subjects":"Any three (3) of Mathematics, Biology\/Agricultural Science or Physics","institutions_list":"FEDPO-BAU"},{"id":"9622","title":"STATISTICS","de_requirements":"","utme_requirements":"<p><span>Five (5) SSC credit passes in Mathematics, Basic Science and any three (3) of the following:<\/span><span><\/span><\/p><p><span>Economics,<\/span><span><\/span><\/p><p><span>Geography,<\/span><span><\/span><\/p><p><span>Government\/History,<\/span><span><\/span><\/p><p><span>Further Mathematics,<\/span><span><\/span><\/p><p><span>Physics,<\/span><span><\/span><\/p><p><span>Chemistry,<\/span><span><\/span><\/p><p><span>Biology\/Agricultural Science.<\/span><span><\/span><\/p><p><span>English Language,<\/span><span><\/span><\/p><p><span>Typewriting, <\/span><span><\/span><\/p><p><span>'O' Level credit passes in English Language and Physics are compulsory.<\/span><\/p>","subjects":"Any of the three (3): \r\n1. Economics\/  \r\n     Commerce\r\n2. History\/Government\r\n3. CRS\/IS\r\n4. Mathematics","institutions_list":"FEDPO-BAU"},{"id":"9625","title":"SURVEYING & GEO-INFORMATICS","de_requirements":"","utme_requirements":"<p><span>Five (5) SSC credit passes in Mathematics and Physics and any other three (3) subjects from the following:<\/span><span><\/span><\/p><p><span>Further Mathematics,<\/span><span><\/span><\/p><p><span>Chemistry;<\/span><span><\/span><\/p><p><span>Technical Drawing\/Fine Art,<\/span><span><\/span><\/p><p><span>Geography,<\/span><span><\/span><\/p><p><span>Economics\/Commerce,<\/span><span><\/span><\/p><p><span>Biology\/Agricultural Science,<\/span><span><\/span><\/p><p><span>English Language,<\/span><span><\/span><\/p><p><span>Basic Electricity<\/span><span><\/span><\/p><p><span>At least 'O' Level credit pass in English Language is compulsory.<\/span><span><\/span><\/p><p><span><o>&nbsp;<\/o:p><\/span>&nbsp;&nbsp;&nbsp;&nbsp;<\/p>","subjects":"Any three (3) of Chemistry\/Agricultural Science, Biology, Economics and Mathematics","institutions_list":"FEDPO-BAU"}]