[{"id":"9737","title":"ACCOUNTANCY","de_requirements":"","utme_requirements":"<p><span>Five (5) SSC credit passes in English\r\nLanguage not Literature in English and Mathematics and any three (3) subjects\r\nfrom the following<\/span><span><\/span><\/p><p><span>Economics\/Commerce,<\/span><\/p><p><span>Business Methods,<\/span><\/p><p><span>Principles of Accounts,<\/span><\/p><p><span>Literature in English<\/span><\/p><p><span>Geography<\/span><\/p><p><span>Office Practice<\/span><\/p><p><span>Government,<\/span><\/p><p><span>Biology\/Agricultural Science,<\/span><\/p><p><span>Chemistry,<\/span><\/p><p><span>Physics,<\/span><\/p><p><span>History\/Government<\/span><\/p><p><span>Typewriting <\/span><\/p><p>\r\n\r\n\r\n\r\n\r\n\r\n\r\n\r\n\r\n\r\n\r\n\r\n\r\n\r\n\r\n\r\n\r\n\r\n\r\n\r\n\r\n\r\n\r\n\r\n\r\n\r\n<\/p><p><span>Shorthand<\/span><\/p>","subjects":"Mathematics and two (2) of Geography, Commerce, Government, Principles of Accounts and Economics.","institutions_list":"FEDPO-FFA"},{"id":"9738","title":"ARCHITECTURAL TECHNOLOGY","de_requirements":"<p>NIL<br><\/p>","utme_requirements":"<p><span>Five (5) SSCE credit passes in English Language, Mathematics and&nbsp;\r\nPhysics and two others from the following<\/span><span>:<\/span><\/p><p><span><br><\/span><\/p><p><span><\/span><\/p><p><span><br><\/span><\/p><p><span>Fine Art,<\/span><\/p><p><span>Technical Drawing,<\/span><\/p><p><span>Wood Work,<\/span><\/p><p><span>Metal Work,<\/span><\/p><p><span>Building Construction,<\/span><\/p><p><span>Geography,<br><\/span><\/p><p><span>Chemistry,<br><\/span><\/p><p><span>Biology,<\/span><\/p><p><span>Carpentry &amp; Joinery\/Furniture Making,<\/span><\/p><p><span>Electrical Installation and Maintenance,<\/span><\/p><p><span>Plumbing,<\/span><\/p><p><span>Electronics.<br><\/span><\/p><p><span><br><\/span><\/p><p><span><br><\/span><\/p><p><span><br><\/span><\/p><p><span><\/span><\/p>","subjects":"English Language, Mathematics, Physics and any one (1) of Chemistry, Geography and Technical Drawing.","institutions_list":"FEDPO-FFA"},{"id":"9739","title":"BANKING & FINANCE","de_requirements":"","utme_requirements":"<p><span>Five (5) SSC credit passes in English Language (not Literature in\r\nEnglish) and Mathematics and any three (3) subjects from the following:<\/span><span><\/span><\/p><p><span>Economics\/Commerce,<\/span><\/p><p><span>Business\r\nMethods,<\/span><\/p><p><span>Principles\r\nof Accounts,<\/span><\/p><p><span>Literature\r\nin English<\/span><\/p><p><span>Geography<\/span><\/p><p><span>Office\r\nPractice<\/span><\/p><p><span>Biology\/Agricultural\r\nScience,<\/span><\/p><p><span>Chemistry,<\/span><\/p><p><span>Physics,<\/span><\/p><p><span>History\/Government<\/span><\/p><p><span>Typewriting\r\n<\/span><\/p><p>\r\n\r\n\r\n\r\n\r\n\r\n\r\n\r\n\r\n\r\n\r\n\r\n\r\n\r\n\r\n\r\n\r\n\r\n\r\n\r\n\r\n\r\n\r\n\r\n<\/p><p><span>Shorthand<\/span><\/p>","subjects":"Mathematics and any two (2) of Economics, Geography, History, Government, Commerce or Principles of Accounts.","institutions_list":"FEDPO-FFA"},{"id":"9740","title":"BUILDING TECHNOLOGY","de_requirements":"","utme_requirements":"<table>\r\n <tbody><tr>\r\n  <td>\r\n  <p><span>Five (5) SSC credit passes in Mathematics and Physics and any three\r\n  (3) of the following:<\/span><span><\/span><\/p>\r\n  <p><span>Economics\/Commerce,<\/span><\/p>\r\n  <p><span>Technical Drawing\/Fine Art,<\/span><\/p>\r\n  <p><span>Chemistry,<\/span><\/p>\r\n  <p><span>Geography,<\/span><\/p>\r\n  <p><span>Further Mathematics<\/span><\/p>\r\n  <p><span>Woodwork,<\/span><\/p>\r\n  <p><span>Biology,<\/span><\/p>\r\n  <p><span>Religious Knowledge,<\/span><\/p>\r\n  <p><span>Metal Work,<\/span><\/p>\r\n  <p><span>And at least a credit pass in English Language is Compulsory.&nbsp; A pass in Art or Technical Drawing will be\r\n  an advantage.<\/span><\/p>\r\n  <\/td>\r\n <\/tr>\r\n<\/tbody><\/table>","subjects":"Mathematics, Physics and Chemistry or Fine Arts.","institutions_list":"FEDPO-FFA"},{"id":"9741","title":"BUSINESS ADMINISTRATION & MANAGEMENT","de_requirements":"<p>NIL<br><\/p>","utme_requirements":"<p><span>Five (5) SSCE credit passes in English Language, Mathematics, Economics\/Commerce and any two () credit passes from the\r\nfollowing:<\/span><\/p><p><span><br><\/span><\/p><p><span>Account\/Book-Keeping\/Financial Accounting\/Cost Accounting,<\/span><\/p><p><span>Office Practice,<\/span><\/p><p><span>Government\/Civic Education,<\/span><\/p><p><span>Geography,<\/span><\/p><p><span>Agric Science\/Animal Husbandry\/Fishery\/Biology,<\/span><\/p><p><span>Information &amp; Communication Technology\/Computer Science,<\/span><\/p><p><span>Marketing,<\/span><\/p><p><span>Insurance,<\/span><\/p><p><span>Business Method<br><\/span><\/p><p><span><br><\/span><\/p><p><span><br><\/span><\/p><p><span><br><\/span><\/p><p><span><br><\/span><\/p><p><span><br><\/span><\/p><p><span><br><\/span><\/p><p><span><br><\/span><\/p><br>","subjects":"Mathematics and two (2) of Geography, Commerce, Government, Principles of Accounts and Economics","institutions_list":"FEDPO-FFA"},{"id":"9748","title":"CIVIL ENGINEERING TECHNOLOGY","de_requirements":"","utme_requirements":"<table>\r\n <tbody><tr>\r\n  <td>\r\n  <p><span>Five (5) SSC credit passes in Mathematics, Physics\r\n  and Chemistry and any two (2) subjects from:<\/span><\/p>\r\n  <p><span>Biology\/Agricultural Science <\/span><\/p>\r\n  <p><span>Technical Drawing,<\/span><\/p>\r\n  <p><span>Basic Electronics\/Basic Electricity,<\/span><\/p>\r\n  <p><span>Auto Mechanics,<\/span><\/p>\r\n  <p><span>Metal Work,<\/span><\/p>\r\n  <p><span>Woodwork for Civil Engineering Technology,<\/span><\/p>\r\n  <p><span>Further Mathematics<\/span><\/p>\r\n  <p><span>English Language,<\/span><\/p>\r\n  <p><span>Geography,<\/span><\/p>\r\n  <p><span>Economics\/Commerce.<\/span><\/p>\r\n  <p><span>For Marine Engineering and Industrial Safety &amp;\r\n  Environmental Engineering a pass in Biology is required.<\/span><\/p>\r\n  <p><span>At least 'O' Level credit pass in English Language\r\n  is required.<\/span><\/p>\r\n  <\/td>\r\n <\/tr>\r\n<\/tbody><\/table>","subjects":"Mathematics, Physics and Chemistry.","institutions_list":"FEDPO-FFA"},{"id":"9750","title":"COMPUTER ENGINEERING","de_requirements":"","utme_requirements":"<table>\r\n <tbody><tr>\r\n  <td>\r\n  <p><span>Five (5) SSC credit passes in Mathematics, Physics\r\n  and Chemistry and any two (2) subjects from:<\/span><\/p>\r\n  <p><span>Biology\/Agricultural Science <\/span><\/p>\r\n  <p><span>Technical Drawing,<\/span><\/p>\r\n  <p><span>Basic Electronics\/Basic Electricity,<\/span><\/p>\r\n  <p><span>Auto Mechanics,<\/span><\/p>\r\n  <p><span>Metal Work,<\/span><\/p>\r\n  <p><span>Woodwork (for Civil Engineering Tech.),<\/span><\/p>\r\n  <p><span>Further Mathematics<\/span><\/p>\r\n  <p><span>English Language,<\/span><\/p>\r\n  <p><span>Geography,<\/span><\/p>\r\n  <p><span>Economics\/Commerce.<\/span><\/p>\r\n  <p><span>For Marine Engineering and Industrial Safety &amp;\r\n  Environmental Engineering a pass in Biology is required.<\/span><\/p>\r\n  <p><span>'O' Level credit pass in English Language is\r\n  required.<\/span><\/p>\r\n  <p><span>&nbsp;<\/span><\/p>\r\n  <\/td>\r\n <\/tr>\r\n<\/tbody><\/table>","subjects":"Mathematics, Physics and Chemistry.","institutions_list":"FEDPO-FFA"},{"id":"9749","title":"COMPUTER SCIENCE","de_requirements":"","utme_requirements":"<p><span>Five (5)\r\nSSC credit passes in Mathematics, a basic science and three (3) other subjects\r\nchosen from the following:<\/span><\/p><p><span>Economics,<\/span><\/p><p><span>Geography,<\/span><\/p><p><span>Government\/History,<\/span><\/p><p><span>Further\r\nMathematics,<\/span><\/p><p><span>Physics,<\/span><\/p><p><span>Chemistry,<\/span><\/p><p><span>Biology\/Agricultural\r\nScience.<\/span><\/p><p><span>English\r\nLanguage,<\/span><\/p><p><span>Typewriting,<\/span><\/p><p>\r\n\r\n\r\n\r\n\r\n\r\n\r\n\r\n\r\n\r\n\r\n\r\n\r\n\r\n\r\n\r\n\r\n\r\n\r\n\r\n<\/p><p><span>'O'\r\nLevel credit passes in English Language and Physics is compulsory.<\/span><\/p>","subjects":"Mathematics and any two (2) of Geography, Physics, Economics or Chemistry.","institutions_list":"FEDPO-FFA"},{"id":"9751","title":"ELECTRICAL\/ELECTRONICS ENGINEERING","de_requirements":"","utme_requirements":"<table>\r\n <tbody><tr>\r\n  <td>\r\n  <p><span>Five (5) 'O' Level credit passes in Mathematics, Physics\r\n  and Chemistry and any two (2) subjects from:<\/span><\/p>\r\n  <p><span>Biology\/Agricultural Science <\/span><\/p>\r\n  <p><span>Technical Drawing,<\/span><\/p>\r\n  <p><span>Basic Electronics\/Basic Electricity,<\/span><\/p>\r\n  <p><span>Auto Mechanics,<\/span><\/p>\r\n  <p><span>Metal Work,<\/span><\/p>\r\n  <p><span>Woodwork (for Civil Engineering Tech.),<\/span><\/p>\r\n  <p><span>Further Mathematics<\/span><\/p>\r\n  <p><span>English Language,<\/span><\/p>\r\n  <p><span>Geography,<\/span><\/p>\r\n  <p><span>Economics\/Commerce.<\/span><\/p>\r\n  <p><span>For Marine Engineering and Industrial Safety &amp;\r\n  Environmental Engineering. 'O' Level pass in Biology is required.<\/span><\/p>\r\n  <p><span>At least 'O' Level credit pass in English Language\r\n  is required.<\/span><\/p>\r\n  <p><span>&nbsp;<\/span><\/p>\r\n  <\/td>\r\n <\/tr>\r\n<\/tbody><\/table>","subjects":"Mathematics, Physics, Chemistry","institutions_list":"FEDPO-FFA"},{"id":"9752","title":"ESTATE MANAGEMENT & VALUATION","de_requirements":"","utme_requirements":"<p><span>Five (5) 'O' Level credit passes in Mathematics,\r\nEnglish Language, a basic science subject and any two (2) from the following:<\/span><\/p><p><span>Geography,<\/span><\/p><p><span>Economics\/Commerce,<\/span><\/p><p><span>Physics,<\/span><\/p><p><span>Biology,<\/span><\/p><p><span>Chemistry,<\/span><\/p><p><span>Technical Drawing,<\/span><\/p><p><span>Fine Art,<\/span><\/p><p><span>Woodwork,<\/span><\/p><p><span>Literature,<\/span><\/p><p><span>Metal Work,<\/span><\/p><p><span>Principles of Accounts and Book Keeping<\/span><\/p><p>\r\n\r\n\r\n\r\n\r\n\r\n\r\n\r\n\r\n\r\n\r\n\r\n\r\n\r\n\r\n\r\n\r\n\r\n\r\n\r\n\r\n\r\n\r\n\r\n<\/p><p><span>Government<\/span><\/p>","subjects":"Mathematics and any two (2) of Economics, Arts, Physics, Chemistry, Biology","institutions_list":"FEDPO-FFA"},{"id":"9753","title":"FOOD TECHNOLOGY","de_requirements":"","utme_requirements":"<p><span>Five (5) SSC credit passes in Mathematics, Chemistry\r\nand Biology\/Agricultural Science\/Health Science and any two <\/span>(2) <span>of the following:<\/span><\/p><p><span>Physics, Technical Drawing,<\/span><\/p><p><span>Economics\/Commerce,<\/span><\/p><p><span>English Language,<\/span><\/p><p><span>Additional\/Further Mathematics,<\/span><\/p><p><span>Home Economics, Food and Nutrition,<\/span><\/p><p><span>Geography, Physics and English Language.<\/span><\/p><p><span>&nbsp;<\/span><\/p><p>\r\n\r\n\r\n\r\n\r\n\r\n\r\n\r\n\r\n\r\n\r\n\r\n\r\n\r\n\r\n\r\n<\/p><p><span>&nbsp;<\/span><\/p>","subjects":"Biology\/Agricultural Science and any two (2) of the following: Physics, Chemistry, Mathematics and Economics","institutions_list":"FEDPO-FFA"},{"id":"9733","title":"INSURANCE","de_requirements":"<p>NIL<br><\/p>","utme_requirements":"<p><span>Five (5) SSC credit passes in English Language not Literature in English and Mathematics and any three (3) subjects from the following<\/span><span><\/span><\/p><p><span>Economics\/Commerce,<\/span><span><\/span><\/p><p><span>Business Methods,<\/span><span><\/span><\/p><p><span>Principles of Accounts,<\/span><span><\/span><\/p><p><span>Literature in English<\/span><span><\/span><\/p><p><span>Geography<\/span><span><\/span><\/p><p><span>Office Practice<\/span><span><\/span><\/p><p><span>Government,<\/span><span><\/span><\/p><p><span>Biology\/Agricultural Science,<\/span><span><\/span><\/p><p><span>Chemistry,<\/span><span><\/span><\/p><p><span>Physics,<\/span><span><\/span><\/p><p><span>History\/Government<\/span><span><\/span><\/p><p><span>Typewriting and Shorthand<\/span>\u00a0\u00a0\u00a0\u00a0\u00a0\u00a0\u00a0\u00a0<span><\/span><\/p>","subjects":"<p>English Language, Mathematics and any two (2) of the following:<\/p><p>Economics, <\/p><p>Commerce,<\/p><p>Geography or Principles of Accounts,<\/p><p>Insurance,<\/p><p>Government,<\/p><p>Marketing<br><\/p>","institutions_list":"FEDPO-FFA"},{"id":"9734","title":"LIBRARY & INFORMATION SCIENCE","de_requirements":"<p>NIL<br><\/p>","utme_requirements":"<p><span>Five (5) SSCE credit passes in English Language and Mathematics and any three (3) other subjects from:<\/span><span><\/span><\/p><p><span><br><\/span><\/p><p><span>Chemistry,<\/span><\/p><p><span>Physics,<\/span><\/p><p><span>Biology,<\/span><\/p><p><span>Geography,<\/span><\/p><p><span>Agric Science,<\/span><\/p><p><span>Animal Husbandry,<\/span><\/p><p><span>Computer Science\/ICT,<\/span><\/p><p><span>Economics,<\/span><\/p><p><span>Financial Accounting\/Principle of Account\/Book Keeping,<\/span><\/p><p><span>Commerce,<\/span><\/p><p><span>Literature in English,<\/span><\/p><p><span>History\/Government,<\/span><\/p><p><span>Civic Education,<\/span><\/p><p><span>CRK\/IRK<\/span><\/p><p><span>Yoruba\/Igbo\/Hausa<br><\/span><\/p><p><span><br><\/span><\/p><p><span><br><\/span><\/p><p><span><br><\/span><\/p><p><span><br><\/span><\/p><p><span><br><\/span><\/p><p><span><br><\/span><\/p><p><span><br><\/span><\/p><p><span><br><\/span><\/p><p><span><br><\/span><\/p><p><span><br><\/span><\/p><p><span><br><\/span><\/p><p><span><br><\/span><\/p><p><span><br><\/span><\/p><p><span><br><\/span><\/p><p><span>History,<\/span><span><\/span><\/p><p><span>Literature in English,<\/span><span><\/span><\/p><p><span>Economics\/Commerce,<\/span><span><\/span><\/p><p><span>Fine Arts,<\/span><span><\/span><\/p><p><span>Government,<\/span><span><\/span><\/p><p><span>Biology<\/span><span><\/span><\/p><p><span>Physics,<\/span><span><\/span><\/p><p><span>Chemistry<\/span><span><\/span><\/p><p><span>Basic Electricity<\/span><span><\/span><\/p><p><span>Geography,<\/span><span><\/span><\/p><p><span>Typewriting,<\/span><span><\/span><\/p><p><span>Commerce\/Principles of Accounting.<\/span>&nbsp;&nbsp;&nbsp;&nbsp;<\/p>","subjects":"Any three (3) subjects from Arts\/Social Science\/Physical Science.","institutions_list":"FEDPO-FFA"},{"id":"9735","title":"MASS COMMUNICATION","de_requirements":"","utme_requirements":"<p><span>Five (5) SSC credit passes in English Language and Mathematics and any three (3) other subjects from:<\/span><span><\/span><\/p><p><span>History,<\/span><span><\/span><\/p><p><span>Literature in English,<\/span><span><\/span><\/p><p><span>Economics\/Commerce,<\/span><span><\/span><\/p><p><span>Fine Arts,<\/span><span><\/span><\/p><p><span>Government,<\/span><span><\/span><\/p><p><span>Biology<\/span><span><\/span><\/p><p><span>Physics,<\/span><span><\/span><\/p><p><span>Chemistry<\/span><span><\/span><\/p><p><span>Basic Electricity<\/span><span><\/span><\/p><p><span>Geography,<\/span><span><\/span><\/p><p><span>Typewriting,<\/span><span><\/span><\/p><p><span>Commerce\/Principles of Accounting.<\/span>&nbsp;&nbsp;&nbsp;&nbsp;<span><\/span><\/p>","subjects":"Any three (3) subjects from Arts\/Social Science\/Physical Science.","institutions_list":"FEDPO-FFA"},{"id":"9736","title":"MECHANICAL ENGINEERING TECHNOLOGY","de_requirements":"","utme_requirements":"<p><span>Five (5) SSC credit passes in English Language, Mathematics, Physics, Chemistry and any one (1) subject from:<\/span><span><\/span><\/p><p><span>Biology\/Agricultural Science <\/span><span><\/span><\/p><p><span>Technical Drawing,<\/span><span><\/span><\/p><p><span>Basic Electronics\/Basic Electricity,<\/span><span><\/span><\/p><p><span>Auto Mechanics,<\/span><span><\/span><\/p><p><span>Metal Work,<\/span><span><\/span><\/p><p><span>Woodwork (for Civil Engineering Tech.),<\/span><span><\/span><\/p><p><span>Further Mathematics<\/span><span><\/span><\/p><p><span>English Language,<\/span><span><\/span><\/p><p><span>Geography,<\/span><span><\/span><\/p><p><span>Economics\/Commerce.<\/span><span><\/span><\/p><p><span>For Marine Engineering and Industrial Safety &amp; Environmental Engineering. 'O' Level pass in Biology is required.<\/span><\/p>","subjects":"Mathematics, Chemistry and Physics.","institutions_list":"FEDPO-FFA"},{"id":"9744","title":"OFFICE TECHNOLOGY & MANAGEMENT","de_requirements":"<p>NIL<br><\/p>","utme_requirements":"<p><span>Five (5) SSC credit passes in English Language (not Literature in English) and Mathematics and any three (3) of the following: Economics\/Commerce, Business Methods, Principles of Accounts, Literature in English, Geography, Office Practice, Biology\/Agricultural Science, Chemistry, Physics, History\/Government, Typewriting, Shorthand<\/span><\/p>","subjects":"English Language and any other three (3) of: Mathematics, Economics\/Commerce History\/Government\/Civic Education, CRS\/IRS, Literature in English.","institutions_list":"FEDPO-FFA"},{"id":"9742","title":"QUANTITY SURVEYING","de_requirements":"<p>NIL<br><\/p>","utme_requirements":"<p>&nbsp; &nbsp;&nbsp;<span>Five (5) SSCE credit passes in English Language, Mathematics and Physics are compulsory and any other two (2) subjects from the following:<\/span><\/p><p><span> Geography\/Economics,<\/span><\/p><p><span>Chemistry,<\/span><\/p><p><span>Biology\/Agric Science,<\/span><\/p><p><span>Technical Drawing,<\/span><\/p><p><span>Fine Arts, <\/span><\/p><p><span>Woodwork\/Metal Work,<\/span><\/p><p><br><\/p><p><span><\/span><\/p>","subjects":"<p>English Language, Mathematics, and any two from the following:<\/p><p>Biology,<\/p><p>Agric Science,<\/p><p>Geography, <\/p><p>Economics\/Commerce<\/p><p>Chemistry,<\/p><p>Technical Drawing,<\/p><p>Fine Art,<\/p><p>Wood\/Metal Work<\/p><p><br><\/p>","institutions_list":"FEDPO-FFA"},{"id":"9743","title":"SCIENCE LABORATORY TECHNOLOGY","de_requirements":"","utme_requirements":"<p><span>Five (5) SSC credit passes in Mathematics and two (2) of Physics,<\/span><span><\/span><\/p><p><span>Biology\/Agricultural Science\/Health Science, Chemistry,<\/span><span><\/span><\/p><p><span>and two (2) other subjects from Technical Drawing, Metal or Wood Work, Basic Electricity, Geography, Further Mathematics, and Fine Arts. <\/span><span><\/span><\/p><p><span>'O' Level credit pass in each of the three (3) Basic Science subjects - Biology, Chemistry, Physics and a 'O' Level credit pass in English Language is compulsory.<\/span><span><\/span><\/p>","subjects":"Any three (3) of Mathematics, Biology\/Agricultural Science or Physics","institutions_list":"FEDPO-FFA"},{"id":"9745","title":"STATISTICS","de_requirements":"<p>NIL<br><\/p>","utme_requirements":"<p><span>Five (5) SSCE credit passes in English Language and Mathematics are compulsory. Also credit passes in Biology or Chemistry or Physics or Agric Science or Health Science are compulsory. And&nbsp; credit passes from any two (2) of the following:<\/span><\/p><p><span><br><\/span><\/p><p><span>&nbsp;Geography,<\/span><span><\/span><\/p><p><span>Government\/History,<\/span><span><\/span><\/p><p><span>Economics\/Commerce,<\/span><\/p><p><span>Biology\/Agric Science\/Health Science<br><\/span><\/p><p><span>Chemistry,<\/span><span><\/span><\/p><p><span>Physics,<\/span><\/p><p><span>Civic Education,<\/span><\/p><p><span>Computer Science\/ICT<\/span><\/p><p><span><br><\/span><\/p><p><span><br><\/span><\/p><br>","subjects":"<p>English Language, Mathematics and any of two (2) of: <\/p><p><br><\/p><p>Economics\/  \r\n     Commerce,<\/p><p>Geography,<\/p><p>History\/Government,<\/p><p>Biology\/Agric Science,<\/p><p>Chemistry,<\/p><p>Physics.<br><\/p>","institutions_list":"FEDPO-FFA"},{"id":"9747","title":"SURVEYING & GEO-INFORMATICS","de_requirements":"","utme_requirements":"<p><span>Five (5) SSC credit passes in Mathematics and Physics and any other three (3) subjects from the following:<\/span><span><\/span><\/p><p><span>Further Mathematics,<\/span><span><\/span><\/p><p><span>Chemistry;<\/span><span><\/span><\/p><p><span>Technical Drawing\/Fine Art,<\/span><span><\/span><\/p><p><span>Geography,<\/span><span><\/span><\/p><p><span>Economics\/Commerce,<\/span><span><\/span><\/p><p><span>Biology\/Agricultural Science,<\/span><span><\/span><\/p><p><span>English Language,<\/span><span><\/span><\/p><p><span>Basic Electricity<\/span><span><\/span><\/p><p><span>At least 'O' Level credit pass in English Language is compulsory.<\/span><span><\/span><\/p><p><span><o>&nbsp;<\/o:p><\/span>&nbsp;&nbsp;&nbsp;&nbsp;<\/p>","subjects":"Any three (3) of Chemistry\/Agricultural Science, Biology, Economics and Mathematics","institutions_list":"FEDPO-FFA"},{"id":"9746","title":"URBAN & REGIONAL PLANNING","de_requirements":"<p>NIL<br><\/p>","utme_requirements":"<p><span>Five (5) SSCE credit passes in English Language, Mathematics are compulsory. And any other three subjects from the following:<\/span><\/p><p><span><br><\/span><\/p><p><span> Geography,<\/span><\/p><p><span>Biology,<\/span><\/p><p><span>Physics,<\/span><\/p><p><span>Chemistry,<\/span><\/p><p><span>Agric Science,<\/span><\/p><p><span>Economics,<\/span><\/p><p><span>Statistics\/Further Mathematics,<\/span><\/p><p><span>Technical Drawing,<\/span><\/p><p><span>Fine Art,<\/span><\/p><p><span>Information and Communication Technology\/Computer Science<\/span><\/p><p><span><br><\/span><\/p><p><span><br><\/span><\/p><p><span><br><\/span><\/p><p><span><br><\/span><\/p><p><span><br><\/span><\/p><p><span><br><\/span><\/p><p><span><br><\/span><\/p><p><span><br><\/span><\/p><p><span><br><\/span><\/p><p><span><br><\/span><\/p><p><span><br><\/span><span><\/span><\/p><br>","subjects":"<p>English Language, Mathematics and two (2) other subjects from the following:<\/p><p><br><\/p><p>Geography,<\/p><p>Physics,<\/p><p>Economics,<\/p><p>Biology,<\/p><p>Agric Science,<\/p><p>Technical Drawing or Fine Art<br><\/p>","institutions_list":"FEDPO-FFA"}]