[{"id":"9768","title":"ACCOUNTANCY","de_requirements":"","utme_requirements":"<p><span>Five (5) SSC credit passes in English\r\nLanguage not Literature in English and Mathematics and any three (3) subjects\r\nfrom the following<\/span><span><\/span><\/p><p><span>Economics\/Commerce,<\/span><\/p><p><span>Business Methods,<\/span><\/p><p><span>Principles of Accounts,<\/span><\/p><p><span>Literature in English<\/span><\/p><p><span>Geography<\/span><\/p><p><span>Office Practice<\/span><\/p><p><span>Government,<\/span><\/p><p><span>Biology\/Agricultural Science,<\/span><\/p><p><span>Chemistry,<\/span><\/p><p><span>Physics,<\/span><\/p><p><span>History\/Government<\/span><\/p><p><span>Typewriting <\/span><\/p><p>\r\n\r\n\r\n\r\n\r\n\r\n\r\n\r\n\r\n\r\n\r\n\r\n\r\n\r\n\r\n\r\n\r\n\r\n\r\n\r\n\r\n\r\n\r\n\r\n\r\n\r\n<\/p><p><span>Shorthand<\/span><\/p>","subjects":"Mathematics and two (2) of Geography, Commerce, Government, Principles of Accounts and Economics.","institutions_list":"FEDPO-IDAH"},{"id":"9769","title":"ARCHITECTURAL TECHNOLOGY","de_requirements":"","utme_requirements":"<p><span>Five (5) SSC credit passes in Mathematics,\r\nPhysics, <\/span><span>English Language and\r\nany two (2) subjects from the following:<\/span><\/p><p><span>Biology,<\/span><\/p><p><span>Fine Art,<\/span><\/p><p><span>Chemistry,<\/span><\/p><p><span>History<\/span><\/p><p><span>English Language,<\/span><\/p><p><span>Geography,<\/span><\/p><p><span>Further Mathematics<\/span><\/p><p><span>Economics\/Commerce,<\/span><\/p><p><span>Religious Knowledge,<\/span><\/p><p><span>Technical Drawing,<\/span><\/p><p><span>Business Method.<\/span><\/p><p>\r\n\r\n\r\n\r\n\r\n\r\n\r\n\r\n\r\n\r\n\r\n\r\n\r\n\r\n\r\n\r\n\r\n\r\n\r\n\r\n\r\n\r\n\r\n\r\n<\/p><p><span>'O' Level pass in Fine Art or Technical Drawing\r\nwill be an advantage.<\/span><\/p>","subjects":"Mathematics and any two (2) of Physics, Chemistry and Technical Drawing.","institutions_list":"FEDPO-IDAH"},{"id":"9771","title":"BUILDING TECHNOLOGY","de_requirements":"","utme_requirements":"<table>\r\n <tbody><tr>\r\n  <td>\r\n  <p><span>Five (5) SSC credit passes in Mathematics and Physics and any three\r\n  (3) of the following:<\/span><span><\/span><\/p>\r\n  <p><span>Economics\/Commerce,<\/span><\/p>\r\n  <p><span>Technical Drawing\/Fine Art,<\/span><\/p>\r\n  <p><span>Chemistry,<\/span><\/p>\r\n  <p><span>Geography,<\/span><\/p>\r\n  <p><span>Further Mathematics<\/span><\/p>\r\n  <p><span>Woodwork,<\/span><\/p>\r\n  <p><span>Biology,<\/span><\/p>\r\n  <p><span>Religious Knowledge,<\/span><\/p>\r\n  <p><span>Metal Work,<\/span><\/p>\r\n  <p><span>And at least a credit pass in English Language is Compulsory.&nbsp; A pass in Art or Technical Drawing will be\r\n  an advantage.<\/span><\/p>\r\n  <\/td>\r\n <\/tr>\r\n<\/tbody><\/table>","subjects":"Mathematics, Physics and Chemistry or Fine Arts.","institutions_list":"FEDPO-IDAH"},{"id":"9773","title":"BUSINESS ADMINISTRATION & MANAGEMENT","de_requirements":"","utme_requirements":"<p><span>Five (5) SSC credit passes in English Language, not\r\nLiterature in English and Mathematics and any three (3) subjects from the\r\nfollowing:<\/span><\/p><p><span>Economics\/Commerce,<\/span><\/p><p><span>Business Methods,<\/span><\/p><p><span>Principles of Accounts,<\/span><\/p><p><span>Literature in English<\/span><\/p><p><span>Geography<\/span><\/p><p><span>Office Practice<\/span><\/p><p><span>Biology\/Agricultural Science,<\/span><\/p><p><span>Chemistry,<\/span><\/p><p><span>Physics,<\/span><\/p><p><span>History\/Government<\/span><\/p><p><span>Typewriting <\/span><\/p><p>\r\n\r\n\r\n\r\n\r\n\r\n\r\n\r\n\r\n\r\n\r\n\r\n\r\n\r\n\r\n\r\n\r\n\r\n\r\n\r\n\r\n\r\n\r\n\r\n<span>Shorthand<\/span><br><\/p>","subjects":"Mathematics and two (2) of Geography, Commerce, Government, Principles of Accounts and Economics","institutions_list":"FEDPO-IDAH"},{"id":"9782","title":"CIVIL ENGINEERING TECHNOLOGY","de_requirements":"","utme_requirements":"<table>\r\n <tbody><tr>\r\n  <td>\r\n  <p><span>Five (5) SSC credit passes in Mathematics, Physics\r\n  and Chemistry and any two (2) subjects from:<\/span><\/p>\r\n  <p><span>Biology\/Agricultural Science <\/span><\/p>\r\n  <p><span>Technical Drawing,<\/span><\/p>\r\n  <p><span>Basic Electronics\/Basic Electricity,<\/span><\/p>\r\n  <p><span>Auto Mechanics,<\/span><\/p>\r\n  <p><span>Metal Work,<\/span><\/p>\r\n  <p><span>Woodwork for Civil Engineering Technology,<\/span><\/p>\r\n  <p><span>Further Mathematics<\/span><\/p>\r\n  <p><span>English Language,<\/span><\/p>\r\n  <p><span>Geography,<\/span><\/p>\r\n  <p><span>Economics\/Commerce.<\/span><\/p>\r\n  <p><span>For Marine Engineering and Industrial Safety &amp;\r\n  Environmental Engineering a pass in Biology is required.<\/span><\/p>\r\n  <p><span>At least 'O' Level credit pass in English Language\r\n  is required.<\/span><\/p>\r\n  <\/td>\r\n <\/tr>\r\n<\/tbody><\/table>","subjects":"Mathematics, Physics and Chemistry.","institutions_list":"FEDPO-IDAH"},{"id":"9783","title":"COMPUTER SCIENCE","de_requirements":"","utme_requirements":"<p><span>Five (5)\r\nSSC credit passes in Mathematics, a basic science and three (3) other subjects\r\nchosen from the following:<\/span><\/p><p><span>Economics,<\/span><\/p><p><span>Geography,<\/span><\/p><p><span>Government\/History,<\/span><\/p><p><span>Further\r\nMathematics,<\/span><\/p><p><span>Physics,<\/span><\/p><p><span>Chemistry,<\/span><\/p><p><span>Biology\/Agricultural\r\nScience.<\/span><\/p><p><span>English\r\nLanguage,<\/span><\/p><p><span>Typewriting,<\/span><\/p><p>\r\n\r\n\r\n\r\n\r\n\r\n\r\n\r\n\r\n\r\n\r\n\r\n\r\n\r\n\r\n\r\n\r\n\r\n\r\n\r\n<\/p><p><span>'O'\r\nLevel credit passes in English Language and Physics is compulsory.<\/span><\/p>","subjects":"Mathematics and any two (2) of Geography, Physics, Economics or Chemistry.","institutions_list":"FEDPO-IDAH"},{"id":"9784","title":"ELECTRICAL\/ELECTRONICS ENGINEERING","de_requirements":"","utme_requirements":"<table>\r\n <tbody><tr>\r\n  <td>\r\n  <p><span>Five (5) 'O' Level credit passes in Mathematics, Physics\r\n  and Chemistry and any two (2) subjects from:<\/span><\/p>\r\n  <p><span>Biology\/Agricultural Science <\/span><\/p>\r\n  <p><span>Technical Drawing,<\/span><\/p>\r\n  <p><span>Basic Electronics\/Basic Electricity,<\/span><\/p>\r\n  <p><span>Auto Mechanics,<\/span><\/p>\r\n  <p><span>Metal Work,<\/span><\/p>\r\n  <p><span>Woodwork (for Civil Engineering Tech.),<\/span><\/p>\r\n  <p><span>Further Mathematics<\/span><\/p>\r\n  <p><span>English Language,<\/span><\/p>\r\n  <p><span>Geography,<\/span><\/p>\r\n  <p><span>Economics\/Commerce.<\/span><\/p>\r\n  <p><span>For Marine Engineering and Industrial Safety &amp;\r\n  Environmental Engineering. 'O' Level pass in Biology is required.<\/span><\/p>\r\n  <p><span>At least 'O' Level credit pass in English Language\r\n  is required.<\/span><\/p>\r\n  <p><span>&nbsp;<\/span><\/p>\r\n  <\/td>\r\n <\/tr>\r\n<\/tbody><\/table>","subjects":"Mathematics, Physics, Chemistry","institutions_list":"FEDPO-IDAH"},{"id":"9785","title":"ESTATE MANAGEMENT & VALUATION","de_requirements":"","utme_requirements":"<p><span>Five (5) 'O' Level credit passes in Mathematics,\r\nEnglish Language, a basic science subject and any two (2) from the following:<\/span><\/p><p><span>Geography,<\/span><\/p><p><span>Economics\/Commerce,<\/span><\/p><p><span>Physics,<\/span><\/p><p><span>Biology,<\/span><\/p><p><span>Chemistry,<\/span><\/p><p><span>Technical Drawing,<\/span><\/p><p><span>Fine Art,<\/span><\/p><p><span>Woodwork,<\/span><\/p><p><span>Literature,<\/span><\/p><p><span>Metal Work,<\/span><\/p><p><span>Principles of Accounts and Book Keeping<\/span><\/p><p>\r\n\r\n\r\n\r\n\r\n\r\n\r\n\r\n\r\n\r\n\r\n\r\n\r\n\r\n\r\n\r\n\r\n\r\n\r\n\r\n\r\n\r\n\r\n\r\n<\/p><p><span>Government<\/span><\/p>","subjects":"Mathematics and any two (2) of Economics, Arts, Physics, Chemistry, Biology","institutions_list":"FEDPO-IDAH"},{"id":"9786","title":"FOOD TECHNOLOGY","de_requirements":"","utme_requirements":"<p><span>Five (5) SSC credit passes in Mathematics, Chemistry\r\nand Biology\/Agricultural Science\/Health Science and any two <\/span>(2) <span>of the following:<\/span><\/p><p><span>Physics, Technical Drawing,<\/span><\/p><p><span>Economics\/Commerce,<\/span><\/p><p><span>English Language,<\/span><\/p><p><span>Additional\/Further Mathematics,<\/span><\/p><p><span>Home Economics, Food and Nutrition,<\/span><\/p><p><span>Geography, Physics and English Language.<\/span><\/p><p><span>&nbsp;<\/span><\/p><p>\r\n\r\n\r\n\r\n\r\n\r\n\r\n\r\n\r\n\r\n\r\n\r\n\r\n\r\n\r\n\r\n<\/p><p><span>&nbsp;<\/span><\/p>","subjects":"Biology\/Agricultural Science and any two (2) of the following: Physics, Chemistry, Mathematics and Economics","institutions_list":"FEDPO-IDAH"},{"id":"9764","title":"FOUNDRY ENGINEERING TECHNOLOGY","de_requirements":"","utme_requirements":"<p><span>Five (5) SSC credit passes in Mathematics, Physics and Chemistry and any two (2) subjects from:<\/span><span><\/span><\/p><p><span>Biology\/Agricultural Science <\/span><span><\/span><\/p><p><span>Technical Drawing,<\/span><span><\/span><\/p><p><span>Basic Electronics\/Basic Electricity,<\/span><span><\/span><\/p><p><span>Auto Mechanics,<\/span><span><\/span><\/p><p><span>Metal Work,<\/span><span><\/span><\/p><p><span>Woodwork for Civil Engineering Technology,<\/span><span><\/span><\/p><p><span>Further Mathematics<\/span><span><\/span><\/p><p><span>English Language, Geography,<\/span><span><\/span><\/p><p><span>Economics\/Commerce.<\/span><span><\/span><\/p><p><span>For Marine Engineering and Industrial Safety &amp; Environmental Engineering. 'O' Level pass in Biology is required.<\/span><span><\/span><\/p><p><span>'O' Level pass in English Language is required.<\/span><\/p>","subjects":"Mathematics, Chemistry, Physics or Technical Drawing","institutions_list":"FEDPO-IDAH"},{"id":"9765","title":"HOSPITALITY MANAGEMENT","de_requirements":"","utme_requirements":"<p><span>Five (5) SSC credit passes in Biology\/Agricultural Science,<\/span><span><\/span><\/p><p><span>Mathematics and any three (3) of the following:<\/span><span><\/span><\/p><p><span>Geography,<\/span><span><\/span><\/p><p><span>Food and Nutrition,<\/span><span><\/span><\/p><p><span>Economics,<\/span><span><\/span><\/p><p><span>Technical Drawing,<\/span><span><\/span><\/p><p><span>English Language,<\/span><span><\/span><\/p><p><span>Physics,<\/span><span><\/span><\/p><p><span>Chemistry,<\/span><span><\/span><\/p><p><span>Nigerian Language,<\/span><span><\/span><\/p><p><span>Home Economics.<\/span><span><\/span><\/p><p><span>'O' Level credit passes in English Language and Chemistry are compulsory.<\/span><\/p>","subjects":"Biology\/Agricultural Science and two (2) of Physics, Chemistry, Mathematics and Economics","institutions_list":"FEDPO-IDAH"},{"id":"9779","title":"LEISURE & TOURISM MANAGEMENT","de_requirements":"","utme_requirements":"<p><span>Five (5) SSC credit passes in English Language, Geography, a Basic Science subject and two (2) of<\/span><span><\/span><\/p><p><span>Economics\/Commerce, History, Book Keeping Principles of Accounting, Mathematics, Fine Arts, French Language, Government, Food and Nutrition, Nigerian Language, Home Economics<\/span><span><\/span><\/p><p><span><o>&nbsp;<\/o:p><\/span><\/p><p><span>A credit pass in Mathematics is compulsory.<\/span>&nbsp;&nbsp;&nbsp;&nbsp;<span><\/span><\/p>","subjects":"Mathematics, Chemistry and Physics.","institutions_list":"FEDPO-IDAH"},{"id":"9766","title":"LIBRARY & INFORMATION SCIENCE","de_requirements":"","utme_requirements":"<p><span>Five (5) SSC credit passes in English Language and Mathematics and any three (3) other subjects from:<\/span><span><\/span><\/p><p><span>History,<\/span><span><\/span><\/p><p><span>Literature in English,<\/span><span><\/span><\/p><p><span>Economics\/Commerce,<\/span><span><\/span><\/p><p><span>Fine Arts,<\/span><span><\/span><\/p><p><span>Government,<\/span><span><\/span><\/p><p><span>Biology<\/span><span><\/span><\/p><p><span>Physics,<\/span><span><\/span><\/p><p><span>Chemistry<\/span><span><\/span><\/p><p><span>Basic Electricity<\/span><span><\/span><\/p><p><span>Geography,<\/span><span><\/span><\/p><p><span>Typewriting,<\/span><span><\/span><\/p><p><span>Commerce\/Principles of Accounting.<\/span>&nbsp;&nbsp;&nbsp;&nbsp;<\/p>","subjects":"Any three (3) subjects from Arts\/Social Science\/Physical Science.","institutions_list":"FEDPO-IDAH"},{"id":"9778","title":"MARKETING","de_requirements":"","utme_requirements":"<p><span>Five (5) SSC credit passes in English Language, not\r\nLiterature in English and Mathematics and any three (3) subjects from the\r\nfollowing:<\/span><\/p><p><span>Economics\/Commerce,<\/span><\/p><p><span>Business Methods,<\/span><\/p><p><span>Principles of Accounts,<\/span><\/p><p><span>Literature in English<\/span><\/p><p><span>Geography<\/span><\/p><p><span>Office Practice<\/span><\/p><p><span>Biology\/Agricultural Science,<\/span><\/p><p><span>Chemistry,<\/span><\/p><p><span>Physics,<\/span><\/p><p><span>History\/Government<\/span><\/p><p><span>Typewriting <\/span><\/p><p>\r\n\r\n\r\n\r\n\r\n\r\n\r\n\r\n\r\n\r\n\r\n\r\n\r\n\r\n\r\n\r\n\r\n\r\n\r\n\r\n\r\n\r\n\r\n\r\n<span>Shorthand<\/span><br><\/p>","subjects":"Mathematics and two (2) of Geography, Commerce, Government, Principles of Accounts and Economics","institutions_list":"FEDPO-IDAH"},{"id":"9767","title":"MECHANICAL ENGINEERING TECHNOLOGY","de_requirements":"","utme_requirements":"<p><span>Five (5) SSC credit passes in English Language, Mathematics, Physics, Chemistry and any one (1) subject from:<\/span><span><\/span><\/p><p><span>Biology\/Agricultural Science <\/span><span><\/span><\/p><p><span>Technical Drawing,<\/span><span><\/span><\/p><p><span>Basic Electronics\/Basic Electricity,<\/span><span><\/span><\/p><p><span>Auto Mechanics,<\/span><span><\/span><\/p><p><span>Metal Work,<\/span><span><\/span><\/p><p><span>Woodwork (for Civil Engineering Tech.),<\/span><span><\/span><\/p><p><span>Further Mathematics<\/span><span><\/span><\/p><p><span>English Language,<\/span><span><\/span><\/p><p><span>Geography,<\/span><span><\/span><\/p><p><span>Economics\/Commerce.<\/span><span><\/span><\/p><p><span>For Marine Engineering and Industrial Safety &amp; Environmental Engineering. 'O' Level pass in Biology is required.<\/span><\/p>","subjects":"Mathematics, Chemistry and Physics.","institutions_list":"FEDPO-IDAH"},{"id":"9770","title":"METALLURGICAL ENGINEERING TECHNOLOGY","de_requirements":"","utme_requirements":"<p><span>Five (5) SSC credit passes in English Language, Mathematics, Physics, Chemistry and any one (1) subject from<\/span><span><\/span><\/p><p><span>Biology\/Agricultural Science <\/span><span><\/span><\/p><p><span>Technical Drawing,<\/span><span><\/span><\/p><p><span>Basic Electronics\/Basic Electricity,<\/span><span><\/span><\/p><p><span>Auto Mechanics,<\/span><span><\/span><\/p><p><span>Metal Work,<\/span><span><\/span><\/p><p><span>Woodwork for Civil Engineering Technology,<\/span><span><\/span><\/p><p><span>Further Mathematics<\/span><span><\/span><\/p><p><span>English Language,<\/span><span><\/span><\/p><p><span>Geography,<\/span><span><\/span><\/p><p><span>Economics\/Commerce.&nbsp;<\/span><\/p>","subjects":"Mathematics, Chemistry and Physics","institutions_list":"FEDPO-IDAH"},{"id":"9776","title":"OFFICE TECHNOLOGY & MANAGEMENT","de_requirements":"","utme_requirements":"<p><span>Five (5) SSC credit passes in English Language (not Literature in English) and Mathematics and any three (3) of the following: Economics\/Commerce, Business Methods, Principles of Accounts, Literature in English, Geography, Office Practice, Biology\/Agricultural Science, Chemistry, Physics, History\/Government, Typewriting, Shorthand<\/span><\/p>","subjects":"Any three (3) of: \r\n1. Mathematics\r\n2. Economics\r\n3. Commerce\r\n4. History\/Govt.\r\n5. Geography\r\n6. CRS\/IS\r\n7. Principles   of \r\n     Accounts.","institutions_list":"FEDPO-IDAH"},{"id":"9772","title":"PUBLIC  ADMINISTRATION","de_requirements":"","utme_requirements":"<p><span>Five (5) 'O' Level credit passes in English Language not Literature in English and Mathematics and any three (3) subjects of the following Economics\/Commerce, Business Methods, Principles of Accounts, Literature in English Geography, Office Practice Government, Biology\/Agricultural Science, Chemistry, Physics, History\/Government Typewriting Shorthand<\/span>&nbsp;&nbsp;&nbsp;&nbsp;<span>&nbsp;<\/span><span><\/span><\/p>","subjects":"Government, History and Economics","institutions_list":"FEDPO-IDAH"},{"id":"9774","title":"QUANTITY SURVEYING","de_requirements":"","utme_requirements":"<p>&nbsp; &nbsp;&nbsp;<span>Five (5) SSC credit passes in Mathematics and Physics and any three (3) of the following Economics\/Commerce, Technical Drawing\/Fine Arts, Chemistry, Geography, Further Mathematics Woodwork, Biology, Religious Knowledge, Metal Work, and 'O' Level credit pass in English Language is Compulsory. &nbsp;'O' Level pass in Art or Technical Drawing is required.<\/span><br><\/p><p><span><\/span><\/p>","subjects":"Any three (3) of Physics, Mathematics, Geography, Economics, Biology\/Agricultural Science","institutions_list":"FEDPO-IDAH"},{"id":"9775","title":"SCIENCE LABORATORY TECHNOLOGY","de_requirements":"","utme_requirements":"<p><span>Five (5) SSC credit passes in Mathematics and two (2) of Physics,<\/span><span><\/span><\/p><p><span>Biology\/Agricultural Science\/Health Science, Chemistry,<\/span><span><\/span><\/p><p><span>and two (2) other subjects from Technical Drawing, Metal or Wood Work, Basic Electricity, Geography, Further Mathematics, and Fine Arts. <\/span><span><\/span><\/p><p><span>'O' Level credit pass in each of the three (3) Basic Science subjects - Biology, Chemistry, Physics and a 'O' Level credit pass in English Language is compulsory.<\/span><span><\/span><\/p>","subjects":"Any three (3) of Mathematics, Biology\/Agricultural Science or Physics","institutions_list":"FEDPO-IDAH"},{"id":"9777","title":"STATISTICS","de_requirements":"","utme_requirements":"<p><span>Five (5) SSC credit passes in Mathematics, Basic Science and any three (3) of the following:<\/span><span><\/span><\/p><p><span>Economics,<\/span><span><\/span><\/p><p><span>Geography,<\/span><span><\/span><\/p><p><span>Government\/History,<\/span><span><\/span><\/p><p><span>Further Mathematics,<\/span><span><\/span><\/p><p><span>Physics,<\/span><span><\/span><\/p><p><span>Chemistry,<\/span><span><\/span><\/p><p><span>Biology\/Agricultural Science.<\/span><span><\/span><\/p><p><span>English Language,<\/span><span><\/span><\/p><p><span>Typewriting, <\/span><span><\/span><\/p><p><span>'O' Level credit passes in English Language and Physics are compulsory.<\/span><\/p>","subjects":"Any of the three (3): \r\n1. Economics\/  \r\n     Commerce\r\n2. History\/Government\r\n3. CRS\/IS\r\n4. Mathematics","institutions_list":"FEDPO-IDAH"},{"id":"9781","title":"SURVEYING & GEO-INFORMATICS","de_requirements":"","utme_requirements":"<p><span>Five (5) SSC credit passes in Mathematics and Physics and any other three (3) subjects from the following:<\/span><span><\/span><\/p><p><span>Further Mathematics,<\/span><span><\/span><\/p><p><span>Chemistry;<\/span><span><\/span><\/p><p><span>Technical Drawing\/Fine Art,<\/span><span><\/span><\/p><p><span>Geography,<\/span><span><\/span><\/p><p><span>Economics\/Commerce,<\/span><span><\/span><\/p><p><span>Biology\/Agricultural Science,<\/span><span><\/span><\/p><p><span>English Language,<\/span><span><\/span><\/p><p><span>Basic Electricity<\/span><span><\/span><\/p><p><span>At least 'O' Level credit pass in English Language is compulsory.<\/span><span><\/span><\/p><p><span><o>&nbsp;<\/o:p><\/span>&nbsp;&nbsp;&nbsp;&nbsp;<\/p>","subjects":"Any three (3) of Chemistry\/Agricultural Science, Biology, Economics and Mathematics","institutions_list":"FEDPO-IDAH"},{"id":"9780","title":"URBAN & REGIONAL PLANNING","de_requirements":"","utme_requirements":"<p><span>Five (5) SSC credit passes in Mathematics, Geography and three (3) other subjects from:<\/span><span><\/span><\/p><p><span>English Language,<\/span><span><\/span><\/p><p><span>Economics\/Commerce,<\/span><span><\/span><\/p><p><span>Fine Art\/Technical Drawing,<\/span><span><\/span><\/p><p><span>Further Mathematics,<\/span><span><\/span><\/p><p><span>Chemistry,<\/span><span><\/span><\/p><p><span>Physics,<\/span><span><\/span><\/p><p><span>Biology\/Agricultural Science,<\/span><span><\/span><\/p><p><span>History\/Government<\/span><span><\/span><\/p><p><span>Business Methods\/Bookkeeping and Principles of Accounting<\/span><span><\/span><\/p><p><span><o>&nbsp;<\/o:p><\/span><\/p><p><span>One of the three (3) subjects must be a basic science subject. &nbsp;At least a credit pass in English Language is compulsory.<\/span><span><\/span><\/p>","subjects":"Geography and two (2) other subjects from course requirement.","institutions_list":"FEDPO-IDAH"}]