[{"id":"9800","title":"ACCOUNTANCY","de_requirements":"<p>Not applicable<\/p>","utme_requirements":"<p><span>WAEC, GCE [O\/L], SSCE, NECO, NABTEB or\r\nequivalent with <\/span><span>Credits\r\nin English Language, Mathematics and any three subjects from the following:\r\nEconomics, Business Methods\/Business Studies,&nbsp;\r\nPrinciples of Accounts\/Book Keeping, Literature in English, Geography,\r\nOffice Practice, Biology\/Agricultural Science, Chemistry, Physics, History, Commerce,\r\nGovernment, Typewriting, Shorthand, Financial Accounting, Insurance, Marketing,\r\nSalesmanship, Store Keeping, Store Management, Computer Studies, Entrepreneurship\r\nEducation, Social Studies, French, CRS\/IRK, Civic Education<\/span><br><\/p>","subjects":"English Language, Mathematics and two (2) of Geography, Commerce, Government, Principles of Accounts and Economics.","institutions_list":"FEDPO-ILA"},{"id":"9802","title":"AGRICULTURAL & BIO-ENVIRONMENTAL  ENGINEERING TECH","de_requirements":"<p>Not applicable<\/p>","utme_requirements":"<span>WAEC, GCE [O\/L], SSCE, NECO, NABTEB or\r\nequivalent with <\/span><span>Credits\r\nin English Language, Mathematics, Physics, Chemistry and one subject from the\r\nfollowing:&nbsp; Biology\/Agricultural Science,\r\nFurther Mathematics, Technical Drawing, Auto Body Repair and Spray Painting,\r\nAuto Electrical Works, Auto Mechanical Works, Auto Mechanics, Auto Parts\r\nMerchandising, Economics\/Commerce, Blocklaying\/ Bricklaying and Concreting,\r\nBuilding Construction, Carpentry and Joinery, Electrical Installation &amp;\r\nMaintenance Work, Electronics\/Basic Electronics, Furniture Making, GSM Phone\r\nMaintenance and Repairs, Metal Work, Machine Woodworking, Mining, Plumbing and\r\nPipe Fitting, Radio\/Television and Electronics Works, Refrigeration and Air\r\nConditioning, Welding and Fabrication Engineering Craft Practice, General Metal\r\nWorks, Computer Studies, Data Processing, Basic Electricity, Drawing &amp;\r\nDesign, Implements &amp; Machines, Tractor System, Motor Vehicle Mechanical\r\nWorks, Automobile Electrical Works, Vehicle Body Building, Light Vehicle Body\r\nRepair Works, Instrument Mechanics Works, Appliance Maintenance and Repairs\r\n(Electrical\/Mechanical Appliance and Projectors Maintenance) Machines Maintenance,\r\nFoundry Craft Practice, Marine Engineering Craft, Ship Building Craft Practice,\r\nComputer Craft Studies, Introduction&nbsp; to\r\nBuilding Construction, Mining, Technical Drawing<\/span>","subjects":"English Language, Mathematics, Physics and Chemistry&nbsp;","institutions_list":"FEDPO-ILA"},{"id":"9801","title":"AGRICULTURAL TECHNOLOGY","de_requirements":"<p>Not Applicable<br><\/p>","utme_requirements":"<span>WAEC,\r\nGCE [O\/L], SSCE, NECO, NABTEB or equivalent with <\/span><span>Five (5) Credits Passes in not more than two\r\nsittings. The subjects must include English Language, Mathematics, Biology\/Agric.\r\nScience, Chemistry and any other one form the following subjects: Food &amp;\r\nNutrition, Economics\/Commerce, Technical Drawing, Physics, Nigerian Languages,\r\nGeography, Home Economics\/Home Management, Computer Studies, Implements and\r\nMachines, French, Crop Husbandry, Animal Husbandry, Fisheries, Forestry<\/span><br>","subjects":"<span>English Language, Biology\/Agric. Science\r\nand any other two from the following: Chemistry, Physics and Mathematics<\/span>","institutions_list":"FEDPO-ILA"},{"id":"9803","title":"ARCHITECTURAL TECHNOLOGY","de_requirements":"<p>Not Applicable<\/p>","utme_requirements":"<p>WAEC, GCE[O\/L],\r\nSSCE, NECO, NABTEB or equivalent with Credits in English Language,\r\nMathematics, Physics and any two subjects from the following:&nbsp; Biology, Chemistry, History, Geography,\r\nFurther Mathematics, Economics\/Commerce, Religious Knowledge, Technical\r\nDrawing\/Graphic Design, Painting and Decoration, Civic Education, Building\r\nConstruction, Wood Work,&nbsp; Basic\r\nElectronics,&nbsp; Computer Studies,\r\nBlocklaying, Bricklaying &amp; Concrete Work, Financial Accounting,\r\nDraughtsmanship\/Graphic Design, Introduction to Building Construction, Machine\r\nWoodworking,&nbsp; Electrical Installation\r\n&amp; Maintenance Works, Computer Craft Practice. <\/p><p>\r\n\r\n<span>A Pass in Technical Drawing will be an advantage<\/span><br><\/p>","subjects":"English Language, Mathematics and any two (2) of Physics, Chemistry, Geography and Technical Drawing.","institutions_list":"FEDPO-ILA"},{"id":"9804","title":"ARTS & DESIGN","de_requirements":"<p>Not applicable<\/p>","utme_requirements":"<p><span>WAEC, GCE [O\/L], SSCE, NECO, NABTEB or\r\nequivalent with <\/span><span>English\r\nLanguage, Mathematics and any three subjects from the following: General Art,\r\nDyeing &amp; Bleaching, Clothing and Textiles, Ceramics, Sculpture, Graphics\r\nDesign, Textiles, Painting and Decoration,&nbsp;\r\nPrinting Craft Practice, Picture Making, Photography, Visual Art,&nbsp; Leatherwork, Jewellery, Technical Drawing, Garment\r\nMaking, &nbsp;History\/Government, Chemistry,\r\nPhysics, Biology\/General Agricultural,&nbsp;\r\nLiterature in English, CRS\/IRS, Economics\/Commerce, Geography, Home\r\nEconomics, Civic Education, Computer Science, Drawing &amp; Design,\r\nSalesmanship, Draughtsmanship, Leather Goods Manufacture,&nbsp; Spinning, Weaving, Surface Design\/Textiles\r\nPrinting, Computer Craft Practice, Financial Accounting.<\/span><br><\/p>","subjects":"<span>English\r\nLanguage and any three subjects from the listed O\u2019 Level Requirements<\/span>","institutions_list":"FEDPO-ILA"},{"id":"9805","title":"BANKING & FINANCE","de_requirements":"<p>Not Applicable<\/p>","utme_requirements":"<p><span>WAEC, GCE [O\/L], SSCE, NECO, NABTEB or\r\nequivalent with <\/span><span>Credits\r\nin English Language, Mathematics and any three subjects from the following:\r\nEconomics, Business Methods\/Business Studies, Commerce,&nbsp; Principles of Accounts\/Book Keeping,\r\nLiterature in English, Geography, Office Practice, Biology\/Agricultural\r\nScience, Chemistry, Physics, Typewriting, Shorthand, Civic Education, Financial\r\nAccounting, French, Insurance, CRS\/IRK, Marketing, Salesmanship, Store Keeping,\r\nStore Management, Computer Studies, Entrepreneurship Education, Social Studies,\r\nHistory, Government<\/span><br><\/p>","subjects":"English Language, Mathematics and any two (2) of Economics, Geography, Government, Commerce and Principles of Accounts.","institutions_list":"FEDPO-ILA"},{"id":"9807","title":"BUILDING TECHNOLOGY","de_requirements":"<p>Not Applicable<br><\/p>","utme_requirements":"<p>WAEC, GCE\r\n[O\/L], SSCE, NECO, NABTEB or equivalent with Credits in English\r\nLanguage, Mathematics, Physics and any two subjects from the following:\r\nEconomics, Building Construction, Technical Drawing\/Graphics Design, Civic\r\nEducation, Carpentry and Joinery, Plumbing and Pipe Fitting, Painting and\r\nDecoration, Wood Work, Computer Studies, Chemistry, Biology, Geography, Further\r\nMathematics, Religious Knowledge,&nbsp; Metal\r\nWork, Upholstery, Basic Electronics, Introduction to Building Construction,\r\nFinancial Accounting, Draughtsmanship\/Graphic Design, Machine Woodworking, Computer\r\nCraft Studies, Furniture Making, Electrical Installation &amp; Maintenance\r\nWork, Welding and Fabrication.&nbsp;<\/p><p><span>A Pass in Technical Drawing and or Building Construction will be an advantage<\/span><br><\/p><p><\/p>","subjects":"<span>English\r\nLanguage, Mathematics, Physics and one subject from: Chemistry, Geography,\r\nEconomics, Technical Drawing and Building Construction<\/span><br>","institutions_list":"FEDPO-ILA"},{"id":"9810","title":"BUSINESS ADMINISTRATION & MANAGEMENT","de_requirements":"<p>Not Applicable<\/p>","utme_requirements":"<p><span>WAEC,\r\nGCE [O\/L], SSCE, NECO, NABTEB or equivalent with <\/span><span>Credits in English Language, Mathematics and any\r\nthree subjects from the following: Economics, Business Methods\/Business Studies,\r\nPrinciples of Accounts\/Book Keeping, Literature in English, Commerce,\r\nGeography, Office Practice, Biology\/Agricultural Science, Chemistry, Physics, History,\r\nGovernment, Typewriting, Civic Education, Financial Accounting, French,\r\nInsurance, CRS\/IRK, Marketing, Salesmanship, Store Keeping, Store Management,\r\nComputer Studies, Entrepreneurship Education, Social Studies, Shorthand<\/span><br><\/p>","subjects":"English Language, Mathematics and two (2) of Geography, Commerce, Government, Principles of Accounts and Economics","institutions_list":"FEDPO-ILA"},{"id":"9821","title":"CIVIL ENGINEERING TECHNOLOGY","de_requirements":"<p>Not applicable<\/p>","utme_requirements":"<span>WAEC, GCE [O\/L], SSCE, NECO, NABTEB or\r\nequivalent with <\/span><span>Credits\r\nin English Language, Mathematics, Physics, Chemistry and one subject from the\r\nfollowing:&nbsp; Biology\/Agricultural Science,\r\nEconomics\/Commerce, Further Mathematics,&nbsp;\r\nTechnical Drawing,&nbsp; Auto\r\nElectrical Works, Auto Mechanical Works, Auto Mechanics, Auto Parts\r\nMerchandising, Blocklaying\/Bricklaying and Concreting, Building Construction,\r\nCarpentry and Joinery, Furniture Making, Metal Work,&nbsp; Machine Woodworking, Mining, Plumbing and\r\nPipe Fitting, Welding and Fabrication Engineering Craft Practice, Introduction\r\nto Building Construction, Drawing &amp; Design, Instrument Mechanics Works, General\r\nMetal Works, Computer Studies, Data Processing Implements &amp; Machines,\r\nTractor System, Motor Vehicle Mechanical Works, Automobile Electrical Works,\r\nVehicle Body Building, Light Vehicle Body Repair Works, Appliance Maintenance\r\nand Repairs (Electrical\/Mechanical Appliance and Projectors Maintenance) Machines&nbsp;<\/span><br>","subjects":"English Language, Mathematics, Physics and Chemistry.","institutions_list":"FEDPO-ILA"},{"id":"9823","title":"COMPUTER ENGINEERING","de_requirements":"<p>Not applicable<\/p>","utme_requirements":"<span>WAEC, GCE[O\/L], SSCE, NECO, NABTEB or equivalent\r\nwith<\/span><span> <\/span><span>Credits\r\nin English Language, Mathematics, Physics, Chemistry and one subject from the\r\nfollowing:&nbsp; Metal Work, Wood Work,\r\nTechnical Drawing, Basic Electronics, Basic Electricity, Economics\/Commerce,\r\nStatistics, Furthers Mathematics, Computer Studies, Geography, Biology\/Agricultural\r\nScience, Marketing, Auto Body Repair and Spray Painting, Auto Electrical Works,\r\nAuto Mechanical Works, Auto Mechanics, Auto Parts Merchandising,\r\nBlocklaying\/Bricklaying and Concreting, Building Construction, Carpentry and\r\nJoinery, Electrical Installation &amp; Maintenance Work, Furniture Making, GSM\r\nPhone Maintenance and Repairs, Machine Woodworking, Mining, Plumbing and Pipe\r\nFitting, Radio\/Television and Electronics Works, Refrigeration and Air\r\nConditioning, Welding and Fabrication Engineering Craft Practice, General Metal\r\nWorks, Data Processing, Drawing &amp; Design, Implements &amp; Machines,\r\nTractor System, Motor Vehicle Mechanical Works, Automobile Electrical Works,\r\nVehicle Body Building, Light Vehicle Body Repair Works, Instrument Mechanics\r\nWorks, Appliance Maintenance and Repairs (Electrical\/ Mechanical Appliance<b> <\/b>and Projectors Maintenance) Machines\r\nMaintenance, Foundry Craft Practice, Marine<b>\r\n<\/b>Engineering Craft, Ship Building Craft Practice, Computer Craft Studies,\r\nIntroduction to Building Construction, Mining, Economics\/Commerce<\/span><br>","subjects":"English Language, Mathematics, Physics and Chemistry.","institutions_list":"FEDPO-ILA"},{"id":"9822","title":"COMPUTER SCIENCE","de_requirements":"<p>Not applicable<\/p>","utme_requirements":"<p>WAEC,\r\nGCE [O\/L], SSCE, NECO, NABTEB or equivalent with Credits in English\r\nLanguage, Mathematics, Physics, and any two subjects from the following: Data\r\nProcessing, Computer Studies\/ICT, Economics\/Commerce\/Marketing, Government\/History,\r\nFurther Mathematics, Chemistry, Biology\/Agricultural Science, Typewriting,\r\nElectrical etc.<b><\/b><\/p>","subjects":"<span>English\r\nLanguage, Mathematics and any two subjects from: Physics, Economics,&nbsp; Chemistry,<b> <\/b>Data Processing, ICT\/Computer Studies<\/span>","institutions_list":"FEDPO-ILA"},{"id":"9824","title":"ELECTRICAL\/ELECTRONICS ENGINEERING","de_requirements":"<p>Not applicable&nbsp;<span>&nbsp;<\/span><br><\/p>","utme_requirements":"<p><span>WAEC, GCE [O\/L], SSCE, NECO, NABTEB or\r\nequivalent with <\/span><span>Credits\r\nin English Language, Mathematics, Physics, Chemistry and one subject from the\r\nfollowing:&nbsp; Biology\/Agricultural Science,\r\nFurther Mathematics, Marketing, Geography, Economics\/Commerce, Technical\r\nDrawing, Auto Body Repair and Spray Painting, Auto Electrical Works, Auto\r\nMechanical Works, Auto Mechanics, Auto Parts Merchandising,\r\nBlocklaying\/Bricklaying and Concreting, Building Construction, Carpentry and\r\nJoinery, Electrical Installation &amp; Maintenance Work, Basic\r\nElectronics\/Basic Electricity, Furniture Making, GSM Phone Maintenance&nbsp;<\/span><\/p><p><span><br><\/span><br><\/p>","subjects":"<span>English Language,<\/span><span>&nbsp;<\/span>Mathematics, Physics, Chemistry","institutions_list":"FEDPO-ILA"},{"id":"9825","title":"ESTATE MANAGEMENT & VALUATION","de_requirements":"<p>Not Applicable<br><\/p>","utme_requirements":"<span>WAEC, GCE[O\/L], SSCE, NECO, NABTEB or equivalent\r\nwith <\/span><span>Credits in English Language, Mathematics,\r\nEconomics, one basic Science subject from: Physics, Chemistry, Biology,\r\nAgricultural Science and any one subject from the following: Geography,\r\nGovernment, Technical Drawing, Computer Studies, Civic Education, Further\r\nMathematics, Technical Drawing\/Graphics Design, Religious Knowledge, Financial Accounting,\r\nPlumbing and Pipe Fitting, Agricultural Science, Basic Electronics, Introduction\r\nto Building Construction, Machine Wood Working, Furniture Making.<\/span><br>","subjects":"<p><span>English Language,&nbsp;<\/span><span>Mathematics,\r\nEconomics and&nbsp; any one subject from:\r\nGeography, Government, Biology, Physics,&nbsp;<\/span><span>Chemistry, Fine Arts and Agric. Science<\/span><\/p>","institutions_list":"FEDPO-ILA"},{"id":"9826","title":"FOOD TECHNOLOGY","de_requirements":"<p>Not Applicable<br><\/p>","utme_requirements":"<p><span>WAEC, GCE [O\/L], SSCE, NECO, NABTEB or\r\nequivalent with <\/span><span>Credits\r\nin English Language, Mathematics, Chemistry, Biology\/Agricultural Science and\r\nany one subject from the following:&nbsp;\r\nPhysics, Technical Drawing, Economics\/Commerce, Additional\/ Further\r\nMathematics, Home Economics, Food &amp; Nutrition, Geography, plus at least a\r\nPass in Physics and Relevant NTC\/NBC &amp;NVC Trades<\/span><\/p>","subjects":"\r\n\r\n<p><span>English\r\nLanguage, Biology\/Agricultural Science and any two subjects from the following:\r\n&nbsp;Chemistry, Physics, Mathematics and Economics<\/span><br><\/p>","institutions_list":"FEDPO-ILA"},{"id":"9795","title":"HOSPITALITY MANAGEMENT","de_requirements":"<p>Not Applicable<br><\/p>","utme_requirements":"<p>\r\n\r\n<\/p><p><span>WAEC, GCE [O\/L], SSCE, NECO, NABTEB or\r\nequivalent with Credits in<span> <\/span>English\r\nLanguage, Mathematics, Biology\/Agricultural Science\/Health Science<span> <\/span>and any two subjects from the following:\r\nEconomics, Commerce,<span> <\/span>Physics, Chemistry,\r\nGovernment, Tourism, Business Methods, Book Keeping &amp;<span> <\/span>Principles<span> <\/span>of<span> <\/span>Accounting,<span> <\/span>Food<span> <\/span>&amp;<span> <\/span>Nutrition\/Home<span> <\/span>Management,<span> <\/span>Health<span> <\/span>Science,<\/span><\/p>\r\n\r\n<span>Geography, Home Economics,\r\nFrench Language, Catering and Craft Service,<span>\r\n<\/span>and<span> <\/span>Relevant NTC\/NBC &amp;<span> <\/span>NVC Trades.<\/span>","subjects":"<p><span>English Language, Biology\/Agric.\r\nScience and any two of : Chemistry, Mathematics, Physics,<span>\u00a0 <\/span>Economics and Government<\/span><\/p>","institutions_list":"FEDPO-ILA"},{"id":"9796","title":"INSURANCE","de_requirements":"<p>Not Applicable<\/p>","utme_requirements":"<p><span>WAEC, GCE [O\/L], SSCE, NECO, NABTEB or\r\nequivalent with <\/span><span>Credits\r\nin English Language, Mathematics and any three subjects from the following:\r\nEconomics, Business Methods\/Business Studies,&nbsp;\r\nPrinciples of Accounts\/ Book Keeping, Literature in English, Geography,\r\nOffice Practice, Biology\/Agricultural Science, Chemistry, Physics, History, Commerce,\r\nGovernment, Typewriting, Shorthand, Civic Education, Financial Accounting,\r\nFrench, Insurance, CRS\/IRK, Marketing, Salesmanship, Store Keeping, Store\r\nManagement, Computer Studies, Entrepreneurship Education, Social Studies<\/span><br><\/p>","subjects":"Mathematics and any two (2) of Economics, Geography, Commerce or Principles of Accounts.","institutions_list":"FEDPO-ILA"},{"id":"9817","title":"LEISURE & TOURISM","de_requirements":"<p>Not Applicable<br><\/p>","utme_requirements":"\r\n\r\n<p><span>WAEC, GCE [O\/L], SSCE, NECO, NABTEB or\r\nequivalent with Five (5) Credits<span> <\/span>Passes<span> <\/span>in<span> <\/span>not<span> <\/span>more than two sittings.<\/span><\/p>\r\n\r\n<p><span>The subjects must include\r\nEnglish Language, Mathematics, Economics\/ Commerce\/Geography, One Basic Science\r\nfrom (Physics\/Chemistry\/Biology\/Agric<span> <\/span>Science\/Animal\r\nHusbandry\/Health Science\/Physical Education) and any other<span> <\/span>one<span> <\/span>from<span> <\/span>Physics,<span>\r\n<\/span>Chemistry,<span> <\/span>Biology,<span> <\/span>Agric<span> <\/span>Science,<span> <\/span>Animal<span>\r\n<\/span>Husbandry,<span> <\/span>Health<span> <\/span>Education, Physical Education, Tourism,\r\nFurther Mathematics, Computer<span> <\/span>Science,\r\nCivic Education, Economics, Geography, Government, Religious<span> <\/span>Knowledge, History, Marketing, Food &amp;\r\nNutrition, Catering Craft Practice,<span> <\/span>Salesmanship,<span> <\/span>Arabic,<span>\r\n<\/span>French,<span> <\/span>Accounting,<span> <\/span>Insurance,<span> <\/span>Commerce,<span> <\/span>Home<\/span><\/p>\r\n\r\n<span>Management,<span> <\/span>Literature<span> <\/span>in<span> <\/span>English<\/span><p><span><\/span><\/p>","subjects":"<p><!--[if gte mso 9]><xml>\r\n <w>\r\n  <w\/>\r\n  <w\/>\r\n  <w\/>\r\n  <w\/>\r\n  <w\/>\r\n  <w\/>\r\n  <w\/>\r\n  <w\/>\r\n  <w\/>\r\n  <w\/>\r\n  <w\/>\r\n  <w\/>\r\n  <w\/>\r\n  <w\/>\r\n  <w\/>\r\n  <w\/>\r\n  <w\/>\r\n  <w\/>\r\n  <w\/>\r\n  <w\/>\r\n  <w\/>\r\n  <w\/>\r\n  <w\/>\r\n  <w\/>\r\n  <w\/>\r\n  <w\/>\r\n  <w\/>\r\n  <w\/>\r\n  <w\/>\r\n  <w\/>\r\n  <w\/>\r\n  <w\/>\r\n  <w\/>\r\n  <w\/>\r\n  <w\/>\r\n  <w\/>\r\n  <w\/>\r\n  <w\/>\r\n  <w\/>\r\n  <w\/>\r\n  <w\/>\r\n  <w\/>\r\n  <w\/>\r\n  <w\/>\r\n  <w\/>\r\n  <w\/>\r\n  <w\/>\r\n  <w\/>\r\n  <w\/>\r\n  <w\/>\r\n  <w\/>\r\n  <w\/>\r\n  <w\/>\r\n  <w\/>\r\n  <w\/>\r\n  <w\/>\r\n  <w\/>\r\n  <w\/>\r\n  <w\/>\r\n  <w\/>\r\n  <w\/>\r\n  <w\/>\r\n  <w\/>\r\n  <w\/>\r\n  <w\/>\r\n  <w\/>\r\n  <w\/>\r\n  <w\/>\r\n  <w\/>\r\n  <w\/>\r\n  <w\/>\r\n  <w\/>\r\n  <w\/>\r\n  <w\/>\r\n  <w\/>\r\n  <w\/>\r\n  <w\/>\r\n  <w\/>\r\n  <w\/>\r\n  <w\/>\r\n  <w\/>\r\n  <w\/>\r\n  <w\/>\r\n  <w\/>\r\n  <w\/>\r\n  <w\/>\r\n  <w\/>\r\n  <w\/>\r\n  <w\/>\r\n  <w\/>\r\n  <w\/>\r\n  <w\/>\r\n  <w\/>\r\n  <w\/>\r\n  <w\/>\r\n  <w\/>\r\n  <w\/>\r\n  <w\/>\r\n  <w\/>\r\n  <w\/>\r\n  <w\/>\r\n  <w\/>\r\n  <w\/>\r\n  <w\/>\r\n  <w\/>\r\n  <w\/>\r\n  <w:LsdException Locked=\"fal","institutions_list":"FEDPO-ILA"},{"id":"9797","title":"LIBRARY & INFORMATION SCIENCE","de_requirements":"<p>Not applicable<\/p>","utme_requirements":"<p><span>WAEC, GCE[O\/L], SSCE,\r\nNECO, NABTEB or equivalent with Credits in English Language, Mathematics, and\r\nany three subjects from the following:&nbsp;\r\nHistory\/Government, Civic Education, Economics, Commerce, Principles of\r\nAccount, Literature in English, Fine Art, Physics, Chemistry,&nbsp; Biology,&nbsp;\r\nBasic Electricity,&nbsp; Geography,\r\nTypewriting,&nbsp; Photography, Computer Science,\r\nMusic, Nigerian and International Language, Printing and Craft Practice, <\/span><span>Radio\/\r\nTelevision and Electronics Works, Shorthand, Fine Art\/Visual Art, Book Keeping,\r\nCRS\/IRS, Cosmetology, Marketing, Agricultural Science\/Animal Husbandry.<\/span><\/p><p>\r\n\r\n<span>A Pass in Physics,\r\nElectronics\/Basic Electricity will be an advantage<\/span><br><\/p>","subjects":"English Language and any three (3) subjects from Arts\/Social Science\/Physical Science.","institutions_list":"FEDPO-ILA"},{"id":"9816","title":"MARKETING","de_requirements":"<p>Not Applicable<\/p>","utme_requirements":"<p><span>WAEC, GCE [O\/L], SSCE,\r\nNECO, NABTEB or equivalent with <\/span><span>Credits in English Language, Mathematics\r\nand any three subjects from the following: Economics, Business Methods\/Business\r\nStudies,&nbsp; Principles of Accounts\/ Book\r\nKeeping, Literature in English, Geography, Office Practice,\r\nBiology\/Agricultural Science\/Fishery, Chemistry, Physics, History, Commerce,\r\nGovernment, Typewriting, Shorthand, Civic Education, Financial Accounting,\r\nFrench, Insurance, CRS\/IRK, Marketing, Salesmanship, Store Keeping, Store\r\nManagement, Computer Studies, Entrepreneurship Education, Social Studies,\r\nGeography<\/span><\/p>","subjects":"English Language, Mathematics and two (2) of Geography, Commerce, History\/Government, Principles of Accounts, Economics, and Marketing","institutions_list":"FEDPO-ILA"},{"id":"9798","title":"MASS COMMUNICATION","de_requirements":"","utme_requirements":"<p><span>Five (5) SSC credit passes in English Language and Mathematics and any three (3) other subjects from:<\/span><span><\/span><\/p><p><span>History,<\/span><span><\/span><\/p><p><span>Literature in English,<\/span><span><\/span><\/p><p><span>Economics\/Commerce,<\/span><span><\/span><\/p><p><span>Fine Arts,<\/span><span><\/span><\/p><p><span>Government,<\/span><span><\/span><\/p><p><span>Biology<\/span><span><\/span><\/p><p><span>Physics,<\/span><span><\/span><\/p><p><span>Chemistry<\/span><span><\/span><\/p><p><span>Basic Electricity<\/span><span><\/span><\/p><p><span>Geography,<\/span><span><\/span><\/p><p><span>Typewriting,<\/span><span><\/span><\/p><p><span>Commerce\/Principles of Accounting.<\/span>&nbsp;&nbsp;&nbsp;&nbsp;<span><\/span><\/p>","subjects":"Any three (3) subjects from Arts\/Social Science\/Physical Science.","institutions_list":"FEDPO-ILA"},{"id":"9799","title":"MECHANICAL ENGINEERING TECHNOLOGY","de_requirements":"<p>Not applicable&nbsp;<\/p>","utme_requirements":"<p><span>WAEC, GCE[O\/L], SSCE, NECO, NABTEB or equivalent\r\nwith <\/span><span>Credits in English Language, Mathematics,\r\nPhysics, Chemistry and one subject from the following:&nbsp; Biology\/Agricultural Science, Further\r\nMathematics, Technical Drawing, Auto Body Repair and Spray Painting, Auto\r\nElectrical Works, Auto Mechanical Works, Auto Mechanics, Auto Parts\r\nMerchandising, Blocklaying\/Bricklaying and Concreting, Building Construction,\r\nCarpentry and Joinery, Electrical Installation &amp; Maintenance Work,\r\nElectronics\/Basic Electronics, Furniture Making, GSM Phone Maintenance and\r\nRepairs, Metal Work, Machine Woodworking, Mining, Plumbing and Pipe Fitting,\r\nRadio\/Television and Electronics Works, Refrigeration and Air Conditioning,\r\nWelding and Fabrication Engineering Craft Practice, General Metal Works,\r\nComputer Studies, Data Processing, Basic Electricity, Drawing &amp; Design,\r\nImplements &amp; Machines, Tractor System, Motor Vehicle Mechanical Works,\r\nAutomobile Electrical Works, Vehicle Body Building, Light Vehicle Body Repair\r\nWorks, Instrument Mechanics Works, Appliance Maintenance and Repairs\r\n(Electrical\/Mechanical Appliance and Projectors Maintenance) Machines\r\nMaintenance, Foundry Craft Practice, Marine Engineering Craft, Ship Building\r\nCraft Practice, Computer Craft Studies, Introduction to Building Construction,\r\nMining, ICT, Foundry Technology, Economics\/Commerce<\/span><br><\/p>","subjects":"English Language, Mathematics, Chemistry and Physics.","institutions_list":"FEDPO-ILA"},{"id":"24105","title":"MECHATRONICS ENGINEERING TECHNOLOGY","de_requirements":"<p>NIL<br><\/p>","utme_requirements":"<p>\r\n\r\n<\/p><p><span>Five (5)\r\nSSC credit passes in Mathematics, Physics and Chemistry and any two (2) subjects\r\nfrom<\/span><\/p>\r\n\r\n<p><span>Biology\/Agricultural\r\nScience <\/span><\/p>\r\n\r\n<p><span>Technical\r\nDrawing,<\/span><\/p>\r\n\r\n<p><span>Basic Electronics\/Basic\r\nElectricity,<\/span><\/p>\r\n\r\n<p><span>Auto Mechanics,<\/span><\/p>\r\n\r\n<p><span>Metal\r\nWork,<\/span><\/p>\r\n\r\n<p><span>Woodwork\r\nfor Civil Engineering Technology,<\/span><\/p>\r\n\r\n<p><span>Further\r\nMathematics<\/span><\/p>\r\n\r\n<p><span>English\r\nLanguage,<\/span><\/p>\r\n\r\n<p><span>Geography,<\/span><\/p>\r\n\r\n<p><span>Economics\/Commerce.<\/span><\/p>\r\n\r\n<p><span>'O'\r\nLevel credit pass in English Language is required.<\/span><\/p>\r\n\r\n<p><\/p>","subjects":"<p>\r\n\r\n<\/p><p><span>Mathematics,\r\nChemistry and Physics.<\/span><\/p>\r\n\r\n<p><\/p>","institutions_list":"FEDPO-ILA"},{"id":"24264","title":"MECHATRONICS ENGINEERING TECHNOLOGY","de_requirements":"<p>Not Applicable<\/p>","utme_requirements":"<span>WAEC, GCE[O\/L], SSCE, NECO, NABTEB or equivalent\r\nwith <\/span><span>Credits in English Language, Mathematics,\r\nPhysics, Chemistry and one subject from the following:&nbsp; Biology\/Agricultural Science, Further\r\nMathematics, Technical Drawing, Auto Body Repair and Spray Painting, Auto\r\nElectrical Works, Auto Mechanical Works, Auto Mechanics, Auto Parts Merchandising,\r\nBlocklaying\/Bricklaying and Concreting, Building Construction, Carpentry and\r\nJoinery, Electrical Installation &amp; Maintenance Work, Electronics\/Basic\r\nElectronics, Furniture Making, GSM Phone Maintenance and Repairs, Metal Work,\r\nMachine Woodworking, Mining, Plumbing and Pipe Fitting, Radio\/Television and\r\nElectronics Works, Refrigeration and Air Conditioning, Welding and Fabrication\r\nEngineering Craft Practice, General Metal Works, Computer Studies, Data\r\nProcessing, Basic Electricity, Drawing &amp; Design, Implements &amp; Machines,\r\nTractor System, Motor Vehicle Mechanical Works, Automobile Electrical Works,\r\nVehicle Body Building, Light Vehicle Body Repair Works, Instrument Mechanics\r\nWorks, Appliance Maintenance and Repairs (Electrical\/Mechanical Appliance and\r\nProjectors Maintenance) Machines Maintenance, Foundry Craft Practice, Marine\r\nEngineering Craft, Ship Building Craft Practice, Computer Craft Studies,\r\nIntroduction to Building Construction, Mining, ICT, Foundry Technology,\r\nEconomics\/Commerce<\/span><br>","subjects":"<p><span>English Language, Mathematics, Chemistry and Physics<\/span><br><\/p>","institutions_list":"FEDPO-ILA"},{"id":"9819","title":"MUSIC TECHNOLOGY","de_requirements":"<p>Not applicable<\/p>","utme_requirements":"<p><span>WAEC,\r\nGCE [O\/L], SSCE, NECO, NABTEB or equivalent with <\/span><span>Five (5) Credits in not more than two sittings. The\r\nsubjects must include English Language, Mathematics, and any other three subjects\r\nfrom the following: Economics, Commerce, Geography, Government\/ History, Civic\r\nEducation, Literature in English, Home Economics, Chemistry, Physics, Biology, Agric.\r\nScience\/Animal Husbandry, Any Nigerian Language, Music, General Art\/Visual Art,\r\nBasic Electronics, Business Management, Financial Accounting, Religious\r\nKnowledge, Applied Electricity, Information and Communication Technology,\r\nComputer Studies, Drawing and Design, Graphic Design, Surface Design\/Textile\r\nDesign, Salesmanship, Computer Craft Practice, Instrument &amp;&nbsp; Instrument Mechanic Works<\/span><br><\/p>","subjects":"English and any three (3) of the listed 'O' Level course requirements.","institutions_list":"FEDPO-ILA"},{"id":"9806","title":"NUTRITION & DIETETICS","de_requirements":"<p>Not Applicable<br><\/p>","utme_requirements":"<p><span>WAEC, GCE[O\/L], SSCE, NECO, NABTEB\r\nor equivalent with credits in&nbsp;&nbsp;<\/span><span>English Language,\r\nMathematics, Chemistry, Biology and any one other subject from Agricultural Science,&nbsp;<span>&nbsp;<\/span>Food &amp; Nutrition,\r\nEconomics, Physics, Geography, Health Science\/Education.<\/span><\/p><p><br><\/p>","subjects":"<p><span>English Language, Chemistry,\r\nBiology\/Agric. Science and any other one from entry requirements.<\/span><\/p><p><span><br><\/span><\/p>","institutions_list":"FEDPO-ILA"},{"id":"9814","title":"OFFICE TECHNOLOGY & MANAGEMENT","de_requirements":"<p>Not applicable<\/p>","utme_requirements":"<p><span>WAEC, GCE [O\/L],SSCE, NECO, NABTEB or equivalent\r\nwith <\/span><span>Credits in English Language, Mathematics and any\r\nthree subjects from the following: Economics, Commerce, Business Methods\/Business\r\nStudies,&nbsp; Principles of Accounts, Book\r\nKeeping, Computer Studies, Literature in English, Geography, Office Practice,\r\nBiology\/Agricultural Science\/Animal Husbandry\/Chemistry\/Physics, History\/Government,\r\nCivic Education, Typewriting, Shorthand, Financial Accounting, French,\r\nInsurance, CRS\/IRK, Marketing\/Salesmanship, Store Keeping\/Store Management,\r\nEntrepreneurship Education, Social Studies<\/span><br><\/p>","subjects":"<p><span>English Language and any three\r\nsubjects from: Mathematics, Economics\/Commerce, Principles of Accounts,\r\nHistory\/ Government, Geography, CRS\/ IRS, Office Practice and Business Methods.<\/span><br><\/p><p><span><span><\/span><br><\/span><\/p>","institutions_list":"FEDPO-ILA"},{"id":"9809","title":"PUBLIC  ADMINISTRATION","de_requirements":"<p>Not applicable<\/p>","utme_requirements":"<p><span>WAEC, GCE [O\/L], SSCE, NECO, NABTEB or\r\nequivalent with <\/span><span>Credits\r\nin English Language, Mathematics and any three subjects from the following:\r\nEconomics, Business Methods\/Business Studies,&nbsp;\r\nPrinciples of Accounts\/Book Keeping, Literature in English, Geography,\r\nOffice Practice, Biology\/Agricultural Science\/Health Science, Chemistry,\r\nPhysics, History, Commerce, Government, Typewriting, Shorthand, Civic\r\nEducation, Financial Accounting, French, Insurance, CRS\/IRK, Marketing,\r\nSalesmanship, Store Keeping, Store Management, Computer Studies,\r\nEntrepreneurship Education, Social Studies, Home Economics\/Home Management<\/span><br><\/p>","subjects":"<span>English\r\nLanguage and any three subjects from 0\u2019 Level Course Requirements<\/span>","institutions_list":"FEDPO-ILA"},{"id":"9811","title":"QUANTITY SURVEYING","de_requirements":"<p>Not Applicable<br><\/p>","utme_requirements":"<p>WAEC, GCE[O\/L],\r\nSSCE, NECO, NABTEB or equivalent with English Language, Mathematics,\r\nPhysics and any two&nbsp; subjects from the\r\nfollowing: Economics, Biology\/Agric. Science, Commerce, Building Construction,\r\nTechnical Drawing\/Graphics Design, Civic Education, Carpentry and Joinery,\r\nPlumbing and Pipe Fitting, Painting and Decoration, Wood Work to IED, Computer\r\nStudies, Chemistry, Biology, Geography, Further Mathematics, Religion\r\nKnowledge, Metal Work, Basic Electronics, Introduction to Building\r\nConstruction, Financial Accounting, Draughtsmanship\/Graphic Design, Machine\r\nWood Working, Computer Studies, Computer Craft Studies, Furniture Making,\r\nElectrical Installation &amp; Maintenance Work, Welding and Fabrication. <\/p>\r\n\r\n<span>A Pass in Technical Drawing and or Building\r\nConstruction will be an advantage.<\/span><br>","subjects":"<span>English Language, Mathematics, Physics and&nbsp; any other subject from Economics, Biology, Chemistry, Fine Art\/Technical\r\nDrawing, Geography and Agric. Science<\/span>","institutions_list":"FEDPO-ILA"},{"id":"9812","title":"SCIENCE LABORATORY TECHNOLOGY","de_requirements":"<p>Not applicable<\/p>","utme_requirements":"<p>WAEC,\r\nGCE [O\/L], SSCE, NECO, NABTEB or equivalent with credit passes in&nbsp;<span>English Language, Mathematics, Biology, Physics and Chemistry<\/span><\/p>","subjects":"English Language, and any three (3) of Mathematics, Biology, Physics and Chemistry","institutions_list":"FEDPO-ILA"},{"id":"9815","title":"STATISTICS","de_requirements":"<p>Not Applicable<br><\/p>","utme_requirements":"<p><span>WAEC, GCE [O\/L],\r\nSSCE, NECO, NABTEB or equivalent with Credits in<span> <\/span>English<span> <\/span>Language,<span> <\/span>Mathematics,<span> <\/span>a<span> <\/span>basic<span> <\/span>science<span>\r\n<\/span>subject<span> <\/span>and<span> <\/span>any<span> <\/span>two<span> <\/span>subjects<span>\r\n<\/span>from the following: Economics\/Commerce, Geography, Government\/History,<span> <\/span>Further Mathematics, Physics, Chemistry,\r\nBiology\/Agricultural Science, Data<span> <\/span>Processing,\r\nPhysical Education, Health Education, Animal Husbandry, ICT,<span> <\/span>Typewriting, Electrical Installation &amp;\r\nMaintenance Work, Electronics Radio\/<span> <\/span>Television,\r\nElectronics<span> <\/span>Works,<span> <\/span>Accounting, Computer Craft<span> <\/span>Practice.<\/span><\/p><p><\/p>","subjects":"<p><span>English Language,<span> <\/span>Mathematics and any<span> <\/span>two subjects from O\u2019Level<span>&nbsp;\r\n<\/span>requirements<\/span><\/p>","institutions_list":"FEDPO-ILA"},{"id":"9820","title":"SURVEYING & GEO-INFORMATICS","de_requirements":"<p>Not Applicable<br><\/p>","utme_requirements":"<span>WAEC, GCE[O\/L], SSCE, NECO, NABTEB or equivalent\r\nwith <\/span><span>Credits in English Language, Mathematics,\r\nPhysics and any two subjects from the following: Further Mathematics,\r\nChemistry, Technical Drawing\/Graphics Design, Civic Education, Computer\r\nStudies, Geography, Economics, &nbsp;Biology\/Agricultural Science, Basic Electronics,\r\nDraughtsmanship\/Graphic Design, Computer Craft Studies, Financial\r\nAccounting,&nbsp; Electrical Installation\r\n&amp; Maintenance Work.<\/span><br>","subjects":"<span>English Language, Mathematics, Physics\r\nand any other one from: Economics, Geography, Biology, Chemistry and Agricultural Science<\/span>","institutions_list":"FEDPO-ILA"},{"id":"9808","title":"TAXATION","de_requirements":"<p>Not Applicable<\/p>","utme_requirements":"<span>WAEC,\r\nGCE [O\/L], SSCE, NECO, NABTEB or equivalent with <\/span><span>Credits in English Language, Mathematics and any\r\nthree subjects from the following: Economics, Business Methods\/Business Studies,&nbsp; Principles of Accounts\/ Book Keeping,\r\nLiterature in English, Geography, Office Practice, Biology\/Agricultural Science,\r\nChemistry, Physics, History, Commerce, Government, Typewriting, Shorthand,\r\nCivic Education, Financial Accounting, French, Insurance, CRS\/IRK, Marketing,\r\nSalesmanship, Store Keeping, Store Management, Computer Studies, Entrepreneurship\r\nEducation, Social Studies<\/span><br>","subjects":"English Language, Mathematics and two (2) of Geography, Commerce, Government, Principles of Accounts and Economics","institutions_list":"FEDPO-ILA"},{"id":"9813","title":"TRANSPORTATION PLANNING & MANAGEMENT","de_requirements":"<p>Not Applicable<br><\/p>","utme_requirements":"<span>WAEC, GCE [O\/L], SSCE, NECO, NABTEB or\r\nequivalent with <\/span><span>Credits\r\nin English Language, Mathematics, Geography and\/or Economics and any other\r\nsubject from the following: Biology\/Agricultural Science\/Health Science,\r\nChemistry, Physics, Business Management, Government, Marketing, Further\r\nMathematics, Commerce, Technical Drawing\/Graphics Design, Painting and\r\nDecoration, Civic Education, Building Construction, Metal Work, Financial\r\nAccounting, Introduction to Building Construction, Machine Wood Working<\/span><br>","subjects":"<p>\r\n\r\n<p><span>English\r\nLanguage, Mathematics and any two of:<\/span><\/p>\r\n\r\n<p><span>Geography,\r\nEconomics, Physics,<span>&nbsp; <\/span>Biology and&nbsp;<\/span><span>Government<\/span><\/p><\/p><br><p><span> <\/span><\/p>","institutions_list":"FEDPO-ILA"},{"id":"9818","title":"URBAN & REGIONAL PLANNING","de_requirements":"<p>Not Applicable<br><\/p>","utme_requirements":"<span>WAEC,GCE\r\n[O\/L],SSCE,NECO,NABTEB or equivalent with Credits in English<span> <\/span>Language, Mathematics, Geography\/\r\nEconomics, and any other two subjects<span> <\/span>from\r\nthe following: Biology\/Agric. Science, Chemistry, Physics, Further<span> <\/span>Mathematics, Economics\/Commerce,\r\nGeography, Technical Drawing\/Graphic<span> <\/span>Design,\r\nPainting and Decoration, Government, Civic Education, Building<span> <\/span>Construction, Woodwork, Computer Studies,\r\nBasic Electronics, Financial<span> <\/span>Accounting,\r\nDraughtsmanship\/Graphic Design, Introduction to Building<span> <\/span>Construction, Business Management, Electrical Installation &amp;\r\nMaintenance<span> <\/span>Work,<span> <\/span>Computer Craft<span> <\/span>Studies.<\/span>","subjects":"<!--[if gte mso 9]><xml>\r\n <w>\r\n  <w\/>\r\n  <w\/>\r\n  <w\/>\r\n  <w\/>\r\n  <w\/>\r\n  <w\/>\r\n  <w\/>\r\n  <w\/>\r\n  <w\/>\r\n  <w\/>\r\n  <w\/>\r\n  <w\/>\r\n  <w\/>\r\n  <w\/>\r\n  <w\/>\r\n  <w\/>\r\n  <w\/>\r\n  <w\/>\r\n  <w\/>\r\n  <w\/>\r\n  <w\/>\r\n  <w\/>\r\n  <w\/>\r\n  <w\/>\r\n  <w\/>\r\n  <w\/>\r\n  <w\/>\r\n  <w\/>\r\n  <w\/>\r\n  <w\/>\r\n  <w\/>\r\n  <w\/>\r\n  <w\/>\r\n  <w\/>\r\n  <w\/>\r\n  <w\/>\r\n  <w\/>\r\n  <w\/>\r\n  <w\/>\r\n  <w\/>\r\n  <w\/>\r\n  <w\/>\r\n  <w\/>\r\n  <w\/>\r\n  <w\/>\r\n  <w\/>\r\n  <w\/>\r\n  <w\/>\r\n  <w\/>\r\n  <w\/>\r\n  <w\/>\r\n  <w\/>\r\n  <w\/>\r\n  <w\/>\r\n  <w\/>\r\n  <w\/>\r\n  <w\/>\r\n  <w\/>\r\n  <w\/>\r\n  <w\/>\r\n  <w\/>\r\n  <w\/>\r\n  <w\/>\r\n  <w\/>\r\n  <w\/>\r\n  <w\/>\r\n  <w\/>\r\n  <w\/>\r\n  <w\/>\r\n  <w\/>\r\n  <w\/>\r\n  <w\/>\r\n  <w\/>\r\n  <w\/>\r\n  <w\/>\r\n  <w\/>\r\n  <w\/>\r\n  <w\/>\r\n  <w\/>\r\n  <w\/>\r\n  <w\/>\r\n  <w\/>\r\n  <w\/>\r\n  <w\/>\r\n  <w\/>\r\n  <w\/>\r\n  <w\/>\r\n  <w\/>\r\n  <w\/>\r\n  <w\/>\r\n  <w\/>\r\n  <w\/>\r\n  <w\/>\r\n  <w\/>\r\n  <w\/>\r\n  <w\/>\r\n  <w\/>\r\n  <w\/>\r\n  <w\/>\r\n  <w\/>\r\n  <w\/>\r\n  <w\/>\r\n  <w\/>\r\n  <w\/>\r\n  <w\/>\r\n  <w\/>\r\n  <w:LsdException Locked=\"false&","institutions_list":"FEDPO-ILA"},{"id":"24104","title":"WELDING & FABRICATION TECHNOLOGY","de_requirements":"<p>Not applicable<br><\/p>","utme_requirements":"<span>WAEC, GCE[O\/L], SSCE, NECO, NABTEB or equivalent\r\nwith <\/span><span>Credits in English Language, Mathematics,\r\nPhysics, Chemistry and one subject from the following:&nbsp; Biology\/Agricultural Science, Further\r\nMathematics, Technical Drawing, Auto Body Repair and Spray Painting, Auto\r\nElectrical Works, Auto Mechanical Works, Auto Mechanics, Auto Parts\r\nMerchandising, Blocklaying\/Bricklaying and Concreting, Building Construction,\r\nCarpentry and Joinery, Electrical Installation &amp; Maintenance Work,\r\nElectronics\/Basic Electronics, Furniture Making, GSM Phone Maintenance and\r\nRepairs, Metal Work, Machine Woodworking, Mining, Plumbing and Pipe Fitting,\r\nRadio\/Television and Electronics Works, Refrigeration and Air Conditioning,\r\nWelding and Fabrication Engineering Craft Practice, General Metal Works,\r\nComputer Studies, Data Processing, Basic Electricity, Drawing &amp; Design,\r\nImplements &amp; Machines, Tractor System, Motor Vehicle Mechanical Works,\r\nAutomobile Electrical Works, Vehicle Body Building, Light Vehicle Body Repair\r\nWorks, Instrument Mechanics Works, Appliance Maintenance and Repairs&nbsp;<\/span>","subjects":"<p>\r\n\r\n<\/p><p><span>English Language, Mathematics,\r\nPhysics and Chemistry.<\/span><\/p>\r\n\r\n<p><\/p>","institutions_list":"FEDPO-ILA"},{"id":"24260","title":"WELDING AND FABRICATION","de_requirements":"<p>NIL<\/p>","utme_requirements":"<p><span>Five (5) credit passes at SSC or its equivalent\r\nin Mathematics, English Language and any other three (3)&nbsp; relevant subjects<\/span><br><\/p>","subjects":"<p><span>Mathematics, Physics, Chemistry<\/span><br><\/p>","institutions_list":"FEDPO-ILA"},{"id":"24305","title":"WELDING AND FABRICATION","de_requirements":"<p>NIL<\/p>","utme_requirements":"<p><span>Five (5) SSC credit passes in Mathematics, Physics and\r\nChemistry and any two (2) subjects from Biology\/ Agricultural Science, Technical\r\nDrawing, Basic Electronics\/Basic Electricity, Auto Mechanics, Metal Work, Woodwork\r\n(for Civil Engineering Technology), Further Mathematics, English Language, Geography,\r\nEconomics\/ Commerce. At least a credit pass in English Language is required<\/span><br><\/p>","subjects":"<p><span>Mathematics,\r\nPhysics and Chemistry<\/span><\/p>","institutions_list":"FEDPO-ILA"}]