[{"id":"9955","title":"ACCOUNTANCY","de_requirements":"","utme_requirements":"<p><span>Five (5) SSC credit passes in English\r\nLanguage not Literature in English and Mathematics and any three (3) subjects\r\nfrom the following<\/span><span><\/span><\/p><p><span>Economics\/Commerce,<\/span><\/p><p><span>Business Methods,<\/span><\/p><p><span>Principles of Accounts,<\/span><\/p><p><span>Literature in English<\/span><\/p><p><span>Geography<\/span><\/p><p><span>Office Practice<\/span><\/p><p><span>Government,<\/span><\/p><p><span>Biology\/Agricultural Science,<\/span><\/p><p><span>Chemistry,<\/span><\/p><p><span>Physics,<\/span><\/p><p><span>History\/Government<\/span><\/p><p><span>Typewriting <\/span><\/p><p>\r\n\r\n\r\n\r\n\r\n\r\n\r\n\r\n\r\n\r\n\r\n\r\n\r\n\r\n\r\n\r\n\r\n\r\n\r\n\r\n\r\n\r\n\r\n\r\n\r\n\r\n<\/p><p><span>Shorthand<\/span><\/p>","subjects":"Mathematics and two (2) of Geography, Commerce, Government, Principles of Accounts and Economics.","institutions_list":"FEDPO-NAS"},{"id":"9957","title":"AGRICULTURAL ENGINEERING\/TECHNOLOGY","de_requirements":"","utme_requirements":"<p><span>Five (5) SSC credit passes in Mathematics,\r\n<\/span><span>English Language, Physics\r\nand any two (2) of the following:<\/span><\/p><p><span>Biology\/Agricultural Science<\/span><\/p><p><span>Chemistry<\/span><\/p><p><span>Technical Drawing<\/span><\/p><p><span>Basic Electronics\/Basic Electricity<\/span><\/p><p><span>Auto Mechanics<\/span><\/p><p><span>Metal Work<\/span><\/p><p><span>Further Mathematics<\/span><\/p><p><span>Food and Nutrition<\/span><\/p><p>\r\n\r\n\r\n\r\n\r\n\r\n\r\n\r\n\r\n\r\n\r\n\r\n\r\n\r\n\r\n\r\n\r\n\r\n<\/p><p><span>Geography<\/span><\/p>","subjects":"Mathematics and Physics\/Technical Drawing, Chemistry or any two (2) Science subjects.","institutions_list":"FEDPO-NAS"},{"id":"9956","title":"AGRICULTURAL TECHNOLOGY","de_requirements":"","utme_requirements":"<p><span>Five (5) SSC credit passes in Biology\/Agricultural\r\nScience,<\/span><span><\/span><\/p><p><span>Mathematics and any three (3) of the following:<\/span><\/p><p><span>Geography,<\/span><\/p><p><span>Food and Nutrition,<\/span><\/p><p><span>Economics,<\/span><\/p><p><span>Technical Drawing,<\/span><\/p><p><span>English Language,<\/span><\/p><p><span>Physics,<\/span><\/p><p><span>Chemistry,<\/span><\/p><p><span>Nigerian Language,<\/span><\/p><p><span>Home Economics.<\/span><\/p><p>\r\n\r\n\r\n\r\n\r\n\r\n\r\n\r\n\r\n\r\n\r\n\r\n\r\n\r\n\r\n\r\n\r\n\r\n\r\n\r\n\r\n\r\n<\/p><p><span>At least 'O' Level credit passes in English\r\nLanguage and Chemistry are compulsory.<\/span><\/p>","subjects":"Biology\/Agricultural Science, Chemistry and any other Science subject","institutions_list":"FEDPO-NAS"},{"id":"9958","title":"ARCHITECTURAL TECHNOLOGY","de_requirements":"","utme_requirements":"<p><span>Five (5) SSC credit passes in Mathematics,\r\nPhysics, <\/span><span>English Language and\r\nany two (2) subjects from the following:<\/span><\/p><p><span>Biology,<\/span><\/p><p><span>Fine Art,<\/span><\/p><p><span>Chemistry,<\/span><\/p><p><span>History<\/span><\/p><p><span>English Language,<\/span><\/p><p><span>Geography,<\/span><\/p><p><span>Further Mathematics<\/span><\/p><p><span>Economics\/Commerce,<\/span><\/p><p><span>Religious Knowledge,<\/span><\/p><p><span>Technical Drawing,<\/span><\/p><p><span>Business Method.<\/span><\/p><p>\r\n\r\n\r\n\r\n\r\n\r\n\r\n\r\n\r\n\r\n\r\n\r\n\r\n\r\n\r\n\r\n\r\n\r\n\r\n\r\n\r\n\r\n\r\n\r\n<\/p><p><span>'O' Level pass in Fine Art or Technical Drawing\r\nwill be an advantage.<\/span><\/p>","subjects":"Mathematics and any two (2) of Physics, Chemistry and Technical Drawing.","institutions_list":"FEDPO-NAS"},{"id":"9959","title":"ART & DESIGN","de_requirements":"","utme_requirements":"<p><span>Five (5)\r\nSSC credit passes in English Language, Fine Art Mathematics and any two <\/span><span>(2) <\/span><span>of the following:<\/span><\/p><p><span>History\/Government<\/span><\/p><p><span>Chemistry\/Physical\r\nScience,<\/span><\/p><p><span>Biology\/Agricultural\r\nScience,<\/span><\/p><p><span>Literature\r\nin English,<\/span><\/p><p><span>Clothing\r\nand Textiles,<\/span><\/p><p><span>Religious\r\nKnowledge,<\/span><\/p><p><span>Economics\/Commerce<\/span><\/p><p>\r\n\r\n\r\n\r\n\r\n\r\n\r\n\r\n\r\n\r\n\r\n\r\n\r\n\r\n\r\n\r\n<\/p><p><span>Geography,\r\nHome Economics<\/span><\/p>","subjects":"Fine Art and any two (2) of History, Chemistry, Mathematics, Biology and a Nigerian Language.","institutions_list":"FEDPO-NAS"},{"id":"9960","title":"BANKING & FINANCE","de_requirements":"","utme_requirements":"<p><span>Five (5) SSC credit passes in English Language (not Literature in\r\nEnglish) and Mathematics and any three (3) subjects from the following:<\/span><span><\/span><\/p><p><span>Economics\/Commerce,<\/span><\/p><p><span>Business\r\nMethods,<\/span><\/p><p><span>Principles\r\nof Accounts,<\/span><\/p><p><span>Literature\r\nin English<\/span><\/p><p><span>Geography<\/span><\/p><p><span>Office\r\nPractice<\/span><\/p><p><span>Biology\/Agricultural\r\nScience,<\/span><\/p><p><span>Chemistry,<\/span><\/p><p><span>Physics,<\/span><\/p><p><span>History\/Government<\/span><\/p><p><span>Typewriting\r\n<\/span><\/p><p>\r\n\r\n\r\n\r\n\r\n\r\n\r\n\r\n\r\n\r\n\r\n\r\n\r\n\r\n\r\n\r\n\r\n\r\n\r\n\r\n\r\n\r\n\r\n\r\n<\/p><p><span>Shorthand<\/span><\/p>","subjects":"Mathematics and any two (2) of Economics, Geography, History, Government, Commerce or Principles of Accounts.","institutions_list":"FEDPO-NAS"},{"id":"9961","title":"BUILDING TECHNOLOGY","de_requirements":"","utme_requirements":"<table>\r\n <tbody><tr>\r\n  <td>\r\n  <p><span>Five (5) SSC credit passes in Mathematics and Physics and any three\r\n  (3) of the following:<\/span><span><\/span><\/p>\r\n  <p><span>Economics\/Commerce,<\/span><\/p>\r\n  <p><span>Technical Drawing\/Fine Art,<\/span><\/p>\r\n  <p><span>Chemistry,<\/span><\/p>\r\n  <p><span>Geography,<\/span><\/p>\r\n  <p><span>Further Mathematics<\/span><\/p>\r\n  <p><span>Woodwork,<\/span><\/p>\r\n  <p><span>Biology,<\/span><\/p>\r\n  <p><span>Religious Knowledge,<\/span><\/p>\r\n  <p><span>Metal Work,<\/span><\/p>\r\n  <p><span>And at least a credit pass in English Language is Compulsory.&nbsp; A pass in Art or Technical Drawing will be\r\n  an advantage.<\/span><\/p>\r\n  <\/td>\r\n <\/tr>\r\n<\/tbody><\/table>","subjects":"Mathematics, Physics and Chemistry or Fine Arts.","institutions_list":"FEDPO-NAS"},{"id":"9963","title":"BUSINESS ADMINISTRATION & MANAGEMENT","de_requirements":"","utme_requirements":"<p><span>Five (5) SSC credit passes in English Language, not\r\nLiterature in English and Mathematics and any three (3) subjects from the\r\nfollowing:<\/span><\/p><p><span>Economics\/Commerce,<\/span><\/p><p><span>Business Methods,<\/span><\/p><p><span>Principles of Accounts,<\/span><\/p><p><span>Literature in English<\/span><\/p><p><span>Geography<\/span><\/p><p><span>Office Practice<\/span><\/p><p><span>Biology\/Agricultural Science,<\/span><\/p><p><span>Chemistry,<\/span><\/p><p><span>Physics,<\/span><\/p><p><span>History\/Government<\/span><\/p><p><span>Typewriting <\/span><\/p><p>\r\n\r\n\r\n\r\n\r\n\r\n\r\n\r\n\r\n\r\n\r\n\r\n\r\n\r\n\r\n\r\n\r\n\r\n\r\n\r\n\r\n\r\n\r\n\r\n<span>Shorthand<\/span><br><\/p>","subjects":"Mathematics and two (2) of Geography, Commerce, Government, Principles of Accounts and Economics","institutions_list":"FEDPO-NAS"},{"id":"29740","title":"CEMENT ENGINEERING TECHNOLOGY","de_requirements":"","utme_requirements":"","subjects":"","institutions_list":"FEDPO-NAS"},{"id":"29234","title":"Cement Engineering Technology","de_requirements":"","utme_requirements":"","subjects":"","institutions_list":"FEDPO-NAS"},{"id":"9970","title":"CHEMICAL ENGINEERING TECHNOLOGY","de_requirements":"","utme_requirements":"<table>\r\n <tbody><tr>\r\n  <td>\r\n  <p><span>Five (5) SCC credit passes in Mathematics, Physics\r\n  and Chemistry and any two (2) subjects from<\/span><\/p>\r\n  <p><span>Biology\/Agricultural Science <\/span><\/p>\r\n  <p><span>Technical Drawing,<\/span><\/p>\r\n  <p><span>Basic Electronics\/Basic Electricity,<\/span><\/p>\r\n  <p><span>Auto Mechanics,<\/span><\/p>\r\n  <p><span>Metal Work,<\/span><\/p>\r\n  <p><span>Woodwork for Civil Engineering Technology,<\/span><\/p>\r\n  <p><span>Further Mathematics<\/span><\/p>\r\n  <p><span>English Language,<\/span><\/p>\r\n  <p><span>Geography,<\/span><\/p>\r\n  <p><span>Economics\/Commerce.<\/span><\/p>\r\n  <p><span>For Marine Engineering and Industrial Safety &amp;\r\n  Environmental Engineering 'O' Level pass in Biology is required.<\/span><\/p>\r\n  <p><span>At least 'O' Level credit pass in English Language\r\n  is required.<\/span><\/p>\r\n  <\/td>\r\n <\/tr>\r\n<\/tbody><\/table>","subjects":"Mathematics, Physics, Chemistry or Technical Drawing","institutions_list":"FEDPO-NAS"},{"id":"9972","title":"CIVIL ENGINEERING TECHNOLOGY","de_requirements":"","utme_requirements":"<table>\r\n <tbody><tr>\r\n  <td>\r\n  <p><span>Five (5) SSC credit passes in Mathematics, Physics\r\n  and Chemistry and any two (2) subjects from:<\/span><\/p>\r\n  <p><span>Biology\/Agricultural Science <\/span><\/p>\r\n  <p><span>Technical Drawing,<\/span><\/p>\r\n  <p><span>Basic Electronics\/Basic Electricity,<\/span><\/p>\r\n  <p><span>Auto Mechanics,<\/span><\/p>\r\n  <p><span>Metal Work,<\/span><\/p>\r\n  <p><span>Woodwork for Civil Engineering Technology,<\/span><\/p>\r\n  <p><span>Further Mathematics<\/span><\/p>\r\n  <p><span>English Language,<\/span><\/p>\r\n  <p><span>Geography,<\/span><\/p>\r\n  <p><span>Economics\/Commerce.<\/span><\/p>\r\n  <p><span>For Marine Engineering and Industrial Safety &amp;\r\n  Environmental Engineering a pass in Biology is required.<\/span><\/p>\r\n  <p><span>At least 'O' Level credit pass in English Language\r\n  is required.<\/span><\/p>\r\n  <\/td>\r\n <\/tr>\r\n<\/tbody><\/table>","subjects":"Mathematics, Physics and Chemistry.","institutions_list":"FEDPO-NAS"},{"id":"29742","title":"COMPUTER ENGINEERING TECHNOLOGY","de_requirements":"","utme_requirements":"","subjects":"","institutions_list":"FEDPO-NAS"},{"id":"29231","title":"Computer Engineering Technology","de_requirements":"","utme_requirements":"","subjects":"","institutions_list":"FEDPO-NAS"},{"id":"9973","title":"COMPUTER SCIENCE","de_requirements":"","utme_requirements":"<p><span>Five (5)\r\nSSC credit passes in Mathematics, a basic science and three (3) other subjects\r\nchosen from the following:<\/span><\/p><p><span>Economics,<\/span><\/p><p><span>Geography,<\/span><\/p><p><span>Government\/History,<\/span><\/p><p><span>Further\r\nMathematics,<\/span><\/p><p><span>Physics,<\/span><\/p><p><span>Chemistry,<\/span><\/p><p><span>Biology\/Agricultural\r\nScience.<\/span><\/p><p><span>English\r\nLanguage,<\/span><\/p><p><span>Typewriting,<\/span><\/p><p>\r\n\r\n\r\n\r\n\r\n\r\n\r\n\r\n\r\n\r\n\r\n\r\n\r\n\r\n\r\n\r\n\r\n\r\n\r\n\r\n<\/p><p><span>'O'\r\nLevel credit passes in English Language and Physics is compulsory.<\/span><\/p>","subjects":"Mathematics and any two (2) of Geography, Physics, Economics or Chemistry.","institutions_list":"FEDPO-NAS"},{"id":"9974","title":"ELECTRICAL\/ELECTRONICS ENGINEERING","de_requirements":"","utme_requirements":"<table>\r\n <tbody><tr>\r\n  <td>\r\n  <p><span>Five (5) 'O' Level credit passes in Mathematics, Physics\r\n  and Chemistry and any two (2) subjects from:<\/span><\/p>\r\n  <p><span>Biology\/Agricultural Science <\/span><\/p>\r\n  <p><span>Technical Drawing,<\/span><\/p>\r\n  <p><span>Basic Electronics\/Basic Electricity,<\/span><\/p>\r\n  <p><span>Auto Mechanics,<\/span><\/p>\r\n  <p><span>Metal Work,<\/span><\/p>\r\n  <p><span>Woodwork (for Civil Engineering Tech.),<\/span><\/p>\r\n  <p><span>Further Mathematics<\/span><\/p>\r\n  <p><span>English Language,<\/span><\/p>\r\n  <p><span>Geography,<\/span><\/p>\r\n  <p><span>Economics\/Commerce.<\/span><\/p>\r\n  <p><span>For Marine Engineering and Industrial Safety &amp;\r\n  Environmental Engineering. 'O' Level pass in Biology is required.<\/span><\/p>\r\n  <p><span>At least 'O' Level credit pass in English Language\r\n  is required.<\/span><\/p>\r\n  <p><span>&nbsp;<\/span><\/p>\r\n  <\/td>\r\n <\/tr>\r\n<\/tbody><\/table>","subjects":"Mathematics, Physics, Chemistry","institutions_list":"FEDPO-NAS"},{"id":"9975","title":"ESTATE MANAGEMENT & VALUATION","de_requirements":"","utme_requirements":"<p><span>Five (5) 'O' Level credit passes in Mathematics,\r\nEnglish Language, a basic science subject and any two (2) from the following:<\/span><\/p><p><span>Geography,<\/span><\/p><p><span>Economics\/Commerce,<\/span><\/p><p><span>Physics,<\/span><\/p><p><span>Biology,<\/span><\/p><p><span>Chemistry,<\/span><\/p><p><span>Technical Drawing,<\/span><\/p><p><span>Fine Art,<\/span><\/p><p><span>Woodwork,<\/span><\/p><p><span>Literature,<\/span><\/p><p><span>Metal Work,<\/span><\/p><p><span>Principles of Accounts and Book Keeping<\/span><\/p><p>\r\n\r\n\r\n\r\n\r\n\r\n\r\n\r\n\r\n\r\n\r\n\r\n\r\n\r\n\r\n\r\n\r\n\r\n\r\n\r\n\r\n\r\n\r\n\r\n<\/p><p><span>Government<\/span><\/p>","subjects":"Mathematics and any two (2) of Economics, Arts, Physics, Chemistry, Biology","institutions_list":"FEDPO-NAS"},{"id":"29233","title":"Foundary Engineering Technology","de_requirements":"","utme_requirements":"","subjects":"","institutions_list":"FEDPO-NAS"},{"id":"29741","title":"FOUNDRY ENGINEERING TECHNOLOGY","de_requirements":"","utme_requirements":"","subjects":"","institutions_list":"FEDPO-NAS"},{"id":"9952","title":"LIBRARY & INFORMATION SCIENCE","de_requirements":"","utme_requirements":"<p><span>Five (5) SSC credit passes in English Language and Mathematics and any three (3) other subjects from:<\/span><span><\/span><\/p><p><span>History,<\/span><span><\/span><\/p><p><span>Literature in English,<\/span><span><\/span><\/p><p><span>Economics\/Commerce,<\/span><span><\/span><\/p><p><span>Fine Arts,<\/span><span><\/span><\/p><p><span>Government,<\/span><span><\/span><\/p><p><span>Biology<\/span><span><\/span><\/p><p><span>Physics,<\/span><span><\/span><\/p><p><span>Chemistry<\/span><span><\/span><\/p><p><span>Basic Electricity<\/span><span><\/span><\/p><p><span>Geography,<\/span><span><\/span><\/p><p><span>Typewriting,<\/span><span><\/span><\/p><p><span>Commerce\/Principles of Accounting.<\/span>&nbsp;&nbsp;&nbsp;&nbsp;<\/p>","subjects":"Any three (3) subjects from Arts\/Social Science\/Physical Science.","institutions_list":"FEDPO-NAS"},{"id":"9968","title":"MARKETING","de_requirements":"","utme_requirements":"<p><span>Five (5) SSC credit passes in English Language, not\r\nLiterature in English and Mathematics and any three (3) subjects from the\r\nfollowing:<\/span><\/p><p><span>Economics\/Commerce,<\/span><\/p><p><span>Business Methods,<\/span><\/p><p><span>Principles of Accounts,<\/span><\/p><p><span>Literature in English<\/span><\/p><p><span>Geography<\/span><\/p><p><span>Office Practice<\/span><\/p><p><span>Biology\/Agricultural Science,<\/span><\/p><p><span>Chemistry,<\/span><\/p><p><span>Physics,<\/span><\/p><p><span>History\/Government<\/span><\/p><p><span>Typewriting <\/span><\/p><p>\r\n\r\n\r\n\r\n\r\n\r\n\r\n\r\n\r\n\r\n\r\n\r\n\r\n\r\n\r\n\r\n\r\n\r\n\r\n\r\n\r\n\r\n\r\n\r\n<span>Shorthand<\/span><br><\/p>","subjects":"Mathematics and two (2) of Geography, Commerce, Government, Principles of Accounts and Economics","institutions_list":"FEDPO-NAS"},{"id":"9953","title":"MASS COMMUNICATION","de_requirements":"","utme_requirements":"<p><span>Five (5) SSC credit passes in English Language and Mathematics and any three (3) other subjects from:<\/span><span><\/span><\/p><p><span>History,<\/span><span><\/span><\/p><p><span>Literature in English,<\/span><span><\/span><\/p><p><span>Economics\/Commerce,<\/span><span><\/span><\/p><p><span>Fine Arts,<\/span><span><\/span><\/p><p><span>Government,<\/span><span><\/span><\/p><p><span>Biology<\/span><span><\/span><\/p><p><span>Physics,<\/span><span><\/span><\/p><p><span>Chemistry<\/span><span><\/span><\/p><p><span>Basic Electricity<\/span><span><\/span><\/p><p><span>Geography,<\/span><span><\/span><\/p><p><span>Typewriting,<\/span><span><\/span><\/p><p><span>Commerce\/Principles of Accounting.<\/span>&nbsp;&nbsp;&nbsp;&nbsp;<span><\/span><\/p>","subjects":"Any three (3) subjects from Arts\/Social Science\/Physical Science.","institutions_list":"FEDPO-NAS"},{"id":"9954","title":"MECHANICAL ENGINEERING TECHNOLOGY","de_requirements":"","utme_requirements":"<p><span>Five (5) SSC credit passes in English Language, Mathematics, Physics, Chemistry and any one (1) subject from:<\/span><span><\/span><\/p><p><span>Biology\/Agricultural Science <\/span><span><\/span><\/p><p><span>Technical Drawing,<\/span><span><\/span><\/p><p><span>Basic Electronics\/Basic Electricity,<\/span><span><\/span><\/p><p><span>Auto Mechanics,<\/span><span><\/span><\/p><p><span>Metal Work,<\/span><span><\/span><\/p><p><span>Woodwork (for Civil Engineering Tech.),<\/span><span><\/span><\/p><p><span>Further Mathematics<\/span><span><\/span><\/p><p><span>English Language,<\/span><span><\/span><\/p><p><span>Geography,<\/span><span><\/span><\/p><p><span>Economics\/Commerce.<\/span><span><\/span><\/p><p><span>For Marine Engineering and Industrial Safety &amp; Environmental Engineering. 'O' Level pass in Biology is required.<\/span><\/p>","subjects":"Mathematics, Chemistry and Physics.","institutions_list":"FEDPO-NAS"},{"id":"29229","title":"Mechatronics Engineering Technology","de_requirements":"","utme_requirements":"","subjects":"","institutions_list":"FEDPO-NAS"},{"id":"29852","title":"MECHATRONICS ENGINEERING TECHNOLOGY","de_requirements":"","utme_requirements":"","subjects":"","institutions_list":"FEDPO-NAS"},{"id":"9966","title":"OFFICE TECHNOLOGY & MANAGEMENT","de_requirements":"","utme_requirements":"<p><span>Five (5) SSC credit passes in English Language (not Literature in English) and Mathematics and any three (3) of the following: Economics\/Commerce, Business Methods, Principles of Accounts, Literature in English, Geography, Office Practice, Biology\/Agricultural Science, Chemistry, Physics, History\/Government, Typewriting, Shorthand<\/span><\/p>","subjects":"Any three (3) of: \r\n1. Mathematics\r\n2. Economics\r\n3. Commerce\r\n4. History\/Govt.\r\n5. Geography\r\n6. CRS\/IS\r\n7. Principles   of \r\n     Accounts.","institutions_list":"FEDPO-NAS"},{"id":"9962","title":"PUBLIC  ADMINISTRATION","de_requirements":"","utme_requirements":"<p><span>Five (5) 'O' Level credit passes in English Language not Literature in English and Mathematics and any three (3) subjects of the following Economics\/Commerce, Business Methods, Principles of Accounts, Literature in English Geography, Office Practice Government, Biology\/Agricultural Science, Chemistry, Physics, History\/Government Typewriting Shorthand<\/span>&nbsp;&nbsp;&nbsp;&nbsp;<span>&nbsp;<\/span><span><\/span><\/p>","subjects":"Government, History and Economics","institutions_list":"FEDPO-NAS"},{"id":"9964","title":"QUANTITY SURVEYING","de_requirements":"","utme_requirements":"<p>&nbsp; &nbsp;&nbsp;<span>Five (5) SSC credit passes in Mathematics and Physics and any three (3) of the following Economics\/Commerce, Technical Drawing\/Fine Arts, Chemistry, Geography, Further Mathematics Woodwork, Biology, Religious Knowledge, Metal Work, and 'O' Level credit pass in English Language is Compulsory. &nbsp;'O' Level pass in Art or Technical Drawing is required.<\/span><br><\/p><p><span><\/span><\/p>","subjects":"Any three (3) of Physics, Mathematics, Geography, Economics, Biology\/Agricultural Science","institutions_list":"FEDPO-NAS"},{"id":"29230","title":"Railway Engineering Technology","de_requirements":"","utme_requirements":"","subjects":"","institutions_list":"FEDPO-NAS"},{"id":"29743","title":"RAILWAY ENGINEERING TECHNOLOGY","de_requirements":"","utme_requirements":"","subjects":"","institutions_list":"FEDPO-NAS"},{"id":"9965","title":"SCIENCE LABORATORY TECHNOLOGY","de_requirements":"","utme_requirements":"<p><span>Five (5) SSC credit passes in Mathematics and two (2) of Physics,<\/span><span><\/span><\/p><p><span>Biology\/Agricultural Science\/Health Science, Chemistry,<\/span><span><\/span><\/p><p><span>and two (2) other subjects from Technical Drawing, Metal or Wood Work, Basic Electricity, Geography, Further Mathematics, and Fine Arts. <\/span><span><\/span><\/p><p><span>'O' Level credit pass in each of the three (3) Basic Science subjects - Biology, Chemistry, Physics and a 'O' Level credit pass in English Language is compulsory.<\/span><span><\/span><\/p>","subjects":"Any three (3) of Mathematics, Biology\/Agricultural Science or Physics","institutions_list":"FEDPO-NAS"},{"id":"9967","title":"STATISTICS","de_requirements":"","utme_requirements":"<p><span>Five (5) SSC credit passes in Mathematics, Basic Science and any three (3) of the following:<\/span><span><\/span><\/p><p><span>Economics,<\/span><span><\/span><\/p><p><span>Geography,<\/span><span><\/span><\/p><p><span>Government\/History,<\/span><span><\/span><\/p><p><span>Further Mathematics,<\/span><span><\/span><\/p><p><span>Physics,<\/span><span><\/span><\/p><p><span>Chemistry,<\/span><span><\/span><\/p><p><span>Biology\/Agricultural Science.<\/span><span><\/span><\/p><p><span>English Language,<\/span><span><\/span><\/p><p><span>Typewriting, <\/span><span><\/span><\/p><p><span>'O' Level credit passes in English Language and Physics are compulsory.<\/span><\/p>","subjects":"Any of the three (3): \r\n1. Economics\/  \r\n     Commerce\r\n2. History\/Government\r\n3. CRS\/IS\r\n4. Mathematics","institutions_list":"FEDPO-NAS"},{"id":"9971","title":"SURVEYING & GEO-INFORMATICS","de_requirements":"","utme_requirements":"<p><span>Five (5) SSC credit passes in Mathematics and Physics and any other three (3) subjects from the following:<\/span><span><\/span><\/p><p><span>Further Mathematics,<\/span><span><\/span><\/p><p><span>Chemistry;<\/span><span><\/span><\/p><p><span>Technical Drawing\/Fine Art,<\/span><span><\/span><\/p><p><span>Geography,<\/span><span><\/span><\/p><p><span>Economics\/Commerce,<\/span><span><\/span><\/p><p><span>Biology\/Agricultural Science,<\/span><span><\/span><\/p><p><span>English Language,<\/span><span><\/span><\/p><p><span>Basic Electricity<\/span><span><\/span><\/p><p><span>At least 'O' Level credit pass in English Language is compulsory.<\/span><span><\/span><\/p><p><span><o>&nbsp;<\/o:p><\/span>&nbsp;&nbsp;&nbsp;&nbsp;<\/p>","subjects":"Any three (3) of Chemistry\/Agricultural Science, Biology, Economics and Mathematics","institutions_list":"FEDPO-NAS"},{"id":"9969","title":"URBAN & REGIONAL PLANNING","de_requirements":"","utme_requirements":"<p><span>Five (5) SSC credit passes in Mathematics, Geography and three (3) other subjects from:<\/span><span><\/span><\/p><p><span>English Language,<\/span><span><\/span><\/p><p><span>Economics\/Commerce,<\/span><span><\/span><\/p><p><span>Fine Art\/Technical Drawing,<\/span><span><\/span><\/p><p><span>Further Mathematics,<\/span><span><\/span><\/p><p><span>Chemistry,<\/span><span><\/span><\/p><p><span>Physics,<\/span><span><\/span><\/p><p><span>Biology\/Agricultural Science,<\/span><span><\/span><\/p><p><span>History\/Government<\/span><span><\/span><\/p><p><span>Business Methods\/Bookkeeping and Principles of Accounting<\/span><span><\/span><\/p><p><span><o>&nbsp;<\/o:p><\/span><\/p><p><span>One of the three (3) subjects must be a basic science subject. &nbsp;At least a credit pass in English Language is compulsory.<\/span><span><\/span><\/p>","subjects":"Geography and two (2) other subjects from course requirement.","institutions_list":"FEDPO-NAS"},{"id":"29232","title":"Welding and Fabrication Engineering Technology","de_requirements":"","utme_requirements":"","subjects":"","institutions_list":"FEDPO-NAS"},{"id":"29851","title":"WELDING AND FABRICATION ENGINEERING TECHNOLOGY","de_requirements":"","utme_requirements":"","subjects":"","institutions_list":"FEDPO-NAS"}]