[{"id":"10104","title":"DENTAL NURSING","de_requirements":"","utme_requirements":"<p><span>Five (5) 'O' level credit passes to include English Language,\r\nMathematics, Biology, Chemistry and Physics.<\/span><br><\/p>","subjects":"Any three (3) of Mathematics, Chemistry, Physics, Biology\/Health Sciences or Food and Nutrition","institutions_list":"FEDSTEN"},{"id":"10102","title":"DENTAL TECHNOLOGY","de_requirements":"","utme_requirements":"<p><span>Five (5) 'O' level credit passes to include English Language,\r\nMathematics, Biology, Chemistry and Physics&nbsp;<\/span><\/p>","subjects":"Any three (3) of Mathematics, Chemistry, Physics, Biology","institutions_list":"FEDSTEN"},{"id":"10103","title":"DENTAL THERAPY","de_requirements":"","utme_requirements":"<p><span>Five (5) 'O' level credit passes to include English Language,\r\nMathematics, Biology, Chemistry and Physics.<\/span><br><\/p>","subjects":"Any three (3) of Mathematics, Chemistry, Physics, Biology\/Health Sciences or Food and Nutrition","institutions_list":"FEDSTEN"}]