[{"id":"10106","title":"ANIMAL HEALTH & PRODUCTION TECHNOLOGY","de_requirements":"","utme_requirements":"<p><span>Five (5) SSC credit passes in Biology\/Agricultural\r\nScience,<\/span><span><\/span><\/p><p><span>Mathematics and any three (3) of the following:<\/span><\/p><p><span>Geography,<\/span><\/p><p><span>Food and Nutrition,<\/span><\/p><p><span>Economics,<\/span><\/p><p><span>Technical Drawing,<\/span><\/p><p><span>English Language,<\/span><\/p><p><span>Physics,<\/span><\/p><p><span>Chemistry,<\/span><\/p><p><span>Nigerian Language,<\/span><\/p><p>\r\n\r\n\r\n\r\n\r\n\r\n\r\n\r\n\r\n\r\n\r\n\r\n\r\n\r\n\r\n\r\n\r\n\r\n\r\n\r\n<\/p><p><span>Home Economics.<\/span><\/p>","subjects":"Biology\/Agricultural Science, Chemistry and any other Science subject","institutions_list":"FEDWILD-NBUS"},{"id":"10110","title":"COMPUTER SCIENCE","de_requirements":"","utme_requirements":"<p><span>Five (5)\r\nSSC credit passes in Mathematics, a basic science and three (3) other subjects\r\nchosen from the following:<\/span><\/p><p><span>Economics,<\/span><\/p><p><span>Geography,<\/span><\/p><p><span>Government\/History,<\/span><\/p><p><span>Further\r\nMathematics,<\/span><\/p><p><span>Physics,<\/span><\/p><p><span>Chemistry,<\/span><\/p><p><span>Biology\/Agricultural\r\nScience.<\/span><\/p><p><span>English\r\nLanguage,<\/span><\/p><p><span>Typewriting,<\/span><\/p><p>\r\n\r\n\r\n\r\n\r\n\r\n\r\n\r\n\r\n\r\n\r\n\r\n\r\n\r\n\r\n\r\n\r\n\r\n\r\n\r\n<\/p><p><span>'O'\r\nLevel credit passes in English Language and Physics is compulsory.<\/span><\/p>","subjects":"Mathematics and any two (2) of Geography, Physics, Economics or Chemistry.","institutions_list":"FEDWILD-NBUS"},{"id":"10105","title":"FORESTRY TECHNOLOGY","de_requirements":"","utme_requirements":"<p><span>Five (5) SSC credit passes in Mathematics, Physics and Chemistry and any two (2) subjects from:<\/span><span><\/span><\/p><p><span>Biology\/Agricultural Science <\/span><span><\/span><\/p><p><span>Technical Drawing,<\/span><span><\/span><\/p><p><span>Basic Electronics\/Basic Electricity,<\/span><span><\/span><\/p><p><span>Auto Mechanics,<\/span><span><\/span><\/p><p><span>Metal Work, Woodwork for Civil Engineering Technology,<\/span><span><\/span><\/p><p><span>Further Mathematics<\/span><span><\/span><\/p><p><span>English Language, Geography,<\/span><span><\/span><\/p><p><span>Economics\/Commerce.<\/span><span><\/span><\/p><p><span>For Marine Engineering and Industrial Safety &amp; Environmental Engineering. 'O' Level pass in Biology is required.<\/span><span><\/span><\/p><p><span>'O' Level credit pass in English Language is required.<\/span><\/p>","subjects":"Mathematics and any two (2) of Chemistry, Physics or Technical Drawing.","institutions_list":"FEDWILD-NBUS"},{"id":"10108","title":"LEISURE & TOURISM MANAGEMENT","de_requirements":"","utme_requirements":"<p><span>Five (5) SSC credit passes in English Language, Geography, a Basic Science subject and two (2) of<\/span><span><\/span><\/p><p><span>Economics\/Commerce, History, Book Keeping Principles of Accounting, Mathematics, Fine Arts, French Language, Government, Food and Nutrition, Nigerian Language, Home Economics<\/span><span><\/span><\/p><p><span><o>&nbsp;<\/o:p><\/span><\/p><p><span>A credit pass in Mathematics is compulsory.<\/span>&nbsp;&nbsp;&nbsp;&nbsp;<span><\/span><\/p>","subjects":"Mathematics, Chemistry and Physics.","institutions_list":"FEDWILD-NBUS"},{"id":"10107","title":"WILDLIFE  & ECO-TOURISM","de_requirements":"","utme_requirements":"<table>\r\n <tbody><tr>\r\n  <td>\r\n  <p><span>Five (5) SSC credit passes in Biology\/Agricultural\r\n  Science,<\/span><span><\/span><\/p>\r\n  <p><span>Mathematics and any three (3) of the following:<\/span><\/p>\r\n  <p><span>Geography,<\/span><\/p>\r\n  <p><span>Food and Nutrition,<\/span><\/p>\r\n  <p><span>Economics,<\/span><\/p>\r\n  <p><span>Technical Drawing,<\/span><\/p>\r\n  <p><span>English Language,<\/span><\/p>\r\n  <p><span>Physics,<\/span><\/p>\r\n  <p><span>Chemistry,<\/span><\/p>\r\n  <p><span>Nigerian Language,<\/span><\/p>\r\n  <p><span>Home Economics.<\/span><\/p>\r\n  <p><span>At least 'O' Level credit passes in English\r\n  Language and Chemistry are compulsory.<\/span><\/p>\r\n  <p><span><o>&nbsp;<\/o:p><\/span><\/p>\r\n  <\/td>\r\n <\/tr>\r\n<\/tbody><\/table>","subjects":"Biology\/Agricultural Science, Chemistry and any other Science subject","institutions_list":"FEDWILD-NBUS"},{"id":"10109","title":"WILDLIFE  & ECO-TOURISM","de_requirements":"","utme_requirements":"<p><span>Five (5) SSC credit passes in <\/span><span>Biology\/Agricultural Science, Geography and any three (3) subjects from:<\/span><span><\/span><\/p><p><span>Economics\/Commerce,<\/span><span><\/span><\/p><p><span>Physics,<\/span><span><\/span><\/p><p><span>French Language,<\/span><span><\/span><\/p><p><span>Chemistry,<\/span><span><\/span><\/p><p><span>Religious Studies,<\/span><span><\/span><\/p><p><span>plus 'O' Level credit pass in Mathematics and English Language.<\/span><span><\/span><\/p><p><span>Home Economics\/Food and Nutrition, Agricultural Science\/Biology.<\/span><\/p>","subjects":"Mathematics, Physics and one (1) of Chemistry, Biology\/Agricultural Science or Technical Drawing","institutions_list":"FEDWILD-NBUS"}]