[{"id":"23824","title":"ADULT & NON FORMAL EDUCATION (DM)","de_requirements":"<p>NIL<br><\/p>","utme_requirements":"<p>\r\n\r\n<\/p><p><span>Five (5) SSC credit\r\npasses in English Language, Mathematics and three (3) subjects.<\/span><\/p>\r\n\r\n","subjects":"<p>\r\n\r\n<\/p><p><span>English Language\r\nand any three (3) subjects.<\/span><span><\/span><\/p>\r\n\r\n","institutions_list":"FESTMED"},{"id":"23831","title":"BUSINESS EDUCATION (DM)","de_requirements":"<p>NIL<br><\/p>","utme_requirements":"<p>\r\n\r\n<\/p><p><span>SSC credit passes or TC II merits in English Language and any three\r\n(3) of:<\/span><\/p>\r\n\r\n<p><span>1. Economics<\/span><\/p>\r\n\r\n<p><span>2. Accounts<\/span><\/p>\r\n\r\n<p><span>3. Government<\/span><\/p>\r\n\r\n<p><span>4. Geography<\/span><\/p>\r\n\r\n<p><span>5. History<\/span><\/p>\r\n\r\n<p><span>6. Business Method<\/span><\/p>\r\n\r\n<p><span>7. Statistics<\/span><\/p>\r\n\r\n<p><span>8. Commerce<\/span><\/p>\r\n\r\n<p><span>9. Any Science subjects <\/span><\/p>\r\n\r\n<p><span>&nbsp;<\/span><\/p>\r\n\r\n<p><b><span>NB: GROUP A:<\/span><\/b><span><\/span><\/p>\r\n\r\n<p><span>Commercial Arithmetic Costing, Principles of Accounts,\r\nBook Keeping Mathematics, Statistics.<\/span><\/p>\r\n\r\n<p><span>&nbsp;<\/span><\/p>\r\n\r\n<p><b><span>GROUP B:<\/span><\/b><span><\/span><\/p>\r\n\r\n<p><span>Office Practice, Business Method, Commerce, Economics.<\/span><\/p>\r\n\r\n","subjects":"<p>\r\n\r\n<\/p><p><span>Mathematics, Economics and any of Geography, Commerce\r\nand Principles of Accounts.<\/span><\/p>\r\n\r\n","institutions_list":"FESTMED"},{"id":"23828","title":"COMPUTER EDUCATION\/ECONOMICS","de_requirements":"<p>NIL<br><\/p>","utme_requirements":"<p>\r\n\r\n<\/p><p><span>Five (5) SSC credit\r\npasses in English Language, Mathematics, Economics, Physics and any other\r\nScience\/Social Science subject.<\/span><\/p>\r\n\r\n","subjects":"<p>\r\n\r\n<\/p><p><span>Any three (3) of Economics,\r\nMathematics\/Physics and Chemistry.<\/span><\/p>\r\n\r\n","institutions_list":"FESTMED"},{"id":"23829","title":"COMPUTER EDUCATION\/MATHEMATICS","de_requirements":"<p>NIL<br><\/p>","utme_requirements":"<p>\r\n\r\n<\/p><p><span>Five (5) SSC\r\ncredit passes in English Language, Mathematics, Physics and any other two (2)\r\nScience subjects.<\/span><span><\/span><\/p>\r\n\r\n","subjects":"<p>\r\n\r\n<\/p><p><span>Mathematics, Physics\r\nand any other Science subject.<\/span><\/p>\r\n\r\n","institutions_list":"FESTMED"},{"id":"10113","title":"EARLY CHILDHOOD CARE EDUCATION (DOUBLE MAJOR)","de_requirements":"","utme_requirements":"<p><span>Five (5) SSC credits including English Language.<\/span>&nbsp;&nbsp;&nbsp;&nbsp;<span><\/span><\/p>","subjects":"English Language and any other three (3) subjects.","institutions_list":"FESTMED"},{"id":"23830","title":"ECONOMICS\/MATHEMATICS","de_requirements":"<p>NIL<br><\/p>","utme_requirements":"<p>\r\n\r\n<\/p><p><span>Five (5) SSC credit passes in English Language,\r\nMathematics, Economics and any other two (2) Social Science subject.<\/span><\/p>\r\n\r\n","subjects":"<p>\r\n\r\n<\/p><p><span>Economics, Mathematics and any other Social\r\nScience\/Science subject.<\/span><\/p>\r\n\r\n","institutions_list":"FESTMED"},{"id":"23826","title":"ECONOMICS\/SOCIAL STUDIES","de_requirements":"<p>NIL<br><\/p>","utme_requirements":"<p>\r\n\r\n<\/p><p><span>Five (5) SSC credit passes in English Language,\r\nMathematics, Economics, Government\/History and any other Social Science subject.<\/span><\/p>\r\n\r\n","subjects":"<p>\r\n\r\n<\/p><p><span>Economics,\r\nHistory\/Government and any other Social Science subject.<\/span><\/p>\r\n\r\n","institutions_list":"FESTMED"},{"id":"23827","title":"POLITICAL SCIENCE\/SOCIAL STUDIES","de_requirements":"<p>NIL<br><\/p>","utme_requirements":"<p>\r\n\r\n<\/p><p><span>Five (5) SSC credit\r\npasses in English Language, Mathematics, Government\/History and two (2) Science\r\nsubjects.<\/span><\/p>\r\n\r\n","subjects":"<p>\r\n\r\n<\/p><p><span>Government\/History\r\nand two (2) of Social Science subjects.<\/span><\/p>\r\n\r\n","institutions_list":"FESTMED"},{"id":"10114","title":"PRIMARY EDUCATION STUDIES","de_requirements":"","utme_requirements":"<p><span>Five (5)SSC credits including English\r\nLanguage.<\/span><\/p>","subjects":"English Language and any other three (3) subjects.","institutions_list":"FESTMED"},{"id":"23823","title":"PRIMARY EDUCATION STUDIES (DOUBLE MAJOR)","de_requirements":"<p>NIL<br><\/p>","utme_requirements":"<p>\r\n\r\n<\/p><p><span>Five\r\n(5)SSC credits including English Language.<\/span><\/p>\r\n\r\n","subjects":"<p>\r\n\r\n<\/p><p><span>English\r\nLanguage and any other three (3) subjects.<\/span><\/p>\r\n\r\n","institutions_list":"FESTMED"},{"id":"23825","title":"SOCIAL STUDIES (DOUBLE MAJOR)","de_requirements":"<p>NIL<br><\/p>","utme_requirements":"<p>\r\n\r\n<\/p><p><span>Five (5) SSC credit\r\npasses in English Language, Mathematics, Government\/History and two (2) Social Science\r\nsubjects.<\/span><\/p>\r\n\r\n","subjects":"<p>\r\n\r\n<\/p><p><span>Government\/History\r\nand two (2) of Social Science subjects.<\/span><\/p>\r\n\r\n","institutions_list":"FESTMED"}]